dataset,subject_id,sequence_id,condition,split,fold,frame_count,detected_contact_count,median_step_frames,step_interval_cv,coverage_method,confidence,missing_feature_frames,eligible_frame_count
casia_c,casia_c:001,casia_c:001:fb00,fb00,test,-1,56,4,12.0,0.039284,detected_contacts,medium,0,56
casia_c,casia_c:001,casia_c:001:fb01,fb01,test,-1,57,4,13.0,0.036262,detected_contacts,medium,0,57
casia_c,casia_c:001,casia_c:001:fn00,fn00,test,-1,55,4,12.0,0.039284,detected_contacts,medium,0,55
casia_c,casia_c:001,casia_c:001:fn01,fn01,test,-1,55,4,12.0,0.039284,detected_contacts,medium,0,55
casia_c,casia_c:001,casia_c:001:fn02,fn02,test,-1,57,4,12.0,0.039284,detected_contacts,medium,0,57
casia_c,casia_c:001,casia_c:001:fn03,fn03,test,-1,59,4,13.0,0.036262,detected_contacts,medium,0,59
casia_c,casia_c:001,casia_c:001:fq00,fq00,test,-1,43,3,11.0,0.0,detected_contacts,medium,0,43
casia_c,casia_c:001,casia_c:001:fq01,fq01,test,-1,47,4,11.0,0.042855,detected_contacts,medium,0,47
casia_c,casia_c:001,casia_c:001:fs00,fs00,test,-1,80,5,15.0,0.028868,detected_contacts,medium,0,80
casia_c,casia_c:001,casia_c:001:fs01,fs01,test,-1,76,5,14.0,0.0,detected_contacts,medium,0,76
casia_c,casia_c:002,casia_c:002:fb00,fb00,development,3,72,5,14.0,0.030929,detected_contacts,medium,0,72
casia_c,casia_c:002,casia_c:002:fb01,fb01,development,3,72,5,14.5,0.034483,detected_contacts,medium,0,72
casia_c,casia_c:002,casia_c:002:fn00,fn00,development,3,61,4,14.0,0.0,detected_contacts,medium,0,61
casia_c,casia_c:002,casia_c:002:fn01,fn01,development,3,60,4,14.0,0.033672,detected_contacts,medium,0,60
casia_c,casia_c:002,casia_c:002:fn02,fn02,development,3,71,5,14.0,0.050508,detected_contacts,medium,0,71
casia_c,casia_c:002,casia_c:002:fn03,fn03,development,3,73,5,14.5,0.034483,detected_contacts,medium,0,73
casia_c,casia_c:002,casia_c:002:fq00,fq00,development,3,56,4,13.0,0.036262,detected_contacts,medium,0,56
casia_c,casia_c:002,casia_c:002:fq01,fq01,development,3,59,4,14.0,0.033672,detected_contacts,medium,0,59
casia_c,casia_c:002,casia_c:002:fs00,fs00,development,3,87,5,16.5,0.030303,detected_contacts,medium,0,87
casia_c,casia_c:002,casia_c:002:fs01,fs01,development,3,86,5,16.0,0.0,detected_contacts,medium,0,86
casia_c,casia_c:003,casia_c:003:fb00,fb00,development,4,56,4,12.0,0.039284,detected_contacts,medium,0,56
casia_c,casia_c:003,casia_c:003:fb01,fb01,development,4,59,4,13.0,0.036262,detected_contacts,medium,0,59
casia_c,casia_c:003,casia_c:003:fn00,fn00,development,4,55,4,13.0,0.036262,detected_contacts,medium,0,55
casia_c,casia_c:003,casia_c:003:fn01,fn01,development,4,56,4,13.0,0.036262,detected_contacts,medium,0,56
casia_c,casia_c:003,casia_c:003:fn02,fn02,development,4,56,4,12.0,0.039284,detected_contacts,medium,0,56
casia_c,casia_c:003,casia_c:003:fn03,fn03,development,4,58,4,13.0,0.036262,detected_contacts,medium,0,58
casia_c,casia_c:003,casia_c:003:fq00,fq00,development,4,46,3,12.0,0.0,detected_contacts,medium,0,46
casia_c,casia_c:003,casia_c:003:fq01,fq01,development,4,50,4,12.0,0.0,detected_contacts,medium,0,50
casia_c,casia_c:003,casia_c:003:fs00,fs00,development,4,73,5,14.0,0.030929,detected_contacts,medium,0,73
casia_c,casia_c:003,casia_c:003:fs01,fs01,development,4,70,5,14.0,0.030929,detected_contacts,medium,0,70
casia_c,casia_c:004,casia_c:004:fb00,fb00,development,2,59,5,12.5,0.04,detected_contacts,medium,0,59
casia_c,casia_c:004,casia_c:004:fb01,fb01,development,2,60,5,12.0,0.036084,detected_contacts,medium,0,60
casia_c,casia_c:004,casia_c:004:fn00,fn00,development,2,55,4,13.0,0.036262,detected_contacts,medium,0,55
casia_c,casia_c:004,casia_c:004:fn01,fn01,development,2,54,4,12.0,0.039284,detected_contacts,medium,0,54
casia_c,casia_c:004,casia_c:004:fn02,fn02,development,2,56,4,12.0,0.039284,detected_contacts,medium,0,56
casia_c,casia_c:004,casia_c:004:fn03,fn03,development,2,62,5,12.0,0.036084,detected_contacts,medium,0,62
casia_c,casia_c:004,casia_c:004:fq00,fq00,development,2,42,4,10.0,0.04714,detected_contacts,medium,0,42
casia_c,casia_c:004,casia_c:004:fq01,fq01,development,2,42,4,10.0,0.04714,detected_contacts,medium,0,42
casia_c,casia_c:004,casia_c:004:fs00,fs00,development,2,77,5,15.0,0.028868,detected_contacts,medium,0,77
casia_c,casia_c:004,casia_c:004:fs01,fs01,development,2,81,6,14.0,0.053452,detected_contacts,medium,0,81
casia_c,casia_c:005,casia_c:005:fb00,fb00,development,4,68,4,15.0,0.031427,detected_contacts,medium,0,68
casia_c,casia_c:005,casia_c:005:fb01,fb01,development,4,68,4,15.0,0.031427,detected_contacts,medium,0,68
casia_c,casia_c:005,casia_c:005:fn00,fn00,development,4,65,4,14.0,0.033672,detected_contacts,medium,0,65
casia_c,casia_c:005,casia_c:005:fn01,fn01,development,4,71,5,14.0,0.0,detected_contacts,medium,0,71
casia_c,casia_c:005,casia_c:005:fn02,fn02,development,4,70,4,14.0,0.033672,detected_contacts,medium,0,70
casia_c,casia_c:005,casia_c:005:fn03,fn03,development,4,70,5,14.0,0.050508,detected_contacts,medium,0,70
casia_c,casia_c:005,casia_c:005:fq00,fq00,development,4,53,4,12.0,0.039284,detected_contacts,medium,0,53
casia_c,casia_c:005,casia_c:005:fq01,fq01,development,4,52,4,12.0,0.068041,detected_contacts,medium,0,52
casia_c,casia_c:005,casia_c:005:fs00,fs00,development,4,111,5,17.5,0.04738,detected_contacts,medium,0,111
casia_c,casia_c:005,casia_c:005:fs01,fs01,development,4,112,6,17.0,0.079792,detected_contacts,medium,0,112
casia_c,casia_c:006,casia_c:006:fb00,fb00,development,3,64,4,14.0,0.089087,detected_contacts,medium,0,64
casia_c,casia_c:006,casia_c:006:fb01,fb01,development,3,60,3,21.5,0.348837,detected_contacts,low,0,60
casia_c,casia_c:006,casia_c:006:fn00,fn00,development,3,72,5,14.0,0.050508,detected_contacts,medium,0,72
casia_c,casia_c:006,casia_c:006:fn01,fn01,development,3,68,5,13.5,0.037037,detected_contacts,medium,0,68
casia_c,casia_c:006,casia_c:006:fn02,fn02,development,3,75,5,14.5,0.057183,detected_contacts,medium,0,75
casia_c,casia_c:006,casia_c:006:fn03,fn03,development,3,73,5,14.5,0.057183,detected_contacts,medium,0,73
casia_c,casia_c:006,casia_c:006:fq00,fq00,development,3,45,3,13.0,0.0,detected_contacts,medium,0,45
casia_c,casia_c:006,casia_c:006:fq01,fq01,development,3,46,3,13.0,0.0,detected_contacts,medium,0,46
casia_c,casia_c:006,casia_c:006:fs00,fs00,development,3,86,5,16.0,0.044194,detected_contacts,medium,0,86
casia_c,casia_c:006,casia_c:006:fs01,fs01,development,3,90,5,16.5,0.050252,detected_contacts,medium,0,90
casia_c,casia_c:007,casia_c:007:fb00,fb00,development,2,65,4,14.0,0.033672,detected_contacts,medium,0,65
casia_c,casia_c:007,casia_c:007:fb01,fb01,development,2,62,4,13.0,0.036262,detected_contacts,medium,0,62
casia_c,casia_c:007,casia_c:007:fn00,fn00,development,2,61,4,13.0,0.036262,detected_contacts,medium,0,61
casia_c,casia_c:007,casia_c:007:fn01,fn01,development,2,61,4,13.0,0.036262,detected_contacts,medium,0,61
casia_c,casia_c:007,casia_c:007:fn02,fn02,development,2,62,4,13.0,0.036262,detected_contacts,medium,0,62
casia_c,casia_c:007,casia_c:007:fn03,fn03,development,2,63,4,14.0,0.033672,detected_contacts,medium,0,63
casia_c,casia_c:007,casia_c:007:fq00,fq00,development,2,47,4,12.0,0.0,detected_contacts,medium,0,47
casia_c,casia_c:007,casia_c:007:fq01,fq01,development,2,45,3,12.0,0.0,detected_contacts,medium,0,45
casia_c,casia_c:007,casia_c:007:fs00,fs00,development,2,117,4,18.0,0.026189,detected_contacts,medium,0,117
casia_c,casia_c:007,casia_c:007:fs01,fs01,development,2,120,5,20.0,0.375832,detected_contacts,low,0,120
casia_c,casia_c:008,casia_c:008:fb00,fb00,development,1,72,5,13.0,0.137335,detected_contacts,medium,0,72
casia_c,casia_c:008,casia_c:008:fb01,fb01,development,1,73,5,14.0,0.077837,detected_contacts,medium,0,73
casia_c,casia_c:008,casia_c:008:fn00,fn00,development,1,76,5,13.0,0.033309,detected_contacts,medium,0,76
casia_c,casia_c:008,casia_c:008:fn01,fn01,development,1,73,5,13.5,0.082817,detected_contacts,medium,0,73
casia_c,casia_c:008,casia_c:008:fn02,fn02,development,1,79,5,14.0,0.061859,detected_contacts,medium,0,79
casia_c,casia_c:008,casia_c:008:fn03,fn03,development,1,78,5,13.5,0.082817,detected_contacts,medium,0,78
casia_c,casia_c:008,casia_c:008:fq00,fq00,development,1,64,5,12.0,0.036084,detected_contacts,medium,0,64
casia_c,casia_c:008,casia_c:008:fq01,fq01,development,1,59,5,11.5,0.043478,detected_contacts,medium,0,59
casia_c,casia_c:008,casia_c:008:fs00,fs00,development,1,99,6,17.0,0.064438,detected_contacts,medium,0,99
casia_c,casia_c:008,casia_c:008:fs01,fs01,development,1,107,6,18.0,0.088889,detected_contacts,medium,0,107
casia_c,casia_c:009,casia_c:009:fb00,fb00,development,2,74,5,14.5,0.034483,detected_contacts,medium,0,74
casia_c,casia_c:009,casia_c:009:fb01,fb01,development,2,78,5,15.0,0.028868,detected_contacts,medium,0,78
casia_c,casia_c:009,casia_c:009:fn00,fn00,development,2,67,4,15.0,0.031427,detected_contacts,medium,0,67
casia_c,casia_c:009,casia_c:009:fn01,fn01,development,2,61,4,14.0,0.0,detected_contacts,medium,0,61
casia_c,casia_c:009,casia_c:009:fn02,fn02,development,2,71,5,14.5,0.034483,detected_contacts,medium,0,71
casia_c,casia_c:009,casia_c:009:fn03,fn03,development,2,61,4,14.0,0.033672,detected_contacts,medium,0,61
casia_c,casia_c:009,casia_c:009:fq00,fq00,development,2,59,4,13.0,0.036262,detected_contacts,medium,0,59
casia_c,casia_c:009,casia_c:009:fq01,fq01,development,2,61,4,13.0,0.0,detected_contacts,medium,0,61
casia_c,casia_c:009,casia_c:009:fs00,fs00,development,2,82,5,16.5,0.124943,detected_contacts,medium,0,82
casia_c,casia_c:009,casia_c:009:fs01,fs01,development,2,97,6,16.0,0.046771,detected_contacts,medium,0,97
casia_c,casia_c:010,casia_c:010:fb00,fb00,development,1,69,5,13.0,0.033309,detected_contacts,medium,0,69
casia_c,casia_c:010,casia_c:010:fb01,fb01,development,1,71,5,13.0,0.033309,detected_contacts,medium,0,71
casia_c,casia_c:010,casia_c:010:fn00,fn00,development,1,68,5,13.0,0.054393,detected_contacts,medium,0,68
casia_c,casia_c:010,casia_c:010:fn01,fn01,development,1,73,6,13.0,0.037684,detected_contacts,medium,0,73
casia_c,casia_c:010,casia_c:010:fn02,fn02,development,1,68,5,12.5,0.04,detected_contacts,medium,0,68
casia_c,casia_c:010,casia_c:010:fn03,fn03,development,1,70,5,13.0,0.033309,detected_contacts,medium,0,70
casia_c,casia_c:010,casia_c:010:fq00,fq00,development,1,61,5,12.0,0.036084,detected_contacts,medium,0,61
casia_c,casia_c:010,casia_c:010:fq01,fq01,development,1,65,5,12.0,0.036084,detected_contacts,medium,0,65
casia_c,casia_c:010,casia_c:010:fs00,fs00,development,1,98,7,14.5,0.051404,detected_contacts,medium,0,98
casia_c,casia_c:010,casia_c:010:fs01,fs01,development,1,96,7,14.0,0.076228,detected_contacts,medium,0,96
casia_c,casia_c:011,casia_c:011:fb00,fb00,development,2,66,5,13.0,0.0,detected_contacts,medium,0,66
casia_c,casia_c:011,casia_c:011:fb01,fb01,development,2,67,5,13.0,0.033309,detected_contacts,medium,0,67
casia_c,casia_c:011,casia_c:011:fn00,fn00,development,2,62,4,13.0,0.0,detected_contacts,medium,0,62
casia_c,casia_c:011,casia_c:011:fn01,fn01,development,2,65,4,13.0,0.0,detected_contacts,medium,0,65
casia_c,casia_c:011,casia_c:011:fn02,fn02,development,2,65,4,13.0,0.036262,detected_contacts,medium,0,65
casia_c,casia_c:011,casia_c:011:fn03,fn03,development,2,71,5,13.0,0.033309,detected_contacts,medium,0,71
casia_c,casia_c:011,casia_c:011:fq00,fq00,development,2,58,4,12.0,0.0,detected_contacts,medium,0,58
casia_c,casia_c:011,casia_c:011:fq01,fq01,development,2,58,4,12.0,0.039284,detected_contacts,medium,0,58
casia_c,casia_c:011,casia_c:011:fs00,fs00,development,2,90,6,15.0,0.026667,detected_contacts,medium,0,90
casia_c,casia_c:011,casia_c:011:fs01,fs01,development,2,96,7,15.0,0.15396,detected_contacts,medium,0,96
casia_c,casia_c:012,casia_c:012:fb00,fb00,development,4,63,4,14.0,0.033672,detected_contacts,medium,0,63
casia_c,casia_c:012,casia_c:012:fb01,fb01,development,4,63,4,14.0,0.033672,detected_contacts,medium,0,63
casia_c,casia_c:012,casia_c:012:fn00,fn00,development,4,65,4,14.0,0.033672,detected_contacts,medium,0,65
casia_c,casia_c:012,casia_c:012:fn01,fn01,development,4,64,4,13.0,0.036262,detected_contacts,medium,0,64
casia_c,casia_c:012,casia_c:012:fn02,fn02,development,4,63,4,13.0,0.036262,detected_contacts,medium,0,63
casia_c,casia_c:012,casia_c:012:fn03,fn03,development,4,63,4,13.0,0.036262,detected_contacts,medium,0,63
casia_c,casia_c:012,casia_c:012:fq00,fq00,development,4,52,5,11.0,0.07873,detected_contacts,medium,0,52
casia_c,casia_c:012,casia_c:012:fq01,fq01,development,4,53,4,12.0,0.068041,detected_contacts,medium,0,53
casia_c,casia_c:012,casia_c:012:fs00,fs00,development,4,99,5,17.5,0.04738,detected_contacts,medium,0,99
casia_c,casia_c:012,casia_c:012:fs01,fs01,development,4,96,5,17.5,0.04738,detected_contacts,medium,0,96
casia_c,casia_c:013,casia_c:013:fb00,fb00,development,2,73,5,13.5,0.037037,detected_contacts,medium,0,73
casia_c,casia_c:013,casia_c:013:fb01,fb01,development,2,78,5,14.0,0.0,detected_contacts,medium,0,78
casia_c,casia_c:013,casia_c:013:fn00,fn00,development,2,82,6,14.0,0.034993,detected_contacts,medium,0,82
casia_c,casia_c:013,casia_c:013:fn01,fn01,development,2,76,5,14.0,0.030929,detected_contacts,medium,0,76
casia_c,casia_c:013,casia_c:013:fn02,fn02,development,2,78,5,14.0,0.030929,detected_contacts,medium,0,78
casia_c,casia_c:013,casia_c:013:fn03,fn03,development,2,83,5,13.5,0.061419,detected_contacts,medium,0,83
casia_c,casia_c:013,casia_c:013:fq00,fq00,development,2,60,5,12.0,0.036084,detected_contacts,medium,0,60
casia_c,casia_c:013,casia_c:013:fq01,fq01,development,2,70,5,13.0,0.033309,detected_contacts,medium,0,70
casia_c,casia_c:013,casia_c:013:fs00,fs00,development,2,118,7,16.5,0.030303,detected_contacts,medium,0,118
casia_c,casia_c:013,casia_c:013:fs01,fs01,development,2,100,6,15.0,0.0,detected_contacts,medium,0,100
casia_c,casia_c:014,casia_c:014:fb00,fb00,development,1,69,4,14.0,0.0,detected_contacts,medium,0,69
casia_c,casia_c:014,casia_c:014:fb01,fb01,development,1,73,5,14.0,0.050508,detected_contacts,medium,0,73
casia_c,casia_c:014,casia_c:014:fn00,fn00,development,1,71,4,15.0,0.083148,detected_contacts,medium,0,71
casia_c,casia_c:014,casia_c:014:fn01,fn01,development,1,73,5,14.0,0.050508,detected_contacts,medium,0,73
casia_c,casia_c:014,casia_c:014:fn02,fn02,development,1,77,5,14.0,0.030929,detected_contacts,medium,0,77
casia_c,casia_c:014,casia_c:014:fn03,fn03,development,1,76,5,14.0,0.050508,detected_contacts,medium,0,76
casia_c,casia_c:014,casia_c:014:fq00,fq00,development,1,59,4,13.0,0.036262,detected_contacts,medium,0,59
casia_c,casia_c:014,casia_c:014:fq01,fq01,development,1,60,4,13.0,0.036262,detected_contacts,medium,0,60
casia_c,casia_c:014,casia_c:014:fs00,fs00,development,1,94,6,16.0,0.046771,detected_contacts,medium,0,94
casia_c,casia_c:014,casia_c:014:fs01,fs01,development,1,84,5,15.5,0.053494,detected_contacts,medium,0,84
casia_c,casia_c:015,casia_c:015:fb00,fb00,development,2,71,5,13.5,0.037037,detected_contacts,medium,0,71
casia_c,casia_c:015,casia_c:015:fb01,fb01,development,2,72,5,13.5,0.061419,detected_contacts,medium,0,72
casia_c,casia_c:015,casia_c:015:fn00,fn00,development,2,69,5,13.0,0.054393,detected_contacts,medium,0,69
casia_c,casia_c:015,casia_c:015:fn01,fn01,development,2,73,5,14.0,0.030929,detected_contacts,medium,0,73
casia_c,casia_c:015,casia_c:015:fn02,fn02,development,2,75,5,14.0,0.030929,detected_contacts,medium,0,75
casia_c,casia_c:015,casia_c:015:fn03,fn03,development,2,76,5,14.0,0.030929,detected_contacts,medium,0,76
casia_c,casia_c:015,casia_c:015:fq00,fq00,development,2,55,4,12.0,0.039284,detected_contacts,medium,0,55
casia_c,casia_c:015,casia_c:015:fq01,fq01,development,2,58,4,12.0,0.039284,detected_contacts,medium,0,58
casia_c,casia_c:015,casia_c:015:fs00,fs00,development,2,91,5,16.0,0.027063,detected_contacts,medium,0,91
casia_c,casia_c:015,casia_c:015:fs01,fs01,development,2,96,5,16.0,0.027063,detected_contacts,medium,0,96
casia_c,casia_c:016,casia_c:016:fb00,fb00,development,2,71,5,14.0,0.030929,detected_contacts,medium,0,71
casia_c,casia_c:016,casia_c:016:fb01,fb01,development,2,74,5,14.5,0.077106,detected_contacts,medium,0,74
casia_c,casia_c:016,casia_c:016:fn00,fn00,development,2,74,5,15.0,0.156347,detected_contacts,medium,0,74
casia_c,casia_c:016,casia_c:016:fn01,fn01,development,2,80,5,15.5,0.053494,detected_contacts,medium,0,80
casia_c,casia_c:016,casia_c:016:fn02,fn02,development,2,77,5,14.5,0.057183,detected_contacts,medium,0,77
casia_c,casia_c:016,casia_c:016:fn03,fn03,development,2,73,5,15.0,0.0,detected_contacts,medium,0,73
casia_c,casia_c:016,casia_c:016:fq00,fq00,development,2,57,5,12.0,0.058926,detected_contacts,medium,0,57
casia_c,casia_c:016,casia_c:016:fq01,fq01,development,2,55,4,13.0,0.036262,detected_contacts,medium,0,55
casia_c,casia_c:016,casia_c:016:fs00,fs00,development,2,101,6,18.0,0.08165,detected_contacts,medium,0,101
casia_c,casia_c:016,casia_c:016:fs01,fs01,development,2,93,6,17.0,0.047059,detected_contacts,medium,0,93
casia_c,casia_c:017,casia_c:017:fb00,fb00,development,0,68,5,14.0,0.061859,detected_contacts,medium,0,68
casia_c,casia_c:017,casia_c:017:fb01,fb01,development,0,70,5,14.0,0.0,detected_contacts,medium,0,70
casia_c,casia_c:017,casia_c:017:fn00,fn00,development,0,68,5,13.5,0.037037,detected_contacts,medium,0,68
casia_c,casia_c:017,casia_c:017:fn01,fn01,development,0,63,4,13.0,0.036262,detected_contacts,medium,0,63
casia_c,casia_c:017,casia_c:017:fn02,fn02,development,0,67,4,14.0,0.058321,detected_contacts,medium,0,67
casia_c,casia_c:017,casia_c:017:fn03,fn03,development,0,73,5,14.0,0.050508,detected_contacts,medium,0,73
casia_c,casia_c:017,casia_c:017:fq00,fq00,development,0,58,4,13.0,0.0,detected_contacts,medium,0,58
casia_c,casia_c:017,casia_c:017:fq01,fq01,development,0,58,4,13.0,0.0,detected_contacts,medium,0,58
casia_c,casia_c:017,casia_c:017:fs00,fs00,development,0,95,6,16.0,0.030619,detected_contacts,medium,0,95
casia_c,casia_c:017,casia_c:017:fs01,fs01,development,0,98,6,16.0,0.063738,detected_contacts,medium,0,98
casia_c,casia_c:018,casia_c:018:fb00,fb00,development,1,53,4,13.0,0.036262,detected_contacts,medium,0,53
casia_c,casia_c:018,casia_c:018:fb01,fb01,development,1,54,4,12.0,0.039284,detected_contacts,medium,0,54
casia_c,casia_c:018,casia_c:018:fn00,fn00,development,1,63,5,13.0,0.0,detected_contacts,medium,0,63
casia_c,casia_c:018,casia_c:018:fn01,fn01,development,1,57,4,13.0,0.036262,detected_contacts,medium,0,57
casia_c,casia_c:018,casia_c:018:fn02,fn02,development,1,57,4,13.0,0.0,detected_contacts,medium,0,57
casia_c,casia_c:018,casia_c:018:fn03,fn03,development,1,57,4,13.0,0.0,detected_contacts,medium,0,57
casia_c,casia_c:018,casia_c:018:fq00,fq00,development,1,49,4,12.0,0.0,detected_contacts,medium,0,49
casia_c,casia_c:018,casia_c:018:fq01,fq01,development,1,47,4,11.0,0.042855,detected_contacts,medium,0,47
casia_c,casia_c:018,casia_c:018:fs00,fs00,development,1,78,4,15.0,0.031427,detected_contacts,medium,0,78
casia_c,casia_c:018,casia_c:018:fs01,fs01,development,1,72,4,15.0,0.054433,detected_contacts,medium,0,72
casia_c,casia_c:019,casia_c:019:fb00,fb00,development,0,53,4,13.0,0.062807,detected_contacts,medium,0,53
casia_c,casia_c:019,casia_c:019:fb01,fb01,development,0,53,4,13.0,0.062807,detected_contacts,medium,0,53
casia_c,casia_c:019,casia_c:019:fn00,fn00,development,0,56,4,13.0,0.09594,detected_contacts,medium,0,56
casia_c,casia_c:019,casia_c:019:fn01,fn01,development,0,55,4,13.0,0.062807,detected_contacts,medium,0,55
casia_c,casia_c:019,casia_c:019:fn02,fn02,development,0,56,4,13.0,0.09594,detected_contacts,medium,0,56
casia_c,casia_c:019,casia_c:019:fn03,fn03,development,0,57,4,14.0,0.067344,detected_contacts,medium,0,57
casia_c,casia_c:019,casia_c:019:fq00,fq00,development,0,43,4,11.0,0.074227,detected_contacts,medium,0,43
casia_c,casia_c:019,casia_c:019:fq01,fq01,development,0,44,4,11.0,0.113384,detected_contacts,medium,0,44
casia_c,casia_c:019,casia_c:019:fs00,fs00,development,0,78,5,16.0,0.09375,detected_contacts,medium,0,78
casia_c,casia_c:019,casia_c:019:fs01,fs01,development,0,77,5,15.0,0.105409,detected_contacts,medium,0,77
casia_c,casia_c:020,casia_c:020:fb00,fb00,test,-1,60,5,12.0,0.036084,detected_contacts,medium,0,60
casia_c,casia_c:020,casia_c:020:fb01,fb01,test,-1,61,4,13.0,0.036262,detected_contacts,medium,0,61
casia_c,casia_c:020,casia_c:020:fn00,fn00,test,-1,63,4,12.0,0.039284,detected_contacts,medium,0,63
casia_c,casia_c:020,casia_c:020:fn01,fn01,test,-1,64,5,12.5,0.131149,detected_contacts,medium,0,64
casia_c,casia_c:020,casia_c:020:fn02,fn02,test,-1,63,5,12.5,0.066332,detected_contacts,medium,0,63
casia_c,casia_c:020,casia_c:020:fn03,fn03,test,-1,64,5,12.5,0.04,detected_contacts,medium,0,64
casia_c,casia_c:020,casia_c:020:fq00,fq00,test,-1,50,4,11.0,0.042855,detected_contacts,medium,0,50
casia_c,casia_c:020,casia_c:020:fq01,fq01,test,-1,50,4,11.0,0.042855,detected_contacts,medium,0,50
casia_c,casia_c:020,casia_c:020:fs00,fs00,test,-1,89,6,15.0,0.026667,detected_contacts,medium,0,89
casia_c,casia_c:020,casia_c:020:fs01,fs01,test,-1,87,5,15.0,0.028868,detected_contacts,medium,0,87
casia_c,casia_c:021,casia_c:021:fb00,fb00,test,-1,60,5,13.0,0.054393,detected_contacts,medium,0,60
casia_c,casia_c:021,casia_c:021:fb01,fb01,test,-1,56,4,13.0,0.036262,detected_contacts,medium,0,56
casia_c,casia_c:021,casia_c:021:fn00,fn00,test,-1,59,5,13.0,0.133235,detected_contacts,medium,0,59
casia_c,casia_c:021,casia_c:021:fn01,fn01,test,-1,59,4,13.0,0.0,detected_contacts,medium,0,59
casia_c,casia_c:021,casia_c:021:fn02,fn02,test,-1,67,5,13.0,0.033309,detected_contacts,medium,0,67
casia_c,casia_c:021,casia_c:021:fn03,fn03,test,-1,66,5,13.0,0.033309,detected_contacts,medium,0,66
casia_c,casia_c:021,casia_c:021:fq00,fq00,test,-1,55,4,12.0,0.039284,detected_contacts,medium,0,55
casia_c,casia_c:021,casia_c:021:fq01,fq01,test,-1,53,4,13.0,0.036262,detected_contacts,medium,0,53
casia_c,casia_c:021,casia_c:021:fs00,fs00,test,-1,69,5,14.5,0.034483,detected_contacts,medium,0,69
casia_c,casia_c:021,casia_c:021:fs01,fs01,test,-1,72,5,14.5,0.034483,detected_contacts,medium,0,72
casia_c,casia_c:022,casia_c:022:fb00,fb00,development,3,68,5,12.0,0.058926,detected_contacts,medium,0,68
casia_c,casia_c:022,casia_c:022:fb01,fb01,development,3,63,5,12.0,0.036084,detected_contacts,medium,0,63
casia_c,casia_c:022,casia_c:022:fn00,fn00,development,3,61,5,12.0,0.058926,detected_contacts,medium,0,61
casia_c,casia_c:022,casia_c:022:fn01,fn01,development,3,62,5,11.5,0.043478,detected_contacts,medium,0,62
casia_c,casia_c:022,casia_c:022:fn02,fn02,development,3,67,5,12.0,0.036084,detected_contacts,medium,0,67
casia_c,casia_c:022,casia_c:022:fn03,fn03,development,3,67,6,13.0,0.075369,detected_contacts,medium,0,67
casia_c,casia_c:022,casia_c:022:fq00,fq00,development,3,49,5,10.0,0.1,detected_contacts,medium,0,49
casia_c,casia_c:022,casia_c:022:fq01,fq01,development,3,48,4,11.0,0.08571,detected_contacts,medium,0,48
casia_c,casia_c:022,casia_c:022:fs00,fs00,development,3,80,5,14.0,0.071429,detected_contacts,medium,0,80
casia_c,casia_c:022,casia_c:022:fs01,fs01,development,3,85,5,14.5,0.034483,detected_contacts,medium,0,85
casia_c,casia_c:023,casia_c:023:fb00,fb00,development,2,56,4,13.0,0.036262,detected_contacts,medium,0,56
casia_c,casia_c:023,casia_c:023:fb01,fb01,development,2,59,4,13.0,0.036262,detected_contacts,medium,0,59
casia_c,casia_c:023,casia_c:023:fn00,fn00,development,2,50,3,12.5,0.04,detected_contacts,medium,0,50
casia_c,casia_c:023,casia_c:023:fn01,fn01,development,2,57,4,13.0,0.036262,detected_contacts,medium,0,57
casia_c,casia_c:023,casia_c:023:fn02,fn02,development,2,56,4,13.0,0.0,detected_contacts,medium,0,56
casia_c,casia_c:023,casia_c:023:fn03,fn03,development,2,63,5,13.0,0.033309,detected_contacts,medium,0,63
casia_c,casia_c:023,casia_c:023:fq00,fq00,development,2,48,3,12.0,0.0,detected_contacts,medium,0,48
casia_c,casia_c:023,casia_c:023:fq01,fq01,development,2,49,4,12.0,0.039284,detected_contacts,medium,0,49
casia_c,casia_c:023,casia_c:023:fs00,fs00,development,2,73,4,16.0,0.0,detected_contacts,medium,0,73
casia_c,casia_c:023,casia_c:023:fs01,fs01,development,2,71,4,15.0,0.054433,detected_contacts,medium,0,71
casia_c,casia_c:024,casia_c:024:fb00,fb00,development,4,62,4,14.0,0.033672,detected_contacts,medium,0,62
casia_c,casia_c:024,casia_c:024:fb01,fb01,development,4,62,4,14.0,0.0,detected_contacts,medium,0,62
casia_c,casia_c:024,casia_c:024:fn00,fn00,development,4,65,4,14.0,0.033672,detected_contacts,medium,0,65
casia_c,casia_c:024,casia_c:024:fn01,fn01,development,4,65,4,14.0,0.033672,detected_contacts,medium,0,65
casia_c,casia_c:024,casia_c:024:fn02,fn02,development,4,66,4,14.0,0.033672,detected_contacts,medium,0,66
casia_c,casia_c:024,casia_c:024:fn03,fn03,development,4,68,4,15.0,0.031427,detected_contacts,medium,0,68
casia_c,casia_c:024,casia_c:024:fq00,fq00,development,4,49,3,13.0,0.076923,detected_contacts,medium,0,49
casia_c,casia_c:024,casia_c:024:fq01,fq01,development,4,53,4,13.0,0.036262,detected_contacts,medium,0,53
casia_c,casia_c:024,casia_c:024:fs00,fs00,development,4,74,4,15.0,0.031427,detected_contacts,medium,0,74
casia_c,casia_c:024,casia_c:024:fs01,fs01,development,4,75,4,16.0,0.0,detected_contacts,medium,0,75
casia_c,casia_c:025,casia_c:025:fb00,fb00,development,3,56,4,12.0,0.0,detected_contacts,medium,0,56
casia_c,casia_c:025,casia_c:025:fb01,fb01,development,3,59,4,12.0,0.039284,detected_contacts,medium,0,59
casia_c,casia_c:025,casia_c:025:fn00,fn00,development,3,56,4,12.0,0.0,detected_contacts,medium,0,56
casia_c,casia_c:025,casia_c:025:fn01,fn01,development,3,56,4,12.0,0.0,detected_contacts,medium,0,56
casia_c,casia_c:025,casia_c:025:fn02,fn02,development,3,55,4,12.0,0.039284,detected_contacts,medium,0,55
casia_c,casia_c:025,casia_c:025:fn03,fn03,development,3,56,4,12.0,0.0,detected_contacts,medium,0,56
casia_c,casia_c:025,casia_c:025:fq00,fq00,development,3,48,4,11.0,0.0,detected_contacts,medium,0,48
casia_c,casia_c:025,casia_c:025:fq01,fq01,development,3,48,4,11.0,0.0,detected_contacts,medium,0,48
casia_c,casia_c:025,casia_c:025:fs00,fs00,development,3,75,5,13.5,0.037037,detected_contacts,medium,0,75
casia_c,casia_c:025,casia_c:025:fs01,fs01,development,3,87,6,14.0,0.045175,detected_contacts,medium,0,87
casia_c,casia_c:026,casia_c:026:fb00,fb00,test,-1,55,4,13.0,0.036262,detected_contacts,medium,0,55
casia_c,casia_c:026,casia_c:026:fb01,fb01,test,-1,52,4,12.0,0.039284,detected_contacts,medium,0,52
casia_c,casia_c:026,casia_c:026:fn00,fn00,test,-1,52,3,13.5,0.037037,detected_contacts,medium,0,52
casia_c,casia_c:026,casia_c:026:fn01,fn01,test,-1,54,4,12.0,0.039284,detected_contacts,medium,0,54
casia_c,casia_c:026,casia_c:026:fn02,fn02,test,-1,53,4,12.0,0.039284,detected_contacts,medium,0,53
casia_c,casia_c:026,casia_c:026:fn03,fn03,test,-1,54,4,12.0,0.039284,detected_contacts,medium,0,54
casia_c,casia_c:026,casia_c:026:fq00,fq00,test,-1,48,4,12.0,0.039284,detected_contacts,medium,0,48
casia_c,casia_c:026,casia_c:026:fq01,fq01,test,-1,48,4,11.0,0.042855,detected_contacts,medium,0,48
casia_c,casia_c:026,casia_c:026:fs00,fs00,test,-1,74,5,14.0,0.030929,detected_contacts,medium,0,74
casia_c,casia_c:026,casia_c:026:fs01,fs01,test,-1,73,5,14.0,0.050508,detected_contacts,medium,0,73
casia_c,casia_c:027,casia_c:027:fb00,fb00,development,1,68,4,16.0,0.051031,detected_contacts,medium,0,68
casia_c,casia_c:027,casia_c:027:fb01,fb01,development,1,68,4,17.0,0.073366,detected_contacts,medium,0,68
casia_c,casia_c:027,casia_c:027:fn00,fn00,development,1,65,4,15.0,0.054433,detected_contacts,medium,0,65
casia_c,casia_c:027,casia_c:027:fn01,fn01,development,1,59,3,15.0,0.066667,detected_contacts,medium,0,59
casia_c,casia_c:027,casia_c:027:fn02,fn02,development,1,66,4,16.0,0.029463,detected_contacts,medium,0,66
casia_c,casia_c:027,casia_c:027:fn03,fn03,development,1,64,4,15.0,0.031427,detected_contacts,medium,0,64
casia_c,casia_c:027,casia_c:027:fq00,fq00,development,1,44,3,12.5,0.04,detected_contacts,medium,0,44
casia_c,casia_c:027,casia_c:027:fq01,fq01,development,1,45,4,12.0,0.0,detected_contacts,medium,0,45
casia_c,casia_c:027,casia_c:027:fs00,fs00,development,1,80,4,18.0,0.045361,detected_contacts,medium,0,80
casia_c,casia_c:027,casia_c:027:fs01,fs01,development,1,89,4,20.0,0.062361,detected_contacts,medium,0,89
casia_c,casia_c:028,casia_c:028:fb00,fb00,test,-1,63,4,13.0,0.036262,detected_contacts,medium,0,63
casia_c,casia_c:028,casia_c:028:fb01,fb01,test,-1,68,5,13.0,0.033309,detected_contacts,medium,0,68
casia_c,casia_c:028,casia_c:028:fn00,fn00,test,-1,72,5,13.5,0.037037,detected_contacts,medium,0,72
casia_c,casia_c:028,casia_c:028:fn01,fn01,test,-1,71,5,13.0,0.033309,detected_contacts,medium,0,71
casia_c,casia_c:028,casia_c:028:fn02,fn02,test,-1,71,5,13.5,0.037037,detected_contacts,medium,0,71
casia_c,casia_c:028,casia_c:028:fn03,fn03,test,-1,70,5,13.0,0.033309,detected_contacts,medium,0,70
casia_c,casia_c:028,casia_c:028:fq00,fq00,test,-1,53,4,12.0,0.039284,detected_contacts,medium,0,53
casia_c,casia_c:028,casia_c:028:fq01,fq01,test,-1,50,4,11.0,0.074227,detected_contacts,medium,0,50
casia_c,casia_c:028,casia_c:028:fs00,fs00,test,-1,87,5,15.5,0.053494,detected_contacts,medium,0,87
casia_c,casia_c:028,casia_c:028:fs01,fs01,test,-1,84,5,16.0,0.027063,detected_contacts,medium,0,84
casia_c,casia_c:029,casia_c:029:fb00,fb00,test,-1,70,5,13.0,0.0,detected_contacts,medium,0,70
casia_c,casia_c:029,casia_c:029:fb01,fb01,test,-1,69,5,13.0,0.033309,detected_contacts,medium,0,69
casia_c,casia_c:029,casia_c:029:fn00,fn00,test,-1,63,4,13.0,0.0,detected_contacts,medium,0,63
casia_c,casia_c:029,casia_c:029:fn01,fn01,test,-1,72,5,13.0,0.033309,detected_contacts,medium,0,72
casia_c,casia_c:029,casia_c:029:fn02,fn02,test,-1,62,4,13.0,0.036262,detected_contacts,medium,0,62
casia_c,casia_c:029,casia_c:029:fn03,fn03,test,-1,67,5,13.0,0.033309,detected_contacts,medium,0,67
casia_c,casia_c:029,casia_c:029:fq00,fq00,test,-1,52,4,12.0,0.039284,detected_contacts,medium,0,52
casia_c,casia_c:029,casia_c:029:fq01,fq01,test,-1,51,4,11.0,0.042855,detected_contacts,medium,0,51
casia_c,casia_c:029,casia_c:029:fs00,fs00,test,-1,89,6,15.0,0.03266,detected_contacts,medium,0,89
casia_c,casia_c:029,casia_c:029:fs01,fs01,test,-1,90,6,14.0,0.034993,detected_contacts,medium,0,90
casia_c,casia_c:030,casia_c:030:fb00,fb00,development,4,74,5,13.0,0.0,detected_contacts,medium,0,74
casia_c,casia_c:030,casia_c:030:fb01,fb01,development,4,70,5,13.0,0.033309,detected_contacts,medium,0,70
casia_c,casia_c:030,casia_c:030:fn00,fn00,development,4,67,5,12.5,0.04,detected_contacts,medium,0,67
casia_c,casia_c:030,casia_c:030:fn01,fn01,development,4,70,5,13.0,0.033309,detected_contacts,medium,0,70
casia_c,casia_c:030,casia_c:030:fn02,fn02,development,4,70,5,12.0,0.036084,detected_contacts,medium,0,70
casia_c,casia_c:030,casia_c:030:fn03,fn03,development,4,70,5,12.5,0.04,detected_contacts,medium,0,70
casia_c,casia_c:030,casia_c:030:fq00,fq00,development,4,61,5,11.5,0.043478,detected_contacts,medium,0,61
casia_c,casia_c:030,casia_c:030:fq01,fq01,development,4,55,4,11.0,0.042855,detected_contacts,medium,0,55
casia_c,casia_c:030,casia_c:030:fs00,fs00,development,4,108,7,15.0,0.059835,detected_contacts,medium,0,108
casia_c,casia_c:030,casia_c:030:fs01,fs01,development,4,91,6,14.0,0.063888,detected_contacts,medium,0,91
casia_c,casia_c:031,casia_c:031:fb00,fb00,development,2,56,4,13.0,0.0,detected_contacts,medium,0,56
casia_c,casia_c:031,casia_c:031:fb01,fb01,development,2,56,4,13.0,0.036262,detected_contacts,medium,0,56
casia_c,casia_c:031,casia_c:031:fn00,fn00,development,2,66,5,13.0,0.033309,detected_contacts,medium,0,66
casia_c,casia_c:031,casia_c:031:fn01,fn01,development,2,57,4,13.0,0.0,detected_contacts,medium,0,57
casia_c,casia_c:031,casia_c:031:fn02,fn02,development,2,51,3,13.5,0.037037,detected_contacts,medium,0,51
casia_c,casia_c:031,casia_c:031:fn03,fn03,development,2,53,4,13.0,0.036262,detected_contacts,medium,0,53
casia_c,casia_c:031,casia_c:031:fq00,fq00,development,2,39,3,11.0,0.0,detected_contacts,medium,0,39
casia_c,casia_c:031,casia_c:031:fq01,fq01,development,2,38,3,11.0,0.0,detected_contacts,medium,0,38
casia_c,casia_c:031,casia_c:031:fs00,fs00,development,2,72,4,15.0,0.031427,detected_contacts,medium,0,72
casia_c,casia_c:031,casia_c:031:fs01,fs01,development,2,85,5,16.0,0.044194,detected_contacts,medium,0,85
casia_c,casia_c:032,casia_c:032:fb00,fb00,development,3,55,4,13.0,0.036262,detected_contacts,medium,0,55
casia_c,casia_c:032,casia_c:032:fb01,fb01,development,3,55,4,12.0,0.039284,detected_contacts,medium,0,55
casia_c,casia_c:032,casia_c:032:fn00,fn00,development,3,57,4,12.0,0.039284,detected_contacts,medium,0,57
casia_c,casia_c:032,casia_c:032:fn01,fn01,development,3,54,4,12.0,0.039284,detected_contacts,medium,0,54
casia_c,casia_c:032,casia_c:032:fn02,fn02,development,3,49,4,12.0,0.0,detected_contacts,medium,0,49
casia_c,casia_c:032,casia_c:032:fn03,fn03,development,3,50,4,12.0,0.039284,detected_contacts,medium,0,50
casia_c,casia_c:032,casia_c:032:fq00,fq00,development,3,44,3,11.5,0.043478,detected_contacts,medium,0,44
casia_c,casia_c:032,casia_c:032:fq01,fq01,development,3,42,3,11.5,0.043478,detected_contacts,medium,0,42
casia_c,casia_c:032,casia_c:032:fs00,fs00,development,3,70,5,13.5,0.037037,detected_contacts,medium,0,70
casia_c,casia_c:032,casia_c:032:fs01,fs01,development,3,63,4,13.0,0.036262,detected_contacts,medium,0,63
casia_c,casia_c:033,casia_c:033:fb00,fb00,test,-1,52,3,13.5,0.037037,detected_contacts,medium,0,52
casia_c,casia_c:033,casia_c:033:fb01,fb01,test,-1,53,3,13.5,0.037037,detected_contacts,medium,0,53
casia_c,casia_c:033,casia_c:033:fn00,fn00,test,-1,49,3,13.5,0.037037,detected_contacts,medium,0,49
casia_c,casia_c:033,casia_c:033:fn01,fn01,test,-1,51,3,13.5,0.037037,detected_contacts,medium,0,51
casia_c,casia_c:033,casia_c:033:fn02,fn02,test,-1,51,3,13.5,0.037037,detected_contacts,medium,0,51
casia_c,casia_c:033,casia_c:033:fn03,fn03,test,-1,52,4,13.0,0.036262,detected_contacts,medium,0,52
casia_c,casia_c:033,casia_c:033:fq00,fq00,test,-1,40,3,11.0,0.0,detected_contacts,medium,0,40
casia_c,casia_c:033,casia_c:033:fq01,fq01,test,-1,39,3,11.0,0.0,detected_contacts,medium,0,39
casia_c,casia_c:033,casia_c:033:fs00,fs00,test,-1,79,5,16.0,0.027063,detected_contacts,medium,0,79
casia_c,casia_c:033,casia_c:033:fs01,fs01,test,-1,84,5,16.0,0.068108,detected_contacts,medium,0,84
casia_c,casia_c:034,casia_c:034:fb00,fb00,test,-1,60,5,12.0,0.036084,detected_contacts,medium,0,60
casia_c,casia_c:034,casia_c:034:fb01,fb01,test,-1,60,5,12.0,0.036084,detected_contacts,medium,0,60
casia_c,casia_c:034,casia_c:034:fn00,fn00,test,-1,60,4,12.0,0.039284,detected_contacts,medium,0,60
casia_c,casia_c:034,casia_c:034:fn01,fn01,test,-1,66,5,12.5,0.04,detected_contacts,medium,0,66
casia_c,casia_c:034,casia_c:034:fn02,fn02,test,-1,63,5,12.5,0.04,detected_contacts,medium,0,63
casia_c,casia_c:034,casia_c:034:fn03,fn03,test,-1,62,5,12.0,0.058926,detected_contacts,medium,0,62
casia_c,casia_c:034,casia_c:034:fq00,fq00,test,-1,63,5,12.0,0.0,detected_contacts,medium,0,63
casia_c,casia_c:034,casia_c:034:fq01,fq01,test,-1,59,5,12.0,0.036084,detected_contacts,medium,0,59
casia_c,casia_c:034,casia_c:034:fs00,fs00,test,-1,77,5,13.0,0.076923,detected_contacts,medium,0,77
casia_c,casia_c:034,casia_c:034:fs01,fs01,test,-1,85,6,13.0,0.057564,detected_contacts,medium,0,85
casia_c,casia_c:035,casia_c:035:fb00,fb00,development,4,63,4,13.0,0.036262,detected_contacts,medium,0,63
casia_c,casia_c:035,casia_c:035:fb01,fb01,development,4,63,4,13.0,0.036262,detected_contacts,medium,0,63
casia_c,casia_c:035,casia_c:035:fn00,fn00,development,4,57,4,13.0,0.036262,detected_contacts,medium,0,57
casia_c,casia_c:035,casia_c:035:fn01,fn01,development,4,58,4,13.0,0.036262,detected_contacts,medium,0,58
casia_c,casia_c:035,casia_c:035:fn02,fn02,development,4,57,4,13.0,0.036262,detected_contacts,medium,0,57
casia_c,casia_c:035,casia_c:035:fn03,fn03,development,4,58,4,12.0,0.039284,detected_contacts,medium,0,58
casia_c,casia_c:035,casia_c:035:fq00,fq00,development,4,58,4,13.0,0.036262,detected_contacts,medium,0,58
casia_c,casia_c:035,casia_c:035:fq01,fq01,development,4,56,4,12.0,0.039284,detected_contacts,medium,0,56
casia_c,casia_c:035,casia_c:035:fs00,fs00,development,4,78,5,14.5,0.034483,detected_contacts,medium,0,78
casia_c,casia_c:035,casia_c:035:fs01,fs01,development,4,94,6,15.0,0.049889,detected_contacts,medium,0,94
casia_c,casia_c:036,casia_c:036:fb00,fb00,development,1,68,5,13.0,0.0,detected_contacts,medium,0,68
casia_c,casia_c:036,casia_c:036:fb01,fb01,development,1,70,5,13.0,0.0,detected_contacts,medium,0,70
casia_c,casia_c:036,casia_c:036:fn00,fn00,development,1,74,5,13.0,0.054393,detected_contacts,medium,0,74
casia_c,casia_c:036,casia_c:036:fn01,fn01,development,1,74,5,13.0,0.033309,detected_contacts,medium,0,74
casia_c,casia_c:036,casia_c:036:fn02,fn02,development,1,85,6,14.0,0.028571,detected_contacts,medium,0,85
casia_c,casia_c:036,casia_c:036:fn03,fn03,development,1,70,5,13.0,0.0,detected_contacts,medium,0,70
casia_c,casia_c:036,casia_c:036:fq00,fq00,development,1,57,4,13.0,0.0,detected_contacts,medium,0,57
casia_c,casia_c:036,casia_c:036:fq01,fq01,development,1,56,4,12.0,0.039284,detected_contacts,medium,0,56
casia_c,casia_c:036,casia_c:036:fs00,fs00,development,1,95,6,15.0,0.042164,detected_contacts,medium,0,95
casia_c,casia_c:036,casia_c:036:fs01,fs01,development,1,91,6,14.0,0.028571,detected_contacts,medium,0,91
casia_c,casia_c:037,casia_c:037:fb00,fb00,development,0,66,5,13.0,0.033309,detected_contacts,medium,0,66
casia_c,casia_c:037,casia_c:037:fb01,fb01,development,0,56,4,12.0,0.0,detected_contacts,medium,0,56
casia_c,casia_c:037,casia_c:037:fn00,fn00,development,0,72,5,13.0,0.033309,detected_contacts,medium,0,72
casia_c,casia_c:037,casia_c:037:fn01,fn01,development,0,71,5,13.0,0.0,detected_contacts,medium,0,71
casia_c,casia_c:037,casia_c:037:fn02,fn02,development,0,71,5,13.0,0.0,detected_contacts,medium,0,71
casia_c,casia_c:037,casia_c:037:fn03,fn03,development,0,75,6,13.0,0.030769,detected_contacts,medium,0,75
casia_c,casia_c:037,casia_c:037:fq00,fq00,development,0,56,5,11.5,0.043478,detected_contacts,medium,0,56
casia_c,casia_c:037,casia_c:037:fq01,fq01,development,0,54,4,12.0,0.0,detected_contacts,medium,0,54
casia_c,casia_c:037,casia_c:037:fs00,fs00,development,0,91,6,15.0,0.049889,detected_contacts,medium,0,91
casia_c,casia_c:037,casia_c:037:fs01,fs01,development,0,88,6,14.0,0.072843,detected_contacts,medium,0,88
casia_c,casia_c:038,casia_c:038:fb00,fb00,development,1,57,4,13.0,0.0,detected_contacts,medium,0,57
casia_c,casia_c:038,casia_c:038:fb01,fb01,development,1,57,4,13.0,0.0,detected_contacts,medium,0,57
casia_c,casia_c:038,casia_c:038:fn00,fn00,development,1,59,4,13.0,0.0,detected_contacts,medium,0,59
casia_c,casia_c:038,casia_c:038:fn01,fn01,development,1,50,3,12.5,0.04,detected_contacts,medium,0,50
casia_c,casia_c:038,casia_c:038:fn02,fn02,development,1,52,4,12.0,0.039284,detected_contacts,medium,0,52
casia_c,casia_c:038,casia_c:038:fn03,fn03,development,1,55,4,13.0,0.036262,detected_contacts,medium,0,55
casia_c,casia_c:038,casia_c:038:fq00,fq00,development,1,52,4,12.0,0.039284,detected_contacts,medium,0,52
casia_c,casia_c:038,casia_c:038:fq01,fq01,development,1,52,4,12.0,0.039284,detected_contacts,medium,0,52
casia_c,casia_c:038,casia_c:038:fs00,fs00,development,1,81,5,15.0,0.0,detected_contacts,medium,0,81
casia_c,casia_c:038,casia_c:038:fs01,fs01,development,1,78,5,14.5,0.034483,detected_contacts,medium,0,78
casia_c,casia_c:039,casia_c:039:fb00,fb00,development,4,54,4,13.0,0.072524,detected_contacts,medium,0,54
casia_c,casia_c:039,casia_c:039:fb01,fb01,development,4,51,4,12.0,0.0,detected_contacts,medium,0,51
casia_c,casia_c:039,casia_c:039:fn00,fn00,development,4,62,5,12.5,0.04,detected_contacts,medium,0,62
casia_c,casia_c:039,casia_c:039:fn01,fn01,development,4,54,4,12.0,0.039284,detected_contacts,medium,0,54
casia_c,casia_c:039,casia_c:039:fn02,fn02,development,4,53,4,12.0,0.039284,detected_contacts,medium,0,53
casia_c,casia_c:039,casia_c:039:fn03,fn03,development,4,51,4,12.0,0.0,detected_contacts,medium,0,51
casia_c,casia_c:039,casia_c:039:fq00,fq00,development,4,46,4,11.0,0.0,detected_contacts,medium,0,46
casia_c,casia_c:039,casia_c:039:fq01,fq01,development,4,45,4,11.0,0.042855,detected_contacts,medium,0,45
casia_c,casia_c:039,casia_c:039:fs00,fs00,development,4,80,5,15.5,0.053494,detected_contacts,medium,0,80
casia_c,casia_c:039,casia_c:039:fs01,fs01,development,4,83,5,15.0,0.072648,detected_contacts,medium,0,83
casia_c,casia_c:040,casia_c:040:fb00,fb00,development,0,59,4,14.0,0.058321,detected_contacts,medium,0,59
casia_c,casia_c:040,casia_c:040:fb01,fb01,development,0,61,4,14.0,0.0,detected_contacts,medium,0,61
casia_c,casia_c:040,casia_c:040:fn00,fn00,development,0,65,4,15.0,0.031427,detected_contacts,medium,0,65
casia_c,casia_c:040,casia_c:040:fn01,fn01,development,0,65,4,15.0,0.054433,detected_contacts,medium,0,65
casia_c,casia_c:040,casia_c:040:fn02,fn02,development,0,64,4,15.0,0.0,detected_contacts,medium,0,64
casia_c,casia_c:040,casia_c:040:fn03,fn03,development,0,64,4,15.0,0.031427,detected_contacts,medium,0,64
casia_c,casia_c:040,casia_c:040:fq00,fq00,development,0,40,3,11.0,0.0,detected_contacts,medium,0,40
casia_c,casia_c:040,casia_c:040:fq01,fq01,development,0,42,3,11.5,0.043478,detected_contacts,medium,0,42
casia_c,casia_c:040,casia_c:040:fs00,fs00,development,0,110,5,20.5,0.040447,detected_contacts,medium,0,110
casia_c,casia_c:040,casia_c:040:fs01,fs01,development,0,126,3,44.5,0.505618,detected_contacts,low,0,126
casia_c,casia_c:041,casia_c:041:fb00,fb00,development,3,56,4,12.0,0.039284,detected_contacts,medium,0,56
casia_c,casia_c:041,casia_c:041:fb01,fb01,development,3,64,4,13.0,0.0,detected_contacts,medium,0,64
casia_c,casia_c:041,casia_c:041:fn00,fn00,development,3,68,5,13.0,0.0,detected_contacts,medium,0,68
casia_c,casia_c:041,casia_c:041:fn01,fn01,development,3,66,5,13.0,0.033309,detected_contacts,medium,0,66
casia_c,casia_c:041,casia_c:041:fn02,fn02,development,3,69,5,13.0,0.033309,detected_contacts,medium,0,69
casia_c,casia_c:041,casia_c:041:fn03,fn03,development,3,66,5,13.0,0.0,detected_contacts,medium,0,66
casia_c,casia_c:041,casia_c:041:fq00,fq00,development,3,54,4,12.0,0.0,detected_contacts,medium,0,54
casia_c,casia_c:041,casia_c:041:fq01,fq01,development,3,51,4,12.0,0.039284,detected_contacts,medium,0,51
casia_c,casia_c:041,casia_c:041:fs00,fs00,development,3,100,5,15.0,0.066667,detected_contacts,medium,0,100
casia_c,casia_c:041,casia_c:041:fs01,fs01,development,3,82,5,15.0,0.028868,detected_contacts,medium,0,82
casia_c,casia_c:042,casia_c:042:fb00,fb00,development,4,53,3,13.0,0.0,detected_contacts,medium,0,53
casia_c,casia_c:042,casia_c:042:fb01,fb01,development,4,30,2,13.0,1.0,condition_cycle_prior,low,0,30
casia_c,casia_c:042,casia_c:042:fn00,fn00,development,4,53,4,13.0,0.0,detected_contacts,medium,0,53
casia_c,casia_c:042,casia_c:042:fn01,fn01,development,4,56,4,13.0,0.036262,detected_contacts,medium,0,56
casia_c,casia_c:042,casia_c:042:fn02,fn02,development,4,56,4,13.0,0.0,detected_contacts,medium,0,56
casia_c,casia_c:042,casia_c:042:fn03,fn03,development,4,56,4,13.0,0.062807,detected_contacts,medium,0,56
casia_c,casia_c:042,casia_c:042:fq00,fq00,development,4,48,4,11.0,0.074227,detected_contacts,medium,0,48
casia_c,casia_c:042,casia_c:042:fq01,fq01,development,4,49,4,12.0,0.039284,detected_contacts,medium,0,49
casia_c,casia_c:042,casia_c:042:fs00,fs00,development,4,78,4,17.0,0.048029,detected_contacts,medium,0,78
casia_c,casia_c:042,casia_c:042:fs01,fs01,development,4,77,5,16.0,0.0,detected_contacts,medium,0,77
casia_c,casia_c:043,casia_c:043:fb00,fb00,development,0,64,4,13.0,0.036262,detected_contacts,medium,0,64
casia_c,casia_c:043,casia_c:043:fb01,fb01,development,0,70,5,13.0,0.033309,detected_contacts,medium,0,70
casia_c,casia_c:043,casia_c:043:fn00,fn00,development,0,61,4,13.0,0.036262,detected_contacts,medium,0,61
casia_c,casia_c:043,casia_c:043:fn01,fn01,development,0,65,4,13.0,0.0,detected_contacts,medium,0,65
casia_c,casia_c:043,casia_c:043:fn02,fn02,development,0,67,4,13.0,0.036262,detected_contacts,medium,0,67
casia_c,casia_c:043,casia_c:043:fn03,fn03,development,0,72,5,13.5,0.037037,detected_contacts,medium,0,72
casia_c,casia_c:043,casia_c:043:fq00,fq00,development,0,58,4,12.0,0.039284,detected_contacts,medium,0,58
casia_c,casia_c:043,casia_c:043:fq01,fq01,development,0,57,4,12.0,0.039284,detected_contacts,medium,0,57
casia_c,casia_c:043,casia_c:043:fs00,fs00,development,0,87,5,15.0,0.04714,detected_contacts,medium,0,87
casia_c,casia_c:043,casia_c:043:fs01,fs01,development,0,98,6,16.0,0.0,detected_contacts,medium,0,98
casia_c,casia_c:044,casia_c:044:fb00,fb00,development,4,60,4,15.0,0.062854,detected_contacts,medium,0,60
casia_c,casia_c:044,casia_c:044:fb01,fb01,development,4,58,4,14.0,0.033672,detected_contacts,medium,0,58
casia_c,casia_c:044,casia_c:044:fn00,fn00,development,4,64,4,15.0,0.031427,detected_contacts,medium,0,64
casia_c,casia_c:044,casia_c:044:fn01,fn01,development,4,59,4,15.0,0.031427,detected_contacts,medium,0,59
casia_c,casia_c:044,casia_c:044:fn02,fn02,development,4,61,4,15.0,0.031427,detected_contacts,medium,0,61
casia_c,casia_c:044,casia_c:044:fn03,fn03,development,4,58,4,15.0,0.062854,detected_contacts,medium,0,58
casia_c,casia_c:044,casia_c:044:fq00,fq00,development,4,48,4,13.0,0.062807,detected_contacts,medium,0,48
casia_c,casia_c:044,casia_c:044:fq01,fq01,development,4,50,4,13.0,0.036262,detected_contacts,medium,0,50
casia_c,casia_c:044,casia_c:044:fs00,fs00,development,4,80,4,17.0,0.02773,detected_contacts,medium,0,80
casia_c,casia_c:044,casia_c:044:fs01,fs01,development,4,84,5,16.5,0.06776,detected_contacts,medium,0,84
casia_c,casia_c:045,casia_c:045:fb00,fb00,development,3,47,3,12.0,0.0,detected_contacts,medium,0,47
casia_c,casia_c:045,casia_c:045:fb01,fb01,development,3,49,3,12.0,0.0,detected_contacts,medium,0,49
casia_c,casia_c:045,casia_c:045:fn00,fn00,development,3,51,4,12.0,0.0,detected_contacts,medium,0,51
casia_c,casia_c:045,casia_c:045:fn01,fn01,development,3,54,4,12.0,0.0,detected_contacts,medium,0,54
casia_c,casia_c:045,casia_c:045:fn02,fn02,development,3,54,5,12.0,0.058926,detected_contacts,medium,0,54
casia_c,casia_c:045,casia_c:045:fn03,fn03,development,3,51,3,12.0,0.083333,detected_contacts,medium,0,51
casia_c,casia_c:045,casia_c:045:fq00,fq00,development,3,47,4,11.0,0.0,detected_contacts,medium,0,47
casia_c,casia_c:045,casia_c:045:fq01,fq01,development,3,47,4,11.0,0.042855,detected_contacts,medium,0,47
casia_c,casia_c:045,casia_c:045:fs00,fs00,development,3,63,4,13.0,0.0,detected_contacts,medium,0,63
casia_c,casia_c:045,casia_c:045:fs01,fs01,development,3,63,5,13.0,0.0,detected_contacts,medium,0,63
casia_c,casia_c:046,casia_c:046:fb00,fb00,development,3,56,4,12.0,0.0,detected_contacts,medium,0,56
casia_c,casia_c:046,casia_c:046:fb01,fb01,development,3,56,4,12.0,0.0,detected_contacts,medium,0,56
casia_c,casia_c:046,casia_c:046:fn00,fn00,development,3,59,4,12.0,0.039284,detected_contacts,medium,0,59
casia_c,casia_c:046,casia_c:046:fn01,fn01,development,3,59,4,12.0,0.039284,detected_contacts,medium,0,59
casia_c,casia_c:046,casia_c:046:fn02,fn02,development,3,61,4,13.0,0.036262,detected_contacts,medium,0,61
casia_c,casia_c:046,casia_c:046:fn03,fn03,development,3,60,4,12.0,0.039284,detected_contacts,medium,0,60
casia_c,casia_c:046,casia_c:046:fq00,fq00,development,3,44,4,11.0,0.0,detected_contacts,medium,0,44
casia_c,casia_c:046,casia_c:046:fq01,fq01,development,3,44,4,11.0,0.042855,detected_contacts,medium,0,44
casia_c,casia_c:046,casia_c:046:fs00,fs00,development,3,77,5,14.0,0.030929,detected_contacts,medium,0,77
casia_c,casia_c:046,casia_c:046:fs01,fs01,development,3,78,5,14.0,0.0,detected_contacts,medium,0,78
casia_c,casia_c:047,casia_c:047:fb00,fb00,test,-1,54,4,12.0,0.039284,detected_contacts,medium,0,54
casia_c,casia_c:047,casia_c:047:fb01,fb01,test,-1,54,4,12.0,0.039284,detected_contacts,medium,0,54
casia_c,casia_c:047,casia_c:047:fn00,fn00,test,-1,58,4,13.0,0.036262,detected_contacts,medium,0,58
casia_c,casia_c:047,casia_c:047:fn01,fn01,test,-1,48,4,12.0,0.0,detected_contacts,medium,0,48
casia_c,casia_c:047,casia_c:047:fn02,fn02,test,-1,60,5,12.0,0.058926,detected_contacts,medium,0,60
casia_c,casia_c:047,casia_c:047:fn03,fn03,test,-1,56,4,12.0,0.0,detected_contacts,medium,0,56
casia_c,casia_c:047,casia_c:047:fq00,fq00,test,-1,43,3,11.5,0.043478,detected_contacts,medium,0,43
casia_c,casia_c:047,casia_c:047:fq01,fq01,test,-1,42,3,11.0,0.0,detected_contacts,medium,0,42
casia_c,casia_c:047,casia_c:047:fs00,fs00,test,-1,63,4,13.0,0.072524,detected_contacts,medium,0,63
casia_c,casia_c:047,casia_c:047:fs01,fs01,test,-1,74,5,14.0,0.030929,detected_contacts,medium,0,74
casia_c,casia_c:048,casia_c:048:fb00,fb00,development,3,55,3,14.5,0.034483,detected_contacts,medium,0,55
casia_c,casia_c:048,casia_c:048:fb01,fb01,development,3,56,3,14.5,0.034483,detected_contacts,medium,0,56
casia_c,casia_c:048,casia_c:048:fn00,fn00,development,3,57,3,14.0,0.0,detected_contacts,medium,0,57
casia_c,casia_c:048,casia_c:048:fn01,fn01,development,3,65,4,14.0,0.058321,detected_contacts,medium,0,65
casia_c,casia_c:048,casia_c:048:fn02,fn02,development,3,60,4,14.0,0.0,detected_contacts,medium,0,60
casia_c,casia_c:048,casia_c:048:fn03,fn03,development,3,60,4,14.0,0.033672,detected_contacts,medium,0,60
casia_c,casia_c:048,casia_c:048:fq00,fq00,development,3,47,3,13.0,0.0,detected_contacts,medium,0,47
casia_c,casia_c:048,casia_c:048:fq01,fq01,development,3,52,4,14.0,0.033672,detected_contacts,medium,0,52
casia_c,casia_c:048,casia_c:048:fs00,fs00,development,3,85,5,16.0,0.027063,detected_contacts,medium,0,85
casia_c,casia_c:048,casia_c:048:fs01,fs01,development,3,86,5,15.5,0.053494,detected_contacts,medium,0,86
casia_c,casia_c:049,casia_c:049:fb00,fb00,development,1,64,5,12.5,0.066332,detected_contacts,medium,0,64
casia_c,casia_c:049,casia_c:049:fb01,fb01,development,1,66,5,13.0,0.054393,detected_contacts,medium,0,66
casia_c,casia_c:049,casia_c:049:fn00,fn00,development,1,69,5,13.0,0.083825,detected_contacts,medium,0,69
casia_c,casia_c:049,casia_c:049:fn01,fn01,development,1,71,5,13.5,0.037037,detected_contacts,medium,0,71
casia_c,casia_c:049,casia_c:049:fn02,fn02,development,1,69,5,13.5,0.061419,detected_contacts,medium,0,69
casia_c,casia_c:049,casia_c:049:fn03,fn03,development,1,67,5,13.0,0.0,detected_contacts,medium,0,67
casia_c,casia_c:049,casia_c:049:fq00,fq00,development,1,53,4,12.0,0.0,detected_contacts,medium,0,53
casia_c,casia_c:049,casia_c:049:fq01,fq01,development,1,52,4,12.0,0.039284,detected_contacts,medium,0,52
casia_c,casia_c:049,casia_c:049:fs00,fs00,development,1,79,5,15.0,0.04714,detected_contacts,medium,0,79
casia_c,casia_c:049,casia_c:049:fs01,fs01,development,1,85,5,15.5,0.032258,detected_contacts,medium,0,85
casia_c,casia_c:050,casia_c:050:fb00,fb00,development,4,63,4,14.0,0.0,detected_contacts,medium,0,63
casia_c,casia_c:050,casia_c:050:fb01,fb01,development,4,63,4,14.0,0.033672,detected_contacts,medium,0,63
casia_c,casia_c:050,casia_c:050:fn00,fn00,development,4,60,4,13.0,0.072524,detected_contacts,medium,0,60
casia_c,casia_c:050,casia_c:050:fn01,fn01,development,4,62,4,14.0,0.033672,detected_contacts,medium,0,62
casia_c,casia_c:050,casia_c:050:fn02,fn02,development,4,63,4,14.0,0.033672,detected_contacts,medium,0,63
casia_c,casia_c:050,casia_c:050:fn03,fn03,development,4,65,4,14.0,0.033672,detected_contacts,medium,0,65
casia_c,casia_c:050,casia_c:050:fq00,fq00,development,4,55,4,13.0,0.0,detected_contacts,medium,0,55
casia_c,casia_c:050,casia_c:050:fq01,fq01,development,4,53,4,12.0,0.039284,detected_contacts,medium,0,53
casia_c,casia_c:050,casia_c:050:fs00,fs00,development,4,84,4,16.0,0.051031,detected_contacts,medium,0,84
casia_c,casia_c:050,casia_c:050:fs01,fs01,development,4,89,4,18.0,0.432716,detected_contacts,low,0,89
casia_c,casia_c:051,casia_c:051:fb00,fb00,test,-1,67,5,14.5,0.077106,detected_contacts,medium,0,67
casia_c,casia_c:051,casia_c:051:fb01,fb01,test,-1,69,5,14.5,0.077106,detected_contacts,medium,1,68
casia_c,casia_c:051,casia_c:051:fn00,fn00,test,-1,70,4,14.0,0.033672,detected_contacts,medium,0,70
casia_c,casia_c:051,casia_c:051:fn01,fn01,test,-1,57,4,13.0,0.036262,detected_contacts,medium,0,57
casia_c,casia_c:051,casia_c:051:fn02,fn02,test,-1,69,5,14.0,0.050508,detected_contacts,medium,0,69
casia_c,casia_c:051,casia_c:051:fn03,fn03,test,-1,64,4,13.0,0.072524,detected_contacts,medium,0,64
casia_c,casia_c:051,casia_c:051:fq00,fq00,test,-1,54,4,13.0,0.036262,detected_contacts,medium,0,54
casia_c,casia_c:051,casia_c:051:fq01,fq01,test,-1,56,4,13.0,0.036262,detected_contacts,medium,0,56
casia_c,casia_c:051,casia_c:051:fs00,fs00,test,-1,82,5,16.0,0.068108,detected_contacts,medium,0,82
casia_c,casia_c:051,casia_c:051:fs01,fs01,test,-1,91,5,17.0,0.025471,detected_contacts,medium,0,91
casia_c,casia_c:052,casia_c:052:fb00,fb00,development,0,53,4,12.0,0.078567,detected_contacts,medium,0,53
casia_c,casia_c:052,casia_c:052:fb01,fb01,development,0,53,4,12.0,0.078567,detected_contacts,medium,0,53
casia_c,casia_c:052,casia_c:052:fn00,fn00,development,0,58,4,14.0,0.033672,detected_contacts,medium,0,58
casia_c,casia_c:052,casia_c:052:fn01,fn01,development,0,56,4,14.0,0.067344,detected_contacts,medium,0,56
casia_c,casia_c:052,casia_c:052:fn02,fn02,development,0,54,4,13.0,0.062807,detected_contacts,medium,0,54
casia_c,casia_c:052,casia_c:052:fn03,fn03,development,0,53,4,13.0,0.036262,detected_contacts,medium,0,53
casia_c,casia_c:052,casia_c:052:fq00,fq00,development,0,41,3,11.0,0.0,detected_contacts,medium,0,41
casia_c,casia_c:052,casia_c:052:fq01,fq01,development,0,38,3,10.0,0.0,detected_contacts,medium,0,38
casia_c,casia_c:052,casia_c:052:fs00,fs00,development,0,81,5,15.5,0.095421,detected_contacts,medium,0,81
casia_c,casia_c:052,casia_c:052:fs01,fs01,development,0,103,6,17.0,0.304522,detected_contacts,low,0,103
casia_c,casia_c:053,casia_c:053:fb00,fb00,test,-1,59,4,14.0,0.033672,detected_contacts,medium,0,59
casia_c,casia_c:053,casia_c:053:fb01,fb01,test,-1,60,4,13.0,0.072524,detected_contacts,medium,0,60
casia_c,casia_c:053,casia_c:053:fn00,fn00,test,-1,56,4,13.0,0.036262,detected_contacts,medium,0,56
casia_c,casia_c:053,casia_c:053:fn01,fn01,test,-1,57,4,13.0,0.062807,detected_contacts,medium,0,57
casia_c,casia_c:053,casia_c:053:fn02,fn02,test,-1,57,4,13.0,0.072524,detected_contacts,medium,0,57
casia_c,casia_c:053,casia_c:053:fn03,fn03,test,-1,56,4,13.0,0.036262,detected_contacts,medium,0,56
casia_c,casia_c:053,casia_c:053:fq00,fq00,test,-1,51,3,13.0,0.076923,detected_contacts,medium,0,51
casia_c,casia_c:053,casia_c:053:fq01,fq01,test,-1,49,3,12.5,0.04,detected_contacts,medium,0,49
casia_c,casia_c:053,casia_c:053:fs00,fs00,test,-1,90,5,17.0,0.025471,detected_contacts,medium,0,90
casia_c,casia_c:053,casia_c:053:fs01,fs01,test,-1,75,4,16.0,0.029463,detected_contacts,medium,0,75
casia_c,casia_c:054,casia_c:054:fb00,fb00,development,0,62,4,13.0,0.036262,detected_contacts,medium,0,62
casia_c,casia_c:054,casia_c:054:fb01,fb01,development,0,61,4,13.0,0.0,detected_contacts,medium,0,61
casia_c,casia_c:054,casia_c:054:fn00,fn00,development,0,63,5,13.5,0.061419,detected_contacts,medium,0,63
casia_c,casia_c:054,casia_c:054:fn01,fn01,development,0,62,5,13.0,0.054393,detected_contacts,medium,0,62
casia_c,casia_c:054,casia_c:054:fn02,fn02,development,0,59,4,13.0,0.0,detected_contacts,medium,0,59
casia_c,casia_c:054,casia_c:054:fn03,fn03,development,0,60,4,13.0,0.0,detected_contacts,medium,0,60
casia_c,casia_c:054,casia_c:054:fq00,fq00,development,0,47,4,12.0,0.039284,detected_contacts,medium,0,47
casia_c,casia_c:054,casia_c:054:fq01,fq01,development,0,51,3,12.0,0.083333,detected_contacts,medium,0,51
casia_c,casia_c:054,casia_c:054:fs00,fs00,development,0,76,5,14.0,0.030929,detected_contacts,medium,0,76
casia_c,casia_c:054,casia_c:054:fs01,fs01,development,0,69,5,14.0,0.050508,detected_contacts,medium,0,69
casia_c,casia_c:055,casia_c:055:fb00,fb00,development,2,59,4,14.0,0.033672,detected_contacts,medium,0,59
casia_c,casia_c:055,casia_c:055:fb01,fb01,development,2,55,4,13.0,0.062807,detected_contacts,medium,0,55
casia_c,casia_c:055,casia_c:055:fn00,fn00,development,2,60,4,13.0,0.036262,detected_contacts,medium,0,60
casia_c,casia_c:055,casia_c:055:fn01,fn01,development,2,59,4,13.0,0.062807,detected_contacts,medium,0,59
casia_c,casia_c:055,casia_c:055:fn02,fn02,development,2,59,4,13.0,0.036262,detected_contacts,medium,0,59
casia_c,casia_c:055,casia_c:055:fn03,fn03,development,2,59,4,13.0,0.036262,detected_contacts,medium,0,59
casia_c,casia_c:055,casia_c:055:fq00,fq00,development,2,50,4,12.0,0.141639,detected_contacts,medium,0,50
casia_c,casia_c:055,casia_c:055:fq01,fq01,development,2,47,3,12.5,0.04,detected_contacts,medium,0,47
casia_c,casia_c:055,casia_c:055:fs00,fs00,development,2,74,5,14.0,0.050508,detected_contacts,medium,0,74
casia_c,casia_c:055,casia_c:055:fs01,fs01,development,2,77,5,14.0,0.050508,detected_contacts,medium,0,77
casia_c,casia_c:056,casia_c:056:fb00,fb00,development,4,65,5,12.5,0.04,detected_contacts,medium,0,65
casia_c,casia_c:056,casia_c:056:fb01,fb01,development,4,64,5,12.0,0.058926,detected_contacts,medium,0,64
casia_c,casia_c:056,casia_c:056:fn00,fn00,development,4,63,5,13.0,0.0,detected_contacts,medium,0,63
casia_c,casia_c:056,casia_c:056:fn01,fn01,development,4,59,4,13.0,0.036262,detected_contacts,medium,0,59
casia_c,casia_c:056,casia_c:056:fn02,fn02,development,4,59,4,13.0,0.036262,detected_contacts,medium,0,59
casia_c,casia_c:056,casia_c:056:fn03,fn03,development,4,57,4,13.0,0.0,detected_contacts,medium,0,57
casia_c,casia_c:056,casia_c:056:fq00,fq00,development,4,52,4,12.0,0.0,detected_contacts,medium,0,52
casia_c,casia_c:056,casia_c:056:fq01,fq01,development,4,50,4,12.0,0.0,detected_contacts,medium,0,50
casia_c,casia_c:056,casia_c:056:fs00,fs00,development,4,70,5,13.5,0.061419,detected_contacts,medium,0,70
casia_c,casia_c:056,casia_c:056:fs01,fs01,development,4,83,6,14.0,0.028571,detected_contacts,medium,0,83
casia_c,casia_c:057,casia_c:057:fb00,fb00,development,0,71,5,12.0,0.036084,detected_contacts,medium,0,71
casia_c,casia_c:057,casia_c:057:fb01,fb01,development,0,79,6,13.0,0.078446,detected_contacts,medium,0,79
casia_c,casia_c:057,casia_c:057:fn00,fn00,development,0,72,6,12.0,0.033333,detected_contacts,medium,0,72
casia_c,casia_c:057,casia_c:057:fn01,fn01,development,0,79,5,12.5,0.066332,detected_contacts,medium,0,79
casia_c,casia_c:057,casia_c:057:fn02,fn02,development,0,83,6,12.0,0.122474,detected_contacts,medium,0,83
casia_c,casia_c:057,casia_c:057:fn03,fn03,development,0,81,6,13.0,0.037684,detected_contacts,medium,0,81
casia_c,casia_c:057,casia_c:057:fq00,fq00,development,0,73,6,12.0,0.040825,detected_contacts,medium,0,73
casia_c,casia_c:057,casia_c:057:fq01,fq01,development,0,68,5,11.5,0.043478,detected_contacts,medium,0,68
casia_c,casia_c:057,casia_c:057:fs00,fs00,development,0,110,6,15.0,0.409661,detected_contacts,low,0,110
casia_c,casia_c:057,casia_c:057:fs01,fs01,development,0,104,5,23.0,0.30493,detected_contacts,low,0,104
casia_c,casia_c:058,casia_c:058:fb00,fb00,development,2,85,6,14.0,0.0,detected_contacts,medium,0,85
casia_c,casia_c:058,casia_c:058:fb01,fb01,development,2,86,6,14.0,0.053452,detected_contacts,medium,0,86
casia_c,casia_c:058,casia_c:058:fn00,fn00,development,2,76,5,13.5,0.037037,detected_contacts,medium,0,76
casia_c,casia_c:058,casia_c:058:fn01,fn01,development,2,86,6,14.0,0.028571,detected_contacts,medium,0,86
casia_c,casia_c:058,casia_c:058:fn02,fn02,development,2,81,6,14.0,0.034993,detected_contacts,medium,0,81
casia_c,casia_c:058,casia_c:058:fn03,fn03,development,2,79,6,14.0,0.034993,detected_contacts,medium,0,79
casia_c,casia_c:058,casia_c:058:fq00,fq00,development,2,76,6,13.0,0.04865,detected_contacts,medium,0,76
casia_c,casia_c:058,casia_c:058:fq01,fq01,development,2,68,5,12.5,0.04,detected_contacts,medium,0,68
casia_c,casia_c:058,casia_c:058:fs00,fs00,development,2,103,5,17.5,0.04738,detected_contacts,medium,0,103
casia_c,casia_c:058,casia_c:058:fs01,fs01,development,2,101,6,16.0,0.030619,detected_contacts,medium,0,101
casia_c,casia_c:059,casia_c:059:fb00,fb00,development,1,75,6,14.0,0.12454,detected_contacts,medium,0,75
casia_c,casia_c:059,casia_c:059:fb01,fb01,development,1,73,5,13.5,0.061419,detected_contacts,medium,0,73
casia_c,casia_c:059,casia_c:059:fn00,fn00,development,1,71,5,13.5,0.061419,detected_contacts,medium,0,71
casia_c,casia_c:059,casia_c:059:fn01,fn01,development,1,70,5,13.0,0.033309,detected_contacts,medium,0,70
casia_c,casia_c:059,casia_c:059:fn02,fn02,development,1,74,5,13.5,0.037037,detected_contacts,medium,0,74
casia_c,casia_c:059,casia_c:059:fn03,fn03,development,1,76,5,12.5,0.089443,detected_contacts,medium,0,76
casia_c,casia_c:059,casia_c:059:fq00,fq00,development,1,56,4,12.0,0.0,detected_contacts,medium,0,56
casia_c,casia_c:059,casia_c:059:fq01,fq01,development,1,55,4,12.0,0.039284,detected_contacts,medium,0,55
casia_c,casia_c:059,casia_c:059:fs00,fs00,development,1,89,6,15.0,0.165462,detected_contacts,medium,0,89
casia_c,casia_c:059,casia_c:059:fs01,fs01,development,1,93,6,15.0,0.175879,detected_contacts,medium,0,93
casia_c,casia_c:060,casia_c:060:fb00,fb00,development,3,56,4,13.0,0.0,detected_contacts,medium,0,56
casia_c,casia_c:060,casia_c:060:fb01,fb01,development,3,55,4,13.0,0.036262,detected_contacts,medium,0,55
casia_c,casia_c:060,casia_c:060:fn00,fn00,development,3,58,4,13.0,0.036262,detected_contacts,medium,0,58
casia_c,casia_c:060,casia_c:060:fn01,fn01,development,3,56,4,13.0,0.0,detected_contacts,medium,0,56
casia_c,casia_c:060,casia_c:060:fn02,fn02,development,3,56,4,12.0,0.039284,detected_contacts,medium,0,56
casia_c,casia_c:060,casia_c:060:fn03,fn03,development,3,58,4,13.0,0.036262,detected_contacts,medium,0,58
casia_c,casia_c:060,casia_c:060:fq00,fq00,development,3,50,4,12.0,0.039284,detected_contacts,medium,0,50
casia_c,casia_c:060,casia_c:060:fq01,fq01,development,3,52,4,12.0,0.039284,detected_contacts,medium,0,52
casia_c,casia_c:060,casia_c:060:fs00,fs00,development,3,71,5,14.0,0.0,detected_contacts,medium,0,71
casia_c,casia_c:060,casia_c:060:fs01,fs01,development,3,62,4,14.0,0.033672,detected_contacts,medium,0,62
casia_c,casia_c:061,casia_c:061:fb00,fb00,development,0,68,5,14.0,0.030929,detected_contacts,medium,0,68
casia_c,casia_c:061,casia_c:061:fb01,fb01,development,0,68,5,14.0,0.0,detected_contacts,medium,2,66
casia_c,casia_c:061,casia_c:061:fn00,fn00,development,0,69,5,14.0,0.030929,detected_contacts,medium,0,69
casia_c,casia_c:061,casia_c:061:fn01,fn01,development,0,68,5,13.5,0.061419,detected_contacts,medium,0,68
casia_c,casia_c:061,casia_c:061:fn02,fn02,development,0,69,5,14.0,0.030929,detected_contacts,medium,0,69
casia_c,casia_c:061,casia_c:061:fn03,fn03,development,0,68,5,13.5,0.037037,detected_contacts,medium,0,68
casia_c,casia_c:061,casia_c:061:fq00,fq00,development,0,55,4,12.0,0.039284,detected_contacts,medium,0,55
casia_c,casia_c:061,casia_c:061:fq01,fq01,development,0,54,4,12.0,0.039284,detected_contacts,medium,0,54
casia_c,casia_c:061,casia_c:061:fs00,fs00,development,0,84,6,15.0,0.053333,detected_contacts,medium,1,83
casia_c,casia_c:061,casia_c:061:fs01,fs01,development,0,73,5,13.5,0.037037,detected_contacts,medium,0,73
casia_c,casia_c:062,casia_c:062:fb00,fb00,development,3,65,5,13.0,0.033309,detected_contacts,medium,2,63
casia_c,casia_c:062,casia_c:062:fb01,fb01,development,3,61,4,13.0,0.036262,detected_contacts,medium,1,60
casia_c,casia_c:062,casia_c:062:fn00,fn00,development,3,61,4,12.0,0.039284,detected_contacts,medium,0,61
casia_c,casia_c:062,casia_c:062:fn01,fn01,development,3,61,5,13.0,0.099926,detected_contacts,medium,0,61
casia_c,casia_c:062,casia_c:062:fn02,fn02,development,3,62,4,13.0,0.036262,detected_contacts,medium,1,61
casia_c,casia_c:062,casia_c:062:fn03,fn03,development,3,58,4,12.0,0.078567,detected_contacts,medium,2,56
casia_c,casia_c:062,casia_c:062:fq00,fq00,development,3,50,4,11.0,0.042855,detected_contacts,medium,0,50
casia_c,casia_c:062,casia_c:062:fq01,fq01,development,3,52,4,12.0,0.078567,detected_contacts,medium,1,51
casia_c,casia_c:062,casia_c:062:fs00,fs00,development,3,83,6,14.0,0.057143,detected_contacts,medium,0,83
casia_c,casia_c:062,casia_c:062:fs01,fs01,development,3,89,6,14.0,0.12454,detected_contacts,medium,3,86
casia_c,casia_c:063,casia_c:063:fb00,fb00,test,-1,70,5,14.0,0.050508,detected_contacts,medium,0,70
casia_c,casia_c:063,casia_c:063:fb01,fb01,test,-1,69,5,14.0,0.030929,detected_contacts,medium,0,69
casia_c,casia_c:063,casia_c:063:fn00,fn00,test,-1,67,4,14.0,0.033672,detected_contacts,medium,0,67
casia_c,casia_c:063,casia_c:063:fn01,fn01,test,-1,70,5,14.0,0.0,detected_contacts,medium,0,70
casia_c,casia_c:063,casia_c:063:fn02,fn02,test,-1,65,4,13.0,0.036262,detected_contacts,medium,0,65
casia_c,casia_c:063,casia_c:063:fn03,fn03,test,-1,74,5,14.0,0.030929,detected_contacts,medium,0,74
casia_c,casia_c:063,casia_c:063:fq00,fq00,test,-1,35,3,9.5,0.052632,detected_contacts,medium,0,35
casia_c,casia_c:063,casia_c:063:fq01,fq01,test,-1,48,4,12.0,0.0,detected_contacts,medium,0,48
casia_c,casia_c:063,casia_c:063:fs00,fs00,test,-1,125,4,19.0,0.522795,detected_contacts,low,0,125
casia_c,casia_c:063,casia_c:063:fs01,fs01,test,-1,116,5,19.0,0.364642,detected_contacts,low,0,116
casia_c,casia_c:064,casia_c:064:fb00,fb00,development,1,52,4,13.0,0.036262,detected_contacts,medium,0,52
casia_c,casia_c:064,casia_c:064:fb01,fb01,development,1,54,4,13.0,0.036262,detected_contacts,medium,0,54
casia_c,casia_c:064,casia_c:064:fn00,fn00,development,1,52,4,12.0,0.0,detected_contacts,medium,0,52
casia_c,casia_c:064,casia_c:064:fn01,fn01,development,1,55,4,12.0,0.039284,detected_contacts,medium,0,55
casia_c,casia_c:064,casia_c:064:fn02,fn02,development,1,56,4,13.0,0.036262,detected_contacts,medium,0,56
casia_c,casia_c:064,casia_c:064:fn03,fn03,development,1,57,4,12.0,0.078567,detected_contacts,medium,0,57
casia_c,casia_c:064,casia_c:064:fq00,fq00,development,1,53,4,12.0,0.0,detected_contacts,medium,0,53
casia_c,casia_c:064,casia_c:064:fq01,fq01,development,1,53,4,12.0,0.039284,detected_contacts,medium,0,53
casia_c,casia_c:064,casia_c:064:fs00,fs00,development,1,59,4,13.0,0.0,detected_contacts,medium,0,59
casia_c,casia_c:064,casia_c:064:fs01,fs01,development,1,59,4,13.0,0.036262,detected_contacts,medium,0,59
casia_c,casia_c:065,casia_c:065:fb00,fb00,development,3,59,4,13.0,0.0,detected_contacts,medium,0,59
casia_c,casia_c:065,casia_c:065:fb01,fb01,development,3,59,4,13.0,0.0,detected_contacts,medium,0,59
casia_c,casia_c:065,casia_c:065:fn00,fn00,development,3,52,3,13.0,0.0,detected_contacts,medium,0,52
casia_c,casia_c:065,casia_c:065:fn01,fn01,development,3,60,4,13.0,0.0,detected_contacts,medium,0,60
casia_c,casia_c:065,casia_c:065:fn02,fn02,development,3,59,4,13.0,0.062807,detected_contacts,medium,0,59
casia_c,casia_c:065,casia_c:065:fn03,fn03,development,3,59,4,13.0,0.0,detected_contacts,medium,0,59
casia_c,casia_c:065,casia_c:065:fq00,fq00,development,3,42,3,11.5,0.043478,detected_contacts,medium,0,42
casia_c,casia_c:065,casia_c:065:fq01,fq01,development,3,49,4,12.0,0.0,detected_contacts,medium,0,49
casia_c,casia_c:065,casia_c:065:fs00,fs00,development,3,82,5,16.0,0.027063,detected_contacts,medium,0,82
casia_c,casia_c:065,casia_c:065:fs01,fs01,development,3,82,5,16.0,0.044194,detected_contacts,medium,0,82
casia_c,casia_c:066,casia_c:066:fb00,fb00,test,-1,59,4,12.0,0.141639,detected_contacts,medium,0,59
casia_c,casia_c:066,casia_c:066:fb01,fb01,test,-1,56,4,13.0,0.062807,detected_contacts,medium,0,56
casia_c,casia_c:066,casia_c:066:fn00,fn00,test,-1,65,2,13.0,1.0,condition_cycle_prior,low,0,65
casia_c,casia_c:066,casia_c:066:fn01,fn01,test,-1,64,4,13.0,0.072524,detected_contacts,medium,0,64
casia_c,casia_c:066,casia_c:066:fn02,fn02,test,-1,60,4,13.0,0.0,detected_contacts,medium,0,60
casia_c,casia_c:066,casia_c:066:fn03,fn03,test,-1,58,5,11.5,0.142553,detected_contacts,medium,0,58
casia_c,casia_c:066,casia_c:066:fq00,fq00,test,-1,52,4,11.0,0.042855,detected_contacts,medium,0,52
casia_c,casia_c:066,casia_c:066:fq01,fq01,test,-1,51,5,10.5,0.156129,detected_contacts,medium,0,51
casia_c,casia_c:066,casia_c:066:fs00,fs00,test,-1,71,2,16.0,1.0,condition_cycle_prior,low,0,71
casia_c,casia_c:066,casia_c:066:fs01,fs01,test,-1,72,3,27.0,0.111111,detected_contacts,medium,0,72
casia_c,casia_c:067,casia_c:067:fb00,fb00,development,1,67,5,13.5,0.037037,detected_contacts,medium,0,67
casia_c,casia_c:067,casia_c:067:fb01,fb01,development,1,67,5,14.0,0.030929,detected_contacts,medium,0,67
casia_c,casia_c:067,casia_c:067:fn00,fn00,development,1,74,5,14.5,0.034483,detected_contacts,medium,0,74
casia_c,casia_c:067,casia_c:067:fn01,fn01,development,1,69,5,13.5,0.037037,detected_contacts,medium,0,69
casia_c,casia_c:067,casia_c:067:fn02,fn02,development,1,73,5,14.5,0.057183,detected_contacts,medium,0,73
casia_c,casia_c:067,casia_c:067:fn03,fn03,development,1,64,4,14.0,0.033672,detected_contacts,medium,0,64
casia_c,casia_c:067,casia_c:067:fq00,fq00,development,1,55,4,13.0,0.062807,detected_contacts,medium,0,55
casia_c,casia_c:067,casia_c:067:fq01,fq01,development,1,62,5,13.0,0.033309,detected_contacts,medium,0,62
casia_c,casia_c:067,casia_c:067:fs00,fs00,development,1,83,5,15.5,0.079016,detected_contacts,medium,0,83
casia_c,casia_c:067,casia_c:067:fs01,fs01,development,1,85,6,15.0,0.049889,detected_contacts,medium,0,85
casia_c,casia_c:068,casia_c:068:fb00,fb00,development,1,59,4,15.0,0.031427,detected_contacts,medium,0,59
casia_c,casia_c:068,casia_c:068:fb01,fb01,development,1,58,4,14.0,0.033672,detected_contacts,medium,0,58
casia_c,casia_c:068,casia_c:068:fn00,fn00,development,1,59,4,14.0,0.033672,detected_contacts,medium,0,59
casia_c,casia_c:068,casia_c:068:fn01,fn01,development,1,59,4,14.0,0.0,detected_contacts,medium,0,59
casia_c,casia_c:068,casia_c:068:fn02,fn02,development,1,61,4,14.0,0.033672,detected_contacts,medium,0,61
casia_c,casia_c:068,casia_c:068:fn03,fn03,development,1,60,4,14.0,0.033672,detected_contacts,medium,0,60
casia_c,casia_c:068,casia_c:068:fq00,fq00,development,1,53,4,13.0,0.0,detected_contacts,medium,0,53
casia_c,casia_c:068,casia_c:068:fq01,fq01,development,1,54,4,13.0,0.062807,detected_contacts,medium,0,54
casia_c,casia_c:068,casia_c:068:fs00,fs00,development,1,64,4,15.0,0.054433,detected_contacts,medium,0,64
casia_c,casia_c:068,casia_c:068:fs01,fs01,development,1,66,4,15.0,0.031427,detected_contacts,medium,0,66
casia_c,casia_c:069,casia_c:069:fb00,fb00,development,0,64,4,14.0,0.033672,detected_contacts,medium,0,64
casia_c,casia_c:069,casia_c:069:fb01,fb01,development,0,64,4,14.0,0.033672,detected_contacts,medium,0,64
casia_c,casia_c:069,casia_c:069:fn00,fn00,development,0,55,3,13.5,0.037037,detected_contacts,medium,0,55
casia_c,casia_c:069,casia_c:069:fn01,fn01,development,0,59,4,14.0,0.033672,detected_contacts,medium,0,59
casia_c,casia_c:069,casia_c:069:fn02,fn02,development,0,59,4,14.0,0.058321,detected_contacts,medium,0,59
casia_c,casia_c:069,casia_c:069:fn03,fn03,development,0,71,5,14.0,0.030929,detected_contacts,medium,0,71
casia_c,casia_c:069,casia_c:069:fq00,fq00,development,0,54,4,14.0,0.058321,detected_contacts,medium,0,54
casia_c,casia_c:069,casia_c:069:fq01,fq01,development,0,57,4,14.0,0.033672,detected_contacts,medium,0,57
casia_c,casia_c:069,casia_c:069:fs00,fs00,development,0,76,4,15.0,0.0,detected_contacts,medium,0,76
casia_c,casia_c:069,casia_c:069:fs01,fs01,development,0,85,5,15.5,0.032258,detected_contacts,medium,0,85
casia_c,casia_c:070,casia_c:070:fb00,fb00,development,3,60,4,12.0,0.039284,detected_contacts,medium,0,60
casia_c,casia_c:070,casia_c:070:fb01,fb01,development,3,58,5,11.5,0.09722,detected_contacts,medium,0,58
casia_c,casia_c:070,casia_c:070:fn00,fn00,development,3,70,5,13.0,0.054393,detected_contacts,medium,0,70
casia_c,casia_c:070,casia_c:070:fn01,fn01,development,3,66,5,13.0,0.033309,detected_contacts,medium,0,66
casia_c,casia_c:070,casia_c:070:fn02,fn02,development,3,59,4,12.0,0.039284,detected_contacts,medium,0,59
casia_c,casia_c:070,casia_c:070:fn03,fn03,development,3,56,4,12.0,0.0,detected_contacts,medium,0,56
casia_c,casia_c:070,casia_c:070:fq00,fq00,development,3,41,3,11.5,0.043478,detected_contacts,medium,0,41
casia_c,casia_c:070,casia_c:070:fq01,fq01,development,3,42,3,11.5,0.043478,detected_contacts,medium,0,42
casia_c,casia_c:070,casia_c:070:fs00,fs00,development,3,82,5,15.0,0.028868,detected_contacts,medium,0,82
casia_c,casia_c:070,casia_c:070:fs01,fs01,development,3,79,5,14.5,0.034483,detected_contacts,medium,0,79
casia_c,casia_c:071,casia_c:071:fb00,fb00,development,2,62,4,14.0,0.033672,detected_contacts,medium,0,62
casia_c,casia_c:071,casia_c:071:fb01,fb01,development,2,60,4,13.0,0.036262,detected_contacts,medium,0,60
casia_c,casia_c:071,casia_c:071:fn00,fn00,development,2,59,4,14.0,0.058321,detected_contacts,medium,0,59
casia_c,casia_c:071,casia_c:071:fn01,fn01,development,2,60,4,14.0,0.033672,detected_contacts,medium,0,60
casia_c,casia_c:071,casia_c:071:fn02,fn02,development,2,69,5,13.5,0.061419,detected_contacts,medium,0,69
casia_c,casia_c:071,casia_c:071:fn03,fn03,development,2,57,4,13.0,0.036262,detected_contacts,medium,0,57
casia_c,casia_c:071,casia_c:071:fq00,fq00,development,2,55,4,14.0,0.033672,detected_contacts,medium,0,55
casia_c,casia_c:071,casia_c:071:fq01,fq01,development,2,54,4,13.0,0.0,detected_contacts,medium,0,54
casia_c,casia_c:071,casia_c:071:fs00,fs00,development,2,74,4,16.0,0.051031,detected_contacts,medium,0,74
casia_c,casia_c:071,casia_c:071:fs01,fs01,development,2,75,5,15.5,0.032258,detected_contacts,medium,0,75
casia_c,casia_c:072,casia_c:072:fb00,fb00,development,0,62,5,12.0,0.0,detected_contacts,medium,0,62
casia_c,casia_c:072,casia_c:072:fb01,fb01,development,0,59,5,12.0,0.036084,detected_contacts,medium,0,59
casia_c,casia_c:072,casia_c:072:fn00,fn00,development,0,69,5,13.0,0.0,detected_contacts,medium,0,69
casia_c,casia_c:072,casia_c:072:fn01,fn01,development,0,64,5,12.0,0.0,detected_contacts,medium,0,64
casia_c,casia_c:072,casia_c:072:fn02,fn02,development,0,60,5,12.0,0.036084,detected_contacts,medium,0,60
casia_c,casia_c:072,casia_c:072:fn03,fn03,development,0,63,5,12.0,0.036084,detected_contacts,medium,0,63
casia_c,casia_c:072,casia_c:072:fq00,fq00,development,0,59,5,11.5,0.072101,detected_contacts,medium,0,59
casia_c,casia_c:072,casia_c:072:fq01,fq01,development,0,56,5,11.0,0.039365,detected_contacts,medium,0,56
casia_c,casia_c:072,casia_c:072:fs00,fs00,development,0,94,6,15.0,0.042164,detected_contacts,medium,0,94
casia_c,casia_c:072,casia_c:072:fs01,fs01,development,0,77,5,14.5,0.034483,detected_contacts,medium,0,77
casia_c,casia_c:073,casia_c:073:fb00,fb00,test,-1,68,6,11.0,0.239835,detected_contacts,medium,0,68
casia_c,casia_c:073,casia_c:073:fb01,fb01,test,-1,66,4,15.0,0.144016,detected_contacts,medium,0,66
casia_c,casia_c:073,casia_c:073:fn00,fn00,test,-1,60,4,14.0,0.067344,detected_contacts,medium,0,60
casia_c,casia_c:073,casia_c:073:fn01,fn01,test,-1,61,4,15.0,0.094281,detected_contacts,medium,0,61
casia_c,casia_c:073,casia_c:073:fn02,fn02,test,-1,67,4,14.0,0.0,detected_contacts,medium,0,67
casia_c,casia_c:073,casia_c:073:fn03,fn03,test,-1,63,4,14.0,0.033672,detected_contacts,medium,0,63
casia_c,casia_c:073,casia_c:073:fq00,fq00,test,-1,56,4,13.0,0.036262,detected_contacts,medium,0,56
casia_c,casia_c:073,casia_c:073:fq01,fq01,test,-1,58,4,13.0,0.036262,detected_contacts,medium,0,58
casia_c,casia_c:073,casia_c:073:fs00,fs00,test,-1,88,5,16.5,0.050252,detected_contacts,medium,0,88
casia_c,casia_c:073,casia_c:073:fs01,fs01,test,-1,79,5,15.0,0.556527,detected_contacts,low,0,79
casia_c,casia_c:074,casia_c:074:fb00,fb00,development,3,61,5,12.0,0.036084,detected_contacts,medium,0,61
casia_c,casia_c:074,casia_c:074:fb01,fb01,development,3,62,5,12.5,0.04,detected_contacts,medium,0,62
casia_c,casia_c:074,casia_c:074:fn00,fn00,development,3,68,5,12.5,0.04,detected_contacts,medium,0,68
casia_c,casia_c:074,casia_c:074:fn01,fn01,development,3,64,5,12.0,0.036084,detected_contacts,medium,0,64
casia_c,casia_c:074,casia_c:074:fn02,fn02,development,3,63,5,12.0,0.058926,detected_contacts,medium,0,63
casia_c,casia_c:074,casia_c:074:fn03,fn03,development,3,62,5,12.0,0.058926,detected_contacts,medium,0,62
casia_c,casia_c:074,casia_c:074:fq00,fq00,development,3,49,4,11.0,0.0,detected_contacts,medium,0,49
casia_c,casia_c:074,casia_c:074:fq01,fq01,development,3,49,4,11.0,0.074227,detected_contacts,medium,0,49
casia_c,casia_c:074,casia_c:074:fs00,fs00,development,3,83,5,16.0,0.044194,detected_contacts,medium,0,83
casia_c,casia_c:074,casia_c:074:fs01,fs01,development,3,91,6,15.0,0.067987,detected_contacts,medium,0,91
casia_c,casia_c:075,casia_c:075:fb00,fb00,development,1,61,5,12.5,0.066332,detected_contacts,medium,0,61
casia_c,casia_c:075,casia_c:075:fb01,fb01,development,1,58,5,12.5,0.04,detected_contacts,medium,0,58
casia_c,casia_c:075,casia_c:075:fn00,fn00,development,1,63,5,12.5,0.118322,detected_contacts,medium,0,63
casia_c,casia_c:075,casia_c:075:fn01,fn01,development,1,63,5,12.5,0.089443,detected_contacts,medium,0,63
casia_c,casia_c:075,casia_c:075:fn02,fn02,development,1,61,5,12.5,0.118322,detected_contacts,medium,0,61
casia_c,casia_c:075,casia_c:075:fn03,fn03,development,1,62,5,12.5,0.089443,detected_contacts,medium,0,62
casia_c,casia_c:075,casia_c:075:fq00,fq00,development,1,52,4,12.0,0.068041,detected_contacts,medium,0,52
casia_c,casia_c:075,casia_c:075:fq01,fq01,development,1,54,4,13.0,0.036262,detected_contacts,medium,0,54
casia_c,casia_c:075,casia_c:075:fs00,fs00,development,1,67,5,13.0,0.033309,detected_contacts,medium,0,67
casia_c,casia_c:075,casia_c:075:fs01,fs01,development,1,69,5,13.5,0.037037,detected_contacts,medium,0,69
casia_c,casia_c:076,casia_c:076:fb00,fb00,development,0,65,5,13.5,0.037037,detected_contacts,medium,0,65
casia_c,casia_c:076,casia_c:076:fb01,fb01,development,0,65,5,13.0,0.033309,detected_contacts,medium,0,65
casia_c,casia_c:076,casia_c:076:fn00,fn00,development,0,64,5,13.0,0.033309,detected_contacts,medium,0,64
casia_c,casia_c:076,casia_c:076:fn01,fn01,development,0,63,4,13.0,0.0,detected_contacts,medium,0,63
casia_c,casia_c:076,casia_c:076:fn02,fn02,development,0,66,5,13.0,0.033309,detected_contacts,medium,0,66
casia_c,casia_c:076,casia_c:076:fn03,fn03,development,0,68,5,13.0,0.033309,detected_contacts,medium,0,68
casia_c,casia_c:076,casia_c:076:fq00,fq00,development,0,64,5,13.0,0.033309,detected_contacts,medium,0,64
casia_c,casia_c:076,casia_c:076:fq01,fq01,development,0,64,5,13.0,0.054393,detected_contacts,medium,0,64
casia_c,casia_c:076,casia_c:076:fs00,fs00,development,0,84,6,14.0,0.028571,detected_contacts,medium,0,84
casia_c,casia_c:076,casia_c:076:fs01,fs01,development,0,77,5,14.0,0.030929,detected_contacts,medium,0,77
casia_c,casia_c:077,casia_c:077:fb00,fb00,development,0,61,4,14.0,0.033672,detected_contacts,medium,0,61
casia_c,casia_c:077,casia_c:077:fb01,fb01,development,0,65,4,14.0,0.033672,detected_contacts,medium,0,65
casia_c,casia_c:077,casia_c:077:fn00,fn00,development,0,59,4,13.0,0.036262,detected_contacts,medium,0,59
casia_c,casia_c:077,casia_c:077:fn01,fn01,development,0,62,4,13.0,0.036262,detected_contacts,medium,0,62
casia_c,casia_c:077,casia_c:077:fn02,fn02,development,0,68,5,13.5,0.061419,detected_contacts,medium,0,68
casia_c,casia_c:077,casia_c:077:fn03,fn03,development,0,70,5,13.5,0.037037,detected_contacts,medium,0,70
casia_c,casia_c:077,casia_c:077:fq00,fq00,development,0,57,4,13.0,0.072524,detected_contacts,medium,0,57
casia_c,casia_c:077,casia_c:077:fq01,fq01,development,0,57,4,13.0,0.062807,detected_contacts,medium,0,57
casia_c,casia_c:077,casia_c:077:fs00,fs00,development,0,82,5,14.5,0.084465,detected_contacts,medium,0,82
casia_c,casia_c:077,casia_c:077:fs01,fs01,development,0,81,5,14.5,0.034483,detected_contacts,medium,0,81
casia_c,casia_c:078,casia_c:078:fb00,fb00,test,-1,51,4,12.0,0.0,detected_contacts,medium,0,51
casia_c,casia_c:078,casia_c:078:fb01,fb01,test,-1,52,4,12.0,0.0,detected_contacts,medium,0,52
casia_c,casia_c:078,casia_c:078:fn00,fn00,test,-1,67,5,14.0,0.030929,detected_contacts,medium,0,67
casia_c,casia_c:078,casia_c:078:fn01,fn01,test,-1,60,4,13.0,0.0,detected_contacts,medium,0,60
casia_c,casia_c:078,casia_c:078:fn02,fn02,test,-1,57,4,12.0,0.103935,detected_contacts,medium,0,57
casia_c,casia_c:078,casia_c:078:fn03,fn03,test,-1,59,5,12.5,0.04,detected_contacts,medium,0,59
casia_c,casia_c:078,casia_c:078:fq00,fq00,test,-1,49,4,12.0,0.039284,detected_contacts,medium,0,49
casia_c,casia_c:078,casia_c:078:fq01,fq01,test,-1,50,4,12.0,0.068041,detected_contacts,medium,0,50
casia_c,casia_c:078,casia_c:078:fs00,fs00,test,-1,75,5,14.0,0.030929,detected_contacts,medium,0,75
casia_c,casia_c:078,casia_c:078:fs01,fs01,test,-1,78,5,15.0,0.028868,detected_contacts,medium,0,78
casia_c,casia_c:079,casia_c:079:fb00,fb00,development,4,58,4,13.0,0.036262,detected_contacts,medium,0,58
casia_c,casia_c:079,casia_c:079:fb01,fb01,development,4,59,4,13.0,0.072524,detected_contacts,medium,0,59
casia_c,casia_c:079,casia_c:079:fn00,fn00,development,4,62,4,13.0,0.0,detected_contacts,medium,0,62
casia_c,casia_c:079,casia_c:079:fn01,fn01,development,4,68,5,13.0,0.033309,detected_contacts,medium,0,68
casia_c,casia_c:079,casia_c:079:fn02,fn02,development,4,66,5,13.0,0.033309,detected_contacts,medium,0,66
casia_c,casia_c:079,casia_c:079:fn03,fn03,development,4,58,4,13.0,0.062807,detected_contacts,medium,0,58
casia_c,casia_c:079,casia_c:079:fq00,fq00,development,4,51,4,12.0,0.039284,detected_contacts,medium,0,51
casia_c,casia_c:079,casia_c:079:fq01,fq01,development,4,48,4,11.0,0.08571,detected_contacts,medium,0,48
casia_c,casia_c:079,casia_c:079:fs00,fs00,development,4,93,5,17.0,0.088235,detected_contacts,medium,0,93
casia_c,casia_c:079,casia_c:079:fs01,fs01,development,4,108,4,19.0,0.042974,detected_contacts,medium,0,108
casia_c,casia_c:080,casia_c:080:fb00,fb00,development,2,59,4,13.0,0.036262,detected_contacts,medium,0,59
casia_c,casia_c:080,casia_c:080:fb01,fb01,development,2,60,4,13.0,0.036262,detected_contacts,medium,0,60
casia_c,casia_c:080,casia_c:080:fn00,fn00,development,2,62,4,14.0,0.058321,detected_contacts,medium,0,62
casia_c,casia_c:080,casia_c:080:fn01,fn01,development,2,59,4,13.0,0.062807,detected_contacts,medium,0,59
casia_c,casia_c:080,casia_c:080:fn02,fn02,development,2,59,4,13.0,0.036262,detected_contacts,medium,0,59
casia_c,casia_c:080,casia_c:080:fn03,fn03,development,2,59,4,13.0,0.036262,detected_contacts,medium,0,59
casia_c,casia_c:080,casia_c:080:fq00,fq00,development,2,51,4,12.0,0.039284,detected_contacts,medium,0,51
casia_c,casia_c:080,casia_c:080:fq01,fq01,development,2,52,4,12.0,0.039284,detected_contacts,medium,0,52
casia_c,casia_c:080,casia_c:080:fs00,fs00,development,2,78,5,15.0,0.04714,detected_contacts,medium,0,78
casia_c,casia_c:080,casia_c:080:fs01,fs01,development,2,73,5,14.5,0.057183,detected_contacts,medium,0,73
casia_c,casia_c:081,casia_c:081:fb00,fb00,development,3,66,4,15.0,0.062854,detected_contacts,medium,0,66
casia_c,casia_c:081,casia_c:081:fb01,fb01,development,3,73,5,14.5,0.057183,detected_contacts,medium,0,73
casia_c,casia_c:081,casia_c:081:fn00,fn00,development,3,67,4,14.0,0.058321,detected_contacts,medium,0,67
casia_c,casia_c:081,casia_c:081:fn01,fn01,development,3,67,4,14.0,0.033672,detected_contacts,medium,0,67
casia_c,casia_c:081,casia_c:081:fn02,fn02,development,3,68,4,14.0,0.058321,detected_contacts,medium,0,68
casia_c,casia_c:081,casia_c:081:fn03,fn03,development,3,75,5,13.5,0.061419,detected_contacts,medium,0,75
casia_c,casia_c:081,casia_c:081:fq00,fq00,development,3,55,4,12.0,0.039284,detected_contacts,medium,0,55
casia_c,casia_c:081,casia_c:081:fq01,fq01,development,3,54,4,12.0,0.039284,detected_contacts,medium,0,54
casia_c,casia_c:081,casia_c:081:fs00,fs00,development,3,89,5,16.0,0.044194,detected_contacts,medium,0,89
casia_c,casia_c:081,casia_c:081:fs01,fs01,development,3,90,5,16.0,0.044194,detected_contacts,medium,0,90
casia_c,casia_c:082,casia_c:082:fb00,fb00,development,2,67,5,13.5,0.037037,detected_contacts,medium,0,67
casia_c,casia_c:082,casia_c:082:fb01,fb01,development,2,68,5,13.5,0.037037,detected_contacts,medium,0,68
casia_c,casia_c:082,casia_c:082:fn00,fn00,development,2,68,5,13.0,0.033309,detected_contacts,medium,0,68
casia_c,casia_c:082,casia_c:082:fn01,fn01,development,2,59,4,13.0,0.036262,detected_contacts,medium,0,59
casia_c,casia_c:082,casia_c:082:fn02,fn02,development,2,66,5,13.0,0.033309,detected_contacts,medium,0,66
casia_c,casia_c:082,casia_c:082:fn03,fn03,development,2,73,5,13.0,0.033309,detected_contacts,medium,0,73
casia_c,casia_c:082,casia_c:082:fq00,fq00,development,2,53,4,12.0,0.0,detected_contacts,medium,0,53
casia_c,casia_c:082,casia_c:082:fq01,fq01,development,2,53,4,11.0,0.08571,detected_contacts,medium,0,53
casia_c,casia_c:082,casia_c:082:fs00,fs00,development,2,108,5,17.0,0.041595,detected_contacts,medium,0,108
casia_c,casia_c:082,casia_c:082:fs01,fs01,development,2,100,6,17.0,0.068599,detected_contacts,medium,0,100
casia_c,casia_c:083,casia_c:083:fb00,fb00,development,0,58,4,13.0,0.062807,detected_contacts,medium,0,58
casia_c,casia_c:083,casia_c:083:fb01,fb01,development,0,62,5,13.5,0.061419,detected_contacts,medium,0,62
casia_c,casia_c:083,casia_c:083:fn00,fn00,development,0,57,4,13.0,0.036262,detected_contacts,medium,0,57
casia_c,casia_c:083,casia_c:083:fn01,fn01,development,0,54,4,12.0,0.039284,detected_contacts,medium,0,54
casia_c,casia_c:083,casia_c:083:fn02,fn02,development,0,56,4,13.0,0.036262,detected_contacts,medium,0,56
casia_c,casia_c:083,casia_c:083:fn03,fn03,development,0,61,5,13.0,0.033309,detected_contacts,medium,0,61
casia_c,casia_c:083,casia_c:083:fq00,fq00,development,0,45,4,11.0,0.042855,detected_contacts,medium,0,45
casia_c,casia_c:083,casia_c:083:fq01,fq01,development,0,48,4,11.0,0.0,detected_contacts,medium,0,48
casia_c,casia_c:083,casia_c:083:fs00,fs00,development,0,81,5,15.5,0.053494,detected_contacts,medium,0,81
casia_c,casia_c:083,casia_c:083:fs01,fs01,development,0,89,5,15.5,0.032258,detected_contacts,medium,0,89
casia_c,casia_c:084,casia_c:084:fb00,fb00,development,0,59,4,14.0,0.0,detected_contacts,medium,0,59
casia_c,casia_c:084,casia_c:084:fb01,fb01,development,0,58,4,14.0,0.0,detected_contacts,medium,0,58
casia_c,casia_c:084,casia_c:084:fn00,fn00,development,0,58,4,15.0,0.094281,detected_contacts,medium,0,58
casia_c,casia_c:084,casia_c:084:fn01,fn01,development,0,57,4,14.0,0.033672,detected_contacts,medium,0,57
casia_c,casia_c:084,casia_c:084:fn02,fn02,development,0,56,4,14.0,0.033672,detected_contacts,medium,0,56
casia_c,casia_c:084,casia_c:084:fn03,fn03,development,0,59,4,14.0,0.033672,detected_contacts,medium,0,59
casia_c,casia_c:084,casia_c:084:fq00,fq00,development,0,45,3,13.0,0.0,detected_contacts,medium,0,45
casia_c,casia_c:084,casia_c:084:fq01,fq01,development,0,41,3,12.5,0.04,detected_contacts,medium,0,41
casia_c,casia_c:084,casia_c:084:fs00,fs00,development,0,74,5,14.5,0.057183,detected_contacts,medium,0,74
casia_c,casia_c:084,casia_c:084:fs01,fs01,development,0,76,5,15.0,0.04714,detected_contacts,medium,0,76
casia_c,casia_c:085,casia_c:085:fb00,fb00,development,2,57,4,13.0,0.036262,detected_contacts,medium,0,57
casia_c,casia_c:085,casia_c:085:fb01,fb01,development,2,54,4,12.0,0.039284,detected_contacts,medium,0,54
casia_c,casia_c:085,casia_c:085:fn00,fn00,development,2,58,4,13.0,0.036262,detected_contacts,medium,0,58
casia_c,casia_c:085,casia_c:085:fn01,fn01,development,2,57,4,13.0,0.036262,detected_contacts,medium,0,57
casia_c,casia_c:085,casia_c:085:fn02,fn02,development,2,51,3,12.5,0.04,detected_contacts,medium,0,51
casia_c,casia_c:085,casia_c:085:fn03,fn03,development,2,56,4,13.0,0.036262,detected_contacts,medium,0,56
casia_c,casia_c:085,casia_c:085:fq00,fq00,development,2,43,3,11.0,0.0,detected_contacts,medium,0,43
casia_c,casia_c:085,casia_c:085:fq01,fq01,development,2,43,3,11.5,0.043478,detected_contacts,medium,0,43
casia_c,casia_c:085,casia_c:085:fs00,fs00,development,2,82,5,15.0,0.028868,detected_contacts,medium,0,82
casia_c,casia_c:085,casia_c:085:fs01,fs01,development,2,66,4,14.0,0.033672,detected_contacts,medium,0,66
casia_c,casia_c:086,casia_c:086:fb00,fb00,development,3,58,4,12.0,0.039284,detected_contacts,medium,0,58
casia_c,casia_c:086,casia_c:086:fb01,fb01,development,3,56,4,12.0,0.039284,detected_contacts,medium,0,56
casia_c,casia_c:086,casia_c:086:fn00,fn00,development,3,65,4,13.0,0.036262,detected_contacts,medium,0,65
casia_c,casia_c:086,casia_c:086:fn01,fn01,development,3,57,4,12.0,0.039284,detected_contacts,medium,0,57
casia_c,casia_c:086,casia_c:086:fn02,fn02,development,3,57,4,12.0,0.0,detected_contacts,medium,0,57
casia_c,casia_c:086,casia_c:086:fn03,fn03,development,3,59,4,12.0,0.0,detected_contacts,medium,0,59
casia_c,casia_c:086,casia_c:086:fq00,fq00,development,3,53,4,11.0,0.074227,detected_contacts,medium,0,53
casia_c,casia_c:086,casia_c:086:fq01,fq01,development,3,52,4,11.0,0.042855,detected_contacts,medium,0,52
casia_c,casia_c:086,casia_c:086:fs00,fs00,development,3,92,5,16.0,0.027063,detected_contacts,medium,0,92
casia_c,casia_c:086,casia_c:086:fs01,fs01,development,3,88,5,14.5,0.057183,detected_contacts,medium,0,88
casia_c,casia_c:087,casia_c:087:fb00,fb00,development,2,48,3,13.5,0.037037,detected_contacts,medium,0,48
casia_c,casia_c:087,casia_c:087:fb01,fb01,development,2,54,4,13.0,0.036262,detected_contacts,medium,0,54
casia_c,casia_c:087,casia_c:087:fn00,fn00,development,2,59,4,14.0,0.033672,detected_contacts,medium,0,59
casia_c,casia_c:087,casia_c:087:fn01,fn01,development,2,57,4,13.0,0.036262,detected_contacts,medium,0,57
casia_c,casia_c:087,casia_c:087:fn02,fn02,development,2,58,4,13.0,0.036262,detected_contacts,medium,0,58
casia_c,casia_c:087,casia_c:087:fn03,fn03,development,2,58,4,13.0,0.036262,detected_contacts,medium,0,58
casia_c,casia_c:087,casia_c:087:fq00,fq00,development,2,53,4,13.0,0.036262,detected_contacts,medium,0,53
casia_c,casia_c:087,casia_c:087:fq01,fq01,development,2,52,4,13.0,0.036262,detected_contacts,medium,0,52
casia_c,casia_c:087,casia_c:087:fs00,fs00,development,2,78,5,15.0,0.028868,detected_contacts,medium,0,78
casia_c,casia_c:087,casia_c:087:fs01,fs01,development,2,78,5,15.0,0.028868,detected_contacts,medium,0,78
casia_c,casia_c:088,casia_c:088:fb00,fb00,test,-1,57,4,13.0,0.062807,detected_contacts,medium,0,57
casia_c,casia_c:088,casia_c:088:fb01,fb01,test,-1,59,4,13.0,0.0,detected_contacts,medium,0,59
casia_c,casia_c:088,casia_c:088:fn00,fn00,test,-1,63,4,14.0,0.033672,detected_contacts,medium,0,63
casia_c,casia_c:088,casia_c:088:fn01,fn01,test,-1,57,4,13.0,0.0,detected_contacts,medium,0,57
casia_c,casia_c:088,casia_c:088:fn02,fn02,test,-1,62,4,13.0,0.036262,detected_contacts,medium,0,62
casia_c,casia_c:088,casia_c:088:fn03,fn03,test,-1,60,5,13.0,0.054393,detected_contacts,medium,0,60
casia_c,casia_c:088,casia_c:088:fq00,fq00,test,-1,46,3,12.0,0.0,detected_contacts,medium,0,46
casia_c,casia_c:088,casia_c:088:fq01,fq01,test,-1,48,3,12.5,0.04,detected_contacts,medium,0,48
casia_c,casia_c:088,casia_c:088:fs00,fs00,test,-1,70,4,14.0,0.033672,detected_contacts,medium,0,70
casia_c,casia_c:088,casia_c:088:fs01,fs01,test,-1,71,4,15.0,0.031427,detected_contacts,medium,0,71
casia_c,casia_c:089,casia_c:089:fb00,fb00,development,1,65,4,14.0,0.0,detected_contacts,medium,0,65
casia_c,casia_c:089,casia_c:089:fb01,fb01,development,1,67,4,14.0,0.033672,detected_contacts,medium,0,67
casia_c,casia_c:089,casia_c:089:fn00,fn00,development,1,58,4,13.0,0.0,detected_contacts,medium,0,58
casia_c,casia_c:089,casia_c:089:fn01,fn01,development,1,66,4,14.0,0.0,detected_contacts,medium,0,66
casia_c,casia_c:089,casia_c:089:fn02,fn02,development,1,70,5,14.0,0.030929,detected_contacts,medium,0,70
casia_c,casia_c:089,casia_c:089:fn03,fn03,development,1,65,4,14.0,0.033672,detected_contacts,medium,0,65
casia_c,casia_c:089,casia_c:089:fq00,fq00,development,1,52,4,13.0,0.036262,detected_contacts,medium,0,52
casia_c,casia_c:089,casia_c:089:fq01,fq01,development,1,47,3,12.5,0.04,detected_contacts,medium,0,47
casia_c,casia_c:089,casia_c:089:fs00,fs00,development,1,102,6,17.0,0.047059,detected_contacts,medium,0,102
casia_c,casia_c:089,casia_c:089:fs01,fs01,development,1,140,7,19.0,0.040198,detected_contacts,medium,0,140
casia_c,casia_c:090,casia_c:090:fb00,fb00,test,-1,73,5,13.5,0.037037,detected_contacts,medium,0,73
casia_c,casia_c:090,casia_c:090:fb01,fb01,test,-1,75,5,13.5,0.037037,detected_contacts,medium,0,75
casia_c,casia_c:090,casia_c:090:fn00,fn00,test,-1,85,5,14.5,0.057183,detected_contacts,medium,0,85
casia_c,casia_c:090,casia_c:090:fn01,fn01,test,-1,83,5,15.0,0.028868,detected_contacts,medium,0,83
casia_c,casia_c:090,casia_c:090:fn02,fn02,test,-1,83,5,14.0,0.050508,detected_contacts,medium,0,83
casia_c,casia_c:090,casia_c:090:fn03,fn03,test,-1,80,5,13.5,0.061419,detected_contacts,medium,0,80
casia_c,casia_c:090,casia_c:090:fq00,fq00,test,-1,68,5,12.0,0.036084,detected_contacts,medium,0,68
casia_c,casia_c:090,casia_c:090:fq01,fq01,test,-1,64,5,12.0,0.0,detected_contacts,medium,0,64
casia_c,casia_c:090,casia_c:090:fs00,fs00,test,-1,112,6,18.0,0.044444,detected_contacts,medium,0,112
casia_c,casia_c:090,casia_c:090:fs01,fs01,test,-1,104,6,17.0,0.047059,detected_contacts,medium,0,104
casia_c,casia_c:091,casia_c:091:fb00,fb00,test,-1,73,5,14.0,0.0,detected_contacts,medium,0,73
casia_c,casia_c:091,casia_c:091:fb01,fb01,test,-1,70,5,14.0,0.0,detected_contacts,medium,0,70
casia_c,casia_c:091,casia_c:091:fn00,fn00,test,-1,66,4,15.0,0.083148,detected_contacts,medium,0,66
casia_c,casia_c:091,casia_c:091:fn01,fn01,test,-1,81,5,15.0,0.0,detected_contacts,medium,0,81
casia_c,casia_c:091,casia_c:091:fn02,fn02,test,-1,79,5,15.0,0.028868,detected_contacts,medium,0,79
casia_c,casia_c:091,casia_c:091:fn03,fn03,test,-1,79,5,15.5,0.079016,detected_contacts,medium,0,79
casia_c,casia_c:091,casia_c:091:fq00,fq00,test,-1,47,3,12.5,0.04,detected_contacts,medium,0,47
casia_c,casia_c:091,casia_c:091:fq01,fq01,test,-1,45,4,11.0,0.074227,detected_contacts,medium,0,45
casia_c,casia_c:091,casia_c:091:fs00,fs00,test,-1,103,5,17.0,0.120373,detected_contacts,medium,0,103
casia_c,casia_c:091,casia_c:091:fs01,fs01,test,-1,98,5,17.0,0.112958,detected_contacts,medium,0,98
casia_c,casia_c:092,casia_c:092:fb00,fb00,development,0,59,4,14.0,0.121405,detected_contacts,medium,0,59
casia_c,casia_c:092,casia_c:092:fb01,fb01,development,0,57,4,13.0,0.0,detected_contacts,medium,0,57
casia_c,casia_c:092,casia_c:092:fn00,fn00,development,0,63,4,14.0,0.033672,detected_contacts,medium,0,63
casia_c,casia_c:092,casia_c:092:fn01,fn01,development,0,57,4,12.0,0.078567,detected_contacts,medium,0,57
casia_c,casia_c:092,casia_c:092:fn02,fn02,development,0,58,4,14.0,0.101015,detected_contacts,medium,0,58
casia_c,casia_c:092,casia_c:092:fn03,fn03,development,0,58,4,12.0,0.078567,detected_contacts,medium,0,58
casia_c,casia_c:092,casia_c:092:fq00,fq00,development,0,43,3,12.0,0.0,detected_contacts,medium,0,43
casia_c,casia_c:092,casia_c:092:fq01,fq01,development,0,43,3,11.5,0.043478,detected_contacts,medium,0,43
casia_c,casia_c:092,casia_c:092:fs00,fs00,development,0,84,5,15.5,0.105765,detected_contacts,medium,0,84
casia_c,casia_c:092,casia_c:092:fs01,fs01,development,0,68,5,14.0,0.142857,detected_contacts,medium,0,68
casia_c,casia_c:093,casia_c:093:fb00,fb00,development,1,69,5,13.5,0.090722,detected_contacts,medium,0,69
casia_c,casia_c:093,casia_c:093:fb01,fb01,development,1,65,5,13.0,0.0,detected_contacts,medium,0,65
casia_c,casia_c:093,casia_c:093:fn00,fn00,development,1,79,5,15.0,0.128019,detected_contacts,medium,0,79
casia_c,casia_c:093,casia_c:093:fn01,fn01,development,1,75,5,14.0,0.050508,detected_contacts,medium,0,75
casia_c,casia_c:093,casia_c:093:fn02,fn02,development,1,74,5,13.5,0.037037,detected_contacts,medium,0,74
casia_c,casia_c:093,casia_c:093:fn03,fn03,development,1,71,5,13.0,0.0,detected_contacts,medium,0,71
casia_c,casia_c:093,casia_c:093:fq00,fq00,development,1,52,4,12.0,0.0,detected_contacts,medium,0,52
casia_c,casia_c:093,casia_c:093:fq01,fq01,development,1,51,4,11.0,0.042855,detected_contacts,medium,0,51
casia_c,casia_c:093,casia_c:093:fs00,fs00,development,1,126,7,18.5,0.137517,detected_contacts,medium,0,126
casia_c,casia_c:093,casia_c:093:fs01,fs01,development,1,127,6,18.0,0.070273,detected_contacts,medium,0,127
casia_c,casia_c:094,casia_c:094:fb00,fb00,development,1,65,5,13.0,0.0,detected_contacts,medium,0,65
casia_c,casia_c:094,casia_c:094:fb01,fb01,development,1,65,5,12.5,0.04,detected_contacts,medium,0,65
casia_c,casia_c:094,casia_c:094:fn00,fn00,development,1,61,5,12.0,0.036084,detected_contacts,medium,0,61
casia_c,casia_c:094,casia_c:094:fn01,fn01,development,1,64,5,12.0,0.036084,detected_contacts,medium,0,64
casia_c,casia_c:094,casia_c:094:fn02,fn02,development,1,65,5,13.0,0.083825,detected_contacts,medium,0,65
casia_c,casia_c:094,casia_c:094:fn03,fn03,development,1,65,5,13.0,0.083825,detected_contacts,medium,0,65
casia_c,casia_c:094,casia_c:094:fq00,fq00,development,1,53,4,11.0,0.042855,detected_contacts,medium,0,53
casia_c,casia_c:094,casia_c:094:fq01,fq01,development,1,51,4,12.0,0.068041,detected_contacts,medium,0,51
casia_c,casia_c:094,casia_c:094:fs00,fs00,development,1,78,5,15.0,0.04714,detected_contacts,medium,0,78
casia_c,casia_c:094,casia_c:094:fs01,fs01,development,1,78,5,14.5,0.077106,detected_contacts,medium,0,78
casia_c,casia_c:095,casia_c:095:fb00,fb00,test,-1,55,4,13.0,0.062807,detected_contacts,medium,0,55
casia_c,casia_c:095,casia_c:095:fb01,fb01,test,-1,52,4,13.0,0.036262,detected_contacts,medium,0,52
casia_c,casia_c:095,casia_c:095:fn00,fn00,test,-1,55,4,13.0,0.062807,detected_contacts,medium,0,55
casia_c,casia_c:095,casia_c:095:fn01,fn01,test,-1,56,4,13.0,0.036262,detected_contacts,medium,0,56
casia_c,casia_c:095,casia_c:095:fn02,fn02,test,-1,57,4,13.0,0.062807,detected_contacts,medium,0,57
casia_c,casia_c:095,casia_c:095:fn03,fn03,test,-1,58,4,14.0,0.067344,detected_contacts,medium,0,58
casia_c,casia_c:095,casia_c:095:fq00,fq00,test,-1,47,4,11.0,0.042855,detected_contacts,medium,0,47
casia_c,casia_c:095,casia_c:095:fq01,fq01,test,-1,48,4,12.0,0.141639,detected_contacts,medium,0,48
casia_c,casia_c:095,casia_c:095:fs00,fs00,test,-1,74,5,14.5,0.077106,detected_contacts,medium,0,74
casia_c,casia_c:095,casia_c:095:fs01,fs01,test,-1,79,4,15.0,0.054433,detected_contacts,medium,0,79
casia_c,casia_c:096,casia_c:096:fb00,fb00,development,0,57,4,13.0,0.036262,detected_contacts,medium,0,57
casia_c,casia_c:096,casia_c:096:fb01,fb01,development,0,55,4,13.0,0.0,detected_contacts,medium,0,55
casia_c,casia_c:096,casia_c:096:fn00,fn00,development,0,67,5,13.5,0.037037,detected_contacts,medium,0,67
casia_c,casia_c:096,casia_c:096:fn01,fn01,development,0,62,4,14.0,0.033672,detected_contacts,medium,0,62
casia_c,casia_c:096,casia_c:096:fn02,fn02,development,0,62,4,13.0,0.036262,detected_contacts,medium,0,62
casia_c,casia_c:096,casia_c:096:fn03,fn03,development,0,61,4,13.0,0.072524,detected_contacts,medium,0,61
casia_c,casia_c:096,casia_c:096:fq00,fq00,development,0,49,4,12.0,0.0,detected_contacts,medium,0,49
casia_c,casia_c:096,casia_c:096:fq01,fq01,development,0,51,4,13.0,0.036262,detected_contacts,medium,0,51
casia_c,casia_c:096,casia_c:096:fs00,fs00,development,0,73,5,14.5,0.057183,detected_contacts,medium,0,73
casia_c,casia_c:096,casia_c:096:fs01,fs01,development,0,73,5,14.5,0.077106,detected_contacts,medium,0,73
casia_c,casia_c:097,casia_c:097:fb00,fb00,development,1,63,4,12.0,0.039284,detected_contacts,medium,0,63
casia_c,casia_c:097,casia_c:097:fb01,fb01,development,1,70,5,12.5,0.066332,detected_contacts,medium,0,70
casia_c,casia_c:097,casia_c:097:fn00,fn00,development,1,70,5,13.0,0.054393,detected_contacts,medium,0,70
casia_c,casia_c:097,casia_c:097:fn01,fn01,development,1,70,6,12.0,0.139443,detected_contacts,medium,0,70
casia_c,casia_c:097,casia_c:097:fn02,fn02,development,1,73,6,12.0,0.139443,detected_contacts,medium,0,73
casia_c,casia_c:097,casia_c:097:fn03,fn03,development,1,66,5,13.0,0.033309,detected_contacts,medium,0,66
casia_c,casia_c:097,casia_c:097:fq00,fq00,development,1,64,5,12.5,0.04,detected_contacts,medium,0,64
casia_c,casia_c:097,casia_c:097:fq01,fq01,development,1,61,5,12.0,0.0,detected_contacts,medium,0,61
casia_c,casia_c:097,casia_c:097:fs00,fs00,development,1,91,6,15.0,0.155492,detected_contacts,medium,0,91
casia_c,casia_c:097,casia_c:097:fs01,fs01,development,1,95,6,15.0,0.077746,detected_contacts,medium,0,95
casia_c,casia_c:098,casia_c:098:fb00,fb00,development,2,57,4,13.0,0.062807,detected_contacts,medium,0,57
casia_c,casia_c:098,casia_c:098:fb01,fb01,development,2,55,4,13.0,0.036262,detected_contacts,medium,0,55
casia_c,casia_c:098,casia_c:098:fn00,fn00,development,2,57,4,14.0,0.067344,detected_contacts,medium,0,57
casia_c,casia_c:098,casia_c:098:fn01,fn01,development,2,59,4,14.0,0.033672,detected_contacts,medium,0,59
casia_c,casia_c:098,casia_c:098:fn02,fn02,development,2,62,4,13.0,0.036262,detected_contacts,medium,0,62
casia_c,casia_c:098,casia_c:098:fn03,fn03,development,2,59,4,13.0,0.036262,detected_contacts,medium,0,59
casia_c,casia_c:098,casia_c:098:fq00,fq00,development,2,55,4,13.0,0.036262,detected_contacts,medium,0,55
casia_c,casia_c:098,casia_c:098:fq01,fq01,development,2,54,4,12.0,0.039284,detected_contacts,medium,0,54
casia_c,casia_c:098,casia_c:098:fs00,fs00,development,2,74,5,14.5,0.057183,detected_contacts,medium,0,74
casia_c,casia_c:098,casia_c:098:fs01,fs01,development,2,66,5,14.5,0.17155,detected_contacts,medium,0,66
casia_c,casia_c:099,casia_c:099:fb00,fb00,development,3,54,4,13.0,0.036262,detected_contacts,medium,0,54
casia_c,casia_c:099,casia_c:099:fb01,fb01,development,3,54,4,12.0,0.039284,detected_contacts,medium,0,54
casia_c,casia_c:099,casia_c:099:fn00,fn00,development,3,54,4,12.0,0.078567,detected_contacts,medium,0,54
casia_c,casia_c:099,casia_c:099:fn01,fn01,development,3,52,4,12.0,0.0,detected_contacts,medium,0,52
casia_c,casia_c:099,casia_c:099:fn02,fn02,development,3,57,4,13.0,0.0,detected_contacts,medium,0,57
casia_c,casia_c:099,casia_c:099:fn03,fn03,development,3,55,4,13.0,0.036262,detected_contacts,medium,0,55
casia_c,casia_c:099,casia_c:099:fq00,fq00,development,3,47,4,11.0,0.0,detected_contacts,medium,0,47
casia_c,casia_c:099,casia_c:099:fq01,fq01,development,3,48,4,11.0,0.042855,detected_contacts,medium,0,48
casia_c,casia_c:099,casia_c:099:fs00,fs00,development,3,73,5,14.0,0.030929,detected_contacts,medium,0,73
casia_c,casia_c:099,casia_c:099:fs01,fs01,development,3,65,4,15.0,0.062854,detected_contacts,medium,0,65
casia_c,casia_c:100,casia_c:100:fb00,fb00,development,4,69,5,12.5,0.066332,detected_contacts,medium,0,69
casia_c,casia_c:100,casia_c:100:fb01,fb01,development,4,67,5,12.5,0.04,detected_contacts,medium,0,67
casia_c,casia_c:100,casia_c:100:fn00,fn00,development,4,59,4,13.0,0.036262,detected_contacts,medium,0,59
casia_c,casia_c:100,casia_c:100:fn01,fn01,development,4,60,4,13.0,0.072524,detected_contacts,medium,0,60
casia_c,casia_c:100,casia_c:100:fn02,fn02,development,4,61,4,12.0,0.078567,detected_contacts,medium,0,61
casia_c,casia_c:100,casia_c:100:fn03,fn03,development,4,67,5,12.5,0.04,detected_contacts,medium,0,67
casia_c,casia_c:100,casia_c:100:fq00,fq00,development,4,45,3,10.5,0.047619,detected_contacts,medium,0,45
casia_c,casia_c:100,casia_c:100:fq01,fq01,development,4,52,4,12.0,0.068041,detected_contacts,medium,0,52
casia_c,casia_c:100,casia_c:100:fs00,fs00,development,4,81,6,13.0,0.061538,detected_contacts,medium,0,81
casia_c,casia_c:100,casia_c:100:fs01,fs01,development,4,88,5,14.5,0.469016,detected_contacts,low,0,88
casia_c,casia_c:101,casia_c:101:fb00,fb00,development,0,61,5,12.0,0.0,detected_contacts,medium,0,61
casia_c,casia_c:101,casia_c:101:fb01,fb01,development,0,62,5,12.5,0.066332,detected_contacts,medium,0,62
casia_c,casia_c:101,casia_c:101:fn00,fn00,development,0,68,5,13.0,0.033309,detected_contacts,medium,0,68
casia_c,casia_c:101,casia_c:101:fn01,fn01,development,0,64,5,12.0,0.072169,detected_contacts,medium,0,64
casia_c,casia_c:101,casia_c:101:fn02,fn02,development,0,62,5,12.0,0.058926,detected_contacts,medium,0,62
casia_c,casia_c:101,casia_c:101:fn03,fn03,development,0,64,5,12.0,0.058926,detected_contacts,medium,0,64
casia_c,casia_c:101,casia_c:101:fq00,fq00,development,0,50,4,11.0,0.042855,detected_contacts,medium,0,50
casia_c,casia_c:101,casia_c:101:fq01,fq01,development,0,48,4,12.0,0.078567,detected_contacts,medium,0,48
casia_c,casia_c:101,casia_c:101:fs00,fs00,development,0,90,6,15.0,0.026667,detected_contacts,medium,0,90
casia_c,casia_c:101,casia_c:101:fs01,fs01,development,0,84,6,13.0,0.113053,detected_contacts,medium,0,84
casia_c,casia_c:102,casia_c:102:fb00,fb00,test,-1,61,5,13.5,0.230554,detected_contacts,medium,0,61
casia_c,casia_c:102,casia_c:102:fb01,fb01,test,-1,60,4,14.0,0.0,detected_contacts,medium,0,60
casia_c,casia_c:102,casia_c:102:fn00,fn00,test,-1,62,4,14.0,0.058321,detected_contacts,medium,0,62
casia_c,casia_c:102,casia_c:102:fn01,fn01,test,-1,59,4,14.0,0.0,detected_contacts,medium,0,59
casia_c,casia_c:102,casia_c:102:fn02,fn02,test,-1,61,4,14.0,0.033672,detected_contacts,medium,0,61
casia_c,casia_c:102,casia_c:102:fn03,fn03,test,-1,59,4,14.0,0.0,detected_contacts,medium,0,59
casia_c,casia_c:102,casia_c:102:fq00,fq00,test,-1,42,3,12.0,0.0,detected_contacts,medium,0,42
casia_c,casia_c:102,casia_c:102:fq01,fq01,test,-1,44,3,12.5,0.04,detected_contacts,medium,0,44
casia_c,casia_c:102,casia_c:102:fs00,fs00,test,-1,109,6,17.0,0.074407,detected_contacts,medium,0,109
casia_c,casia_c:102,casia_c:102:fs01,fs01,test,-1,94,5,17.0,0.041595,detected_contacts,medium,0,94
casia_c,casia_c:103,casia_c:103:fb00,fb00,development,3,60,5,12.5,0.066332,detected_contacts,medium,0,60
casia_c,casia_c:103,casia_c:103:fb01,fb01,development,3,65,5,13.0,0.054393,detected_contacts,medium,0,65
casia_c,casia_c:103,casia_c:103:fn00,fn00,development,3,67,5,13.5,0.061419,detected_contacts,medium,0,67
casia_c,casia_c:103,casia_c:103:fn01,fn01,development,3,66,5,13.0,0.033309,detected_contacts,medium,0,66
casia_c,casia_c:103,casia_c:103:fn02,fn02,development,3,67,5,13.0,0.054393,detected_contacts,medium,0,67
casia_c,casia_c:103,casia_c:103:fn03,fn03,development,3,64,5,12.5,0.089443,detected_contacts,medium,0,64
casia_c,casia_c:103,casia_c:103:fq00,fq00,development,3,51,4,12.0,0.068041,detected_contacts,medium,0,51
casia_c,casia_c:103,casia_c:103:fq01,fq01,development,3,50,4,12.0,0.039284,detected_contacts,medium,0,50
casia_c,casia_c:103,casia_c:103:fs00,fs00,development,3,93,6,16.0,0.072887,detected_contacts,medium,0,93
casia_c,casia_c:103,casia_c:103:fs01,fs01,development,3,97,5,17.0,0.041595,detected_contacts,medium,0,97
casia_c,casia_c:104,casia_c:104:fb00,fb00,development,3,63,5,13.0,0.054393,detected_contacts,medium,0,63
casia_c,casia_c:104,casia_c:104:fb01,fb01,development,3,68,5,13.5,0.037037,detected_contacts,medium,0,68
casia_c,casia_c:104,casia_c:104:fn00,fn00,development,3,68,5,13.5,0.061419,detected_contacts,medium,0,68
casia_c,casia_c:104,casia_c:104:fn01,fn01,development,3,69,5,13.5,0.037037,detected_contacts,medium,0,69
casia_c,casia_c:104,casia_c:104:fn02,fn02,development,3,67,5,13.5,0.037037,detected_contacts,medium,0,67
casia_c,casia_c:104,casia_c:104:fn03,fn03,development,3,69,5,13.0,0.033309,detected_contacts,medium,0,69
casia_c,casia_c:104,casia_c:104:fq00,fq00,development,3,52,4,12.0,0.068041,detected_contacts,medium,0,52
casia_c,casia_c:104,casia_c:104:fq01,fq01,development,3,51,4,12.0,0.039284,detected_contacts,medium,0,51
casia_c,casia_c:104,casia_c:104:fs00,fs00,development,3,112,5,18.5,0.493012,detected_contacts,low,0,112
casia_c,casia_c:104,casia_c:104:fs01,fs01,development,3,110,5,19.0,0.395613,detected_contacts,low,0,110
casia_c,casia_c:105,casia_c:105:fb00,fb00,development,4,63,5,13.0,0.0,detected_contacts,medium,0,63
casia_c,casia_c:105,casia_c:105:fb01,fb01,development,4,58,4,13.0,0.0,detected_contacts,medium,0,58
casia_c,casia_c:105,casia_c:105:fn00,fn00,development,4,67,5,13.0,0.033309,detected_contacts,medium,0,67
casia_c,casia_c:105,casia_c:105:fn01,fn01,development,4,60,4,13.0,0.036262,detected_contacts,medium,0,60
casia_c,casia_c:105,casia_c:105:fn02,fn02,development,4,60,4,13.0,0.036262,detected_contacts,medium,0,60
casia_c,casia_c:105,casia_c:105:fn03,fn03,development,4,59,4,13.0,0.0,detected_contacts,medium,0,59
casia_c,casia_c:105,casia_c:105:fq00,fq00,development,4,47,3,13.0,0.0,detected_contacts,medium,0,47
casia_c,casia_c:105,casia_c:105:fq01,fq01,development,4,45,3,12.0,0.0,detected_contacts,medium,0,45
casia_c,casia_c:105,casia_c:105:fs00,fs00,development,4,95,5,17.5,0.04738,detected_contacts,medium,0,95
casia_c,casia_c:105,casia_c:105:fs01,fs01,development,4,87,5,16.5,0.030303,detected_contacts,medium,0,87
casia_c,casia_c:106,casia_c:106:fb00,fb00,development,3,59,4,13.0,0.062807,detected_contacts,medium,0,59
casia_c,casia_c:106,casia_c:106:fb01,fb01,development,3,59,4,13.0,0.036262,detected_contacts,medium,0,59
casia_c,casia_c:106,casia_c:106:fn00,fn00,development,3,59,4,14.0,0.033672,detected_contacts,medium,0,59
casia_c,casia_c:106,casia_c:106:fn01,fn01,development,3,56,4,13.0,0.036262,detected_contacts,medium,0,56
casia_c,casia_c:106,casia_c:106:fn02,fn02,development,3,58,4,14.0,0.033672,detected_contacts,medium,0,58
casia_c,casia_c:106,casia_c:106:fn03,fn03,development,3,57,4,14.0,0.067344,detected_contacts,medium,0,57
casia_c,casia_c:106,casia_c:106:fq00,fq00,development,3,50,4,12.0,0.068041,detected_contacts,medium,0,50
casia_c,casia_c:106,casia_c:106:fq01,fq01,development,3,49,4,12.0,0.039284,detected_contacts,medium,0,49
casia_c,casia_c:106,casia_c:106:fs00,fs00,development,3,81,5,15.0,0.04714,detected_contacts,medium,0,81
casia_c,casia_c:106,casia_c:106:fs01,fs01,development,3,90,5,15.5,0.120699,detected_contacts,medium,0,90
casia_c,casia_c:107,casia_c:107:fb00,fb00,test,-1,68,4,14.0,0.058321,detected_contacts,medium,0,68
casia_c,casia_c:107,casia_c:107:fb01,fb01,test,-1,63,4,14.0,0.067344,detected_contacts,medium,0,63
casia_c,casia_c:107,casia_c:107:fn00,fn00,test,-1,66,4,14.0,0.058321,detected_contacts,medium,0,66
casia_c,casia_c:107,casia_c:107:fn01,fn01,test,-1,69,5,14.0,0.077837,detected_contacts,medium,0,69
casia_c,casia_c:107,casia_c:107:fn02,fn02,test,-1,68,5,14.0,0.0,detected_contacts,medium,0,68
casia_c,casia_c:107,casia_c:107:fn03,fn03,test,-1,68,5,13.5,0.061419,detected_contacts,medium,0,68
casia_c,casia_c:107,casia_c:107:fq00,fq00,test,-1,51,3,12.5,0.04,detected_contacts,medium,0,51
casia_c,casia_c:107,casia_c:107:fq01,fq01,test,-1,52,3,12.5,0.04,detected_contacts,medium,0,52
casia_c,casia_c:107,casia_c:107:fs00,fs00,test,-1,93,6,16.0,0.046771,detected_contacts,medium,0,93
casia_c,casia_c:107,casia_c:107:fs01,fs01,test,-1,88,5,16.0,0.044194,detected_contacts,medium,0,88
casia_c,casia_c:108,casia_c:108:fb00,fb00,test,-1,69,4,14.0,0.033672,detected_contacts,medium,0,69
casia_c,casia_c:108,casia_c:108:fb01,fb01,test,-1,78,5,13.0,0.115385,detected_contacts,medium,0,78
casia_c,casia_c:108,casia_c:108:fn00,fn00,test,-1,78,5,14.5,0.034483,detected_contacts,medium,0,78
casia_c,casia_c:108,casia_c:108:fn01,fn01,test,-1,68,4,13.0,0.062807,detected_contacts,medium,0,68
casia_c,casia_c:108,casia_c:108:fn02,fn02,test,-1,70,5,13.0,0.054393,detected_contacts,medium,0,70
casia_c,casia_c:108,casia_c:108:fn03,fn03,test,-1,68,5,13.0,0.147714,detected_contacts,medium,0,68
casia_c,casia_c:108,casia_c:108:fq00,fq00,test,-1,57,5,12.0,0.036084,detected_contacts,medium,0,57
casia_c,casia_c:108,casia_c:108:fq01,fq01,test,-1,58,5,12.0,0.09081,detected_contacts,medium,0,58
casia_c,casia_c:108,casia_c:108:fs00,fs00,test,-1,102,6,16.0,0.072887,detected_contacts,medium,0,102
casia_c,casia_c:108,casia_c:108:fs01,fs01,test,-1,106,6,16.0,0.046771,detected_contacts,medium,0,106
casia_c,casia_c:109,casia_c:109:fb00,fb00,development,4,72,5,14.0,0.030929,detected_contacts,medium,0,72
casia_c,casia_c:109,casia_c:109:fb01,fb01,development,4,69,5,13.5,0.037037,detected_contacts,medium,0,69
casia_c,casia_c:109,casia_c:109:fn00,fn00,development,4,64,4,14.0,0.033672,detected_contacts,medium,0,64
casia_c,casia_c:109,casia_c:109:fn01,fn01,development,4,67,5,13.0,0.033309,detected_contacts,medium,0,67
casia_c,casia_c:109,casia_c:109:fn02,fn02,development,4,68,5,13.5,0.037037,detected_contacts,medium,0,68
casia_c,casia_c:109,casia_c:109:fn03,fn03,development,4,71,5,13.5,0.037037,detected_contacts,medium,0,71
casia_c,casia_c:109,casia_c:109:fq00,fq00,development,4,52,4,12.0,0.0,detected_contacts,medium,0,52
casia_c,casia_c:109,casia_c:109:fq01,fq01,development,4,51,4,12.0,0.039284,detected_contacts,medium,0,51
casia_c,casia_c:109,casia_c:109:fs00,fs00,development,4,95,6,16.0,0.05,detected_contacts,medium,0,95
casia_c,casia_c:109,casia_c:109:fs01,fs01,development,4,85,5,15.0,0.0,detected_contacts,medium,0,85
casia_c,casia_c:110,casia_c:110:fb00,fb00,test,-1,73,5,14.0,0.077837,detected_contacts,medium,0,73
casia_c,casia_c:110,casia_c:110:fb01,fb01,test,-1,72,5,13.5,0.160375,detected_contacts,medium,0,72
casia_c,casia_c:110,casia_c:110:fn00,fn00,test,-1,77,5,14.0,0.198045,detected_contacts,medium,0,77
casia_c,casia_c:110,casia_c:110:fn01,fn01,test,-1,78,5,14.5,0.057183,detected_contacts,medium,0,78
casia_c,casia_c:110,casia_c:110:fn02,fn02,test,-1,73,6,13.0,0.250915,detected_contacts,medium,0,73
casia_c,casia_c:110,casia_c:110:fn03,fn03,test,-1,73,5,14.0,0.071429,detected_contacts,medium,0,73
casia_c,casia_c:110,casia_c:110:fq00,fq00,test,-1,56,4,13.0,0.036262,detected_contacts,medium,0,56
casia_c,casia_c:110,casia_c:110:fq01,fq01,test,-1,55,4,13.0,0.036262,detected_contacts,medium,0,55
casia_c,casia_c:110,casia_c:110:fs00,fs00,test,-1,107,6,17.0,0.121125,detected_contacts,medium,0,107
casia_c,casia_c:110,casia_c:110:fs01,fs01,test,-1,100,7,16.0,0.25173,detected_contacts,medium,0,100
casia_c,casia_c:111,casia_c:111:fb00,fb00,development,0,57,4,13.0,0.0,detected_contacts,medium,0,57
casia_c,casia_c:111,casia_c:111:fb01,fb01,development,0,60,4,14.0,0.033672,detected_contacts,medium,0,60
casia_c,casia_c:111,casia_c:111:fn00,fn00,development,0,59,4,13.0,0.09594,detected_contacts,medium,0,59
casia_c,casia_c:111,casia_c:111:fn01,fn01,development,0,57,4,13.0,0.072524,detected_contacts,medium,0,57
casia_c,casia_c:111,casia_c:111:fn02,fn02,development,0,58,4,13.0,0.062807,detected_contacts,medium,0,58
casia_c,casia_c:111,casia_c:111:fn03,fn03,development,0,56,4,13.0,0.062807,detected_contacts,medium,0,56
casia_c,casia_c:111,casia_c:111:fq00,fq00,development,0,49,4,12.0,0.039284,detected_contacts,medium,0,49
casia_c,casia_c:111,casia_c:111:fq01,fq01,development,0,53,4,13.0,0.036262,detected_contacts,medium,0,53
casia_c,casia_c:111,casia_c:111:fs00,fs00,development,0,72,5,14.0,0.050508,detected_contacts,medium,0,72
casia_c,casia_c:111,casia_c:111:fs01,fs01,development,0,74,5,14.5,0.057183,detected_contacts,medium,0,74
casia_c,casia_c:112,casia_c:112:fb00,fb00,development,4,74,5,13.5,0.090722,detected_contacts,medium,0,74
casia_c,casia_c:112,casia_c:112:fb01,fb01,development,4,72,5,13.5,0.152708,detected_contacts,medium,0,72
casia_c,casia_c:112,casia_c:112:fn00,fn00,development,4,71,4,14.0,0.321208,detected_contacts,low,0,71
casia_c,casia_c:112,casia_c:112:fn01,fn01,development,4,68,4,14.0,0.033672,detected_contacts,medium,0,68
casia_c,casia_c:112,casia_c:112:fn02,fn02,development,4,68,4,14.0,0.0,detected_contacts,medium,0,68
casia_c,casia_c:112,casia_c:112:fn03,fn03,development,4,67,4,14.0,0.0,detected_contacts,medium,0,67
casia_c,casia_c:112,casia_c:112:fq00,fq00,development,4,61,5,13.0,0.099926,detected_contacts,medium,0,61
casia_c,casia_c:112,casia_c:112:fq01,fq01,development,4,53,4,12.0,0.218722,detected_contacts,medium,0,53
casia_c,casia_c:112,casia_c:112:fs00,fs00,development,4,90,5,15.5,0.053494,detected_contacts,medium,0,90
casia_c,casia_c:112,casia_c:112:fs01,fs01,development,4,109,7,16.0,0.128847,detected_contacts,medium,0,109
casia_c,casia_c:113,casia_c:113:fb00,fb00,development,3,62,4,15.0,0.062854,detected_contacts,medium,0,62
casia_c,casia_c:113,casia_c:113:fb01,fb01,development,3,55,4,14.0,0.089087,detected_contacts,medium,0,55
casia_c,casia_c:113,casia_c:113:fn00,fn00,development,3,64,4,15.0,0.054433,detected_contacts,medium,0,64
casia_c,casia_c:113,casia_c:113:fn01,fn01,development,3,60,4,14.0,0.275615,detected_contacts,medium,0,60
casia_c,casia_c:113,casia_c:113:fn02,fn02,development,3,61,4,14.0,0.058321,detected_contacts,medium,0,61
casia_c,casia_c:113,casia_c:113:fn03,fn03,development,3,62,4,14.0,0.2208,detected_contacts,medium,0,62
casia_c,casia_c:113,casia_c:113:fq00,fq00,development,3,53,3,13.5,0.037037,detected_contacts,medium,0,53
casia_c,casia_c:113,casia_c:113:fq01,fq01,development,3,53,3,13.5,0.037037,detected_contacts,medium,0,53
casia_c,casia_c:113,casia_c:113:fs00,fs00,development,3,75,4,16.0,0.051031,detected_contacts,medium,0,75
casia_c,casia_c:113,casia_c:113:fs01,fs01,development,3,70,4,15.0,0.031427,detected_contacts,medium,0,70
casia_c,casia_c:114,casia_c:114:fb00,fb00,development,2,61,4,14.0,0.116642,detected_contacts,medium,0,61
casia_c,casia_c:114,casia_c:114:fb01,fb01,development,2,68,5,14.0,0.137163,detected_contacts,medium,0,68
casia_c,casia_c:114,casia_c:114:fn00,fn00,development,2,72,5,14.0,0.050508,detected_contacts,medium,0,72
casia_c,casia_c:114,casia_c:114:fn01,fn01,development,2,65,4,14.0,0.187476,detected_contacts,medium,0,65
casia_c,casia_c:114,casia_c:114:fn02,fn02,development,2,67,5,14.0,0.050508,detected_contacts,medium,0,67
casia_c,casia_c:114,casia_c:114:fn03,fn03,development,2,68,5,14.5,0.214653,detected_contacts,medium,0,68
casia_c,casia_c:114,casia_c:114:fq00,fq00,development,2,54,4,13.0,0.072524,detected_contacts,medium,0,54
casia_c,casia_c:114,casia_c:114:fq01,fq01,development,2,55,4,14.0,0.146772,detected_contacts,medium,1,54
casia_c,casia_c:114,casia_c:114:fs00,fs00,development,2,80,5,15.5,0.053494,detected_contacts,medium,0,80
casia_c,casia_c:114,casia_c:114:fs01,fs01,development,2,75,5,14.5,0.034483,detected_contacts,medium,0,75
casia_c,casia_c:115,casia_c:115:fb00,fb00,test,-1,57,4,13.0,0.130744,detected_contacts,medium,0,57
casia_c,casia_c:115,casia_c:115:fb01,fb01,test,-1,57,4,13.0,0.19188,detected_contacts,medium,0,57
casia_c,casia_c:115,casia_c:115:fn00,fn00,test,-1,62,4,13.0,0.0,detected_contacts,medium,0,62
casia_c,casia_c:115,casia_c:115:fn01,fn01,test,-1,68,5,13.0,0.099926,detected_contacts,medium,0,68
casia_c,casia_c:115,casia_c:115:fn02,fn02,test,-1,60,4,12.0,0.103935,detected_contacts,medium,0,60
casia_c,casia_c:115,casia_c:115:fn03,fn03,test,-1,67,5,13.0,0.147714,detected_contacts,medium,0,67
casia_c,casia_c:115,casia_c:115:fq00,fq00,test,-1,53,4,12.0,0.136083,detected_contacts,medium,0,53
casia_c,casia_c:115,casia_c:115:fq01,fq01,test,-1,55,4,12.0,0.068041,detected_contacts,medium,0,55
casia_c,casia_c:115,casia_c:115:fs00,fs00,test,-1,84,5,15.0,0.0,detected_contacts,medium,0,84
casia_c,casia_c:115,casia_c:115:fs01,fs01,test,-1,87,7,14.0,0.224619,detected_contacts,medium,0,87
casia_c,casia_c:116,casia_c:116:fb00,fb00,development,1,60,4,12.0,0.039284,detected_contacts,medium,0,60
casia_c,casia_c:116,casia_c:116:fb01,fb01,development,1,58,4,13.0,0.072524,detected_contacts,medium,0,58
casia_c,casia_c:116,casia_c:116:fn00,fn00,development,1,53,4,12.0,0.039284,detected_contacts,medium,0,53
casia_c,casia_c:116,casia_c:116:fn01,fn01,development,1,53,4,12.0,0.078567,detected_contacts,medium,0,53
casia_c,casia_c:116,casia_c:116:fn02,fn02,development,1,56,4,13.0,0.036262,detected_contacts,medium,0,56
casia_c,casia_c:116,casia_c:116:fn03,fn03,development,1,54,4,12.0,0.0,detected_contacts,medium,0,54
casia_c,casia_c:116,casia_c:116:fq00,fq00,development,1,48,4,11.0,0.042855,detected_contacts,medium,0,48
casia_c,casia_c:116,casia_c:116:fq01,fq01,development,1,45,4,11.0,0.074227,detected_contacts,medium,0,45
casia_c,casia_c:116,casia_c:116:fs00,fs00,development,1,91,6,17.0,0.226299,detected_contacts,medium,0,91
casia_c,casia_c:116,casia_c:116:fs01,fs01,development,1,79,5,14.5,0.034483,detected_contacts,medium,0,79
casia_c,casia_c:117,casia_c:117:fb00,fb00,development,2,72,5,13.0,0.083825,detected_contacts,medium,0,72
casia_c,casia_c:117,casia_c:117:fb01,fb01,development,2,67,5,13.0,0.033309,detected_contacts,medium,0,67
casia_c,casia_c:117,casia_c:117:fn00,fn00,development,2,71,5,12.5,0.09798,detected_contacts,medium,0,71
casia_c,casia_c:117,casia_c:117:fn01,fn01,development,2,69,5,13.0,0.033309,detected_contacts,medium,0,69
casia_c,casia_c:117,casia_c:117:fn02,fn02,development,2,65,5,13.0,0.033309,detected_contacts,medium,0,65
casia_c,casia_c:117,casia_c:117:fn03,fn03,development,2,70,4,13.0,0.326357,detected_contacts,low,0,70
casia_c,casia_c:117,casia_c:117:fq00,fq00,development,2,52,4,12.0,0.0,detected_contacts,medium,0,52
casia_c,casia_c:117,casia_c:117:fq01,fq01,development,2,51,4,12.0,0.0,detected_contacts,medium,0,51
casia_c,casia_c:117,casia_c:117:fs00,fs00,development,2,92,6,15.0,0.07303,detected_contacts,medium,0,92
casia_c,casia_c:117,casia_c:117:fs01,fs01,development,2,81,5,13.5,0.160375,detected_contacts,medium,0,81
casia_c,casia_c:118,casia_c:118:fb00,fb00,development,4,65,5,11.5,0.09722,detected_contacts,medium,0,65
casia_c,casia_c:118,casia_c:118:fb01,fb01,development,4,65,5,12.5,0.09798,detected_contacts,medium,0,65
casia_c,casia_c:118,casia_c:118:fn00,fn00,development,4,70,5,12.0,0.036084,detected_contacts,medium,0,70
casia_c,casia_c:118,casia_c:118:fn01,fn01,development,4,71,5,12.5,0.131149,detected_contacts,medium,0,71
casia_c,casia_c:118,casia_c:118:fn02,fn02,development,4,72,5,12.5,0.066332,detected_contacts,medium,0,72
casia_c,casia_c:118,casia_c:118:fn03,fn03,development,4,68,5,12.0,0.072169,detected_contacts,medium,0,68
casia_c,casia_c:118,casia_c:118:fq00,fq00,development,4,59,5,11.0,0.07873,detected_contacts,medium,0,59
casia_c,casia_c:118,casia_c:118:fq01,fq01,development,4,59,5,11.0,0.039365,detected_contacts,medium,0,59
casia_c,casia_c:118,casia_c:118:fs00,fs00,development,4,101,7,14.0,0.2208,detected_contacts,medium,0,101
casia_c,casia_c:118,casia_c:118:fs01,fs01,development,4,101,7,13.5,0.085533,detected_contacts,medium,0,101
casia_c,casia_c:119,casia_c:119:fb00,fb00,development,2,73,5,13.5,0.061419,detected_contacts,medium,0,73
casia_c,casia_c:119,casia_c:119:fb01,fb01,development,2,68,4,13.0,0.072524,detected_contacts,medium,0,68
casia_c,casia_c:119,casia_c:119:fn00,fn00,development,2,66,4,14.0,0.033672,detected_contacts,medium,0,66
casia_c,casia_c:119,casia_c:119:fn01,fn01,development,2,64,5,13.0,0.180401,detected_contacts,medium,0,64
casia_c,casia_c:119,casia_c:119:fn02,fn02,development,2,70,5,13.5,0.230554,detected_contacts,medium,0,70
casia_c,casia_c:119,casia_c:119:fn03,fn03,development,2,68,5,13.5,0.109557,detected_contacts,medium,0,68
casia_c,casia_c:119,casia_c:119:fq00,fq00,development,2,53,4,12.0,0.20787,detected_contacts,medium,0,53
casia_c,casia_c:119,casia_c:119:fq01,fq01,development,2,55,3,16.0,0.25,detected_contacts,medium,0,55
casia_c,casia_c:119,casia_c:119:fs00,fs00,development,2,91,5,15.5,0.032258,detected_contacts,medium,0,91
casia_c,casia_c:119,casia_c:119:fs01,fs01,development,2,90,5,15.5,0.079016,detected_contacts,medium,0,90
casia_c,casia_c:120,casia_c:120:fb00,fb00,development,1,68,5,13.5,0.152708,detected_contacts,medium,0,68
casia_c,casia_c:120,casia_c:120:fb01,fb01,development,1,68,5,12.5,0.2,detected_contacts,medium,0,68
casia_c,casia_c:120,casia_c:120:fn00,fn00,development,1,73,5,13.0,0.083825,detected_contacts,medium,0,73
casia_c,casia_c:120,casia_c:120:fn01,fn01,development,1,71,4,13.0,0.526734,detected_contacts,low,0,71
casia_c,casia_c:120,casia_c:120:fn02,fn02,development,1,73,5,13.0,0.099926,detected_contacts,medium,0,73
casia_c,casia_c:120,casia_c:120:fn03,fn03,development,1,73,5,13.0,0.054393,detected_contacts,medium,0,73
casia_c,casia_c:120,casia_c:120:fq00,fq00,development,1,55,4,12.0,0.039284,detected_contacts,medium,0,55
casia_c,casia_c:120,casia_c:120:fq01,fq01,development,1,57,4,12.0,0.141639,detected_contacts,medium,0,57
casia_c,casia_c:120,casia_c:120:fs00,fs00,development,1,93,7,14.5,0.220797,detected_contacts,medium,0,93
casia_c,casia_c:120,casia_c:120:fs01,fs01,development,1,88,6,15.0,0.129271,detected_contacts,medium,0,88
casia_c,casia_c:121,casia_c:121:fb00,fb00,development,3,59,5,12.0,0.160024,detected_contacts,medium,0,59
casia_c,casia_c:121,casia_c:121:fb01,fb01,development,3,54,4,12.0,0.068041,detected_contacts,medium,0,54
casia_c,casia_c:121,casia_c:121:fn00,fn00,development,3,64,5,13.0,0.108786,detected_contacts,medium,0,64
casia_c,casia_c:121,casia_c:121:fn01,fn01,development,3,63,5,13.0,0.033309,detected_contacts,medium,0,63
casia_c,casia_c:121,casia_c:121:fn02,fn02,development,3,57,4,13.0,0.062807,detected_contacts,medium,0,57
casia_c,casia_c:121,casia_c:121:fn03,fn03,development,3,59,5,12.0,0.036084,detected_contacts,medium,0,59
casia_c,casia_c:121,casia_c:121:fq00,fq00,development,3,47,4,11.0,0.113384,detected_contacts,medium,0,47
casia_c,casia_c:121,casia_c:121:fq01,fq01,development,3,42,3,10.5,0.047619,detected_contacts,medium,0,42
casia_c,casia_c:121,casia_c:121:fs00,fs00,development,3,91,6,15.0,0.090431,detected_contacts,medium,0,91
casia_c,casia_c:121,casia_c:121:fs01,fs01,development,3,79,6,15.0,0.03266,detected_contacts,medium,0,79
casia_c,casia_c:122,casia_c:122:fb00,fb00,development,0,75,5,14.0,0.305143,detected_contacts,low,0,75
casia_c,casia_c:122,casia_c:122:fb01,fb01,development,0,75,5,14.0,0.101015,detected_contacts,medium,0,75
casia_c,casia_c:122,casia_c:122:fn00,fn00,development,0,70,5,14.0,0.050508,detected_contacts,medium,0,70
casia_c,casia_c:122,casia_c:122:fn01,fn01,development,0,69,5,13.0,0.137335,detected_contacts,medium,0,69
casia_c,casia_c:122,casia_c:122:fn02,fn02,development,0,70,4,15.0,0.031427,detected_contacts,medium,0,70
casia_c,casia_c:122,casia_c:122:fn03,fn03,development,0,67,5,13.5,0.109557,detected_contacts,medium,0,67
casia_c,casia_c:122,casia_c:122:fq00,fq00,development,0,51,4,12.0,0.039284,detected_contacts,medium,0,51
casia_c,casia_c:122,casia_c:122:fq01,fq01,development,0,46,3,12.5,0.12,detected_contacts,medium,0,46
casia_c,casia_c:122,casia_c:122:fs00,fs00,development,0,109,5,18.0,0.072169,detected_contacts,medium,0,109
casia_c,casia_c:122,casia_c:122:fs01,fs01,development,0,106,6,18.0,0.123728,detected_contacts,medium,0,106
casia_c,casia_c:123,casia_c:123:fb00,fb00,development,0,57,4,13.0,0.036262,detected_contacts,medium,0,57
casia_c,casia_c:123,casia_c:123:fb01,fb01,development,0,59,4,14.0,0.033672,detected_contacts,medium,0,59
casia_c,casia_c:123,casia_c:123:fn00,fn00,development,0,57,4,13.0,0.09594,detected_contacts,medium,0,57
casia_c,casia_c:123,casia_c:123:fn01,fn01,development,0,57,4,13.0,0.036262,detected_contacts,medium,0,57
casia_c,casia_c:123,casia_c:123:fn02,fn02,development,0,59,4,14.0,0.058321,detected_contacts,medium,0,59
casia_c,casia_c:123,casia_c:123:fn03,fn03,development,0,59,4,14.0,0.168359,detected_contacts,medium,0,59
casia_c,casia_c:123,casia_c:123:fq00,fq00,development,0,50,3,11.5,0.130435,detected_contacts,medium,0,50
casia_c,casia_c:123,casia_c:123:fq01,fq01,development,0,54,4,12.0,0.103935,detected_contacts,medium,0,54
casia_c,casia_c:123,casia_c:123:fs00,fs00,development,0,79,5,16.5,0.050252,detected_contacts,medium,0,79
casia_c,casia_c:123,casia_c:123:fs01,fs01,development,0,73,5,16.5,0.278969,detected_contacts,medium,0,73
casia_c,casia_c:124,casia_c:124:fb00,fb00,test,-1,62,5,13.0,0.133235,detected_contacts,medium,0,62
casia_c,casia_c:124,casia_c:124:fb01,fb01,test,-1,62,5,12.0,0.09081,detected_contacts,medium,0,62
casia_c,casia_c:124,casia_c:124:fn00,fn00,test,-1,63,4,13.0,0.0,detected_contacts,medium,0,63
casia_c,casia_c:124,casia_c:124:fn01,fn01,test,-1,65,5,13.0,0.230769,detected_contacts,medium,0,65
casia_c,casia_c:124,casia_c:124:fn02,fn02,test,-1,66,5,13.0,0.220945,detected_contacts,medium,0,66
casia_c,casia_c:124,casia_c:124:fn03,fn03,test,-1,61,5,12.5,0.04,detected_contacts,medium,0,61
casia_c,casia_c:124,casia_c:124:fq00,fq00,test,-1,54,5,12.0,0.144338,detected_contacts,medium,0,54
casia_c,casia_c:124,casia_c:124:fq01,fq01,test,-1,55,4,12.0,0.0,detected_contacts,medium,0,55
casia_c,casia_c:124,casia_c:124:fs00,fs00,test,-1,89,6,14.0,0.169031,detected_contacts,medium,0,89
casia_c,casia_c:124,casia_c:124:fs01,fs01,test,-1,84,6,15.0,0.157762,detected_contacts,medium,0,84
casia_c,casia_c:125,casia_c:125:fb00,fb00,development,1,53,4,12.0,0.039284,detected_contacts,medium,0,53
casia_c,casia_c:125,casia_c:125:fb01,fb01,development,1,57,4,13.0,0.0,detected_contacts,medium,0,57
casia_c,casia_c:125,casia_c:125:fn00,fn00,development,1,56,4,13.0,0.0,detected_contacts,medium,0,56
casia_c,casia_c:125,casia_c:125:fn01,fn01,development,1,58,4,13.0,0.0,detected_contacts,medium,0,58
casia_c,casia_c:125,casia_c:125:fn02,fn02,development,1,57,4,13.0,0.0,detected_contacts,medium,1,56
casia_c,casia_c:125,casia_c:125:fn03,fn03,development,1,57,4,13.0,0.036262,detected_contacts,medium,0,57
casia_c,casia_c:125,casia_c:125:fq00,fq00,development,1,51,4,12.0,0.0,detected_contacts,medium,0,51
casia_c,casia_c:125,casia_c:125:fq01,fq01,development,1,43,3,12.0,0.0,detected_contacts,medium,0,43
casia_c,casia_c:125,casia_c:125:fs00,fs00,development,1,77,5,14.0,0.030929,detected_contacts,medium,0,77
casia_c,casia_c:125,casia_c:125:fs01,fs01,development,1,72,5,13.5,0.061419,detected_contacts,medium,0,72
casia_c,casia_c:126,casia_c:126:fb00,fb00,development,4,61,4,13.0,0.062807,detected_contacts,medium,0,61
casia_c,casia_c:126,casia_c:126:fb01,fb01,development,4,61,4,13.0,0.036262,detected_contacts,medium,0,61
casia_c,casia_c:126,casia_c:126:fn00,fn00,development,4,64,5,13.0,0.054393,detected_contacts,medium,0,64
casia_c,casia_c:126,casia_c:126:fn01,fn01,development,4,61,4,13.0,0.036262,detected_contacts,medium,0,61
casia_c,casia_c:126,casia_c:126:fn02,fn02,development,4,59,4,13.0,0.036262,detected_contacts,medium,0,59
casia_c,casia_c:126,casia_c:126:fn03,fn03,development,4,58,4,13.0,0.036262,detected_contacts,medium,0,58
casia_c,casia_c:126,casia_c:126:fq00,fq00,development,4,47,3,12.0,0.166667,detected_contacts,medium,0,47
casia_c,casia_c:126,casia_c:126:fq01,fq01,development,4,47,3,12.5,0.04,detected_contacts,medium,0,47
casia_c,casia_c:126,casia_c:126:fs00,fs00,development,4,85,5,14.5,0.084465,detected_contacts,medium,0,85
casia_c,casia_c:126,casia_c:126:fs01,fs01,development,4,80,5,15.0,0.028868,detected_contacts,medium,0,80
casia_c,casia_c:127,casia_c:127:fb00,fb00,development,0,66,5,13.0,0.099926,detected_contacts,medium,0,66
casia_c,casia_c:127,casia_c:127:fb01,fb01,development,0,65,5,13.0,0.0,detected_contacts,medium,0,65
casia_c,casia_c:127,casia_c:127:fn00,fn00,development,0,65,5,12.5,0.04,detected_contacts,medium,0,65
casia_c,casia_c:127,casia_c:127:fn01,fn01,development,0,64,5,12.5,0.04,detected_contacts,medium,0,64
casia_c,casia_c:127,casia_c:127:fn02,fn02,development,0,65,5,12.5,0.04,detected_contacts,medium,0,65
casia_c,casia_c:127,casia_c:127:fn03,fn03,development,0,68,5,13.0,0.033309,detected_contacts,medium,0,68
casia_c,casia_c:127,casia_c:127:fq00,fq00,development,0,57,4,12.0,0.039284,detected_contacts,medium,0,57
casia_c,casia_c:127,casia_c:127:fq01,fq01,development,0,57,4,12.0,0.039284,detected_contacts,medium,0,57
casia_c,casia_c:127,casia_c:127:fs00,fs00,development,0,78,5,13.5,0.061419,detected_contacts,medium,0,78
casia_c,casia_c:127,casia_c:127:fs01,fs01,development,0,78,6,14.0,0.138505,detected_contacts,medium,0,78
casia_c,casia_c:128,casia_c:128:fb00,fb00,development,3,56,4,12.0,0.039284,detected_contacts,medium,0,56
casia_c,casia_c:128,casia_c:128:fb01,fb01,development,3,55,4,12.0,0.039284,detected_contacts,medium,0,55
casia_c,casia_c:128,casia_c:128:fn00,fn00,development,3,55,4,12.0,0.068041,detected_contacts,medium,0,55
casia_c,casia_c:128,casia_c:128:fn01,fn01,development,3,58,4,12.0,0.039284,detected_contacts,medium,0,58
casia_c,casia_c:128,casia_c:128:fn02,fn02,development,3,55,4,12.0,0.039284,detected_contacts,medium,0,55
casia_c,casia_c:128,casia_c:128:fn03,fn03,development,3,57,4,12.0,0.0,detected_contacts,medium,0,57
casia_c,casia_c:128,casia_c:128:fq00,fq00,development,3,51,4,11.0,0.0,detected_contacts,medium,0,51
casia_c,casia_c:128,casia_c:128:fq01,fq01,development,3,50,4,11.0,0.0,detected_contacts,medium,0,50
casia_c,casia_c:128,casia_c:128:fs00,fs00,development,3,75,5,13.5,0.037037,detected_contacts,medium,0,75
casia_c,casia_c:128,casia_c:128:fs01,fs01,development,3,77,6,14.0,0.114286,detected_contacts,medium,0,77
casia_c,casia_c:129,casia_c:129:fb00,fb00,test,-1,57,4,13.0,0.062807,detected_contacts,medium,0,57
casia_c,casia_c:129,casia_c:129:fb01,fb01,test,-1,58,4,13.0,0.036262,detected_contacts,medium,0,58
casia_c,casia_c:129,casia_c:129:fn00,fn00,test,-1,64,5,13.0,0.054393,detected_contacts,medium,0,64
casia_c,casia_c:129,casia_c:129:fn01,fn01,test,-1,64,5,12.5,0.04,detected_contacts,medium,0,64
casia_c,casia_c:129,casia_c:129:fn02,fn02,test,-1,59,4,13.0,0.036262,detected_contacts,medium,0,59
casia_c,casia_c:129,casia_c:129:fn03,fn03,test,-1,57,4,13.0,0.036262,detected_contacts,medium,0,57
casia_c,casia_c:129,casia_c:129:fq00,fq00,test,-1,47,4,12.0,0.039284,detected_contacts,medium,0,47
casia_c,casia_c:129,casia_c:129:fq01,fq01,test,-1,47,4,12.0,0.039284,detected_contacts,medium,0,47
casia_c,casia_c:129,casia_c:129:fs00,fs00,test,-1,72,5,14.0,0.030929,detected_contacts,medium,0,72
casia_c,casia_c:129,casia_c:129:fs01,fs01,test,-1,72,5,13.5,0.037037,detected_contacts,medium,0,72
casia_c,casia_c:130,casia_c:130:fb00,fb00,development,2,67,5,12.5,0.04,detected_contacts,medium,0,67
casia_c,casia_c:130,casia_c:130:fb01,fb01,development,2,65,5,12.5,0.04,detected_contacts,medium,0,65
casia_c,casia_c:130,casia_c:130:fn00,fn00,development,2,59,4,12.0,0.0,detected_contacts,medium,0,59
casia_c,casia_c:130,casia_c:130:fn01,fn01,development,2,67,5,12.0,0.036084,detected_contacts,medium,0,67
casia_c,casia_c:130,casia_c:130:fn02,fn02,development,2,67,5,13.0,0.033309,detected_contacts,medium,0,67
casia_c,casia_c:130,casia_c:130:fn03,fn03,development,2,65,5,12.5,0.066332,detected_contacts,medium,0,65
casia_c,casia_c:130,casia_c:130:fq00,fq00,development,2,64,5,12.0,0.036084,detected_contacts,medium,0,64
casia_c,casia_c:130,casia_c:130:fq01,fq01,development,2,59,5,12.0,0.036084,detected_contacts,medium,0,59
casia_c,casia_c:130,casia_c:130:fs00,fs00,development,2,90,6,15.0,0.161107,detected_contacts,medium,0,90
casia_c,casia_c:130,casia_c:130:fs01,fs01,development,2,90,6,14.0,0.034993,detected_contacts,medium,0,90
casia_c,casia_c:131,casia_c:131:fb00,fb00,test,-1,64,5,12.0,0.036084,detected_contacts,medium,0,64
casia_c,casia_c:131,casia_c:131:fb01,fb01,test,-1,65,5,12.5,0.066332,detected_contacts,medium,0,65
casia_c,casia_c:131,casia_c:131:fn00,fn00,test,-1,63,5,12.5,0.04,detected_contacts,medium,0,63
casia_c,casia_c:131,casia_c:131:fn01,fn01,test,-1,66,5,13.0,0.033309,detected_contacts,medium,0,66
casia_c,casia_c:131,casia_c:131:fn02,fn02,test,-1,66,5,12.5,0.04,detected_contacts,medium,0,66
casia_c,casia_c:131,casia_c:131:fn03,fn03,test,-1,65,5,12.0,0.036084,detected_contacts,medium,0,65
casia_c,casia_c:131,casia_c:131:fq00,fq00,test,-1,55,4,12.0,0.068041,detected_contacts,medium,0,55
casia_c,casia_c:131,casia_c:131:fq01,fq01,test,-1,53,4,12.0,0.039284,detected_contacts,medium,0,53
casia_c,casia_c:131,casia_c:131:fs00,fs00,test,-1,71,5,13.0,0.033309,detected_contacts,medium,0,71
casia_c,casia_c:131,casia_c:131:fs01,fs01,test,-1,68,5,13.0,0.0,detected_contacts,medium,0,68
casia_c,casia_c:132,casia_c:132:fb00,fb00,development,1,62,5,12.0,0.036084,detected_contacts,medium,0,62
casia_c,casia_c:132,casia_c:132:fb01,fb01,development,1,64,5,12.0,0.036084,detected_contacts,medium,0,64
casia_c,casia_c:132,casia_c:132:fn00,fn00,development,1,64,5,12.5,0.066332,detected_contacts,medium,0,64
casia_c,casia_c:132,casia_c:132:fn01,fn01,development,1,64,5,12.0,0.036084,detected_contacts,medium,0,64
casia_c,casia_c:132,casia_c:132:fn02,fn02,development,1,65,5,12.0,0.036084,detected_contacts,medium,0,65
casia_c,casia_c:132,casia_c:132:fn03,fn03,development,1,63,5,12.0,0.036084,detected_contacts,medium,0,63
casia_c,casia_c:132,casia_c:132:fq00,fq00,development,1,54,4,12.0,0.068041,detected_contacts,medium,0,54
casia_c,casia_c:132,casia_c:132:fq01,fq01,development,1,54,4,12.0,0.039284,detected_contacts,medium,0,54
casia_c,casia_c:132,casia_c:132:fs00,fs00,development,1,98,6,15.0,0.08,detected_contacts,medium,0,98
casia_c,casia_c:132,casia_c:132:fs01,fs01,development,1,89,6,15.0,0.06532,detected_contacts,medium,0,89
casia_c,casia_c:133,casia_c:133:fb00,fb00,development,0,56,4,13.0,0.036262,detected_contacts,medium,0,56
casia_c,casia_c:133,casia_c:133:fb01,fb01,development,0,57,4,13.0,0.036262,detected_contacts,medium,0,57
casia_c,casia_c:133,casia_c:133:fn00,fn00,development,0,65,4,14.0,0.033672,detected_contacts,medium,0,65
casia_c,casia_c:133,casia_c:133:fn01,fn01,development,0,60,4,13.0,0.036262,detected_contacts,medium,0,60
casia_c,casia_c:133,casia_c:133:fn02,fn02,development,0,58,4,13.0,0.036262,detected_contacts,medium,0,58
casia_c,casia_c:133,casia_c:133:fn03,fn03,development,0,59,4,14.0,0.033672,detected_contacts,medium,0,59
casia_c,casia_c:133,casia_c:133:fq00,fq00,development,0,55,4,13.0,0.0,detected_contacts,medium,0,55
casia_c,casia_c:133,casia_c:133:fq01,fq01,development,0,53,4,13.0,0.036262,detected_contacts,medium,0,53
casia_c,casia_c:133,casia_c:133:fs00,fs00,development,0,91,5,16.5,0.06776,detected_contacts,medium,0,91
casia_c,casia_c:133,casia_c:133:fs01,fs01,development,0,90,5,17.0,0.041595,detected_contacts,medium,0,90
casia_c,casia_c:134,casia_c:134:fb00,fb00,development,4,49,3,14.0,0.0,detected_contacts,medium,0,49
casia_c,casia_c:134,casia_c:134:fb01,fb01,development,4,54,4,13.0,0.036262,detected_contacts,medium,0,54
casia_c,casia_c:134,casia_c:134:fn00,fn00,development,4,62,4,14.0,0.033672,detected_contacts,medium,0,62
casia_c,casia_c:134,casia_c:134:fn01,fn01,development,4,60,4,14.0,0.033672,detected_contacts,medium,0,60
casia_c,casia_c:134,casia_c:134:fn02,fn02,development,4,59,4,14.0,0.033672,detected_contacts,medium,0,59
casia_c,casia_c:134,casia_c:134:fn03,fn03,development,4,58,4,14.0,0.0,detected_contacts,medium,0,58
casia_c,casia_c:134,casia_c:134:fq00,fq00,development,4,49,4,13.0,0.036262,detected_contacts,medium,0,49
casia_c,casia_c:134,casia_c:134:fq01,fq01,development,4,53,4,13.0,0.0,detected_contacts,medium,0,53
casia_c,casia_c:134,casia_c:134:fs00,fs00,development,4,73,4,15.0,0.0,detected_contacts,medium,0,73
casia_c,casia_c:134,casia_c:134:fs01,fs01,development,4,71,5,14.5,0.034483,detected_contacts,medium,0,71
casia_c,casia_c:135,casia_c:135:fb00,fb00,development,1,56,4,12.0,0.0,detected_contacts,medium,0,56
casia_c,casia_c:135,casia_c:135:fb01,fb01,development,1,58,5,12.0,0.0,detected_contacts,medium,0,58
casia_c,casia_c:135,casia_c:135:fn00,fn00,development,1,56,4,12.0,0.0,detected_contacts,medium,0,56
casia_c,casia_c:135,casia_c:135:fn01,fn01,development,1,53,4,12.0,0.039284,detected_contacts,medium,0,53
casia_c,casia_c:135,casia_c:135:fn02,fn02,development,1,54,4,12.0,0.039284,detected_contacts,medium,0,54
casia_c,casia_c:135,casia_c:135:fn03,fn03,development,1,64,5,12.5,0.066332,detected_contacts,medium,0,64
casia_c,casia_c:135,casia_c:135:fq00,fq00,development,1,51,4,12.0,0.039284,detected_contacts,medium,0,51
casia_c,casia_c:135,casia_c:135:fq01,fq01,development,1,48,4,11.0,0.042855,detected_contacts,medium,0,48
casia_c,casia_c:135,casia_c:135:fs00,fs00,development,1,80,6,13.0,0.057564,detected_contacts,medium,0,80
casia_c,casia_c:135,casia_c:135:fs01,fs01,development,1,81,6,13.0,0.061538,detected_contacts,medium,0,81
casia_c,casia_c:136,casia_c:136:fb00,fb00,test,-1,69,5,13.5,0.037037,detected_contacts,medium,0,69
casia_c,casia_c:136,casia_c:136:fb01,fb01,test,-1,69,5,13.5,0.037037,detected_contacts,medium,0,69
casia_c,casia_c:136,casia_c:136:fn00,fn00,test,-1,67,5,13.0,0.054393,detected_contacts,medium,0,67
casia_c,casia_c:136,casia_c:136:fn01,fn01,test,-1,69,5,13.5,0.037037,detected_contacts,medium,0,69
casia_c,casia_c:136,casia_c:136:fn02,fn02,test,-1,71,5,13.5,0.037037,detected_contacts,medium,0,71
casia_c,casia_c:136,casia_c:136:fn03,fn03,test,-1,63,4,14.0,0.033672,detected_contacts,medium,0,63
casia_c,casia_c:136,casia_c:136:fq00,fq00,test,-1,59,4,13.0,0.036262,detected_contacts,medium,0,59
casia_c,casia_c:136,casia_c:136:fq01,fq01,test,-1,58,4,13.0,0.062807,detected_contacts,medium,0,58
casia_c,casia_c:136,casia_c:136:fs00,fs00,test,-1,90,6,15.0,0.026667,detected_contacts,medium,0,90
casia_c,casia_c:136,casia_c:136:fs01,fs01,test,-1,96,6,15.0,0.049889,detected_contacts,medium,0,96
casia_c,casia_c:137,casia_c:137:fb00,fb00,development,2,51,4,12.0,0.039284,detected_contacts,medium,0,51
casia_c,casia_c:137,casia_c:137:fb01,fb01,development,2,51,4,12.0,0.068041,detected_contacts,medium,0,51
casia_c,casia_c:137,casia_c:137:fn00,fn00,development,2,52,4,12.0,0.0,detected_contacts,medium,0,52
casia_c,casia_c:137,casia_c:137:fn01,fn01,development,2,52,4,12.0,0.068041,detected_contacts,medium,0,52
casia_c,casia_c:137,casia_c:137:fn02,fn02,development,2,50,4,12.0,0.039284,detected_contacts,medium,0,50
casia_c,casia_c:137,casia_c:137:fn03,fn03,development,2,51,4,12.0,0.0,detected_contacts,medium,0,51
casia_c,casia_c:137,casia_c:137:fq00,fq00,development,2,40,3,11.0,0.090909,detected_contacts,medium,0,40
casia_c,casia_c:137,casia_c:137:fq01,fq01,development,2,40,3,11.0,0.0,detected_contacts,medium,0,40
casia_c,casia_c:137,casia_c:137:fs00,fs00,development,2,72,5,13.0,0.083825,detected_contacts,medium,0,72
casia_c,casia_c:137,casia_c:137:fs01,fs01,development,2,77,5,14.5,0.057183,detected_contacts,medium,0,77
casia_c,casia_c:138,casia_c:138:fb00,fb00,development,4,55,4,12.0,0.0,detected_contacts,medium,0,55
casia_c,casia_c:138,casia_c:138:fb01,fb01,development,4,52,4,12.0,0.039284,detected_contacts,medium,0,52
casia_c,casia_c:138,casia_c:138:fn00,fn00,development,4,53,4,12.0,0.039284,detected_contacts,medium,0,53
casia_c,casia_c:138,casia_c:138:fn01,fn01,development,4,55,4,12.0,0.039284,detected_contacts,medium,0,55
casia_c,casia_c:138,casia_c:138:fn02,fn02,development,4,55,4,12.0,0.039284,detected_contacts,medium,0,55
casia_c,casia_c:138,casia_c:138:fn03,fn03,development,4,54,4,12.0,0.0,detected_contacts,medium,0,54
casia_c,casia_c:138,casia_c:138:fq00,fq00,development,4,44,3,12.0,0.0,detected_contacts,medium,0,44
casia_c,casia_c:138,casia_c:138:fq01,fq01,development,4,44,3,11.5,0.043478,detected_contacts,medium,0,44
casia_c,casia_c:138,casia_c:138:fs00,fs00,development,4,71,5,13.5,0.037037,detected_contacts,medium,0,71
casia_c,casia_c:138,casia_c:138:fs01,fs01,development,4,69,5,13.5,0.037037,detected_contacts,medium,0,69
casia_c,casia_c:139,casia_c:139:fb00,fb00,development,0,60,4,13.0,0.036262,detected_contacts,medium,0,60
casia_c,casia_c:139,casia_c:139:fb01,fb01,development,0,64,5,13.0,0.066617,detected_contacts,medium,0,64
casia_c,casia_c:139,casia_c:139:fn00,fn00,development,0,63,4,13.0,0.062807,detected_contacts,medium,0,63
casia_c,casia_c:139,casia_c:139:fn01,fn01,development,0,61,5,12.0,0.117851,detected_contacts,medium,0,61
casia_c,casia_c:139,casia_c:139:fn02,fn02,development,0,57,4,13.0,0.036262,detected_contacts,medium,0,57
casia_c,casia_c:139,casia_c:139:fn03,fn03,development,0,63,5,12.0,0.036084,detected_contacts,medium,0,63
casia_c,casia_c:139,casia_c:139:fq00,fq00,development,0,54,4,12.0,0.0,detected_contacts,medium,0,54
casia_c,casia_c:139,casia_c:139:fq01,fq01,development,0,52,4,11.0,0.042855,detected_contacts,medium,0,52
casia_c,casia_c:139,casia_c:139:fs00,fs00,development,0,80,5,15.0,0.072648,detected_contacts,medium,0,80
casia_c,casia_c:139,casia_c:139:fs01,fs01,development,0,80,5,15.0,0.057735,detected_contacts,medium,0,80
casia_c,casia_c:140,casia_c:140:fb00,fb00,development,1,64,5,13.0,0.054393,detected_contacts,medium,0,64
casia_c,casia_c:140,casia_c:140:fb01,fb01,development,1,61,4,12.0,0.103935,detected_contacts,medium,0,61
casia_c,casia_c:140,casia_c:140:fn00,fn00,development,1,64,5,12.5,0.066332,detected_contacts,medium,0,64
casia_c,casia_c:140,casia_c:140:fn01,fn01,development,1,66,5,13.5,0.090722,detected_contacts,medium,0,66
casia_c,casia_c:140,casia_c:140:fn02,fn02,development,1,65,5,12.5,0.066332,detected_contacts,medium,0,65
casia_c,casia_c:140,casia_c:140:fn03,fn03,development,1,62,4,14.0,0.067344,detected_contacts,medium,0,62
casia_c,casia_c:140,casia_c:140:fq00,fq00,development,1,44,3,11.5,0.043478,detected_contacts,medium,0,44
casia_c,casia_c:140,casia_c:140:fq01,fq01,development,1,48,4,11.0,0.042855,detected_contacts,medium,0,48
casia_c,casia_c:140,casia_c:140:fs00,fs00,development,1,80,5,14.0,0.030929,detected_contacts,medium,0,80
casia_c,casia_c:140,casia_c:140:fs01,fs01,development,1,78,5,14.5,0.057183,detected_contacts,medium,0,78
casia_c,casia_c:141,casia_c:141:fb00,fb00,development,0,60,4,13.0,0.036262,detected_contacts,medium,0,60
casia_c,casia_c:141,casia_c:141:fb01,fb01,development,0,68,5,13.0,0.033309,detected_contacts,medium,0,68
casia_c,casia_c:141,casia_c:141:fn00,fn00,development,0,74,5,13.5,0.037037,detected_contacts,medium,0,74
casia_c,casia_c:141,casia_c:141:fn01,fn01,development,0,70,6,13.0,0.132343,detected_contacts,medium,0,70
casia_c,casia_c:141,casia_c:141:fn02,fn02,development,0,67,6,13.0,0.142671,detected_contacts,medium,0,67
casia_c,casia_c:141,casia_c:141:fn03,fn03,development,0,66,5,13.0,0.147714,detected_contacts,medium,0,66
casia_c,casia_c:141,casia_c:141:fq00,fq00,development,0,55,4,12.0,0.039284,detected_contacts,medium,0,55
casia_c,casia_c:141,casia_c:141:fq01,fq01,development,0,55,4,11.0,0.08571,detected_contacts,medium,0,55
casia_c,casia_c:141,casia_c:141:fs00,fs00,development,0,95,6,15.0,0.049889,detected_contacts,medium,0,95
casia_c,casia_c:141,casia_c:141:fs01,fs01,development,0,81,5,14.0,0.030929,detected_contacts,medium,0,81
casia_c,casia_c:142,casia_c:142:fb00,fb00,test,-1,63,5,12.5,0.04,detected_contacts,medium,0,63
casia_c,casia_c:142,casia_c:142:fb01,fb01,test,-1,65,5,13.0,0.033309,detected_contacts,medium,0,65
casia_c,casia_c:142,casia_c:142:fn00,fn00,test,-1,65,5,12.0,0.036084,detected_contacts,medium,0,65
casia_c,casia_c:142,casia_c:142:fn01,fn01,test,-1,64,5,13.0,0.033309,detected_contacts,medium,0,64
casia_c,casia_c:142,casia_c:142:fn02,fn02,test,-1,62,5,12.0,0.036084,detected_contacts,medium,0,62
casia_c,casia_c:142,casia_c:142:fn03,fn03,test,-1,63,5,12.0,0.036084,detected_contacts,medium,0,63
casia_c,casia_c:142,casia_c:142:fq00,fq00,test,-1,47,4,11.0,0.0,detected_contacts,medium,0,47
casia_c,casia_c:142,casia_c:142:fq01,fq01,test,-1,45,4,11.0,0.042855,detected_contacts,medium,0,45
casia_c,casia_c:142,casia_c:142:fs00,fs00,test,-1,88,6,15.0,0.049889,detected_contacts,medium,0,88
casia_c,casia_c:142,casia_c:142:fs01,fs01,test,-1,109,6,16.0,0.055902,detected_contacts,medium,0,109
casia_c,casia_c:143,casia_c:143:fb00,fb00,test,-1,77,6,13.0,0.057564,detected_contacts,medium,0,77
casia_c,casia_c:143,casia_c:143:fb01,fb01,test,-1,76,6,13.0,0.037684,detected_contacts,medium,0,76
casia_c,casia_c:143,casia_c:143:fn00,fn00,test,-1,79,6,13.0,0.030769,detected_contacts,medium,0,79
casia_c,casia_c:143,casia_c:143:fn01,fn01,test,-1,77,6,13.0,0.030769,detected_contacts,medium,0,77
casia_c,casia_c:143,casia_c:143:fn02,fn02,test,-1,80,6,13.0,0.030769,detected_contacts,medium,0,80
casia_c,casia_c:143,casia_c:143:fn03,fn03,test,-1,75,6,13.0,0.037684,detected_contacts,medium,0,75
casia_c,casia_c:143,casia_c:143:fq00,fq00,test,-1,63,5,11.0,0.039365,detected_contacts,medium,0,63
casia_c,casia_c:143,casia_c:143:fq01,fq01,test,-1,62,5,11.5,0.043478,detected_contacts,medium,0,62
casia_c,casia_c:143,casia_c:143:fs00,fs00,test,-1,88,6,13.0,0.061538,detected_contacts,medium,0,88
casia_c,casia_c:143,casia_c:143:fs01,fs01,test,-1,92,7,14.0,0.02662,detected_contacts,medium,0,92
casia_c,casia_c:144,casia_c:144:fb00,fb00,development,4,73,5,13.0,0.033309,detected_contacts,medium,0,73
casia_c,casia_c:144,casia_c:144:fb01,fb01,development,4,77,5,14.5,0.220797,detected_contacts,medium,0,77
casia_c,casia_c:144,casia_c:144:fn00,fn00,development,4,79,6,14.0,0.165369,detected_contacts,medium,0,79
casia_c,casia_c:144,casia_c:144:fn01,fn01,development,4,68,5,13.5,0.13858,detected_contacts,medium,0,68
casia_c,casia_c:144,casia_c:144:fn02,fn02,development,4,75,6,14.0,0.12289,detected_contacts,medium,0,75
casia_c,casia_c:144,casia_c:144:fn03,fn03,development,4,73,5,13.0,0.099926,detected_contacts,medium,0,73
casia_c,casia_c:144,casia_c:144:fq00,fq00,development,4,68,5,14.0,0.146167,detected_contacts,medium,0,68
casia_c,casia_c:144,casia_c:144:fq01,fq01,development,4,65,5,13.0,0.108786,detected_contacts,medium,0,65
casia_c,casia_c:144,casia_c:144:fs00,fs00,development,4,97,7,16.0,0.292595,detected_contacts,medium,0,97
casia_c,casia_c:144,casia_c:144:fs01,fs01,development,4,100,6,15.0,0.129271,detected_contacts,medium,0,100
casia_c,casia_c:145,casia_c:145:fb00,fb00,development,1,59,4,13.0,0.036262,detected_contacts,medium,0,59
casia_c,casia_c:145,casia_c:145:fb01,fb01,development,1,59,4,13.0,0.220572,detected_contacts,medium,0,59
casia_c,casia_c:145,casia_c:145:fn00,fn00,development,1,60,4,13.0,0.036262,detected_contacts,medium,0,60
casia_c,casia_c:145,casia_c:145:fn01,fn01,development,1,58,4,13.0,0.036262,detected_contacts,medium,0,58
casia_c,casia_c:145,casia_c:145:fn02,fn02,development,1,58,4,13.0,0.036262,detected_contacts,medium,0,58
casia_c,casia_c:145,casia_c:145:fn03,fn03,development,1,57,4,13.0,0.036262,detected_contacts,medium,0,57
casia_c,casia_c:145,casia_c:145:fq00,fq00,development,1,44,3,11.5,0.043478,detected_contacts,medium,0,44
casia_c,casia_c:145,casia_c:145:fq01,fq01,development,1,46,4,11.0,0.074227,detected_contacts,medium,0,46
casia_c,casia_c:145,casia_c:145:fs00,fs00,development,1,78,5,14.0,0.030929,detected_contacts,medium,0,78
casia_c,casia_c:145,casia_c:145:fs01,fs01,development,1,77,5,14.0,0.050508,detected_contacts,medium,0,77
casia_c,casia_c:146,casia_c:146:fb00,fb00,development,4,75,5,14.5,0.129023,detected_contacts,medium,0,75
casia_c,casia_c:146,casia_c:146:fb01,fb01,development,4,76,5,14.5,0.271518,detected_contacts,medium,0,76
casia_c,casia_c:146,casia_c:146:fn00,fn00,development,4,74,5,14.5,0.113059,detected_contacts,medium,0,74
casia_c,casia_c:146,casia_c:146:fn01,fn01,development,4,72,5,13.0,0.033309,detected_contacts,medium,0,72
casia_c,casia_c:146,casia_c:146:fn02,fn02,development,4,68,5,13.0,0.115385,detected_contacts,medium,0,68
casia_c,casia_c:146,casia_c:146:fn03,fn03,development,4,81,6,14.0,0.138505,detected_contacts,medium,0,81
casia_c,casia_c:146,casia_c:146:fq00,fq00,development,4,60,5,11.5,0.072101,detected_contacts,medium,0,60
casia_c,casia_c:146,casia_c:146:fq01,fq01,development,4,58,5,11.5,0.179265,detected_contacts,medium,0,58
casia_c,casia_c:146,casia_c:146:fs00,fs00,development,4,108,8,14.0,0.147871,detected_contacts,medium,0,108
casia_c,casia_c:146,casia_c:146:fs01,fs01,development,4,109,7,14.0,0.487369,detected_contacts,low,0,109
casia_c,casia_c:147,casia_c:147:fb00,fb00,development,2,68,4,13.0,0.09594,detected_contacts,medium,0,68
casia_c,casia_c:147,casia_c:147:fb01,fb01,development,2,63,4,13.0,0.188422,detected_contacts,medium,0,63
casia_c,casia_c:147,casia_c:147:fn00,fn00,development,2,66,5,13.5,0.061419,detected_contacts,medium,0,66
casia_c,casia_c:147,casia_c:147:fn01,fn01,development,2,63,5,12.5,0.04,detected_contacts,medium,0,63
casia_c,casia_c:147,casia_c:147:fn02,fn02,development,2,65,5,13.5,0.090722,detected_contacts,medium,0,65
casia_c,casia_c:147,casia_c:147:fn03,fn03,development,2,66,5,13.5,0.13858,detected_contacts,medium,0,66
casia_c,casia_c:147,casia_c:147:fq00,fq00,development,2,46,4,12.0,0.039284,detected_contacts,medium,0,46
casia_c,casia_c:147,casia_c:147:fq01,fq01,development,2,44,4,11.0,0.042855,detected_contacts,medium,0,44
casia_c,casia_c:147,casia_c:147:fs00,fs00,development,2,89,4,17.0,0.446267,detected_contacts,low,0,89
casia_c,casia_c:147,casia_c:147:fs01,fs01,development,2,91,4,17.0,0.402797,detected_contacts,low,0,91
casia_c,casia_c:148,casia_c:148:fb00,fb00,development,4,56,4,13.0,0.062807,detected_contacts,medium,0,56
casia_c,casia_c:148,casia_c:148:fb01,fb01,development,4,54,4,12.0,0.141639,detected_contacts,medium,0,54
casia_c,casia_c:148,casia_c:148:fn00,fn00,development,4,57,4,13.0,0.036262,detected_contacts,medium,0,57
casia_c,casia_c:148,casia_c:148:fn01,fn01,development,4,59,4,13.0,0.036262,detected_contacts,medium,0,59
casia_c,casia_c:148,casia_c:148:fn02,fn02,development,4,57,4,13.0,0.062807,detected_contacts,medium,0,57
casia_c,casia_c:148,casia_c:148:fn03,fn03,development,4,56,4,13.0,0.0,detected_contacts,medium,0,56
casia_c,casia_c:148,casia_c:148:fq00,fq00,development,4,45,4,11.0,0.042855,detected_contacts,medium,0,45
casia_c,casia_c:148,casia_c:148:fq01,fq01,development,4,46,4,11.0,0.074227,detected_contacts,medium,0,46
casia_c,casia_c:148,casia_c:148:fs00,fs00,development,4,94,5,15.5,0.053494,detected_contacts,medium,0,94
casia_c,casia_c:148,casia_c:148:fs01,fs01,development,4,86,5,15.5,0.053494,detected_contacts,medium,0,86
casia_c,casia_c:149,casia_c:149:fb00,fb00,development,2,56,4,12.0,0.039284,detected_contacts,medium,0,56
casia_c,casia_c:149,casia_c:149:fb01,fb01,development,2,58,4,13.0,0.036262,detected_contacts,medium,0,58
casia_c,casia_c:149,casia_c:149:fn00,fn00,development,2,58,4,13.0,0.062807,detected_contacts,medium,0,58
casia_c,casia_c:149,casia_c:149:fn01,fn01,development,2,57,4,13.0,0.062807,detected_contacts,medium,0,57
casia_c,casia_c:149,casia_c:149:fn02,fn02,development,2,60,4,14.0,0.101015,detected_contacts,medium,0,60
casia_c,casia_c:149,casia_c:149:fn03,fn03,development,2,58,4,13.0,0.062807,detected_contacts,medium,0,58
casia_c,casia_c:149,casia_c:149:fq00,fq00,development,2,51,4,12.0,0.068041,detected_contacts,medium,0,51
casia_c,casia_c:149,casia_c:149:fq01,fq01,development,2,48,4,12.0,0.039284,detected_contacts,medium,0,48
casia_c,casia_c:149,casia_c:149:fs00,fs00,development,2,96,6,16.0,0.10155,detected_contacts,medium,0,96
casia_c,casia_c:149,casia_c:149:fs01,fs01,development,2,82,5,15.5,0.153861,detected_contacts,medium,0,82
casia_c,casia_c:150,casia_c:150:fb00,fb00,development,4,65,4,14.0,0.089087,detected_contacts,medium,0,65
casia_c,casia_c:150,casia_c:150:fb01,fb01,development,4,66,5,13.0,0.099926,detected_contacts,medium,0,66
casia_c,casia_c:150,casia_c:150:fn00,fn00,development,4,64,4,14.0,0.033672,detected_contacts,medium,0,64
casia_c,casia_c:150,casia_c:150:fn01,fn01,development,4,66,4,13.0,0.072524,detected_contacts,medium,0,66
casia_c,casia_c:150,casia_c:150:fn02,fn02,development,4,64,5,13.5,0.061419,detected_contacts,medium,0,64
casia_c,casia_c:150,casia_c:150:fn03,fn03,development,4,63,4,13.0,0.036262,detected_contacts,medium,0,63
casia_c,casia_c:150,casia_c:150:fq00,fq00,development,4,52,4,12.0,0.068041,detected_contacts,medium,0,52
casia_c,casia_c:150,casia_c:150:fq01,fq01,development,4,50,4,12.0,0.039284,detected_contacts,medium,0,50
casia_c,casia_c:150,casia_c:150:fs00,fs00,development,4,94,5,17.0,0.131533,detected_contacts,medium,0,94
casia_c,casia_c:150,casia_c:150:fs01,fs01,development,4,83,5,16.5,0.138037,detected_contacts,medium,0,83
casia_c,casia_c:151,casia_c:151:fb00,fb00,development,3,72,5,13.0,0.054393,detected_contacts,medium,0,72
casia_c,casia_c:151,casia_c:151:fb01,fb01,development,3,69,6,12.0,0.163299,detected_contacts,medium,0,69
casia_c,casia_c:151,casia_c:151:fn00,fn00,development,3,74,5,13.5,0.037037,detected_contacts,medium,0,74
casia_c,casia_c:151,casia_c:151:fn01,fn01,development,3,70,5,12.5,0.09798,detected_contacts,medium,0,70
casia_c,casia_c:151,casia_c:151:fn02,fn02,development,3,75,6,13.0,0.124985,detected_contacts,medium,0,75
casia_c,casia_c:151,casia_c:151:fn03,fn03,development,3,70,5,13.0,0.033309,detected_contacts,medium,0,70
casia_c,casia_c:151,casia_c:151:fq00,fq00,development,3,49,4,11.0,0.042855,detected_contacts,medium,0,49
casia_c,casia_c:151,casia_c:151:fq01,fq01,development,3,48,4,10.0,0.094281,detected_contacts,medium,0,48
casia_c,casia_c:151,casia_c:151:fs00,fs00,development,3,115,7,17.5,0.135023,detected_contacts,medium,0,115
casia_c,casia_c:151,casia_c:151:fs01,fs01,development,3,111,8,14.0,0.369608,detected_contacts,low,0,111
casia_c,casia_c:152,casia_c:152:fb00,fb00,test,-1,68,4,14.0,0.089087,detected_contacts,medium,0,68
casia_c,casia_c:152,casia_c:152:fb01,fb01,test,-1,61,4,14.0,0.121405,detected_contacts,medium,0,61
casia_c,casia_c:152,casia_c:152:fn00,fn00,test,-1,71,5,14.0,0.030929,detected_contacts,medium,0,71
casia_c,casia_c:152,casia_c:152:fn01,fn01,test,-1,69,5,14.0,0.050508,detected_contacts,medium,0,69
casia_c,casia_c:152,casia_c:152:fn02,fn02,test,-1,73,5,14.5,0.220797,detected_contacts,medium,0,73
casia_c,casia_c:152,casia_c:152:fn03,fn03,test,-1,72,5,13.5,0.061419,detected_contacts,medium,0,72
casia_c,casia_c:152,casia_c:152:fq00,fq00,test,-1,52,4,12.0,0.068041,detected_contacts,medium,0,52
casia_c,casia_c:152,casia_c:152:fq01,fq01,test,-1,53,4,11.0,0.042855,detected_contacts,medium,0,53
casia_c,casia_c:152,casia_c:152:fs00,fs00,test,-1,100,6,17.0,0.101204,detected_contacts,medium,0,100
casia_c,casia_c:152,casia_c:152:fs01,fs01,test,-1,92,6,16.0,0.139194,detected_contacts,medium,0,92
casia_c,casia_c:153,casia_c:153:fb00,fb00,development,1,77,5,14.5,0.103448,detected_contacts,medium,0,77
casia_c,casia_c:153,casia_c:153:fb01,fb01,development,1,80,5,14.5,0.124329,detected_contacts,medium,0,80
casia_c,casia_c:153,casia_c:153:fn00,fn00,development,1,67,5,13.5,0.061419,detected_contacts,medium,0,67
casia_c,casia_c:153,casia_c:153:fn01,fn01,development,1,66,5,13.0,0.054393,detected_contacts,medium,0,66
casia_c,casia_c:153,casia_c:153:fn02,fn02,development,1,68,5,13.5,0.109557,detected_contacts,medium,0,68
casia_c,casia_c:153,casia_c:153:fn03,fn03,development,1,72,5,14.0,0.061859,detected_contacts,medium,0,72
casia_c,casia_c:153,casia_c:153:fq00,fq00,development,1,44,3,11.5,0.043478,detected_contacts,medium,0,44
casia_c,casia_c:153,casia_c:153:fq01,fq01,development,1,49,4,12.0,0.039284,detected_contacts,medium,0,49
casia_c,casia_c:153,casia_c:153:fs00,fs00,development,1,122,7,15.5,0.367641,detected_contacts,low,0,122
casia_c,casia_c:153,casia_c:153:fs01,fs01,development,1,118,7,18.5,0.264196,detected_contacts,medium,0,118
