collection,current_relative_path,current_class,source_dataset_a_path,source_class,label_relation,sha256
Gait Train,Gait/Train/heel_strike/fyc-00_3-056.png,heel_strike,heel_strike/fyc-00_3-056.png,heel_strike,agreement,AFF62A894923400D775F03E3D08E78E32B919024092359B9EB400C9D50A496BB
Gait Train,Gait/Train/heel_strike/fyc-00_4-051.png,heel_strike,heel_strike/fyc-00_4-051.png,heel_strike,agreement,576C377A11F2A0B49368BD771AFB5A17958068943D972A838A14BDE8D8808F37
Gait Train,Gait/Train/heel_strike/fyc-00_4-065.png,heel_strike,heel_strike/fyc-00_4-065.png,heel_strike,agreement,18ECF9FCE961A2C1DDF8F8E9230BA6BDBEE95FAEF0D7DA07F2209CBC8CBB66AE
Gait Train,Gait/Train/heel_strike/hy-00_2-005.png,heel_strike,heel_strike/hy-00_2-005.png,heel_strike,agreement,BAE3408A16C6DA210520DCCDFBEA49C7E8C1811839D998A36BA87EA0EE81061F
Gait Train,Gait/Train/heel_strike/hy-00_2-019.png,heel_strike,heel_strike/hy-00_2-019.png,heel_strike,agreement,5062253168AE80EE9FEA1C66E34A9C0DAC0A368F521E2BDC664681BC17B7DE55
Gait Train,Gait/Train/heel_strike/hy-00_2-035.png,heel_strike,heel_strike/hy-00_2-035.png,heel_strike,agreement,CF634648EF90402AEEB2771DEA32296148E1261E1DD9F88256C1B66686BB83CA
Gait Train,Gait/Train/heel_strike/hy-00_2-047.png,heel_strike,heel_strike/hy-00_2-047.png,heel_strike,agreement,DFFCB692AFAB470CD6F723CAC65F02B79288D70C4FB22FA53876786F710A2E76
Gait Train,Gait/Train/heel_strike/hy-00_2-059.png,heel_strike,heel_strike/hy-00_2-059.png,heel_strike,agreement,3D1DCF00F7933212E0FDBF4D7F5178CC0E177EA990ADE3AEE52A10260BF5E06B
Gait Train,Gait/Train/heel_strike/hy-00_3-008.png,heel_strike,heel_strike/hy-00_3-008.png,heel_strike,agreement,0036F8582F955A6D23CB005787D55241CC2AF58F154796C9218635099B7139D2
Gait Train,Gait/Train/heel_strike/hy-00_3-009.png,heel_strike,heel_strike/hy-00_3-009.png,heel_strike,agreement,9C9516269903E2911C90C69B7AED843DECA0A5C8B266B766D4C4141002ED648C
Gait Train,Gait/Train/heel_strike/hy-00_3-010.png,heel_strike,heel_strike/hy-00_3-010.png,heel_strike,agreement,D8F9A0546923B0CEB2050206B3C52691302E6756C3D86AA4BF970AD63930C62E
Gait Train,Gait/Train/heel_strike/hy-00_3-011.png,heel_strike,heel_strike/hy-00_3-011.png,heel_strike,agreement,D13CA69774F1E911422EC51EDAE775E4B6BDE578F7CA9CD9D4A263CADDD932D0
Gait Train,Gait/Train/heel_strike/hy-00_3-023.png,heel_strike,heel_strike/hy-00_3-023.png,heel_strike,agreement,2B27CA7B1C76AF4EEDB5B1CDF07EE3F62C5338D27E2F9B0F5BD0A888E7A454C9
Gait Train,Gait/Train/heel_strike/hy-00_3-024.png,heel_strike,heel_strike/hy-00_3-024.png,heel_strike,agreement,E0CE8B9F9A6C37D7CBDA4FA312E0C284CF95B3DB075C2C3291138C792B4FC082
Gait Train,Gait/Train/heel_strike/hy-00_3-035.png,heel_strike,heel_strike/hy-00_3-035.png,heel_strike,agreement,A65821C9EC3FD389F8F7E4BA7A70412897894E6DBDC7F8ED719B5306D4E15BA4
Gait Train,Gait/Train/heel_strike/hy-00_3-036.png,heel_strike,heel_strike/hy-00_3-036.png,heel_strike,agreement,D2BD496F92CD94BBD4CFC0A55DEFAD97CA42CE9A3DAF1F015F30579B78C96128
Gait Train,Gait/Train/heel_strike/hy-00_3-048.png,heel_strike,heel_strike/hy-00_3-048.png,heel_strike,agreement,576D26B0B35CC9B26289F9045D1105A344B1CC58E9BF918DEB27CA4F749FD5A9
Gait Train,Gait/Train/heel_strike/hy-00_3-049.png,heel_strike,heel_strike/hy-00_3-049.png,heel_strike,agreement,207BD7DE28BDF6537BB337060443C9B7609E7FFE8B3DC6EEF2410F1DECA910B8
Gait Train,Gait/Train/heel_strike/hy-00_4-005.png,heel_strike,heel_strike/hy-00_4-005.png,heel_strike,agreement,5FEA08125CDCA21E552E2D316A2BE90F2BEB3D4A7D6001648EEE82422E267419
Gait Train,Gait/Train/heel_strike/hy-00_4-006.png,heel_strike,heel_strike/hy-00_4-006.png,heel_strike,agreement,AA95F1E08D2C96F122C0B71D471BD7CCCFB6733D2F83A5C4B259397D67D6DF7F
Gait Train,Gait/Train/heel_strike/hy-00_4-019.png,heel_strike,heel_strike/hy-00_4-019.png,heel_strike,agreement,4CD88F6066D4C214D640EF6E7EFB0BAD2E0E68C1F9AE105E018F2D4B63B961AC
Gait Train,Gait/Train/heel_strike/hy-00_4-020.png,heel_strike,heel_strike/hy-00_4-020.png,heel_strike,agreement,5A4DD92F37CABC13E7507178CE427BCE9E0A062C9FC1455F488BF1591138F96F
Gait Train,Gait/Train/heel_strike/hy-00_4-031.png,heel_strike,heel_strike/hy-00_4-031.png,heel_strike,agreement,0A0DADF477751BCB884CABFB9325B36E2550F4422177D8DCD14B2284258B197D
Gait Train,Gait/Train/heel_strike/hy-00_4-032.png,heel_strike,heel_strike/hy-00_4-032.png,heel_strike,agreement,DA125ACB0B14CCA4792DCABC921D55846AC2064A7CA4239A0B39104A2147D1EA
Gait Train,Gait/Train/heel_strike/hy-00_4-044.png,heel_strike,heel_strike/hy-00_4-044.png,heel_strike,agreement,1034BE7F449D84F1E6900B6DCDFBDA45573EC7F3C63194FD3AB1F0B47A46986B
Gait Train,Gait/Train/heel_strike/hy-00_4-057.png,heel_strike,heel_strike/hy-00_4-057.png,heel_strike,agreement,2251DC8DB570F25FB63C72E67E2CAAAC2D84AB7669895F4C4B646351F9083BD4
Gait Train,Gait/Train/heel_strike/ljg-00_1-010.png,heel_strike,heel_strike/ljg-00_1-010.png,heel_strike,agreement,5AAF1AE0429C4813DCC8B1D5422BE6E49BD2473CC9A14DE0BC05D5F47EE98BAC
Gait Train,Gait/Train/heel_strike/ljg-00_1-011.png,heel_strike,heel_strike/ljg-00_1-011.png,heel_strike,agreement,4837E8F6D1748AB8744EA9F9222CBFC2E283C95BA8FFAE74A5309648AD245DD7
Gait Train,Gait/Train/heel_strike/ljg-00_1-025.png,heel_strike,heel_strike/ljg-00_1-025.png,heel_strike,agreement,69600416653B88B9214D55F8DDD7F0B14366A96DF6D8EB9BDA999A959EA45F81
Gait Train,Gait/Train/heel_strike/ljg-00_1-026.png,heel_strike,heel_strike/ljg-00_1-026.png,heel_strike,agreement,372A4852D7BB190F979A91D3DCE6E7CA7FB2126A9632A609B1ECE5418E98F7EA
Gait Train,Gait/Train/heel_strike/ljg-00_1-039.png,heel_strike,heel_strike/ljg-00_1-039.png,heel_strike,agreement,5409E3C4F893DBE74650B91932E84FE47AE12404EBB887871A0A752CFEC85C2D
Gait Train,Gait/Train/heel_strike/ljg-00_1-040.png,heel_strike,heel_strike/ljg-00_1-040.png,heel_strike,agreement,5D9322D39F61032BB74CFFBF08BCF35EA0C07684A38494764BED75E37B22BCA4
Gait Train,Gait/Train/heel_strike/ljg-00_1-041.png,heel_strike,heel_strike/ljg-00_1-041.png,heel_strike,agreement,D4551FB695A28692A4F720E5CC209387A6D8C8D09662991D9BBAE88C2C777905
Gait Train,Gait/Train/heel_strike/ljg-00_1-052.png,heel_strike,heel_strike/ljg-00_1-052.png,heel_strike,agreement,7F279B8E3647C6238B3C05061968C2C7032507EC6133E80EE084AC55DA6244B0
Gait Train,Gait/Train/heel_strike/ljg-00_1-053.png,heel_strike,heel_strike/ljg-00_1-053.png,heel_strike,agreement,FEF0E66AB06AE93CF75E28155B89B40A3E8F866BC091D365968F341A283C2B7F
Gait Train,Gait/Train/heel_strike/ljg-00_1-053.png,heel_strike,other/ljg-00_1-051.png,other,conflict,FEF0E66AB06AE93CF75E28155B89B40A3E8F866BC091D365968F341A283C2B7F
Gait Train,Gait/Train/heel_strike/ljg-00_1-054.png,heel_strike,heel_strike/ljg-00_1-054.png,heel_strike,agreement,4C962F30EF38C8269CC4BC254E1337F4E2D2167D637D778AF7A4CB9CA8C2AEA4
Gait Train,Gait/Train/heel_strike/ljg-00_1-055.png,heel_strike,heel_strike/ljg-00_1-055.png,heel_strike,agreement,69BD06756D3868F76F73DA8B0BC72AA50B1A1EFE5A002000C516E58543C08F24
Gait Train,Gait/Train/heel_strike/ljg-00_2-001.png,heel_strike,heel_strike/ljg-00_2-001.png,heel_strike,agreement,1B30BD94DE5D7B6E09E1ABDCBB1830470FA9380CA6BD3622F4FB0753D205B703
Gait Train,Gait/Train/heel_strike/ljg-00_2-002.png,heel_strike,heel_strike/ljg-00_2-002.png,heel_strike,agreement,9A3F227B572267366981AB3C719006EBAF557C7C487C953606DB2B65F3314DAF
Gait Train,Gait/Train/heel_strike/ljg-00_2-017.png,heel_strike,heel_strike/ljg-00_2-017.png,heel_strike,agreement,C325727AD9864408B24DF4D763012CCDB19FB937280ABDCEA47C76053F65518B
Gait Train,Gait/Train/heel_strike/ljg-00_2-018.png,heel_strike,heel_strike/ljg-00_2-018.png,heel_strike,agreement,582BB243E7A432057A4ADDA2A569A0766CE8E96888FF153DB467F0AC7AFB8A52
Gait Train,Gait/Train/heel_strike/ljg-00_2-031.png,heel_strike,heel_strike/ljg-00_2-031.png,heel_strike,agreement,032674DD14DF89127250E5CDACB611FEA351778CB6843A1EA97D840C1BC07952
Gait Train,Gait/Train/heel_strike/ljg-00_2-046.png,heel_strike,heel_strike/ljg-00_2-046.png,heel_strike,agreement,D4CF57E0187FFAF8ACB836047DEA66B06308AF555850F3376A38269B722A1451
Gait Train,Gait/Train/heel_strike/ljg-00_2-047.png,heel_strike,heel_strike/ljg-00_2-047.png,heel_strike,agreement,6B7FCE5A64943D026923665EDB9A00C0DE80DC9B7A96C511B3D6A5B5C3C889DB
Gait Train,Gait/Train/heel_strike/ljg-00_2-060.png,heel_strike,heel_strike/ljg-00_2-060.png,heel_strike,agreement,2C2AFAD16990BAD6BCCEAA325FEC858DDE82A596BB54224C5BBE5339A3EC2CD3
Gait Train,Gait/Train/heel_strike/ljg-00_2-061.png,heel_strike,heel_strike/ljg-00_2-061.png,heel_strike,agreement,6BC98130F32444331991774723B35CC31313C45049FAF58CAE30ABAE01EB2DB2
Gait Train,Gait/Train/heel_strike/ljg-00_3-004.png,heel_strike,heel_strike/ljg-00_3-004.png,heel_strike,agreement,46089053B54EF1B94B365270E8C72C30416F1E0968EE2B6202CDC5BA8ABF444C
Gait Train,Gait/Train/heel_strike/ljg-00_3-017.png,heel_strike,heel_strike/ljg-00_3-017.png,heel_strike,agreement,C2EF5062AE55C03221FC211E601A448C15BD91021F0479C0DDDE8FF2D031DA9A
Gait Train,Gait/Train/heel_strike/ljg-00_3-018.png,heel_strike,heel_strike/ljg-00_3-018.png,heel_strike,agreement,32AEB0C883A087BC4037F0C7D91BD62722B1951883554394E8F2BACE8A8F4CA4
Gait Train,Gait/Train/heel_strike/ljg-00_3-019.png,heel_strike,heel_strike/ljg-00_3-019.png,heel_strike,agreement,02856C557DB58439A1D53A794118151A2974B616E3CE2983B5CDB8BE39541E2F
Gait Train,Gait/Train/heel_strike/ljg-00_3-032.png,heel_strike,heel_strike/ljg-00_3-032.png,heel_strike,agreement,A030DC38FCF87E371173148D14CD8379DDCAB8025681849A3AC9C59A6FA69758
Gait Train,Gait/Train/heel_strike/ljg-00_3-033.png,heel_strike,heel_strike/ljg-00_3-033.png,heel_strike,agreement,254E095AD417C86E289BEE46DDC4113FBBAB52443AA6A9289705CB7DF75F001E
Gait Train,Gait/Train/heel_strike/ljg-00_3-046.png,heel_strike,heel_strike/ljg-00_3-046.png,heel_strike,agreement,FFB98F1DBFE524393B6B58F9324E2A0C679D16D52969581E9C036892CD5B7C61
Gait Train,Gait/Train/heel_strike/ljg-00_3-047.png,heel_strike,heel_strike/ljg-00_3-047.png,heel_strike,agreement,6128C8AA984A9DF3B5AF7E81EA27E300CA105C08C40EC7F0EE779A041344B232
Gait Train,Gait/Train/heel_strike/ljg-00_3-061.png,heel_strike,heel_strike/ljg-00_3-061.png,heel_strike,agreement,3F570950357206CC1309E4AC3C5CF64BA02F4670CF78AA4C68615836301C4BE8
Gait Train,Gait/Train/heel_strike/ljg-00_3-062.png,heel_strike,heel_strike/ljg-00_3-062.png,heel_strike,agreement,17692F0D697DB2A5A6DC3C1B00FF09012B99623D9A282DDB93D93F5E20971645
Gait Train,Gait/Train/heel_strike/ljg-00_4-001.png,heel_strike,heel_strike/ljg-00_4-001.png,heel_strike,agreement,BA2E7EB01921D923C1CA40CCA09DEA685E210B03A5458D942FCF9BB3E6E0E128
Gait Train,Gait/Train/heel_strike/ljg-00_4-002.png,heel_strike,heel_strike/ljg-00_4-002.png,heel_strike,agreement,C962361D4CDE8A73D6BE6AFA024E52AFB4C56E73D82062A1C69D7251D50D2215
Gait Train,Gait/Train/heel_strike/ljg-00_4-003.png,heel_strike,heel_strike/ljg-00_4-003.png,heel_strike,agreement,E938DC6FE196C43C22E51DDE4F09266BA00F409422A596C4311B48A8FB925B3E
Gait Train,Gait/Train/heel_strike/ljg-00_4-017.png,heel_strike,heel_strike/ljg-00_4-017.png,heel_strike,agreement,6A02925E4D822F4FFF2BCCD4A7B6C894139AB72DDF3A35C82AB906D5068CECA9
Gait Train,Gait/Train/heel_strike/ljg-00_4-029.png,heel_strike,heel_strike/ljg-00_4-029.png,heel_strike,agreement,811E5233631397110C689F1BB396A55852B028CA820A3095D1CE2892419FFF45
Gait Train,Gait/Train/heel_strike/ljg-00_4-044.png,heel_strike,heel_strike/ljg-00_4-044.png,heel_strike,agreement,D1787994B162B24DC30A083FF4EC81608A10EBAA13A3901C986D10A031136583
Gait Train,Gait/Train/heel_strike/ljg-00_4-057.png,heel_strike,heel_strike/ljg-00_4-057.png,heel_strike,agreement,D681A8971629FD5A3E49A74A5C7A0AA174FB5AF76A4F3E426A8B1F3BE87E9BB6
Gait Train,Gait/Train/heel_strike/lqf-00_1-009.png,heel_strike,heel_strike/lqf-00_1-009.png,heel_strike,agreement,B8E67D734F7642797B89D1F4D5AF3247F3165B6D0D9984FCA2F62878CA70808D
Gait Train,Gait/Train/heel_strike/lqf-00_1-010.png,heel_strike,heel_strike/lqf-00_1-010.png,heel_strike,agreement,C4753CC1CE7D3639AE0B21469A119D19376EC060D350E8B34269CD29B4712A77
Gait Train,Gait/Train/heel_strike/lqf-00_1-021.png,heel_strike,heel_strike/lqf-00_1-021.png,heel_strike,agreement,4DBFF1174E4A64423D26205F153E3B23970925921302088372769BA4AB6DCE9E
Gait Train,Gait/Train/heel_strike/lqf-00_1-022.png,heel_strike,heel_strike/lqf-00_1-022.png,heel_strike,agreement,BEC3F67D6A56C07F0281D1813F81116EFD79F33CC6A57EE497AF43432FAA8DB5
Gait Train,Gait/Train/heel_strike/lqf-00_1-036.png,heel_strike,heel_strike/lqf-00_1-036.png,heel_strike,agreement,1C3E1C0A905AAE39680E234CEC0AB653FCC2AE02F80836BEBD0B108402158BA8
Gait Train,Gait/Train/heel_strike/lqf-00_1-048.png,heel_strike,heel_strike/lqf-00_1-048.png,heel_strike,agreement,878B3A75850AAA74507805041F37EDB1DAFF7B0A83A95B8DAB28C974CB6B691E
Gait Train,Gait/Train/heel_strike/lqf-00_1-049.png,heel_strike,heel_strike/lqf-00_1-049.png,heel_strike,agreement,1F3D3C7A34B89527B649765BB7BA7F9BDB2957D34B4C120995366D536D849922
Gait Train,Gait/Train/heel_strike/lqf-00_2-005.png,heel_strike,heel_strike/lqf-00_2-005.png,heel_strike,agreement,243B24D37F1DB09D73FD7B1E56239C3EDDEE2B9D14AAF337C1C1AC92F64D5A8A
Gait Train,Gait/Train/heel_strike/lqf-00_2-006.png,heel_strike,heel_strike/lqf-00_2-006.png,heel_strike,agreement,39F2D76BFFA4D77653F87FFFDC4C9F3C544F5A16A51E8C2A9236CF8BE75E5670
Gait Train,Gait/Train/heel_strike/lqf-00_2-007.png,heel_strike,heel_strike/lqf-00_2-007.png,heel_strike,agreement,8D3985E5E7ABC93800099D2D6189B4F529D568CCFEA7A914263AB0F103EDD648
Gait Train,Gait/Train/heel_strike/lqf-00_2-020.png,heel_strike,heel_strike/lqf-00_2-020.png,heel_strike,agreement,44E63EA9B43BD80E89A302E166238D45BB94054D81FA66226A29D6606956EEC0
Gait Train,Gait/Train/heel_strike/lqf-00_2-021.png,heel_strike,heel_strike/lqf-00_2-021.png,heel_strike,agreement,47F8648856916C0AAE82A3CC8268A19708FA72FF04C0C1F02E46047C7D0E0408
Gait Train,Gait/Train/heel_strike/lqf-00_2-033.png,heel_strike,heel_strike/lqf-00_2-033.png,heel_strike,agreement,98C7468DD082974E39078CD63E0EEEBD9B9C22CE5FB25587A58BE4047164F654
Gait Train,Gait/Train/heel_strike/lqf-00_2-034.png,heel_strike,heel_strike/lqf-00_2-034.png,heel_strike,agreement,85289553B314AE166DBC2E4BC255E4E47E0450EFC13C7FC00A76FED25B76D054
Gait Train,Gait/Train/heel_strike/lqf-00_2-047.png,heel_strike,heel_strike/lqf-00_2-047.png,heel_strike,agreement,A3A319749E3AD9BAF5E05405BED5A03156F37BA0B3E2142FFF3F0C86E45388A9
Gait Train,Gait/Train/heel_strike/lqf-00_2-060.png,heel_strike,heel_strike/lqf-00_2-060.png,heel_strike,agreement,31881C319D78127ECAAF2362A41390990F31ED278FFC195767BFD9CB5E95320C
Gait Train,Gait/Train/heel_strike/lqf-00_2-061.png,heel_strike,heel_strike/lqf-00_2-061.png,heel_strike,agreement,813225C3C0F3C15D5AE430CF50BDC1335D4A4FF9E277FA08452EC1051BF5CC8D
Gait Train,Gait/Train/heel_strike/lqf-00_3-012.png,heel_strike,heel_strike/lqf-00_3-012.png,heel_strike,agreement,0A7A009738E6B5D89D8CFAA1FDE3D2299A37F20831EA0F27A045A2556A5985E9
Gait Train,Gait/Train/heel_strike/lqf-00_3-012.png,heel_strike,other/lqf-00_3-011.png,other,conflict,0A7A009738E6B5D89D8CFAA1FDE3D2299A37F20831EA0F27A045A2556A5985E9
Gait Train,Gait/Train/heel_strike/lqf-00_3-013.png,heel_strike,heel_strike/lqf-00_3-013.png,heel_strike,agreement,82B458A0179A2ECC204F650148C63E45DAFB92F4B8A9C7CE118CB40A689B6A65
Gait Train,Gait/Train/heel_strike/lqf-00_3-014.png,heel_strike,heel_strike/lqf-00_3-014.png,heel_strike,agreement,A3A318ACDC3D41FDBD38A1E3A80A5AFDB16AD015E9D13C4D17C16F0730A372FE
Gait Train,Gait/Train/heel_strike/lqf-00_3-030.png,heel_strike,heel_strike/lqf-00_3-030.png,heel_strike,agreement,00FBB1DE3D6B030C085211C06DC920989CF0BE3854038F120959292087F20B9F
Gait Train,Gait/Train/heel_strike/lqf-00_3-030.png,heel_strike,other/lqf-00_3-029.png,other,conflict,00FBB1DE3D6B030C085211C06DC920989CF0BE3854038F120959292087F20B9F
Gait Train,Gait/Train/heel_strike/lqf-00_3-031.png,heel_strike,heel_strike/lqf-00_3-031.png,heel_strike,agreement,88B45CC2BBAA517AE1455B3726E61190967F128BE3B59B1100FE67176A6DAC3D
Gait Train,Gait/Train/heel_strike/lqf-00_3-047.png,heel_strike,heel_strike/lqf-00_3-047.png,heel_strike,agreement,5CF2B7D996AFF10BC0750A846FAC70730BA52B3BC9EF9557827F42143C65DA3F
Gait Train,Gait/Train/heel_strike/lqf-00_3-062.png,heel_strike,heel_strike/lqf-00_3-062.png,heel_strike,agreement,4FB1EFFFDC496BC3AB368265FC0DBFB19344011894B34665934CA44D7ABE5373
Gait Train,Gait/Train/heel_strike/lqf-00_3-063.png,heel_strike,heel_strike/lqf-00_3-063.png,heel_strike,agreement,2BF9E7A89F28478F0B35622B1FCC68E862A9F434D124E0F2785A168D02DFD1C5
Gait Train,Gait/Train/heel_strike/lqf-00_3-064.png,heel_strike,heel_strike/lqf-00_3-064.png,heel_strike,agreement,DBDE81FC10F383335CEA275210E27CE34E401BCF9E785557544410F6E9CE5DF1
Gait Train,Gait/Train/heel_strike/lqf-00_4-005.png,heel_strike,heel_strike/lqf-00_4-005.png,heel_strike,agreement,D14C088798F60250DCEFEA9450910A6A72EFC01452A51B6DED02B449578D037D
Gait Train,Gait/Train/heel_strike/lqf-00_4-006.png,heel_strike,heel_strike/lqf-00_4-006.png,heel_strike,agreement,BCBD061EF12150FCDEB7F15F58EEA9C757F4A709A20ADF3BDA36ABD7FCE3D3DC
Gait Train,Gait/Train/heel_strike/lqf-00_4-020.png,heel_strike,heel_strike/lqf-00_4-020.png,heel_strike,agreement,3C6F8FA292A49489498B46E4A8B86ACD548AB51A3310B8A831F6ECD3D07231B7
Gait Train,Gait/Train/heel_strike/lqf-00_4-031.png,heel_strike,heel_strike/lqf-00_4-031.png,heel_strike,agreement,D4E4542A5F344AC19C5F10BC3B04F78B534196ACA32FCFFA5F9523BCA3E80CC7
Gait Train,Gait/Train/heel_strike/lqf-00_4-032.png,heel_strike,heel_strike/lqf-00_4-032.png,heel_strike,agreement,9FEDE0E0CE8E0EBBDF6838D3F2DC64A4A3B75AA414E34CA2245FE8017882F9B3
Gait Train,Gait/Train/heel_strike/lqf-00_4-033.png,heel_strike,heel_strike/lqf-00_4-033.png,heel_strike,agreement,0748EC31E0ECC37BE353857497FB25BE358A83DE1E7CA11FB2C90D8AF5506442
Gait Train,Gait/Train/heel_strike/lqf-00_4-046.png,heel_strike,heel_strike/lqf-00_4-046.png,heel_strike,agreement,4279DA8BBC4C21DDB4F405A7A17F46E33D89D601BC23DBFC90F7312835027B3F
Gait Train,Gait/Train/heel_strike/lqf-00_4-059.png,heel_strike,heel_strike/lqf-00_4-059.png,heel_strike,agreement,6258107B6AEBEF9840427BFA1781B2DFAB6ED2D6F4D2245DB54B251110B74F48
Gait Train,Gait/Train/heel_strike/lqf-00_4-060.png,heel_strike,heel_strike/lqf-00_4-060.png,heel_strike,agreement,11F5B78D44D90AB895BE5FB5359D67FB6EE7168270269135D2BF801B5A5638C9
Gait Train,Gait/Train/heel_strike/lsl-00_1-009.png,heel_strike,heel_strike/lsl-00_1-009.png,heel_strike,agreement,0DA01281FB38716D03600C338E76230406B550089F867928D22A5CB669D5DE71
Gait Train,Gait/Train/heel_strike/lsl-00_1-022.png,heel_strike,heel_strike/lsl-00_1-022.png,heel_strike,agreement,2605D6FBA2E55E9660E08D17CBCC8CBC616CDE0F43564D3759BB0D34C155DD25
Gait Train,Gait/Train/heel_strike/lsl-00_1-035.png,heel_strike,heel_strike/lsl-00_1-035.png,heel_strike,agreement,AE7518E0E464CF13A154A405737185C3BC0EC527F58E38FEE658BAA141F38C25
Gait Train,Gait/Train/heel_strike/lsl-00_1-036.png,heel_strike,heel_strike/lsl-00_1-036.png,heel_strike,agreement,78E320FF471F96B409DDBA8DC0615D4C37D2E780126466FBB76C2CDF3E4FA9E6
Gait Train,Gait/Train/heel_strike/lsl-00_1-049.png,heel_strike,heel_strike/lsl-00_1-049.png,heel_strike,agreement,12F0DA77220A116D49E25B91F167D57666BCB264DA944819AB511D0F5EF18E4B
Gait Train,Gait/Train/heel_strike/lsl-00_1-050.png,heel_strike,heel_strike/lsl-00_1-050.png,heel_strike,agreement,D37A04C94BF97239934C7978F6327FFE897AA4C9984DBB0DB0EE92959DBE304D
Gait Train,Gait/Train/heel_strike/lsl-00_2-005.png,heel_strike,heel_strike/lsl-00_2-005.png,heel_strike,agreement,DCF4B61E0F15CF48EC9F1224617F86D3F5225D716EF92A6E786480E7A5EF1C26
Gait Train,Gait/Train/heel_strike/lsl-00_2-006.png,heel_strike,heel_strike/lsl-00_2-006.png,heel_strike,agreement,B53EF13B13A4622C0EE999885DAB43F605CDBAF0C888BAE6D4455AA7A008A756
Gait Train,Gait/Train/heel_strike/lsl-00_2-007.png,heel_strike,heel_strike/lsl-00_2-007.png,heel_strike,agreement,D039D2EDF751A6419E12DF408CABE951DE70217C3CA57B15B6A4AC2C83DF3B40
Gait Train,Gait/Train/heel_strike/lsl-00_2-008.png,heel_strike,heel_strike/lsl-00_2-008.png,heel_strike,agreement,602C818212D7C1936310E2A11E8ED55B7C995DDDA058044EC2754E9D53DBC2BE
Gait Train,Gait/Train/heel_strike/lsl-00_2-020.png,heel_strike,heel_strike/lsl-00_2-020.png,heel_strike,agreement,9B527976115EDBAFAA6BEBAB930CEA2C8BBB3D485854EE89B3D9B5F83F0FCCFD
Gait Train,Gait/Train/heel_strike/lsl-00_2-035.png,heel_strike,heel_strike/lsl-00_2-035.png,heel_strike,agreement,25641FA94F61FC450164041308B513082BE151C2D281F41E3BD0BE6DA37AD86C
Gait Train,Gait/Train/heel_strike/lsl-00_2-048.png,heel_strike,heel_strike/lsl-00_2-048.png,heel_strike,agreement,8D33A1AC8CF7A369C4AD0CBA67C1CA8F802A770E34E091968C37696F83BC5D22
Gait Train,Gait/Train/heel_strike/lsl-00_2-049.png,heel_strike,heel_strike/lsl-00_2-049.png,heel_strike,agreement,F94BA13B1BB953BF1195815D9DED54B5C2DC42D0AB8227B62115A614F4373BC1
Gait Train,Gait/Train/heel_strike/lsl-00_3-008.png,heel_strike,heel_strike/lsl-00_3-008.png,heel_strike,agreement,DAB335F23EB1AE6D08699BC6A7B96358119DBD4E3059AD2239F627EA0EFE293D
Gait Train,Gait/Train/heel_strike/lsl-00_3-009.png,heel_strike,heel_strike/lsl-00_3-009.png,heel_strike,agreement,EF2AFE3707E98E6893EC7216961300A162876313DD6E0E89430622817711846D
Gait Train,Gait/Train/heel_strike/lsl-00_3-010.png,heel_strike,heel_strike/lsl-00_3-010.png,heel_strike,agreement,B7A0F11DE31E6363094E0D1C679888761CBE67C2BF3F7033837A33699F0DF0B8
Gait Train,Gait/Train/heel_strike/lsl-00_3-023.png,heel_strike,heel_strike/lsl-00_3-023.png,heel_strike,agreement,7E5685596891B633FC4D15EC9CD3D7D24BAC74C978D17C2BEF9092BF25AA767A
Gait Train,Gait/Train/heel_strike/lsl-00_3-024.png,heel_strike,heel_strike/lsl-00_3-024.png,heel_strike,agreement,1882CB2FA9AA2C5219319488EC2A03534168ED755B6F105920F3C3F965ADD6F6
Gait Train,Gait/Train/heel_strike/lsl-00_3-038.png,heel_strike,heel_strike/lsl-00_3-038.png,heel_strike,agreement,D591C13C1494F92FA68B013F99B5C65E5E952555BF6F7F231BE0F750EC3C49DF
Gait Train,Gait/Train/heel_strike/lsl-00_3-051.png,heel_strike,heel_strike/lsl-00_3-051.png,heel_strike,agreement,8A26C0688A343B43F8D17B9A08F42D523FAA245BAC823B42D127418A51A68054
Gait Train,Gait/Train/heel_strike/lsl-00_3-052.png,heel_strike,heel_strike/lsl-00_3-052.png,heel_strike,agreement,C9A055339404C1080B160A68702536770995084EFB7E973898293BA5C3C7751A
Gait Train,Gait/Train/heel_strike/lsl-00_3-053.png,heel_strike,heel_strike/lsl-00_3-053.png,heel_strike,agreement,360482DD446A74AD5B03035EA8081FE1F2BA4EE7DCA28A784214D2887D9E9C31
Gait Train,Gait/Train/heel_strike/lsl-00_4-004.png,heel_strike,heel_strike/lsl-00_4-004.png,heel_strike,agreement,592C5EDFB930116350642396D7E245E1E419C2F5F57A10B56705887FDD81B177
Gait Train,Gait/Train/heel_strike/lsl-00_4-005.png,heel_strike,heel_strike/lsl-00_4-005.png,heel_strike,agreement,BB9E30A03D2A5A765A4CC2CFEDEBDBB3A8FC6CA40EF40AC818E82567E93FD676
Gait Train,Gait/Train/heel_strike/lsl-00_4-017.png,heel_strike,heel_strike/lsl-00_4-017.png,heel_strike,agreement,E0D60867DD790A8DF0BD099EA52157350026232829DEFB7FFA1760DE310DDBE3
Gait Train,Gait/Train/heel_strike/lsl-00_4-018.png,heel_strike,heel_strike/lsl-00_4-018.png,heel_strike,agreement,CC0BEA592674C562E8D8C44D05A440C102AB38039BA1CADDE4F54BAB6751C6A4
Gait Train,Gait/Train/heel_strike/lsl-00_4-019.png,heel_strike,heel_strike/lsl-00_4-019.png,heel_strike,agreement,D93355224AED2CFD14E739E5E7E8955E9A109643AD6D945D4FE1E2379301D2D7
Gait Train,Gait/Train/heel_strike/lsl-00_4-032.png,heel_strike,heel_strike/lsl-00_4-032.png,heel_strike,agreement,56B3E88AC7A4AAE0D37E45C4F8C33FAC3783AE1C4D84AF1D10D553AC33D9DCDD
Gait Train,Gait/Train/heel_strike/lsl-00_4-045.png,heel_strike,heel_strike/lsl-00_4-045.png,heel_strike,agreement,F9FAC7828E2E88B86F247E4A36C2224FBF10B35AC6651435AADB0CC78497518C
Gait Train,Gait/Train/heel_strike/lsl-00_4-046.png,heel_strike,heel_strike/lsl-00_4-046.png,heel_strike,agreement,ACA33DC777852CE5F7E0AD9B09D515E362C2770F7BFCE23400D79589FF537DF8
Gait Train,Gait/Train/heel_strike/lsl-00_4-060.png,heel_strike,heel_strike/lsl-00_4-060.png,heel_strike,agreement,3655570F4A7E56EAC5BD6ECC08694952B05EFA026469A0DDE6F724AEAF77CEEE
Gait Train,Gait/Train/heel_strike/lsl-00_4-061.png,heel_strike,heel_strike/lsl-00_4-061.png,heel_strike,agreement,246065A338B347B9B77460C16A0277900BDD488C30CCC5C3109B17FCCF077798
Gait Train,Gait/Train/heel_strike/ml-00_1-006.png,heel_strike,heel_strike/ml-00_1-006.png,heel_strike,agreement,383D33F27392CC6C368BAF6F40F391BABA559AA9B2C39516A7156711A4F56749
Gait Train,Gait/Train/heel_strike/ml-00_1-007.png,heel_strike,heel_strike/ml-00_1-007.png,heel_strike,agreement,CA1121C9811FF7AA23EAEEDEED4321CBCC8BB8C5AC4C3FDF7E454120E2925377
Gait Train,Gait/Train/heel_strike/ml-00_1-019.png,heel_strike,heel_strike/ml-00_1-019.png,heel_strike,agreement,E41E54E0262E6E03C178B4BCBDA9814CAD4016935ED465A596742FB679C3E7D3
Gait Train,Gait/Train/heel_strike/ml-00_1-031.png,heel_strike,heel_strike/ml-00_1-031.png,heel_strike,agreement,6F261DE6297E5CFC4204D78F6184C359F52AB52126562F659AEBC0211920EEBA
Gait Train,Gait/Train/heel_strike/ml-00_1-032.png,heel_strike,heel_strike/ml-00_1-032.png,heel_strike,agreement,5EBDF4698DFEFC98FFC76579F7655686F219E66B764C1E8F4C075C7749433429
Gait Train,Gait/Train/heel_strike/ml-00_1-044.png,heel_strike,heel_strike/ml-00_1-044.png,heel_strike,agreement,A3C1B68FEFB4AECE77BEBEC32F77BB2978B1F343038F7F1D7EE06C3937B33639
Gait Train,Gait/Train/heel_strike/ml-00_1-045.png,heel_strike,heel_strike/ml-00_1-045.png,heel_strike,agreement,36669EA89F90CEEBD6C87A0534418BB286922E74CF7BEB59BCF79E56FA608C6A
Gait Train,Gait/Train/heel_strike/ml-00_1-057.png,heel_strike,heel_strike/ml-00_1-057.png,heel_strike,agreement,78A76B2D05C68DB4F7F1BD59687D88235CB967C3113F4EA67D1C0F288CEB7B6A
Gait Train,Gait/Train/heel_strike/ml-00_2-002.png,heel_strike,heel_strike/ml-00_2-002.png,heel_strike,agreement,DD8308A2CD16559601989C45960D8ED462407456889A9F1C23F19E5BB8D63AFB
Gait Train,Gait/Train/heel_strike/ml-00_2-003.png,heel_strike,heel_strike/ml-00_2-003.png,heel_strike,agreement,DDF6822915DAABE021E9A389EE03D08FA3B9D7B95735F371940D214CA9A08008
Gait Train,Gait/Train/heel_strike/ml-00_2-016.png,heel_strike,heel_strike/ml-00_2-016.png,heel_strike,agreement,E2E6182DCC2FB51A74EBF0F85ABDB42274D09C310DE7914009F9DE671CEE412A
Gait Train,Gait/Train/heel_strike/ml-00_2-028.png,heel_strike,heel_strike/ml-00_2-028.png,heel_strike,agreement,6C256680403EF94EE7A15B01CDA96D0016F5041780446C83EEA7E70D8732D5D0
Gait Train,Gait/Train/heel_strike/ml-00_2-042.png,heel_strike,heel_strike/ml-00_2-042.png,heel_strike,agreement,88DBFF670A67112425CD08A11AF1BFCF17F3BBBE237F4B459D82A42811733A2E
Gait Train,Gait/Train/heel_strike/ml-00_2-054.png,heel_strike,heel_strike/ml-00_2-054.png,heel_strike,agreement,581D2507B404C7504AC58D11AE118B28E6FAAE5168A90DE73A8E28DDC44B8E4A
Gait Train,Gait/Train/heel_strike/ml-00_2-055.png,heel_strike,heel_strike/ml-00_2-055.png,heel_strike,agreement,A7E07D1E81E809A3D31C1F19979A985F89CB2A0D5AA197BA8816E914CFF9A76D
Gait Train,Gait/Train/heel_strike/ml-00_3-003.png,heel_strike,heel_strike/ml-00_3-003.png,heel_strike,agreement,1DCD7E42630D6EF40B2DF4741F50AD977772988B189B43FB2580E5FD22166C6C
Gait Train,Gait/Train/heel_strike/ml-00_3-004.png,heel_strike,heel_strike/ml-00_3-004.png,heel_strike,agreement,E4581C02F8A9B90578DD11CAEA03CAA2B5D11EB16A8FDE0B7C7DE3C18AA9A376
Gait Train,Gait/Train/heel_strike/ml-00_3-017.png,heel_strike,heel_strike/ml-00_3-017.png,heel_strike,agreement,08D277E75E683CC74976C22E4C7FAC17F0B0C9B12FF68CBD2AA1F6EFC92B76D9
Gait Train,Gait/Train/heel_strike/ml-00_3-030.png,heel_strike,heel_strike/ml-00_3-030.png,heel_strike,agreement,B611E574F758C367D4525E4F3A85AE083CFE93670A22E87197B8873995234062
Gait Train,Gait/Train/heel_strike/ml-00_3-042.png,heel_strike,heel_strike/ml-00_3-042.png,heel_strike,agreement,25967FCFAC36FEF22E30CA7061275491EA1834C5FF1D4C4F6FF72517CED167BE
Gait Train,Gait/Train/heel_strike/ml-00_3-043.png,heel_strike,heel_strike/ml-00_3-043.png,heel_strike,agreement,A5A7BDF78AE140E8A35D174FDB35D9C56FA6B26A3A958DFB1291E669A3A0F672
Gait Train,Gait/Train/heel_strike/ml-00_3-056.png,heel_strike,heel_strike/ml-00_3-056.png,heel_strike,agreement,3B6ECE0431606E361A79F28F5A0A8D27771F30F1D686916E54950E62D099A7AD
Gait Train,Gait/Train/heel_strike/ml-00_4-008.png,heel_strike,heel_strike/ml-00_4-008.png,heel_strike,agreement,AF77F07F8664AE5926B77B8E7B101AF6C6D1555DD79C42F361C5FA87159DA688
Gait Train,Gait/Train/heel_strike/ml-00_4-021.png,heel_strike,heel_strike/ml-00_4-021.png,heel_strike,agreement,9B623E8B2DBCCAF5D575E5FE45D5D423E06A389A88E70599041023CC35EC23DD
Gait Train,Gait/Train/heel_strike/ml-00_4-033.png,heel_strike,heel_strike/ml-00_4-033.png,heel_strike,agreement,D17DA452C096C2FFBAA03ABC328FBCC2E3CECB0B805D961828DA738EB601817C
Gait Train,Gait/Train/heel_strike/ml-00_4-045.png,heel_strike,heel_strike/ml-00_4-045.png,heel_strike,agreement,66D8D718404038C83F416A015E8F72EDB8C1F40EB346E619D639D02C135B5C07
Gait Train,Gait/Train/heel_strike/nhz-00_1-008.png,heel_strike,heel_strike/nhz-00_1-008.png,heel_strike,agreement,A2F4C870191E1BA93D65AD5124870851CD2C23C9DADFD58E22DE3EF189EB7F60
Gait Train,Gait/Train/heel_strike/nhz-00_1-009.png,heel_strike,heel_strike/nhz-00_1-009.png,heel_strike,agreement,946BA0D899FBC78ABBAACEC53F9A6423F50DD510B16DFFF52491C4ADA2E427B9
Gait Train,Gait/Train/heel_strike/nhz-00_1-019.png,heel_strike,heel_strike/nhz-00_1-019.png,heel_strike,agreement,B28F03AE586BABABAB1421EC57B92CE1903C5BABFF4538DC5B508E5A3E6C1E05
Gait Train,Gait/Train/heel_strike/nhz-00_1-020.png,heel_strike,heel_strike/nhz-00_1-020.png,heel_strike,agreement,AE81075458812330C7645CDC0121496CA6A08ED018FD554A49BCAA51715C4098
Gait Train,Gait/Train/heel_strike/nhz-00_1-021.png,heel_strike,heel_strike/nhz-00_1-021.png,heel_strike,agreement,38183C90533F7169E553C1C2A0DA570C99E659C19598A20A10E2541C92CDE9F8
Gait Train,Gait/Train/heel_strike/nhz-00_1-022.png,heel_strike,heel_strike/nhz-00_1-022.png,heel_strike,agreement,4502F590032AFC5811D34174E3C26345035B401A62F185FCC40433DE5B64ABC1
Gait Train,Gait/Train/heel_strike/nhz-00_1-033.png,heel_strike,heel_strike/nhz-00_1-033.png,heel_strike,agreement,49715F3D515EB58E371DBB805D59F401378EAC309A71E365A2D1121B8BC841A5
Gait Train,Gait/Train/heel_strike/nhz-00_1-034.png,heel_strike,heel_strike/nhz-00_1-034.png,heel_strike,agreement,9C0005908C5F91C2E8492E179DEA4569A64D2E7CF50BDEFF407C1ADD009D9828
Gait Train,Gait/Train/heel_strike/nhz-00_1-035.png,heel_strike,heel_strike/nhz-00_1-035.png,heel_strike,agreement,D6956F799854973445906B72390F0DAC461B00612BD9C8043F264B009039F7E0
Gait Train,Gait/Train/heel_strike/nhz-00_1-047.png,heel_strike,heel_strike/nhz-00_1-047.png,heel_strike,agreement,567082FA49BFD34ED70B972C753EBEE028C87C92C1FA64A0B200DAFBB9445FC5
Gait Train,Gait/Train/heel_strike/nhz-00_1-048.png,heel_strike,heel_strike/nhz-00_1-048.png,heel_strike,agreement,2FEE739788D06DBC1251517D34F091DB65F928C98201DE200276BC4F5389CCA1
Gait Train,Gait/Train/heel_strike/nhz-00_2-009.png,heel_strike,heel_strike/nhz-00_2-009.png,heel_strike,agreement,740001E8479219AA3DDEDE370E29916623FA44DA957DA59D0DD15F58B87CD6E8
Gait Train,Gait/Train/heel_strike/nhz-00_2-010.png,heel_strike,heel_strike/nhz-00_2-010.png,heel_strike,agreement,0734007C50C813F3DB6C02F35C938FF28ACA7021579E6A6722DCDC33C7CA5A65
Gait Train,Gait/Train/heel_strike/nhz-00_2-022.png,heel_strike,heel_strike/nhz-00_2-022.png,heel_strike,agreement,70A99B516C28619639A82F1D59C4FFDAEE1AEC6E87E46AACA07B449698E0E5B5
Gait Train,Gait/Train/heel_strike/nhz-00_2-023.png,heel_strike,heel_strike/nhz-00_2-023.png,heel_strike,agreement,B5272E7EA4B533A2035E3CA186A4213A18D21673FD0216BCE55DBF798B581A63
Gait Train,Gait/Train/heel_strike/nhz-00_2-036.png,heel_strike,heel_strike/nhz-00_2-036.png,heel_strike,agreement,237A0CC6789D260C92CD389A4F2F2070348A97F7D00CD92907818B74752A9EDF
Gait Train,Gait/Train/heel_strike/nhz-00_2-037.png,heel_strike,heel_strike/nhz-00_2-037.png,heel_strike,agreement,CB4BC4B2004281A30588816539F8A389226968B71771400E64E2FBC0D3B681AA
Gait Train,Gait/Train/heel_strike/nhz-00_2-050.png,heel_strike,heel_strike/nhz-00_2-050.png,heel_strike,agreement,3CCB7C5A9944D4D242EF076110C62106FA20364DCA232483D573F3DA4892AAC4
Gait Train,Gait/Train/heel_strike/nhz-00_2-051.png,heel_strike,heel_strike/nhz-00_2-051.png,heel_strike,agreement,6CACAE7F3C739DAAFDF8DB533080879D91546A69C003BC7868F19B96AD9F29E6
Gait Train,Gait/Train/heel_strike/nhz-00_3-005.png,heel_strike,heel_strike/nhz-00_3-005.png,heel_strike,agreement,79F081F729B0AECAF90AA1CBDCE4F32CB2228395E3B8DD5B6D379EC4C9698B9F
Gait Train,Gait/Train/heel_strike/nhz-00_3-018.png,heel_strike,heel_strike/nhz-00_3-018.png,heel_strike,agreement,62A70C6BDFEE8F98A0241B45ED73CFCD0DE50838DD5A511E95D1E18D6CF16D23
Gait Train,Gait/Train/heel_strike/nhz-00_3-019.png,heel_strike,heel_strike/nhz-00_3-019.png,heel_strike,agreement,268E7D98B700D77F1E0735D51577BD21B8A2C44752A2643B16507CA5992228BB
Gait Train,Gait/Train/heel_strike/nhz-00_3-031.png,heel_strike,heel_strike/nhz-00_3-031.png,heel_strike,agreement,38DC771D09BB8C445064B1C28DE39BBC9C8BDA23B62A441EFEC8ACABB1A8640D
Gait Train,Gait/Train/heel_strike/nhz-00_3-044.png,heel_strike,heel_strike/nhz-00_3-044.png,heel_strike,agreement,F9BB52F2B2AC719B9651B5CA10A5047677088492CBAFF98A8441CF36EF4E1D98
Gait Train,Gait/Train/heel_strike/nhz-00_3-045.png,heel_strike,heel_strike/nhz-00_3-045.png,heel_strike,agreement,92914E2CC648F1EA2136264B487EC944F4A1E2D92E1D892CD3499D6A34702BEA
Gait Train,Gait/Train/heel_strike/nhz-00_3-057.png,heel_strike,heel_strike/nhz-00_3-057.png,heel_strike,agreement,77AC7949900998BB3FEA7D46793720B7115EF2626AF5F7CC98A86FB2AC43DDF3
Gait Train,Gait/Train/heel_strike/nhz-00_4-008.png,heel_strike,heel_strike/nhz-00_4-008.png,heel_strike,agreement,50D6CC281D29EC0597241A37A946A939ED06B12C18EB0F12915B0DFCCEFE7D22
Gait Train,Gait/Train/heel_strike/nhz-00_4-009.png,heel_strike,heel_strike/nhz-00_4-009.png,heel_strike,agreement,12E3238B3FEADF971A378C6A9D98647BDD56FAC774CE5C2707BD12D8C7CC6316
Gait Train,Gait/Train/heel_strike/nhz-00_4-010.png,heel_strike,heel_strike/nhz-00_4-010.png,heel_strike,agreement,E3C23C957E794168DFF727EBBBD5D35164E2961C9C80C788EBE310DBBC7068E9
Gait Train,Gait/Train/heel_strike/nhz-00_4-023.png,heel_strike,heel_strike/nhz-00_4-023.png,heel_strike,agreement,2C2663EB3F84C4D01AE28F0430D6C45A936094F56D3EB76E365EAFDC32149A6A
Gait Train,Gait/Train/heel_strike/nhz-00_4-024.png,heel_strike,heel_strike/nhz-00_4-024.png,heel_strike,agreement,6F14C90D628965ABE89747A8E5D029BFF1563307600BA52B7B8EFB055FCAE860
Gait Train,Gait/Train/heel_strike/nhz-00_4-038.png,heel_strike,heel_strike/nhz-00_4-038.png,heel_strike,agreement,C7268E101FE20A45B48D55115158D0E40554394860AF0949541240DD3B197365
Gait Train,Gait/Train/heel_strike/nhz-00_4-049.png,heel_strike,heel_strike/nhz-00_4-049.png,heel_strike,agreement,60F0153E49CA30327B4EB56B6DF724CA45C70ED9BA95D555D22E87C1A598D090
Gait Train,Gait/Train/heel_strike/nhz-00_4-050.png,heel_strike,heel_strike/nhz-00_4-050.png,heel_strike,agreement,A2C731B697978D044AD285C6BF88AF9F61E0BF83050F083A6AD6D145FDB28B88
Gait Train,Gait/Train/heel_strike/rj-00_1-010.png,heel_strike,heel_strike/rj-00_1-010.png,heel_strike,agreement,86AFD022403503A8DFC8051B4AB0C72DA5DED5D0929ABCDE7C9E9D1F85AA9514
Gait Train,Gait/Train/heel_strike/rj-00_1-021.png,heel_strike,heel_strike/rj-00_1-021.png,heel_strike,agreement,757254A3D78D98AA744D71B40436675F221719AD8AB86E55127895D32C5D44DA
Gait Train,Gait/Train/heel_strike/rj-00_1-022.png,heel_strike,heel_strike/rj-00_1-022.png,heel_strike,agreement,A967678EE405A9B81ECC8C9727B794F459F7D64EFE8C8DBA58FDE871EE262E5F
Gait Train,Gait/Train/heel_strike/rj-00_1-032.png,heel_strike,heel_strike/rj-00_1-032.png,heel_strike,agreement,3260144C890F6693DF0630B60A885A27BD2A53D56B99775EB97279E1675D8089
Gait Train,Gait/Train/heel_strike/rj-00_1-033.png,heel_strike,heel_strike/rj-00_1-033.png,heel_strike,agreement,EDF0CB3CA99C1A05D29ED3E79003A21EA438B8E15D365E985AEC355130020CCB
Gait Train,Gait/Train/heel_strike/rj-00_1-045.png,heel_strike,heel_strike/rj-00_1-045.png,heel_strike,agreement,0C34A386356CA0C6A23AD27CBDECD37699332EEEA08F3ED3E597B2C47ACA1119
Gait Train,Gait/Train/heel_strike/rj-00_1-056.png,heel_strike,heel_strike/rj-00_1-056.png,heel_strike,agreement,972A239570B7EA4901D8AC6F2D39B29DB1229F8C0739367FA3B8A31B1D8578B6
Gait Train,Gait/Train/heel_strike/rj-00_2-006.png,heel_strike,heel_strike/rj-00_2-006.png,heel_strike,agreement,1BF1E28ABFCC670214A3C9A69BE1368CD66E408E32E192BE49DD58EBFC76DE92
Gait Train,Gait/Train/heel_strike/rj-00_2-017.png,heel_strike,heel_strike/rj-00_2-017.png,heel_strike,agreement,B968C8B8DFD2695B9E43D2135E1BEBA737320DA13A167550B869A38343067873
Gait Train,Gait/Train/heel_strike/rj-00_2-029.png,heel_strike,heel_strike/rj-00_2-029.png,heel_strike,agreement,06E80C25210784E0A5D246C776B11F2209AFB865CA4B33F0A710AD1DD165C093
Gait Train,Gait/Train/heel_strike/rj-00_2-051.png,heel_strike,heel_strike/rj-00_2-051.png,heel_strike,agreement,1E9B1D5F1F63FB2659EA899BBB6B40EA0F051F292F0A988A7964B6314912D2A1
Gait Train,Gait/Train/heel_strike/rj-00_2-052.png,heel_strike,heel_strike/rj-00_2-052.png,heel_strike,agreement,20FE650A128B59095BDF3613AC216B26E11A3495A43D6493A130BB30A15AA91D
Gait Train,Gait/Train/heel_strike/rj-00_3-005.png,heel_strike,heel_strike/rj-00_3-005.png,heel_strike,agreement,9199B932F29632C7398C0133B2DC4DD0A444446000140609BC18FD18AD78DA73
Gait Train,Gait/Train/heel_strike/rj-00_3-006.png,heel_strike,heel_strike/rj-00_3-006.png,heel_strike,agreement,4C27B9DE1E2BB8F8E16A1E59453C6FDFB98EFEDB55F10C7425BAD51208015E5C
Gait Train,Gait/Train/heel_strike/rj-00_3-007.png,heel_strike,heel_strike/rj-00_3-007.png,heel_strike,agreement,27F3A8C4D7C59A5AA07A437E22793017CD30B653ECF759946A8D78B96EEF9283
Gait Train,Gait/Train/heel_strike/rj-00_3-017.png,heel_strike,heel_strike/rj-00_3-017.png,heel_strike,agreement,991D54CD6F90DCADA8C53E7E4292D34F1572C699E735FC8BCD73E9EA1979F039
Gait Train,Gait/Train/heel_strike/rj-00_3-018.png,heel_strike,heel_strike/rj-00_3-018.png,heel_strike,agreement,0FD74B68732600F8145C95E3E74FECD6A7339B663176116A1BE34CC6D2EA7775
Gait Train,Gait/Train/heel_strike/rj-00_3-029.png,heel_strike,heel_strike/rj-00_3-029.png,heel_strike,agreement,798E0A55731D38770056C5FAE166C57A742650636B198AF1D39FACD76A4A75A0
Gait Train,Gait/Train/heel_strike/rj-00_3-030.png,heel_strike,heel_strike/rj-00_3-030.png,heel_strike,agreement,3C447FC0B03C0C8CAEF4459DA9312A000DDF5CA9DEBE894337CEC83CC6BA9DDA
Gait Train,Gait/Train/heel_strike/rj-00_3-040.png,heel_strike,heel_strike/rj-00_3-040.png,heel_strike,agreement,F47BDD3865BC5659F3284DD228AB2C789D9694701915F129EB92E60A18DF6F4A
Gait Train,Gait/Train/heel_strike/rj-00_3-051.png,heel_strike,heel_strike/rj-00_3-051.png,heel_strike,agreement,8D57BA184AF3FDFAA144BAA5A86978C56A8F61A15EFF0306DD5574905B6B317C
Gait Train,Gait/Train/heel_strike/rj-00_4-005.png,heel_strike,heel_strike/rj-00_4-005.png,heel_strike,agreement,BF401253BA505C3463AFFC2C718ACD779BD5D0C6CAEE7EB51F62045532B00C7C
Gait Train,Gait/Train/heel_strike/rj-00_4-006.png,heel_strike,heel_strike/rj-00_4-006.png,heel_strike,agreement,FF613786DAFE6635E2D23E25BBA3A6265EC776F5DD3C40BDB258D97B06C51C15
Gait Train,Gait/Train/heel_strike/rj-00_4-017.png,heel_strike,heel_strike/rj-00_4-017.png,heel_strike,agreement,4141F9E816B8A63B6163852F841CD8A81FCED94A65F1291A815C259E9278DF35
Gait Train,Gait/Train/heel_strike/rj-00_4-027.png,heel_strike,heel_strike/rj-00_4-027.png,heel_strike,agreement,5D1EFC9F19C8E6D0DA1FDB6853D5BE1CF672D6084664F55DB72FB1A7C7983AA6
Gait Train,Gait/Train/heel_strike/rj-00_4-028.png,heel_strike,heel_strike/rj-00_4-028.png,heel_strike,agreement,454229F5786067AAD26B6F8193225BCE46D09BEADF0C11CD1EEF128013708F61
Gait Train,Gait/Train/heel_strike/rj-00_4-038.png,heel_strike,heel_strike/rj-00_4-038.png,heel_strike,agreement,54637FB0E87C543E30122966A3164A24B80218CE20BF383425AE8DDDD3BFED51
Gait Train,Gait/Train/heel_strike/rj-00_4-039.png,heel_strike,heel_strike/rj-00_4-039.png,heel_strike,agreement,36E8D1B320D67FD7359625BADD6C6B4087DE805283FB5F1B5E400C98C732FAD4
Gait Train,Gait/Train/heel_strike/rj-00_4-050.png,heel_strike,heel_strike/rj-00_4-050.png,heel_strike,agreement,805FE7588430D5D2F507B5FDD79B379A0092A8FABAB25E6BF69CA8B6E132C106
Gait Train,Gait/Train/heel_strike/syj-00_1-008.png,heel_strike,heel_strike/syj-00_1-008.png,heel_strike,agreement,4423BB52ADDD0A6B9EA49E0777CCF4A43D2F0860316CF82024D11363BF506010
Gait Train,Gait/Train/heel_strike/syj-00_1-021.png,heel_strike,heel_strike/syj-00_1-021.png,heel_strike,agreement,96E5454CAC3C1AFD96A06F6F9E9DA7FB50679F74AA67A274435E51585A5C567C
Gait Train,Gait/Train/heel_strike/syj-00_1-034.png,heel_strike,heel_strike/syj-00_1-034.png,heel_strike,agreement,119FD07F0E725E8C4A3F27645CA624C1C06CED70FCF9F626DF0AF907E2B97A7E
Gait Train,Gait/Train/heel_strike/syj-00_1-046.png,heel_strike,heel_strike/syj-00_1-046.png,heel_strike,agreement,286D05DA88835A8E489E620237605F82C505F68FC8B2E1F45A98370E0BB2AA8B
Gait Train,Gait/Train/heel_strike/syj-00_1-047.png,heel_strike,heel_strike/syj-00_1-047.png,heel_strike,agreement,B40FBA4346435B7077985FA3DC489080429C3A52A8ACD61285EC35B4954585B1
Gait Train,Gait/Train/heel_strike/syj-00_2-013.png,heel_strike,heel_strike/syj-00_2-013.png,heel_strike,agreement,91B813C201546799BE6759F6EAEBBDF7FD888E6A58BA5E0FF47428513BFD5AE0
Gait Train,Gait/Train/heel_strike/syj-00_2-014.png,heel_strike,heel_strike/syj-00_2-014.png,heel_strike,agreement,B3A8C60F482105B239BE7FBC42B363439E32B84AD6A27F1894C56E361AEB9348
Gait Train,Gait/Train/heel_strike/syj-00_2-026.png,heel_strike,heel_strike/syj-00_2-026.png,heel_strike,agreement,B986825A22D4F532E99AB4B7D384D92FDFB08EB8885D11A9245F8BF4C133D88C
Gait Train,Gait/Train/heel_strike/syj-00_2-027.png,heel_strike,heel_strike/syj-00_2-027.png,heel_strike,agreement,C861F6F3C2C85CF5FA62D8136BE6F7842C959B55A3BF1DEB3CE25583A08F9BB6
Gait Train,Gait/Train/heel_strike/syj-00_2-040.png,heel_strike,heel_strike/syj-00_2-040.png,heel_strike,agreement,811BBE1D455E0959C1A76ADF7E7F6F44353001DEC1144B4D8663DDD3A4F1904A
Gait Train,Gait/Train/heel_strike/syj-00_3-005.png,heel_strike,heel_strike/syj-00_3-005.png,heel_strike,agreement,C1A40635C0072DEB8E792494A7EB72908768DAD2AA7C2051ED4A6A751648F5D4
Gait Train,Gait/Train/heel_strike/syj-00_3-017.png,heel_strike,heel_strike/syj-00_3-017.png,heel_strike,agreement,3A1E69B8763692941445C84A20C369592DBD4DA2836EAE69A4E6124909B87889
Gait Train,Gait/Train/heel_strike/syj-00_3-018.png,heel_strike,heel_strike/syj-00_3-018.png,heel_strike,agreement,7347930717CDD103ADE0FF9447B7FB22D8A61AA4B633634758FDDEAF3B665AB4
Gait Train,Gait/Train/heel_strike/syj-00_3-031.png,heel_strike,heel_strike/syj-00_3-031.png,heel_strike,agreement,E6C4E5F7FDA138DAD99196A5316CE2C8C2DBBD0305630979C7B6166195B902EA
Gait Train,Gait/Train/heel_strike/syj-00_3-044.png,heel_strike,heel_strike/syj-00_3-044.png,heel_strike,agreement,05532D19FD931E34754F726CC03E212CE27F6B118DB8909A525FBE28BDA6A3B2
Gait Train,Gait/Train/heel_strike/syj-00_3-045.png,heel_strike,heel_strike/syj-00_3-045.png,heel_strike,agreement,7B5109D7A0EBD32EF0A5A3DCCBBB2C131A5E625A3EEF47A4D69AA1EF96162EA3
Gait Train,Gait/Train/heel_strike/syj-00_4-012.png,heel_strike,heel_strike/syj-00_4-012.png,heel_strike,agreement,C5B1119DA662855F13A9F2B9CD6CCE18F1AD64F5580163648EC73561CAFA1201
Gait Train,Gait/Train/heel_strike/syj-00_4-013.png,heel_strike,heel_strike/syj-00_4-013.png,heel_strike,agreement,FFF402F1AEE45006D633B47F0F842C9D176F72FC6C6832FBF2EF0846EC04AC78
Gait Train,Gait/Train/heel_strike/syj-00_4-026.png,heel_strike,heel_strike/syj-00_4-026.png,heel_strike,agreement,02AE776642267CF9A9909D9586039B89C37B580D4BA78826F8B89EEC367464BA
Gait Train,Gait/Train/heel_strike/syj-00_4-039.png,heel_strike,heel_strike/syj-00_4-039.png,heel_strike,agreement,3D63EB6F8BE0DC2F57A876F8E050E588F261DC3DA1EE9F2DBD69156581211C8B
Gait Train,Gait/Train/heel_strike/wl-00_1-009.png,heel_strike,heel_strike/wl-00_1-009.png,heel_strike,agreement,BDEEE099EA38B73988182C26E693E7457B8E14F66EBBCD66CF658ED46ACFC1C2
Gait Train,Gait/Train/heel_strike/wl-00_1-010.png,heel_strike,heel_strike/wl-00_1-010.png,heel_strike,agreement,9B6EDFB43BDD70BAAA52E515CFAFD824E20175DEC8D7ECCFD228736E361A9B3E
Gait Train,Gait/Train/heel_strike/wl-00_1-022.png,heel_strike,heel_strike/wl-00_1-022.png,heel_strike,agreement,43DBC220527210C90AE5ACD113F29CE664510D93FB5B2F4B459171969A98A976
Gait Train,Gait/Train/heel_strike/wl-00_1-036.png,heel_strike,heel_strike/wl-00_1-036.png,heel_strike,agreement,36D439B331294CDD53D2428A413A3892E2A7C0007C812001677D853E6600541F
Gait Train,Gait/Train/heel_strike/wl-00_2-008.png,heel_strike,heel_strike/wl-00_2-008.png,heel_strike,agreement,AB6D9C468B6CC2B62619FED511712C999AF051C33F99B4DAF55B9AE7A66DC266
Gait Train,Gait/Train/heel_strike/wl-00_2-021.png,heel_strike,heel_strike/wl-00_2-021.png,heel_strike,agreement,E3BF920991486FA91C56C2D5DFC4899B55CD846803F84029CA94B0CD375B3D1A
Gait Train,Gait/Train/heel_strike/wl-00_2-033.png,heel_strike,heel_strike/wl-00_2-033.png,heel_strike,agreement,F7657C76E01B13E486148059002FCD7535EBF94B59C1CD1E69CA44B45236F8C7
Gait Train,Gait/Train/heel_strike/wl-00_2-034.png,heel_strike,heel_strike/wl-00_2-034.png,heel_strike,agreement,E6CD71C702EC208D0C2E1585CF64E95609E805FA6A0DE2E327EE6A07111EEEE1
Gait Train,Gait/Train/heel_strike/wl-00_3-008.png,heel_strike,heel_strike/wl-00_3-008.png,heel_strike,agreement,B1F8F55BF01579323F12ED2ED6CFC122192FEC6550AEA30D8B8C551232E60976
Gait Train,Gait/Train/heel_strike/wl-00_3-023.png,heel_strike,heel_strike/wl-00_3-023.png,heel_strike,agreement,951793DB2F0C76B9C900AF9F812E6F240D54474DF3D586C343B203F042B4CD78
Gait Train,Gait/Train/heel_strike/wl-00_3-024.png,heel_strike,heel_strike/wl-00_3-024.png,heel_strike,agreement,2EB9006CC93159D2525B124DFB9260C1D7F52443BAEA383FF7913B26D2DE47CF
Gait Train,Gait/Train/heel_strike/wl-00_3-040.png,heel_strike,heel_strike/wl-00_3-040.png,heel_strike,agreement,5B8887C21CD90FA4A44810C79418CC3EC7F0539019B82CDD96ABD05F288150A2
Gait Train,Gait/Train/heel_strike/wl-00_4-004.png,heel_strike,heel_strike/wl-00_4-004.png,heel_strike,agreement,C4E391EC694B4E5ED51A9DE7E3475760E7108039149C3415A89A1015A1E10AE4
Gait Train,Gait/Train/heel_strike/wl-00_4-017.png,heel_strike,heel_strike/wl-00_4-017.png,heel_strike,agreement,A2B17DE6406EC6F2F56CAFB79A136E7C676F242AE91EC4529D6F1747036195CC
Gait Train,Gait/Train/heel_strike/wl-00_4-030.png,heel_strike,heel_strike/wl-00_4-030.png,heel_strike,agreement,F999579EBCFE0BC60EEEB1C6803A7E5131D937BA324093C1CB0B2742F40743BE
Gait Train,Gait/Train/heel_strike/wq-00_1-010.png,heel_strike,heel_strike/wq-00_1-010.png,heel_strike,agreement,DCBA59F5AD8FB0009615FD7F0D48A727570BBD744F4CE3B7A90DCC7AFFEDE84C
Gait Train,Gait/Train/heel_strike/wq-00_1-011.png,heel_strike,heel_strike/wq-00_1-011.png,heel_strike,agreement,E8E48347A0233D658B875C31F8C8541E4528221DAA32A4160388E55ADE9EE833
Gait Train,Gait/Train/heel_strike/wq-00_1-024.png,heel_strike,heel_strike/wq-00_1-024.png,heel_strike,agreement,48867D7C673170FB400820658B6AB1181A483085335B52076DADC53A2D24619B
Gait Train,Gait/Train/heel_strike/wq-00_1-036.png,heel_strike,heel_strike/wq-00_1-036.png,heel_strike,agreement,0906FC373F41C3965F17683452E90CBD10F6BB91114D5FE54AAE287C12DA0557
Gait Train,Gait/Train/heel_strike/wq-00_1-048.png,heel_strike,heel_strike/wq-00_1-048.png,heel_strike,agreement,2858E5D3F35882E6C3C19F30BE2EAD0234DB4B326FEF4B75BD5B469D5D6FB103
Gait Train,Gait/Train/heel_strike/wq-00_1-049.png,heel_strike,heel_strike/wq-00_1-049.png,heel_strike,agreement,F204A0B2E18BC942D4CE4FF32CAC5DD8CF3F810C5C8ADEA8306CB2BED0461055
Gait Train,Gait/Train/heel_strike/wq-00_2-009.png,heel_strike,heel_strike/wq-00_2-009.png,heel_strike,agreement,BCC77EC7665E6B645C54C3CD66DEEEBA902498BF91263150A67384FAB139B6F4
Gait Train,Gait/Train/heel_strike/wq-00_2-010.png,heel_strike,heel_strike/wq-00_2-010.png,heel_strike,agreement,9D6BED6C92484A21A72C88FC93C1DCC4446B8D9358E2626A71F05A43596ED407
Gait Train,Gait/Train/heel_strike/wq-00_2-024.png,heel_strike,heel_strike/wq-00_2-024.png,heel_strike,agreement,397C520BBAF7D66E9FE70D4291DF94A772753C7D223CD03714F5798000B1D410
Gait Train,Gait/Train/heel_strike/wq-00_2-038.png,heel_strike,heel_strike/wq-00_2-038.png,heel_strike,agreement,3F770BF718983FC2A3CB454BF99F375E70428C893E7DE807369843A3AFD44979
Gait Train,Gait/Train/heel_strike/wq-00_2-050.png,heel_strike,heel_strike/wq-00_2-050.png,heel_strike,agreement,55988D38A82AE06EE403139BC3947A6008EB58199C0AA254F5E72806350C34B5
Gait Train,Gait/Train/heel_strike/wq-00_3-008.png,heel_strike,heel_strike/wq-00_3-008.png,heel_strike,agreement,444559C81F67F14F862EC97EF0BC846BCDD29CF64E652C0F17A50F8926737D0C
Gait Train,Gait/Train/heel_strike/wq-00_3-009.png,heel_strike,heel_strike/wq-00_3-009.png,heel_strike,agreement,060BAB28D43A5090A0CA6AA1540F1A439F34FEF041022C6A5FAA376AB46BA5BD
Gait Train,Gait/Train/heel_strike/wq-00_3-022.png,heel_strike,heel_strike/wq-00_3-022.png,heel_strike,agreement,644A42F3564DA3BF7853BE96BD5A0232C527E273BDADCA23664B6A39F8899252
Gait Train,Gait/Train/heel_strike/wq-00_3-036.png,heel_strike,heel_strike/wq-00_3-036.png,heel_strike,agreement,75A3815E173DA109A5A8586132C0048831D5950E3617C372AB65E8594D048626
Gait Train,Gait/Train/heel_strike/wq-00_3-049.png,heel_strike,heel_strike/wq-00_3-049.png,heel_strike,agreement,F9C512A3938C25F7A712BE13EDBB840BD8642913DF83F4AF3C2F05EBFAB132C5
Gait Train,Gait/Train/heel_strike/wq-00_4-007.png,heel_strike,heel_strike/wq-00_4-007.png,heel_strike,agreement,63E362B5C8E549C4BFC79AAF82F9EE74DE975C40FE70FE0BED761E1DA3FA24CA
Gait Train,Gait/Train/heel_strike/wq-00_4-008.png,heel_strike,heel_strike/wq-00_4-008.png,heel_strike,agreement,DDE61233891CD888188F9118AAE5B3E9AFE73A38A9A17FEFDE9DB385A4B599FC
Gait Train,Gait/Train/heel_strike/wq-00_4-022.png,heel_strike,heel_strike/wq-00_4-022.png,heel_strike,agreement,E98FADBBAE72AAA94CDF3A052F1A34BB031BC635AE66513503AEBF2653F40FDB
Gait Train,Gait/Train/heel_strike/wq-00_4-035.png,heel_strike,heel_strike/wq-00_4-035.png,heel_strike,agreement,7490113FCA2B7B793B0F62DEE0B41355E83A1EBCE7B45AE64EC544CFEAAD7B76
Gait Train,Gait/Train/heel_strike/wq-00_4-048.png,heel_strike,heel_strike/wq-00_4-048.png,heel_strike,agreement,30D91BB10718B064ADB12671721FBB6558BBCF47C9CBBEF5179AACDA9BBCC44B
Gait Train,Gait/Train/heel_strike/wyc-00_1-008.png,heel_strike,heel_strike/wyc-00_1-008.png,heel_strike,agreement,9C7338251496AA24D7336FAEEE410A9597CAB73E039AB6B59B4DCC594D4491C4
Gait Train,Gait/Train/heel_strike/wyc-00_1-009.png,heel_strike,heel_strike/wyc-00_1-009.png,heel_strike,agreement,E93D18CB2E84420CD8601F4457FF82F9439CB75D62DC040CD8F004D36FF4A75C
Gait Train,Gait/Train/heel_strike/wyc-00_1-023.png,heel_strike,heel_strike/wyc-00_1-023.png,heel_strike,agreement,E50596D23B1EA028907A65A3513A13363308173B48A078F8EA74A38FDBAF3AA9
Gait Train,Gait/Train/heel_strike/wyc-00_1-035.png,heel_strike,heel_strike/wyc-00_1-035.png,heel_strike,agreement,F6B12107D5514D89595CD60B14DECDF1FF881C9DD6F21F866CC82CFDF2367DEB
Gait Train,Gait/Train/heel_strike/wyc-00_1-049.png,heel_strike,heel_strike/wyc-00_1-049.png,heel_strike,agreement,6321B7A98FEDEE1E53AB8DEA1D2598E6081B7211650F4E1B0676C7FFF676DF2B
Gait Train,Gait/Train/heel_strike/wyc-00_2-006.png,heel_strike,heel_strike/wyc-00_2-006.png,heel_strike,agreement,EFB1AFF178755436CED4962352932F948C5F8F0612973D1CA3F5B7D7D51ED3D2
Gait Train,Gait/Train/heel_strike/wyc-00_2-019.png,heel_strike,heel_strike/wyc-00_2-019.png,heel_strike,agreement,365A7D601CD94D5C6801F3132B8E0E39C0FEBEDD3F01E5219464EB73C9363002
Gait Train,Gait/Train/heel_strike/wyc-00_2-032.png,heel_strike,heel_strike/wyc-00_2-032.png,heel_strike,agreement,1E8710547873656BC2E5DD718D894212E342B8D91B3CD1C3ABAD2B9C45B47D4B
Gait Train,Gait/Train/heel_strike/wyc-00_2-045.png,heel_strike,heel_strike/wyc-00_2-045.png,heel_strike,agreement,10A805CBE671AE151D1720DDE6CC674D71140A6C3B4A87F5406877DC0F5D0614
Gait Train,Gait/Train/heel_strike/wyc-00_3-005.png,heel_strike,heel_strike/wyc-00_3-005.png,heel_strike,agreement,4279E701ED535F34B486A88A9E850DDEF32D59EC651E42882A181A230033E2CB
Gait Train,Gait/Train/heel_strike/wyc-00_3-018.png,heel_strike,heel_strike/wyc-00_3-018.png,heel_strike,agreement,B758BEB6C9A07AE374826C03609291FD4A388E51449DA424851DE2AE2C0FCBD2
Gait Train,Gait/Train/heel_strike/wyc-00_3-030.png,heel_strike,heel_strike/wyc-00_3-030.png,heel_strike,agreement,FB4044544C9D14833AA6F00A8095AADF55509CEAAAA0988B259C4187D32D6D51
Gait Train,Gait/Train/heel_strike/wyc-00_3-043.png,heel_strike,heel_strike/wyc-00_3-043.png,heel_strike,agreement,95151E820FE9D414B6F01F0EBEA1A5D27E6F10AD7A4517F1BBE9F03675C665DF
Gait Train,Gait/Train/heel_strike/wyc-00_4-006.png,heel_strike,heel_strike/wyc-00_4-006.png,heel_strike,agreement,E290C3D311EA8C923FE2A9D26AF4C64E7677FA41CE4990BFF2FDF4E4E186B2E3
Gait Train,Gait/Train/heel_strike/wyc-00_4-019.png,heel_strike,heel_strike/wyc-00_4-019.png,heel_strike,agreement,FE20B884974248F88016B7A6055EBB42B370FF440B28EFC039995555C74D6E92
Gait Train,Gait/Train/heel_strike/wyc-00_4-032.png,heel_strike,heel_strike/wyc-00_4-032.png,heel_strike,agreement,94CE1132C51DB9EB80B7554C096EC09CC0DB72CB6E38A4335CA4EFB66680A8CF
Gait Train,Gait/Train/heel_strike/wyc-00_4-046.png,heel_strike,heel_strike/wyc-00_4-046.png,heel_strike,agreement,84FBF9C54348EFEAD6050E0AC50C6C5E7A9D409288492F7C4E7FCFD23191B355
Gait Train,Gait/Train/heel_strike/xch-00_1-011.png,heel_strike,heel_strike/xch-00_1-011.png,heel_strike,agreement,7A45FB166D2581EC1A4079292209DB0601D503CEFF98DFA43AC8DDBDA86627E2
Gait Train,Gait/Train/heel_strike/xch-00_1-012.png,heel_strike,heel_strike/xch-00_1-012.png,heel_strike,agreement,2BE1AA7B86105AB856A25EED221F4E46D3200B42988A293D166C2E8F6C0D118B
Gait Train,Gait/Train/heel_strike/xch-00_1-024.png,heel_strike,heel_strike/xch-00_1-024.png,heel_strike,agreement,5F71E7B789A6A18C19D37B558BDB46BB4A0BC9578943FB2B510082C2FAA43C8E
Gait Train,Gait/Train/heel_strike/xch-00_1-037.png,heel_strike,heel_strike/xch-00_1-037.png,heel_strike,agreement,B4BE43D8BB5083411BEC233EAEBB6CC90EDE327DCBA7E7C19249D11E36937E19
Gait Train,Gait/Train/other/fyc-00_1-001.png,other,other/fyc-00_1-001.png,other,agreement,1EA1F1159C1BE36BE945E9323370308EE43ECBC2443F43DC304C46BD2365AE0A
Gait Train,Gait/Train/other/fyc-00_1-002.png,other,other/fyc-00_1-002.png,other,agreement,3D656D2364A1456AD94D3F8F6908AE7C5949C310AB3C4F856881576411BA8E8B
Gait Train,Gait/Train/other/fyc-00_1-009.png,other,other/fyc-00_1-009.png,other,agreement,E784DADDF0DB023162DBC47CB7B9E3E137994686A0C0158E2F940B2D89F25E37
Gait Train,Gait/Train/other/fyc-00_1-010.png,other,other/fyc-00_1-010.png,other,agreement,CF6C8B2F43689EA67737E95FE95364CD67870BE675A288CB736126D3CB80953A
Gait Train,Gait/Train/other/fyc-00_1-011.png,other,other/fyc-00_1-011.png,other,agreement,36553A85B8EB08ED61344C192FBEFB3112F34186CDF54F980BB62C2C6EA9CE66
Gait Train,Gait/Train/other/fyc-00_1-012.png,other,other/fyc-00_1-012.png,other,agreement,4CB62A5EC43054EA6B00284B4CB81884C025F680A0FEE0D306358479C54F78CC
Gait Train,Gait/Train/other/fyc-00_1-013.png,other,other/fyc-00_1-013.png,other,agreement,A32160B0774647A406D8AAD2295AEDC7ECE186E703834A81569BC424DF32E928
Gait Train,Gait/Train/other/fyc-00_1-014.png,other,other/fyc-00_1-014.png,other,agreement,B892F35A54BA7E20930DD129B86036C6165BA9F0F1D7B54CFD6DCD235E3B3FD4
Gait Train,Gait/Train/other/fyc-00_1-015.png,other,other/fyc-00_1-015.png,other,agreement,0DFFCC2F38F92A1423044D463D01091FBC179E25140C788455B781EE99BA5450
Gait Train,Gait/Train/other/fyc-00_1-016.png,other,other/fyc-00_1-016.png,other,agreement,CBEF7D9A952B3F81ECEA54E01F37710C82F54C3EF870F9BCE5EC1BD5D22E0454
Gait Train,Gait/Train/other/fyc-00_1-017.png,other,other/fyc-00_1-017.png,other,agreement,57881059CA92A0306EC4E64A51F49FDF72A866365B2929108E105B81BB6AE8E3
Gait Train,Gait/Train/other/fyc-00_1-020.png,other,other/fyc-00_1-020.png,other,agreement,EFDCEF4273D8CE718B2959081A5BCC33E8D84ED3B46CDA08859513BDF7C9CBAB
Gait Train,Gait/Train/other/fyc-00_1-021.png,other,other/fyc-00_1-021.png,other,agreement,545369430D8CA9AB712B260CF2436040DC0433E8932FD5B868189F47217D887C
Gait Train,Gait/Train/other/fyc-00_1-022.png,other,other/fyc-00_1-022.png,other,agreement,C39B8CBE8DAC62666FE47E57515AB3D3ED1D40D1795428667599EE8EBF608FFE
Gait Train,Gait/Train/other/fyc-00_1-023.png,other,other/fyc-00_1-023.png,other,agreement,B6F72C2B7884545B844DC111AEF364CADA15D9B83C8AD09A6687A1ED6D97B14C
Gait Train,Gait/Train/other/fyc-00_1-024.png,other,other/fyc-00_1-024.png,other,agreement,29EC8D428242E91210FF25C61CE105F7D327343B5C21D05CCFB8BD97FBDAC9D1
Gait Train,Gait/Train/other/fyc-00_1-025.png,other,other/fyc-00_1-025.png,other,agreement,942891DCA6743C388CA9F69408FA6F70E5C80F77AC93770AAFB651A018F48837
Gait Train,Gait/Train/other/fyc-00_1-026.png,other,other/fyc-00_1-026.png,other,agreement,5E2493587202D216CA9F03AEAA1C76E246E4B02C65632AD5DD95717B42376CE4
Gait Train,Gait/Train/other/fyc-00_1-027.png,other,other/fyc-00_1-027.png,other,agreement,00DA3BDD39F17976C640430D91B8DED0B5FD55970B8C2A133E0FC5F79A0285F2
Gait Train,Gait/Train/other/fyc-00_1-028.png,other,other/fyc-00_1-028.png,other,agreement,28A04AE4ED1DEA167C69C689B95FC442C32A810A5E5550D1E546CA1E1CD7ECCE
Gait Train,Gait/Train/other/fyc-00_1-029.png,other,other/fyc-00_1-029.png,other,agreement,B6FB99200EB9A8CFC18EEDAD8E277BF9B038AF7D68580B8E3E123DB99C51A948
Gait Train,Gait/Train/other/fyc-00_1-030.png,other,other/fyc-00_1-030.png,other,agreement,548C717B9F1ADDAF99FA4E8D987765B0155CDFCBA6FA14592C2CD0DB3B1D5A93
Gait Train,Gait/Train/other/fyc-00_1-036.png,other,other/fyc-00_1-036.png,other,agreement,556543DA300AFD58B3E7056FB9D9B0AA01D517D6D4090B929121B9644D280C68
Gait Train,Gait/Train/other/fyc-00_1-037.png,other,other/fyc-00_1-037.png,other,agreement,5C772909CD9FA45565C9E1C6B05C2DD7382C8AEB05C0DAED90AAB8C593D26E26
Gait Train,Gait/Train/other/fyc-00_1-038.png,other,other/fyc-00_1-038.png,other,agreement,020C727711A6B513AE481F2D83B499B89FA3D496F0830C41F67CF82F1EBE087B
Gait Train,Gait/Train/other/fyc-00_1-039.png,other,other/fyc-00_1-039.png,other,agreement,312B393AE4376D52B77298085EE11FEF27D1ADA839F9249921616238D8192C2B
Gait Train,Gait/Train/other/fyc-00_1-040.png,other,other/fyc-00_1-040.png,other,agreement,7AF5D9E8E616961725A95EFA791AA5282915C819F5A1901DD514EC13F58E0603
Gait Train,Gait/Train/other/fyc-00_1-041.png,other,other/fyc-00_1-041.png,other,agreement,4981FD4A1C4902753B4A7C6439C98904B16EF81C2AFF41063C5AEB1D89A4CF21
Gait Train,Gait/Train/other/fyc-00_1-042.png,other,other/fyc-00_1-042.png,other,agreement,936E1B9F862F62B3108D9326E896CE1B6A2C04250F2B7285528A706148757830
Gait Train,Gait/Train/other/fyc-00_1-043.png,other,other/fyc-00_1-043.png,other,agreement,D67CFF8CB3C99F3064BE7B325B1FDAA9B4AFC264C5F01B1EBC7280F2C5F5FB99
Gait Train,Gait/Train/other/fyc-00_1-044.png,other,other/fyc-00_1-044.png,other,agreement,CB11A2BD42AC2BADAD0CD62C368B2D2453984216BCC29CF9108C349488B9B225
Gait Train,Gait/Train/other/fyc-00_1-047.png,other,other/fyc-00_1-047.png,other,agreement,E9A4E64A2CB9C9F135A5A8FEEBEF4F2F54E3F07E7F7C99F20FF358F86B2ECEB4
Gait Train,Gait/Train/other/fyc-00_1-048.png,other,other/fyc-00_1-048.png,other,agreement,335375AC094AA771C98BAC53A260F128A3C61635302B31A13552003C705CAB57
Gait Train,Gait/Train/other/fyc-00_1-049.png,other,other/fyc-00_1-049.png,other,agreement,BEDE33EAD3E9CFEE7C871FEFC0AA9DB457C135B43516A47627CB8D17BFE7660D
Gait Train,Gait/Train/other/fyc-00_1-050.png,other,other/fyc-00_1-050.png,other,agreement,C471A1FA4CD82702FE54E6BECDD8120715B8BD838D4C181E79FCCAA89F98B6F1
Gait Train,Gait/Train/other/fyc-00_1-051.png,other,other/fyc-00_1-051.png,other,agreement,BBD9675D7B6FD49DEA9F364FF4F3E1ECF94251DB1B2349316DAC87E8FB23EE94
Gait Train,Gait/Train/other/fyc-00_1-052.png,other,other/fyc-00_1-052.png,other,agreement,E4EC1188FE8972D26E288F137833CB5E4AC7494DF047374C216B073B6292CA77
Gait Train,Gait/Train/other/fyc-00_1-053.png,other,other/fyc-00_1-053.png,other,agreement,8C208A0D3D784881E9B6206907AFD888CD2F7304885DB8BF375F6A72E2CD4D81
Gait Train,Gait/Train/other/fyc-00_1-054.png,other,other/fyc-00_1-054.png,other,agreement,CA85C58BA4C401E3F01971C88993EEAB5E1B133715D9D1F3929F5F3CED839053
Gait Train,Gait/Train/other/fyc-00_1-055.png,other,other/fyc-00_1-055.png,other,agreement,6D169E44992BC9897450CBAE50F3385AD2D83F9171818CDD8A6543E3F886CFD4
Gait Train,Gait/Train/other/fyc-00_1-056.png,other,other/fyc-00_1-056.png,other,agreement,5CC50277719185C4E4745D2DA9A8123295AB84B75B9C2F1CDDF84FB06A3C6A4F
Gait Train,Gait/Train/other/fyc-00_1-057.png,other,other/fyc-00_1-057.png,other,agreement,347686B062E3833D8E8D7D1F64724442D8E270E0FC8ABC69C7BF46A19196DDFA
Gait Train,Gait/Train/other/fyc-00_1-061.png,other,other/fyc-00_1-061.png,other,agreement,373D62D0C9CA372C59496F60EBC6E7EBD888D966D6E64CCC4427222124D12065
Gait Train,Gait/Train/other/fyc-00_1-062.png,other,other/fyc-00_1-062.png,other,agreement,0CF17C4955E93A50DFF9501F06C05D526E9836FF563D831188DD2451510ABE88
Gait Train,Gait/Train/other/fyc-00_1-063.png,other,other/fyc-00_1-063.png,other,agreement,5C4C781F97D51B77EEB106DF799A1C5DA9BC310FD35BC517663E61CB361E139F
Gait Train,Gait/Train/other/fyc-00_1-064.png,other,other/fyc-00_1-064.png,other,agreement,EBD7FE40725BC68921F09D1AA6BB3518FAA0E1365FD9CF140FD9216D369781D4
Gait Train,Gait/Train/other/fyc-00_1-065.png,other,other/fyc-00_1-065.png,other,agreement,1F0A1CC94FF01F67E6D95167231CBA5470C6A2C2E8ADA8AEFC77F982CDDF4A20
Gait Train,Gait/Train/other/fyc-00_1-066.png,other,other/fyc-00_1-066.png,other,agreement,047E74B647FEAD21F2270B281CE1128FCCCC26D4CC40A8F9BBDE26707E3F91B2
Gait Train,Gait/Train/other/fyc-00_1-067.png,other,other/fyc-00_1-067.png,other,agreement,519125A525F92D42D92FCFDC5A19742F3ECEDE66652716697309771C359F6832
Gait Train,Gait/Train/other/fyc-00_1-068.png,other,other/fyc-00_1-068.png,other,agreement,0E3C7C58951D1FDB185CBB0EA30D0051B9CB49E20B0E8EB5BA311495D5562D7C
Gait Train,Gait/Train/other/fyc-00_1-072.png,other,other/fyc-00_1-072.png,other,agreement,EE64F6F6A430E7456DE54E10CC9AF47D4A8B8C1730E334B4F8C142E29BA17A42
Gait Train,Gait/Train/other/fyc-00_1-073.png,other,other/fyc-00_1-073.png,other,agreement,CBE0B082A691D6924D85F4DA119E8667CBB2EBCA4CD3EC05D754B18581F9B2C5
Gait Train,Gait/Train/other/fyc-00_1-074.png,other,other/fyc-00_1-074.png,other,agreement,C9380DE3C188FBA32698AB1E1B5C63BD32F06F0726210A346E127680817A76AF
Gait Train,Gait/Train/other/fyc-00_1-075.png,other,other/fyc-00_1-075.png,other,agreement,351B4DE27B17BA3D2D258D9AFF5A85790444CEF5616E4E2BDFE1220B70E6A10F
Gait Train,Gait/Train/other/fyc-00_2-001.png,other,other/fyc-00_2-001.png,other,agreement,5CE9C8FDCCD68121ACF371983FBEE8991DAF746F9FD0DE92E397EF0513B316E5
Gait Train,Gait/Train/other/fyc-00_2-002.png,other,other/fyc-00_2-002.png,other,agreement,F590A784C8AE6EF093E0CE20AE3CE2C7E04BC55AB5D6F8E587501206EB596B8B
Gait Train,Gait/Train/other/fyc-00_2-003.png,other,other/fyc-00_2-003.png,other,agreement,BF3F4C99DF22A1D5FF9EC3885DE5594B680B82E592786BD368AA79E7B9E7D312
Gait Train,Gait/Train/other/fyc-00_2-004.png,other,other/fyc-00_2-004.png,other,agreement,999AA7745DA334D528AE3CE50BB79AEF54B80FE19E1FA890E610D342B6374AF3
Gait Train,Gait/Train/other/fyc-00_2-005.png,other,other/fyc-00_2-005.png,other,agreement,B393FA3A691A7FE54D9611723CA62D07FEB894665C80942872903870A343BD5D
Gait Train,Gait/Train/other/fyc-00_2-006.png,other,other/fyc-00_2-006.png,other,agreement,8CC2C80918136E4152C3EBB633EDDFA0BE69BCE63E83F76E396D4CF07B79F899
Gait Train,Gait/Train/other/fyc-00_2-007.png,other,other/fyc-00_2-007.png,other,agreement,F7914278FC0ED2400787CFE851FEB76D455FE029E09D792DDD816173950BF7E1
Gait Train,Gait/Train/other/fyc-00_2-008.png,other,other/fyc-00_2-008.png,other,agreement,1E4F10545DD6379AF877CF022640FDFE09AA68F4529A1014DAE7F621845E7E77
Gait Train,Gait/Train/other/fyc-00_2-011.png,other,other/fyc-00_2-011.png,other,agreement,687D63EA5C9A907E1C0C096D08019715631EFA5454988778EBEC90CBC59F2731
Gait Train,Gait/Train/other/fyc-00_2-012.png,other,other/fyc-00_2-012.png,other,agreement,00AC986E18434D5CFC885CC5BAFD5B0854E3B66D17D02CFA90D408AF794B198F
Gait Train,Gait/Train/other/fyc-00_2-013.png,other,other/fyc-00_2-013.png,other,agreement,587B20C6F38BDD6E0D8180683EB5677A32C778860D215A47ADA65613C9603E92
Gait Train,Gait/Train/other/fyc-00_2-014.png,other,other/fyc-00_2-014.png,other,agreement,43C53E3A8BD871EFD64754103D7EE28CF8356FED3092BD55C7BF2FA2340D072F
Gait Train,Gait/Train/other/fyc-00_2-015.png,other,other/fyc-00_2-015.png,other,agreement,2ABC8937AB0D214023FF05C685BCA1D17FE449EB637C9C8A246099791808840D
Gait Train,Gait/Train/other/fyc-00_2-016.png,other,other/fyc-00_2-016.png,other,agreement,30068FEC0800FD65444F239D85CF7558BEC426BE22E1FEE81205E1F4E7E1DF26
Gait Train,Gait/Train/other/fyc-00_2-017.png,other,other/fyc-00_2-017.png,other,agreement,E012B0757BC283797459B8C7D6AA182F24881B4602F2FB50F40582C66D2ADD4D
Gait Train,Gait/Train/other/fyc-00_2-018.png,other,other/fyc-00_2-018.png,other,agreement,C05C3C179327F9F6A7B2CE43C455F650D96D6EDC3398A6DF16E9E6EEA41B9F45
Gait Train,Gait/Train/other/fyc-00_2-019.png,other,other/fyc-00_2-019.png,other,agreement,FF21132625E923201230CA3E2FDAFD43C5B3A3ACC8EE72D4E1576D2DB1E21C5D
Gait Train,Gait/Train/other/fyc-00_2-020.png,other,other/fyc-00_2-020.png,other,agreement,FDC753CB9201F50FC5E50C2897AA80EF78BA4C528CE1E3481F913981A90DE3D4
Gait Train,Gait/Train/other/fyc-00_2-024.png,other,other/fyc-00_2-024.png,other,agreement,7C45B64737B37F8896E07259122A30E22BC5AF1572D00F1E6DC4D347E7C7C6CF
Gait Train,Gait/Train/other/fyc-00_2-025.png,other,other/fyc-00_2-025.png,other,agreement,5AFC5A1E6642F30997E9F65B465D987889C608E34E7A7C3B30A1C6E4C4FD961C
Gait Train,Gait/Train/other/fyc-00_2-026.png,other,other/fyc-00_2-026.png,other,agreement,978349D780AC886A33C778E8FF1E611479F76FA779F504450BED40B80727DBC3
Gait Train,Gait/Train/other/fyc-00_2-027.png,other,other/fyc-00_2-027.png,other,agreement,FA5C75C6AC1BB47144F76A42B2CA9CAB3810A0FB81EAA2681B329A4DE02E8CB0
Gait Train,Gait/Train/other/fyc-00_2-028.png,other,other/fyc-00_2-028.png,other,agreement,CAC319386697B574949882EAF9361655775EAECE1A55CCDF8CF42D4CD4D3D666
Gait Train,Gait/Train/other/fyc-00_2-029.png,other,other/fyc-00_2-029.png,other,agreement,F4982233AB0A64517CFBAF2C067055AB6945CFE57581B8061C7B1C876A2C8A85
Gait Train,Gait/Train/other/fyc-00_2-030.png,other,other/fyc-00_2-030.png,other,agreement,A90C4D6BF79FBAF8801906058ED0FFF37A1B747DC202BA376646CF2E528E6C2F
Gait Train,Gait/Train/other/fyc-00_2-031.png,other,other/fyc-00_2-031.png,other,agreement,EAE0BC73070F3309EBC8D5D56581CF049CB5DBBFBE23B234BBA6400538C26F0D
Gait Train,Gait/Train/other/fyc-00_2-032.png,other,other/fyc-00_2-032.png,other,agreement,16A20C63C53D74250A8ECD070B673164B429364BBE358FAE8B49F586A409480E
Gait Train,Gait/Train/other/fyc-00_2-033.png,other,other/fyc-00_2-033.png,other,agreement,A1DCE3FCCF7CAE6E1C0E78B22DB8378BE37021FF4CFCE033E85E7886E9B7F778
Gait Train,Gait/Train/other/fyc-00_2-034.png,other,other/fyc-00_2-034.png,other,agreement,A701A15CDEF71E0A099B769B33B987DE4DCA550A3399D09228842FD4CCBF030D
Gait Train,Gait/Train/other/fyc-00_2-035.png,other,other/fyc-00_2-035.png,other,agreement,BF6A73F9755D33026F004CF91A7D9A2C984F2884A5AB87A7648A28EFDE96E1FD
Gait Train,Gait/Train/other/fyc-00_2-040.png,other,other/fyc-00_2-040.png,other,agreement,B845DD25874873C373FF9FEF56DAB902039ADB559BF6973A2FC00AE7D4A9A071
Gait Train,Gait/Train/other/fyc-00_2-041.png,other,other/fyc-00_2-041.png,other,agreement,4A0AAD2EE7C5F2B30BB607AECE33489D89539B4CE0DB22C9A9CF6E0D8A899B25
Gait Train,Gait/Train/other/fyc-00_2-042.png,other,other/fyc-00_2-042.png,other,agreement,9C19E9686642FEA039101E0A8DE08559C2CF5FC10302F52F3F9A3B726A2FA6B8
Gait Train,Gait/Train/other/fyc-00_2-043.png,other,other/fyc-00_2-043.png,other,agreement,FC748D4F262F860F7113D55B683D0F2B39158C0B88D9F6CAF117E4C1EF40F065
Gait Train,Gait/Train/other/fyc-00_2-044.png,other,other/fyc-00_2-044.png,other,agreement,F43214BEED44ECD74251303D685971A5CFDD6C5188E60F8E389C0D0C5A43567D
Gait Train,Gait/Train/other/fyc-00_2-045.png,other,other/fyc-00_2-045.png,other,agreement,580748C888D0BD36E754F2AD41A1465ACF7389C2E129B5903102BBFC1B50B7B8
Gait Train,Gait/Train/other/fyc-00_2-046.png,other,other/fyc-00_2-046.png,other,agreement,8657428E6F5FCAF17741A09A955E0E024FBAC3F24BA6555C1F7BB2C5A933A6AF
Gait Train,Gait/Train/other/fyc-00_2-047.png,other,other/fyc-00_2-047.png,other,agreement,39C3BC0F2A3B9DE3C50086A251AEC4E5E6F8A6CA3CCD2BEA53B9731CF4FAC08F
Gait Train,Gait/Train/other/fyc-00_2-049.png,other,other/fyc-00_2-049.png,other,agreement,09C30842539D320456D0ECBAD319A10B291EC099784F46AF988BD8D319472814
Gait Train,Gait/Train/other/fyc-00_2-050.png,other,other/fyc-00_2-050.png,other,agreement,8E5754C556A2C1F2FB04883DF0351CAE51CC5947F54676DDE775795B7508D0AC
Gait Train,Gait/Train/other/fyc-00_2-053.png,other,other/fyc-00_2-053.png,other,agreement,807E0E5C04CC0B42A1F0EDBC4F7B1EE69DEFE97426848CF073A2BB7B9CC61620
Gait Train,Gait/Train/other/fyc-00_2-054.png,other,other/fyc-00_2-054.png,other,agreement,054285752B3BADCE830D2C323DC8F9C3AD814472775A2891F5761646F8CCBEEE
Gait Train,Gait/Train/other/fyc-00_2-055.png,other,other/fyc-00_2-055.png,other,agreement,55BB2E3A616CA1D66AF78B564F93DE193E05E3C627EA29B306425406B3050FFB
Gait Train,Gait/Train/other/fyc-00_2-056.png,other,other/fyc-00_2-056.png,other,agreement,ABD9C4A9B04DC8A3F57078A4E155627636D2DF6F2E459250B40DB8F9ABD28755
Gait Train,Gait/Train/other/fyc-00_2-057.png,other,other/fyc-00_2-057.png,other,agreement,34DF83A140197CC100F1CF5EF81119A192B679ABF4DAF164E57BA92C34ED2632
Gait Train,Gait/Train/other/fyc-00_2-058.png,other,other/fyc-00_2-058.png,other,agreement,68F19A90AC81987B3C6FC126CCF0DE4448BCB46B3E419EA6228B0BD28A2F1A9A
Gait Train,Gait/Train/other/fyc-00_2-059.png,other,other/fyc-00_2-059.png,other,agreement,2722C6A06CCC1AA28C9F3D7E65F1EB74D866B7B9CE9F6C428B17776A9F97D559
Gait Train,Gait/Train/other/fyc-00_2-060.png,other,other/fyc-00_2-060.png,other,agreement,7F52F102C80C9126DA1BDCCBE83281311A500F38B6EE75A27B14E1EBFBA13308
Gait Train,Gait/Train/other/fyc-00_2-061.png,other,other/fyc-00_2-061.png,other,agreement,F1FE05DD14C26AB252CFD97E7B545863F4DCC55C7B02E12477ED1DA55759345C
Gait Train,Gait/Train/other/fyc-00_2-063.png,other,other/fyc-00_2-063.png,other,agreement,8FBC833BBD807EEF3C4E78CB1E391EC99F19979456AAF6F098DA19D8877666DC
Gait Train,Gait/Train/other/fyc-00_2-066.png,other,other/fyc-00_2-066.png,other,agreement,5F0709ADCCC324FAE419BFE8EE22839E491E0842F283D5C8DB2CF9BD9F8409AD
Gait Train,Gait/Train/other/fyc-00_2-067.png,other,other/fyc-00_2-067.png,other,agreement,C08BDE958333E6D4E50B747765DC9F54AFCA2257254ECDD378E3666A43A42F92
Gait Train,Gait/Train/other/fyc-00_2-068.png,other,other/fyc-00_2-068.png,other,agreement,1B846F8073605C9FD2A4EBC77857A7C9412B67F986E9382D1F08DCD66E72F186
Gait Train,Gait/Train/other/fyc-00_2-069.png,other,other/fyc-00_2-069.png,other,agreement,760CCA67E84EDABEE8ECF7DB5DAF6E8267C8D167572961B990ECC711C19F8CF8
Gait Train,Gait/Train/other/fyc-00_2-070.png,other,other/fyc-00_2-070.png,other,agreement,C7D7A90D28C64E43A36CE61F2CE16E1A8860DE43D1B3CEBD1BD237CE6A4D1DFE
Gait Train,Gait/Train/other/fyc-00_2-071.png,other,other/fyc-00_2-071.png,other,agreement,8BE25AE9A6A36F2536489E1B90E5487652DFACFF3C8357AFDCBDF90D3A42336F
Gait Train,Gait/Train/other/fyc-00_2-072.png,other,other/fyc-00_2-072.png,other,agreement,B73DB25DF66042461E8DB70FB15D78FEF8440F874D75D142B8340BB530304300
Gait Train,Gait/Train/other/fyc-00_2-073.png,other,other/fyc-00_2-073.png,other,agreement,119B1F9A30FD3C7620A4236450D66B13C0C7187F0589F2A7228A5DA5FD3F3107
Gait Train,Gait/Train/other/fyc-00_3-001.png,other,other/fyc-00_3-001.png,other,agreement,34E1ED843E75A7438D706B0C2ADB57D5EA8AC14D7228C3C6019315A137B95473
Gait Train,Gait/Train/other/fyc-00_3-002.png,other,other/fyc-00_3-002.png,other,agreement,0020B4E1E3CF4261BE0479C21613E294890AF8EB12C3B6AA42059514B10EDD27
Gait Train,Gait/Train/other/fyc-00_3-003.png,other,other/fyc-00_3-003.png,other,agreement,0B0FB77347D21670D008B84B1B6772C2D9D11AA2A741E51E71A294C094940B70
Gait Train,Gait/Train/other/fyc-00_3-004.png,other,other/fyc-00_3-004.png,other,agreement,4CDDF33E01B9E9F8694800D961CE21942AD09233E70668E9AD2E514794924774
Gait Train,Gait/Train/other/fyc-00_3-005.png,other,other/fyc-00_3-005.png,other,agreement,E84CF3E0BDB3E32D132A6A90E5F5B00C7527CF116D800957AFDC8383D95FA5BF
Gait Train,Gait/Train/other/fyc-00_3-006.png,other,other/fyc-00_3-006.png,other,agreement,BC49F31AC3ABB8850B68BF89D3C84C5E1A11815D35A300A87BF51E759DEA79A0
Gait Train,Gait/Train/other/fyc-00_3-007.png,other,other/fyc-00_3-007.png,other,agreement,C6682A08B14EBFCE9DF48E897C40D485CBED1078031971C84E7BC095A8BADD7B
Gait Train,Gait/Train/other/fyc-00_3-010.png,other,other/fyc-00_3-010.png,other,agreement,8045E24070C74CC418DF6825763C2F13D1A1C4DC5CBDDB382C54219BE5E55CD7
Gait Train,Gait/Train/other/fyc-00_3-011.png,other,other/fyc-00_3-011.png,other,agreement,C08AC169D947515A0A3A1A8E1BA8EB607921C48224F9E53E41D46933A34F9CFC
Gait Train,Gait/Train/other/fyc-00_3-012.png,other,other/fyc-00_3-012.png,other,agreement,B4DD5584CCD63750BF43CCBB15DBBCD4B0B8B3C285BA5F1D294090825F17E417
Gait Train,Gait/Train/other/fyc-00_3-015.png,other,other/fyc-00_3-015.png,other,agreement,A28592B737BE6449F0E18A96CCFDE4A5EA91E90009A9B1CAE10AA34A6BD7042A
Gait Train,Gait/Train/other/fyc-00_3-016.png,other,other/fyc-00_3-016.png,other,agreement,9C462D9799802EDD3E1DAB822DED2C321DF60F5EE22C5BCE508FD4F6713547EF
Gait Train,Gait/Train/other/fyc-00_3-017.png,other,other/fyc-00_3-017.png,other,agreement,9ABF1B95BACC90FF31F538853F027A4063F71F258F574376054DF87D3FBEE336
Gait Train,Gait/Train/other/fyc-00_3-018.png,other,other/fyc-00_3-018.png,other,agreement,4884AF6BB5E44C25F11DBB6DA7DB619E34B80BAC7CFCAB34F1CF4928CEB1827C
Gait Train,Gait/Train/other/fyc-00_3-019.png,other,other/fyc-00_3-019.png,other,agreement,0761023DAC42FB272D7B53C56479276914D52E283C7C41F9AA87FEE1B947E856
Gait Train,Gait/Train/other/fyc-00_3-020.png,other,other/fyc-00_3-020.png,other,agreement,AA35B4FB2F317769416ACF3312105FA6BCA2036BF1E314B2113D545DCC034AD9
Gait Train,Gait/Train/other/fyc-00_3-022.png,other,other/fyc-00_3-022.png,other,agreement,A583245232008DD4381186D0D9BBC42B4F780B7EFE6762C303DCD1EC14E3DFE5
Gait Train,Gait/Train/other/fyc-00_3-023.png,other,other/fyc-00_3-023.png,other,agreement,D6C4E3C3588DBDE0DEC46089A049CDA0F0657FC17C7044A12C6FE27C6458C306
Gait Train,Gait/Train/other/fyc-00_3-024.png,other,other/fyc-00_3-024.png,other,agreement,4933245E74F1DA9E237DFEB3F76F1AF2F3AB01F370743F42572B68CDD232D099
Gait Train,Gait/Train/other/fyc-00_3-026.png,other,other/fyc-00_3-026.png,other,agreement,9E7988890B224107532888ED327F4315591349C6226380BC6CE89AD80FE5DC46
Gait Train,Gait/Train/other/fyc-00_3-027.png,other,other/fyc-00_3-027.png,other,agreement,119F39A0308B506E4791AB6F90B94F71D32BE099A5D9BE287DB08022021996B2
Gait Train,Gait/Train/other/fyc-00_3-028.png,other,other/fyc-00_3-028.png,other,agreement,5C1459829D54F93B7883D67A5420C6C476F56F2524D83FD7EE127907CBB29222
Gait Train,Gait/Train/other/fyc-00_3-029.png,other,other/fyc-00_3-029.png,other,agreement,66D112E8CC1853708254E89F8452A1B64B6F6024887041095DB260414238DAF0
Gait Train,Gait/Train/other/fyc-00_3-030.png,other,other/fyc-00_3-030.png,other,agreement,AF58BF3328453AC87D50C22EA62E13A86838C7056DFA325C9BB50863EC570C2C
Gait Train,Gait/Train/other/fyc-00_3-031.png,other,other/fyc-00_3-031.png,other,agreement,709383A1865A1D9F8B6F561D7FD04F1A5B7B80D58D575C0A29EC8843F42204AB
Gait Train,Gait/Train/other/fyc-00_3-032.png,other,other/fyc-00_3-032.png,other,agreement,78D788916CC616AAE87AF5FD64FAC33518E2FA7AA3A7A9DF2950F7AB7D3F160C
Gait Train,Gait/Train/other/fyc-00_3-033.png,other,other/fyc-00_3-033.png,other,agreement,E8DAE176938A19FD694D12E7DC596407BAEDAE90C5CF89FBE4BC4D13F9D02A51
Gait Train,Gait/Train/other/fyc-00_3-035.png,other,other/fyc-00_3-035.png,other,agreement,E99F76FECAA4D2C239CBCFA20B4B11F9D16FF43F59E4A81FB89D6347C3C4223F
Gait Train,Gait/Train/other/fyc-00_3-036.png,other,other/fyc-00_3-036.png,other,agreement,12E13FACCD74DB6523F587BB7C4ADED9614087406F1470B2EE471B328A756DD8
Gait Train,Gait/Train/other/fyc-00_3-039.png,other,other/fyc-00_3-039.png,other,agreement,85D3F095E96E02A4419F4FDA2787EB5F5474FA0A8C3042EB781134A12F4AEC35
Gait Train,Gait/Train/other/fyc-00_3-040.png,other,other/fyc-00_3-040.png,other,agreement,90DDF9AD18AD4E635640F83F56DF650DCB5D5B34A6B766C34A87C2FA4115BCC9
Gait Train,Gait/Train/other/fyc-00_3-041.png,other,other/fyc-00_3-041.png,other,agreement,D25F7F178C20A2F885BE2098B69DEBCD565386206272BD93D6E936551E43B434
Gait Train,Gait/Train/other/fyc-00_3-042.png,other,other/fyc-00_3-042.png,other,agreement,6AEAB20483DA23D33D589E6C877C8725875361089758AE129F2F90584979F486
Gait Train,Gait/Train/other/fyc-00_3-043.png,other,other/fyc-00_3-043.png,other,agreement,69519E55060A1B5723169FA80EC70FB1598CFA67C1537604526445C7497399FE
Gait Train,Gait/Train/other/fyc-00_3-044.png,other,other/fyc-00_3-044.png,other,agreement,C1272E79E6558BDFBB679DCEC233989E00A4B00388AE441457F68138A1870FC7
Gait Train,Gait/Train/other/fyc-00_3-045.png,other,other/fyc-00_3-045.png,other,agreement,15F8FFE8EDD29BABFC4B24D94E0476C6001469224F7483A330EC9063BED315C5
Gait Train,Gait/Train/other/fyc-00_3-047.png,other,other/fyc-00_3-047.png,other,agreement,750346F860FD4D4E4BD62DC2AAD824D66A42F557141B3C0A30C4133982410BB8
Gait Train,Gait/Train/other/fyc-00_3-048.png,other,other/fyc-00_3-048.png,other,agreement,08FE0EB45492A43B71C909FD11D19B104EB195112C32146FBB01DC02CFD91A5A
Gait Train,Gait/Train/other/fyc-00_3-050.png,other,other/fyc-00_3-050.png,other,agreement,C90F0F74D363F2D06A2ECF0552BAB69E48C08B5491DFB082663902DFD0071AEB
Gait Train,Gait/Train/other/fyc-00_3-051.png,other,other/fyc-00_3-051.png,other,agreement,3167AE7E3B4BC19AFE3286D33E7813411AE43E7BDA51E252C3D5343824E29710
Gait Train,Gait/Train/other/fyc-00_3-052.png,other,other/fyc-00_3-052.png,other,agreement,FCF96B0EDCC008FDCD4838021D8541611E0F741BE74CBE3F28AAFA6611700942
Gait Train,Gait/Train/other/fyc-00_3-053.png,other,other/fyc-00_3-053.png,other,agreement,1A9A114BD2B147FA6C6EE2D8AD1F434F0B6CC756A5AAB2503843EC6588A4CC93
Gait Train,Gait/Train/other/fyc-00_3-054.png,other,other/fyc-00_3-054.png,other,agreement,D393F20AC51A844BF5F11C7FD39AE23A88BEDC1CF9F9ADD8AF6D8537409B9CD6
Gait Train,Gait/Train/other/fyc-00_3-055.png,other,other/fyc-00_3-055.png,other,agreement,446AF8EFD73DCBA79BEFC67E6B403A8F28B458670BB51769B10EAC628980B364
Gait Train,Gait/Train/other/fyc-00_3-058.png,other,other/fyc-00_3-058.png,other,agreement,C22D40DECECAB26A06B44A3E5E539A7CAE6461B58DA210E9BD80BB8880FC8B08
Gait Train,Gait/Train/other/fyc-00_3-059.png,other,other/fyc-00_3-059.png,other,agreement,5089D7588A55C653DE216DD5F8E05489C8289BC6D827312599A8A2E97417C5F9
Gait Train,Gait/Train/other/fyc-00_3-060.png,other,other/fyc-00_3-060.png,other,agreement,6252910CB68419DA3E648D393C6B5F81FE688ABEB525C40B8065113A9181877F
Gait Train,Gait/Train/other/fyc-00_3-063.png,other,other/fyc-00_3-063.png,other,agreement,D906375B1084C23F6B384E1A21AB6D7310DB8B3EF44A43998F69E417567F8A97
Gait Train,Gait/Train/other/fyc-00_3-064.png,other,other/fyc-00_3-064.png,other,agreement,A4C04B21107C2D3B9F854C3A30713D6E972D3F39A5AE821259C26157EA931DD0
Gait Train,Gait/Train/other/fyc-00_3-065.png,other,other/fyc-00_3-065.png,other,agreement,F2A2E01D73F4B686C390E1716DFCECC15590DCE3498DDF31D5D31A9D411B40AE
Gait Train,Gait/Train/other/fyc-00_3-066.png,other,other/fyc-00_3-066.png,other,agreement,8F9BE4874FB60F42C94B5B30B29D902B1432ABC519EE36C09305BB757E797CF5
Gait Train,Gait/Train/other/fyc-00_3-067.png,other,other/fyc-00_3-067.png,other,agreement,B524FD0E5EC736064A111FDB6EDC50EBC373EA0DDBD13CCD963FCE42E79B7317
Gait Train,Gait/Train/other/fyc-00_3-068.png,other,other/fyc-00_3-068.png,other,agreement,DE8E9AFC72B292F812951A4F374A2EAB5E579619A7AF0476389BAB1143DE43AA
Gait Train,Gait/Train/other/fyc-00_3-069.png,other,other/fyc-00_3-069.png,other,agreement,E65411D69D3EFECDF6B5AB1F39A4196B09751C8D15459B38E226A36E624874C4
Gait Train,Gait/Train/other/fyc-00_4-003.png,other,other/fyc-00_4-003.png,other,agreement,7F55BAF5CE57B4D6D3711EBBD25F6283DAE41416B420B1483E6441D8861DE159
Gait Train,Gait/Train/other/fyc-00_4-004.png,other,other/fyc-00_4-004.png,other,agreement,06A5A496ECBB86535AF42E5FB2E0D3C4A2CE2AB1A4C58ED78A2CCF1280B95913
Gait Train,Gait/Train/other/fyc-00_4-005.png,other,other/fyc-00_4-005.png,other,agreement,6439C3079C6758241FCD91F4A693D978589CECC4C10414C3607B517E793B61DD
Gait Train,Gait/Train/other/fyc-00_4-007.png,other,other/fyc-00_4-007.png,other,agreement,51BC682D04557B515AB5EFAC37AEB5B8FE75B17E6A211EC816FC663CF008A695
Gait Train,Gait/Train/other/fyc-00_4-008.png,other,other/fyc-00_4-008.png,other,agreement,8C59B92C59B9EAFF6BE66441BC86E08E6B75910232E3434388CB3E17A272ABD5
Gait Train,Gait/Train/other/fyc-00_4-009.png,other,other/fyc-00_4-009.png,other,agreement,07E6C4E1E56E2A848DC4B0B0C97BA1575096BA1A013AC8842ADA57FA7706A792
Gait Train,Gait/Train/other/fyc-00_4-010.png,other,other/fyc-00_4-010.png,other,agreement,3839A338FD5E226666651E334BFC6D1352DBC7DABCFDDD20310ED5B521433638
Gait Train,Gait/Train/other/fyc-00_4-011.png,other,other/fyc-00_4-011.png,other,agreement,1128F54177092D131ECFD7489079E8C456600F5FCC9BF12F33B95E89BB9FA3F2
Gait Train,Gait/Train/other/fyc-00_4-012.png,other,other/fyc-00_4-012.png,other,agreement,54FEC9491409CC223F87EA371CFE9E930B9DB15D1EBF66035F88CEEC493603A8
Gait Train,Gait/Train/other/fyc-00_4-015.png,other,other/fyc-00_4-015.png,other,agreement,161C11AA3473DF6780F3C3877E66B9F39C02BBF3B919498E44C560898B929F01
Gait Train,Gait/Train/other/fyc-00_4-016.png,other,other/fyc-00_4-016.png,other,agreement,3608F22A144F9D0927780C2E56B8077A1FEEFE0C936B54363578C690291A39E0
Gait Train,Gait/Train/other/fyc-00_4-017.png,other,other/fyc-00_4-017.png,other,agreement,12500AFB441E62A637A243B7892B522B5E752A6ACE4E3331FED06539D3E20D5F
Gait Train,Gait/Train/other/fyc-00_4-019.png,other,other/fyc-00_4-019.png,other,agreement,1012C3349A64ADBB833CB5A461A3C9AC11A5C5AD2883884834A12347B066F58A
Gait Train,Gait/Train/other/fyc-00_4-020.png,other,other/fyc-00_4-020.png,other,agreement,A49F580F9E07A3BC8370D46022A48AEF4A183DF795137C786EA3FAA720362941
Gait Train,Gait/Train/other/fyc-00_4-021.png,other,other/fyc-00_4-021.png,other,agreement,7FEA0849B91E6EC27BFD23E8A702553CC4B91F0D80CED3E9F8BC0CC31608D462
Gait Train,Gait/Train/other/fyc-00_4-022.png,other,other/fyc-00_4-022.png,other,agreement,3CA9FB194336E7E98EBE85D38C7191C0555BC15FD6B39DAA764FA621C519E90D
Gait Train,Gait/Train/other/fyc-00_4-023.png,other,other/fyc-00_4-023.png,other,agreement,136135FA8BADF74790288BFC5A916F3F8BD6EC4C38A6A45F2AC7788A8FF63D62
Gait Train,Gait/Train/other/fyc-00_4-024.png,other,other/fyc-00_4-024.png,other,agreement,20A9358FC4ED3C78001C02275AC329252FCCD226733587C126C37FCA3AA25EA8
Gait Train,Gait/Train/other/fyc-00_4-025.png,other,other/fyc-00_4-025.png,other,agreement,D50F2B2B920AD8E4AB32E833E5A6A10149CC30042193AD932CA25E3A3FD98DC7
Gait Train,Gait/Train/other/fyc-00_4-026.png,other,other/fyc-00_4-026.png,other,agreement,6FA4F200262DBAA176B4EF360C31333A3E2AB22B3F6F9B4C710F5A5EFBCA0281
Gait Train,Gait/Train/other/fyc-00_4-028.png,other,other/fyc-00_4-028.png,other,agreement,CCEEE6BAAE2BE9DEA825E7DF6FEA63F493DA9E60B50C6EFC63FC6BE509BB7DFF
Gait Train,Gait/Train/other/fyc-00_4-029.png,other,other/fyc-00_4-029.png,other,agreement,DA8C0A6FED03458F6549B63877173CF5B0D635FFB27E9399A6A0B0969527E0D7
Gait Train,Gait/Train/other/fyc-00_4-030.png,other,other/fyc-00_4-030.png,other,agreement,0325B976CE1E30BBD1946BF5DC7983B188930C720624B26FD17A16B2997E71EF
Gait Train,Gait/Train/other/fyc-00_4-032.png,other,other/fyc-00_4-032.png,other,agreement,4DA87D6E784EB79DDCF761D3A6647F03CB8B52B06C0BB8CAC52F7635C32A187B
Gait Train,Gait/Train/other/fyc-00_4-033.png,other,other/fyc-00_4-033.png,other,agreement,41CE5540996E14A0AA4AD708945B51B137AF6802343BF43F49EF0E123A94047F
Gait Train,Gait/Train/other/fyc-00_4-034.png,other,other/fyc-00_4-034.png,other,agreement,065983935ED5C0D99EF9CA4F742F35CABEE8C670E4313B292463DE48981A7568
Gait Train,Gait/Train/other/fyc-00_4-035.png,other,other/fyc-00_4-035.png,other,agreement,0D1DD0AE901A8F70D8E2AAA98156065719418482A052112FFA5E774A111DD840
Gait Train,Gait/Train/other/fyc-00_4-036.png,other,other/fyc-00_4-036.png,other,agreement,BD91A2CB965ED5A24DC8555439E48D769FB6D4FAF75EEF5F94C95438A5BFAEE0
Gait Train,Gait/Train/other/fyc-00_4-037.png,other,other/fyc-00_4-037.png,other,agreement,0B3A84D3AA5440AB2E292BFAB694BE77741EFFFA2848AE76480FD083C032FAC1
Gait Train,Gait/Train/other/fyc-00_4-038.png,other,other/fyc-00_4-038.png,other,agreement,D296A82B1A1D97E2DF4A02ADA50B08A267291672B8E309BFF21B1617F00DA490
Gait Train,Gait/Train/other/fyc-00_4-039.png,other,other/fyc-00_4-039.png,other,agreement,FF86688AC0984C7FF32D95C5A3EC1ECDDB5319F852462C524F8FB7B254FC3C80
Gait Train,Gait/Train/other/fyc-00_4-041.png,other,other/fyc-00_4-041.png,other,agreement,3A26DE53E6540FD381D5D17B62645382112E820D397C4A63ADBBDF6A77694BCE
Gait Train,Gait/Train/other/fyc-00_4-042.png,other,other/fyc-00_4-042.png,other,agreement,6F28AED3015D6C93A8D74C6EF5F76A3C33ACDACC2E2C43E312A56609130CB552
Gait Train,Gait/Train/other/fyc-00_4-044.png,other,other/fyc-00_4-044.png,other,agreement,1CB8B98572E098A1AF772AA5F3C85E7AE88216105AA68E339E29E87E327B04E2
Gait Train,Gait/Train/other/fyc-00_4-045.png,other,other/fyc-00_4-045.png,other,agreement,D493006B0E92615906A027FCBFEE1785588D45F2DAB9C2C9199F494EBBEB5B04
Gait Train,Gait/Train/other/fyc-00_4-046.png,other,other/fyc-00_4-046.png,other,agreement,67E2C18E8225B6D892C0D7731E82D62A1E86311D0E2283DA719CB743B17FFAD4
Gait Train,Gait/Train/other/fyc-00_4-047.png,other,other/fyc-00_4-047.png,other,agreement,3644C75CED3B17A7E6864C415DDB4254E0EE38B81EA8F1132DCDBC7889709101
Gait Train,Gait/Train/other/fyc-00_4-048.png,other,other/fyc-00_4-048.png,other,agreement,CED0E7B2DAAD5F1DA170D75A6DD8B16E2A7FE764D3992AC191A5530B65EAB529
Gait Train,Gait/Train/other/fyc-00_4-049.png,other,other/fyc-00_4-049.png,other,agreement,6C33ED9A1A659E4CF7C54ACD0FFD02DDBEE50B1EEF120A6165E5EC641D0FCFB1
Gait Train,Gait/Train/other/fyc-00_4-050.png,other,other/fyc-00_4-050.png,other,agreement,7D8393A2FD11BED0BE7D58A4DB1C764BE9D4D681F54512255435A7A7211502BC
Gait Train,Gait/Train/other/fyc-00_4-052.png,other,other/fyc-00_4-052.png,other,agreement,F4545D5A959DD1C61114AD57BCE7DF59491B4AEBB70AE4D8832D5814CDA17EA7
Gait Train,Gait/Train/other/fyc-00_4-053.png,other,other/fyc-00_4-053.png,other,agreement,A9D6FB05382F441EFE275FFB7B75A9A0488DE1EBDD185FED28F40F2B111FC688
Gait Train,Gait/Train/other/fyc-00_4-054.png,other,other/fyc-00_4-054.png,other,agreement,747251B05702A09D59C632748B22499F1639481D0C355302DC2EDF8F011FF03D
Gait Train,Gait/Train/other/fyc-00_4-057.png,other,other/fyc-00_4-057.png,other,agreement,92799F20D47C5DBD0480732698ED3FE07D106A8407E2E0B97EA9F772CBFBE0AA
Gait Train,Gait/Train/other/fyc-00_4-058.png,other,other/fyc-00_4-058.png,other,agreement,1D42405D22EEB0A6CB5C59EAF0668B1E7DF1CAA45B2370CFC97BD5473D086B0E
Gait Train,Gait/Train/other/fyc-00_4-059.png,other,other/fyc-00_4-059.png,other,agreement,8FC1C9833AF0DF14841B80B24BFB31D9323B7709DF7D78BF451F21E2EE03FD93
Gait Train,Gait/Train/other/fyc-00_4-060.png,other,other/fyc-00_4-060.png,other,agreement,3AB20D03C9FDF7A26C5F7DE832EAF17F2D9AA01720460FB916BDC231785483CB
Gait Train,Gait/Train/other/fyc-00_4-061.png,other,other/fyc-00_4-061.png,other,agreement,C73FDD7AD75D719C38A5EE5F4D3A02395AEEE5BC50FE29EB9726823E1641B8CA
Gait Train,Gait/Train/other/fyc-00_4-062.png,other,other/fyc-00_4-062.png,other,agreement,8AC4C7401843715E984B73ED506D24F5BA388EA482BB7F9ADCBA3E4080633337
Gait Train,Gait/Train/other/fyc-00_4-063.png,other,other/fyc-00_4-063.png,other,agreement,75F1855177F3E9E4A5CADDD35E7D9AA42B28D98DC9432FA5773CD97B82656216
Gait Train,Gait/Train/other/fyc-00_4-064.png,other,other/fyc-00_4-064.png,other,agreement,0B274C4BE96A263F91D1585C425C056220E320944A11839EB4332AA7D1F93355
Gait Train,Gait/Train/other/fyc-00_4-066.png,other,other/fyc-00_4-066.png,other,agreement,A04BF9BA4CC9A61F784498450F9A22FB63F44243F87792E3CEC945D92199BEB7
Gait Train,Gait/Train/other/fyc-00_4-067.png,other,other/fyc-00_4-067.png,other,agreement,CB321ECBFFBFD0E7C0BE1A6E62A570AEDA4C2EDFE8045B30F4E77729DD549D7C
Gait Train,Gait/Train/other/fyc-00_4-068.png,other,other/fyc-00_4-068.png,other,agreement,3746CD010B74A2C47359CFDFAFF4D2F5C8CBCF99BB62634210284A606C954A01
Gait Train,Gait/Train/other/fyc-00_4-070.png,other,other/fyc-00_4-070.png,other,agreement,731B5D9D1D73BB383C0B73D197339E65EA1D5D0170E8C0183CB3DA9D666F76F2
Gait Train,Gait/Train/other/fyc-00_4-071.png,other,other/fyc-00_4-071.png,other,agreement,82C0DEDCFF70A3EF463D44C5BD91D78860D6607DD231068FD25CEEAC018AEAE6
Gait Train,Gait/Train/other/fyc-00_4-072.png,other,other/fyc-00_4-072.png,other,agreement,B922728A2DAE8AEF4A7FBC0D779105E9D21117D858BDC36DDF053051106A993C
Gait Train,Gait/Train/other/fyc-00_4-073.png,other,other/fyc-00_4-073.png,other,agreement,68EFE6090E396CC89DDFCE1B35EB972FD907223ECD42553D6737792BF57E065C
Gait Train,Gait/Train/other/fyc-00_4-074.png,other,other/fyc-00_4-074.png,other,agreement,3EA503DF8B4C552BCA2E280ECF1BE7092011D3DCA180CB9077E56BDB5D8EF1AB
Gait Train,Gait/Train/other/fyc-00_4-075.png,other,other/fyc-00_4-075.png,other,agreement,B8A06D6BF73E45E29C168BABC904B105E0FB424A95EF0B33554BD9F0C5B2A47E
Gait Train,Gait/Train/other/hy-00_1-008.png,other,other/hy-00_1-008.png,other,agreement,26C3C3C67DB76A33200939E5E04F1984BA5A867DBE411BA4B7B2205145ACC5FC
Gait Train,Gait/Train/other/hy-00_1-009.png,other,other/hy-00_1-009.png,other,agreement,BFC9EBC1727FC03B9DC7637B2235F81E0D13AC05AF5D6F98801A9BC94257D49E
Gait Train,Gait/Train/other/hy-00_1-010.png,other,other/hy-00_1-010.png,other,agreement,89F742F97623CBF5E3BCCF7B47998DD6DD853BD66BCF9F67CCA098DDE379C25D
Gait Train,Gait/Train/other/hy-00_1-011.png,other,other/hy-00_1-011.png,other,agreement,9E156651D9C503648242E6071B12CC407C8035A0694A804AB6B4BA260BF1383C
Gait Train,Gait/Train/other/hy-00_1-012.png,other,other/hy-00_1-012.png,other,agreement,1D739E22ECD98D5317CD91B1E0AD24D3308FD99E93083FEE47B4936965202CF5
Gait Train,Gait/Train/other/hy-00_1-013.png,other,other/hy-00_1-013.png,other,agreement,78B5D157657C6DE6D981748B7CE9E6A30F383C17B3BE585631F7595EB21B6713
Gait Train,Gait/Train/other/hy-00_1-018.png,other,other/hy-00_1-018.png,other,agreement,06F77956834028005993CC662189A86C1D626C9F255C33552448E7F9A44F480C
Gait Train,Gait/Train/other/hy-00_1-019.png,other,other/hy-00_1-019.png,other,agreement,B3080D0ED9D595A810AA5CCDBE7779B97993610E1513E4C925EAA165E74E6D35
Gait Train,Gait/Train/other/hy-00_1-020.png,other,other/hy-00_1-020.png,other,agreement,9C8E75E0C8A119B0B16EB9A23202DE5BE8D2B859CECB4DE612A40BE27FE87BB1
Gait Train,Gait/Train/other/hy-00_1-021.png,other,other/hy-00_1-021.png,other,agreement,00A684E4E754140EADC2A8E955433082B0F0FAE5BA0097CCC2D2AD0B2CE383F7
Gait Train,Gait/Train/other/hy-00_1-022.png,other,other/hy-00_1-022.png,other,agreement,E8B8DFE02D283A00F3ED6D0E19CD3471F3431BBACE2FECA59DBEE7469F720D2C
Gait Train,Gait/Train/other/hy-00_1-023.png,other,other/hy-00_1-023.png,other,agreement,62F09A78A82F9C361535735B4A016D7404DF2F3A1714CE33D79961054680458C
Gait Train,Gait/Train/other/hy-00_1-024.png,other,other/hy-00_1-024.png,other,agreement,BC735CA3EC4625D3D9E32F4FE15318338B469414A4EC6EE07D34A6E9B7F42DB2
Gait Train,Gait/Train/other/hy-00_1-025.png,other,other/hy-00_1-025.png,other,agreement,ADA4A5361D8D60A34C854F08868557F86A8D035EC1EE1506CF49D57D1F9FA1D2
Gait Train,Gait/Train/other/hy-00_1-027.png,other,other/hy-00_1-027.png,other,agreement,9831B2B90EA0B7D6F5700D59F1C8ABC80DE09D6C046C1517A8746CE7D6D01C3E
Gait Train,Gait/Train/other/hy-00_1-033.png,other,other/hy-00_1-033.png,other,agreement,0CAF8C9F3CDF3501BA7728EC7B187C653BD07B34BA2DB98206C809ED5B97AAB9
Gait Train,Gait/Train/other/hy-00_1-034.png,other,other/hy-00_1-034.png,other,agreement,7EA63AE0976B485607D97604EC779280A9C6A8C432C7757FE0BBBAD3BFE91FED
Gait Train,Gait/Train/other/hy-00_1-035.png,other,other/hy-00_1-035.png,other,agreement,73BE4DFF9B1C1BF88AFA195335FADB3CA53E2223A78E255C688F2713D113BF89
Gait Train,Gait/Train/other/hy-00_1-036.png,other,other/hy-00_1-036.png,other,agreement,37F8C416AFDA6AD34217C5CD5F30B304385C98F095336F55256C92E0E876BF2C
Gait Train,Gait/Train/other/hy-00_1-037.png,other,other/hy-00_1-037.png,other,agreement,DD235F81AC3ABABFD84A82F7B387E49B4D6491FE4236996752C56A075325D0AC
Gait Train,Gait/Train/other/hy-00_1-038.png,other,other/hy-00_1-038.png,other,agreement,AD39983108E2FA7E3CFE62B04EDC00A90A6025BD918A31A4189DDEB43EE6399E
Gait Train,Gait/Train/other/hy-00_1-043.png,other,other/hy-00_1-043.png,other,agreement,B3C85DF7670754484F714CB2E25DD028EFCC4F258917C90FE4696BA8003A1238
Gait Train,Gait/Train/other/hy-00_1-044.png,other,other/hy-00_1-044.png,other,agreement,13F8A402CCFCE137B3405B085395AAE8470364E108AA1E4784B4D61132744F69
Gait Train,Gait/Train/other/hy-00_1-045.png,other,other/hy-00_1-045.png,other,agreement,93BD940C26C76D58297E75BA8B7A43ED7948B9943C90DFFD153BA095DFD6AF99
Gait Train,Gait/Train/other/hy-00_1-046.png,other,other/hy-00_1-046.png,other,agreement,D111FAA94C02E61EF722FE53B62C8FB8DC470A3879E2B30B77F0708DAEEDCACA
Gait Train,Gait/Train/other/hy-00_1-047.png,other,other/hy-00_1-047.png,other,agreement,1C18C9D757D54B99BD26082567617E0FF2CDEF10776C8C929E44EFB8D34589EB
Gait Train,Gait/Train/other/hy-00_1-048.png,other,other/hy-00_1-048.png,other,agreement,2BF3BF104CCA9EDF871A49B2FB9000AE24A363281FF3C479A9D1C1D39E633E8A
Gait Train,Gait/Train/other/hy-00_1-049.png,other,other/hy-00_1-049.png,other,agreement,70684C33670DE8775927353272604E31EB8EEEA33E70EC86528C213373447E54
Gait Train,Gait/Train/other/hy-00_1-050.png,other,other/hy-00_1-050.png,other,agreement,2B1C44271F1BEDB95A8E3F3F660C43C2E744AD31B19117A8E113B87FF0B6F15E
Gait Train,Gait/Train/other/hy-00_1-051.png,other,other/hy-00_1-051.png,other,agreement,CA7A398695957CC736A1AFB94C175F816655501AF3F6495EAC10DB0599D59D30
Gait Train,Gait/Train/other/hy-00_1-057.png,other,other/hy-00_1-057.png,other,agreement,F0B1388394BD3FCCC66912B37FE3E0C3AE918DF56775EB3D6558D617E0DEC58A
Gait Train,Gait/Train/other/hy-00_1-058.png,other,other/hy-00_1-058.png,other,agreement,E943C5F9F68E2F10D271EA0580826E6A9EFAD961742E4ADBBA9882D4BD04E6ED
Gait Train,Gait/Train/other/hy-00_1-059.png,other,other/hy-00_1-059.png,other,agreement,590ADC7007D1453821E4FFA8DB16CB7ED5C4B289E68A50F3AE29543006EB3C16
Gait Train,Gait/Train/other/hy-00_2-001.png,other,other/hy-00_2-001.png,other,agreement,2EACCBD6F33225ACCD7AC04F88A89C4F11D887DE7C896DFE883D02AC923890B2
Gait Train,Gait/Train/other/hy-00_2-002.png,other,other/hy-00_2-002.png,other,agreement,CCBA772912D96205117EA8AA2AE83E23B461C6AAD6309B26C9CF6F1E0D9546B0
Gait Train,Gait/Train/other/hy-00_2-003.png,other,other/hy-00_2-003.png,other,agreement,9ED541CB7D6A15C8134A0E12026BCDC3C0FD5D2F0C368CAF86ACF6123314950E
Gait Train,Gait/Train/other/hy-00_2-004.png,other,other/hy-00_2-004.png,other,agreement,017C619E5BD948D11B76E7E0FF48B53426459153BBFC2169B362D2877C1AADB9
Gait Train,Gait/Train/other/hy-00_2-010.png,other,other/hy-00_2-010.png,other,agreement,5F14AB6902A963BAE93395E553E329740C8999B0886F811F69E24B5B35865E99
Gait Train,Gait/Train/other/hy-00_2-011.png,other,other/hy-00_2-011.png,other,agreement,A8CDAEF926E9D5BBE8F0BB20703F8C522C52BD830F718EB8B998044671BC4AC0
Gait Train,Gait/Train/other/hy-00_2-013.png,other,other/hy-00_2-013.png,other,agreement,80ACBBDF1004CD5B963B5B8AAEF0746CB99365758A80F93A38647C9C152420B0
Gait Train,Gait/Train/other/hy-00_2-014.png,other,other/hy-00_2-014.png,other,agreement,2048EC6FA6E0E56266BAB1A9E69DD3BBAAFCE1B5FEF06C83805B4B8988AA7503
Gait Train,Gait/Train/other/hy-00_2-015.png,other,other/hy-00_2-015.png,other,agreement,67F660325F8781B53CE5AB25003D99957A1A5AAC7E0283AE32EAEF7912B563D5
Gait Train,Gait/Train/other/hy-00_2-016.png,other,other/hy-00_2-016.png,other,agreement,917810E92DD230CE5F001B3345C5DB98AC3C1C7FAFE70E1E2697065A5321E4FE
Gait Train,Gait/Train/other/hy-00_2-017.png,other,other/hy-00_2-017.png,other,agreement,B2C42F74CA58F19EB7F268297E77E32379FAF91F0C13C6BD1A715D7E7A835470
Gait Train,Gait/Train/other/hy-00_2-018.png,other,other/hy-00_2-018.png,other,agreement,E9AAC1281C80803C57E4B902FB7284F566B1B85705925D4FD718528157C3213E
Gait Train,Gait/Train/other/hy-00_2-021.png,other,other/hy-00_2-021.png,other,agreement,D7E906472333350C497E216D9AC30284C2213EDEBDE5B97A852182B5996B681F
Gait Train,Gait/Train/other/hy-00_2-023.png,other,other/hy-00_2-023.png,other,agreement,4373F12B1E3ABB811CF13E074782EEB986E92932E64D14F6098CB8C51CCBE599
Gait Train,Gait/Train/other/hy-00_2-026.png,other,other/hy-00_2-026.png,other,agreement,64474A58A7B153106DFF3A38DD6AD88DF905BDE3E61F29528CA76193E6D606D2
Gait Train,Gait/Train/other/hy-00_2-027.png,other,other/hy-00_2-027.png,other,agreement,831707F95562058607DDDC20A33EF806306BDCEEE1AF9B95177470A6750D6917
Gait Train,Gait/Train/other/hy-00_2-028.png,other,other/hy-00_2-028.png,other,agreement,A6AE7B412111A3113EA784AB818C989C257250014F9784816AD6444AFA50EEE6
Gait Train,Gait/Train/other/hy-00_2-029.png,other,other/hy-00_2-029.png,other,agreement,A1BAA7B458C07B22DA75B1BC16BBBA8F5050CBDCAA63008C14DDA8E905B5A96F
Gait Train,Gait/Train/other/hy-00_2-030.png,other,other/hy-00_2-030.png,other,agreement,8151F3A0DE75C0C9645395DCC61F7D52D4CFCF4731A652E89CF44984AE5FD0DF
Gait Train,Gait/Train/other/hy-00_2-031.png,other,other/hy-00_2-031.png,other,agreement,3B8DB7CAFFF7ABF6D475A96768CE9B38B05C04B6867CD7268C57872042125B83
Gait Train,Gait/Train/other/hy-00_2-032.png,other,other/hy-00_2-032.png,other,agreement,18D1BD59C7D32F3EF90291B1AAF6D0DC8F9D813ABB46CC7E40F7AC053B0D5D3E
Gait Train,Gait/Train/other/hy-00_2-033.png,other,other/hy-00_2-033.png,other,agreement,992613590243E78AD7A7B2424C421CF406370CE3866B8192626DFDCD16F3D1C8
Gait Train,Gait/Train/other/hy-00_2-037.png,other,other/hy-00_2-037.png,other,agreement,39BEBAD525DCE00EE5B214E2024D72823733E63B8A7F9B23BA91C81B34BCD4BE
Gait Train,Gait/Train/other/hy-00_2-038.png,other,other/hy-00_2-038.png,other,agreement,ED2740AE4E5BBD577757443BA7B2404ED4DF7F8169D7CFC559D7027F3C11F85D
Gait Train,Gait/Train/other/hy-00_2-039.png,other,other/hy-00_2-039.png,other,agreement,D53D6F4013E5B23E5C1E0514376D6C7C1252E37DB88E5E44C14D9D6776CA45BA
Gait Train,Gait/Train/other/hy-00_2-040.png,other,other/hy-00_2-040.png,other,agreement,2A776676B7C18F76600D365410A3DFACEA070FF1DF8098924A6DD3F7145B73A3
Gait Train,Gait/Train/other/hy-00_2-041.png,other,other/hy-00_2-041.png,other,agreement,DBA171AAF679E66C6996EFEA3A84A66223BA7E2BA2E0CACE35124287F59BD71C
Gait Train,Gait/Train/other/hy-00_2-042.png,other,other/hy-00_2-042.png,other,agreement,3337B2AD4F188B339A3D5E785429D05101FA76A034E7F23E93FEDE44A28F99E1
Gait Train,Gait/Train/other/hy-00_2-043.png,other,other/hy-00_2-043.png,other,agreement,C051997CB5F9E5E752244A7D15905C0B8E7FB9F0A02842F38D7014CAF3CA6B47
Gait Train,Gait/Train/other/hy-00_2-044.png,other,other/hy-00_2-044.png,other,agreement,EE9EC9862B19248689106581F0AF7DE76F01BA84D04BF313ABCAEEFDC8E850DE
Gait Train,Gait/Train/other/hy-00_2-045.png,other,other/hy-00_2-045.png,other,agreement,BEF19FA67FA18FEEFA0C34530D3C2232438F5E2A5D1B85F46C3E35B25B669E9F
Gait Train,Gait/Train/other/hy-00_2-046.png,other,other/hy-00_2-046.png,other,agreement,225C40C1DF1F5D3A6B0386B96AA549B87069CE88B62F8CBB6C1B2B8E73D8DF40
Gait Train,Gait/Train/other/hy-00_2-048.png,other,other/hy-00_2-048.png,other,agreement,C0E3E805FE1B924A7F79B61E44B5FD7329553D4AA804CDCD1CF9E53B68DF0076
Gait Train,Gait/Train/other/hy-00_2-050.png,other,other/hy-00_2-050.png,other,agreement,709428CEAAD9CEAFCB950B354B0DF2A588DE25F54C383DE77FF25EB8D53C02DB
Gait Train,Gait/Train/other/hy-00_2-051.png,other,other/hy-00_2-051.png,other,agreement,FD29FE1E69977FAEF83BBE6DD3CCB443D1211F1EADE41C55896AAD4C27297216
Gait Train,Gait/Train/other/hy-00_2-052.png,other,other/hy-00_2-052.png,other,agreement,7EFCB37FF84C45B56DCD09BF6455D8F258D4589B695B0EDFDF7748A4DA4F2D74
Gait Train,Gait/Train/other/hy-00_2-053.png,other,other/hy-00_2-053.png,other,agreement,D482B47BBC16F478C2CF35980F08370BC343EB701415E13D35DFF60C9A20EAC6
Gait Train,Gait/Train/other/hy-00_2-054.png,other,other/hy-00_2-054.png,other,agreement,FC8FD7C8D6C27CF94124E4315669610F293938F3F9B17A69CD0269B7AF9A8F4E
Gait Train,Gait/Train/other/hy-00_2-055.png,other,other/hy-00_2-055.png,other,agreement,C539060C4A99D23FE4E9406C331D83A076EC36370B2133AA315F21BD980CF177
Gait Train,Gait/Train/other/hy-00_2-056.png,other,other/hy-00_2-056.png,other,agreement,32E637C9303B757E6AA8C004BF6BBE604B243F4BEC88CB3492CF99021EDB589E
Gait Train,Gait/Train/other/hy-00_2-058.png,other,other/hy-00_2-058.png,other,agreement,D55663B5A5FEC87E0F87BDEF2C621CA43845B690E1E1C1400337BF1FFAA9B49A
Gait Train,Gait/Train/other/hy-00_2-062.png,other,other/hy-00_2-062.png,other,agreement,094F73F144EDD78F177D266FA9047C99C95A48C5FB903E094F504BD296CB9E2C
Gait Train,Gait/Train/other/hy-00_2-063.png,other,other/hy-00_2-063.png,other,agreement,7DB90C3D353AD096163B015F8D43900FD1791D824C067D435FDC8ACCFB029AB9
Gait Train,Gait/Train/other/hy-00_2-064.png,other,other/hy-00_2-064.png,other,agreement,25A1C41BDEF8D9F25BCE82B955D375095BFD797AE9E521121641641F73BFDA67
Gait Train,Gait/Train/other/hy-00_2-065.png,other,other/hy-00_2-065.png,other,agreement,F36957CFF9B907E7E4CA06EB718B973FF17EB97F5483BADE364C84C8421197C6
Gait Train,Gait/Train/other/hy-00_2-066.png,other,other/hy-00_2-066.png,other,agreement,AC19BE52D5EC02F06C6898C6E9A4F613A4DB7E695E4D378AB3BB57D3991AF44B
Gait Train,Gait/Train/other/hy-00_2-067.png,other,other/hy-00_2-067.png,other,agreement,353E39E5B4BC4B9A05D100BF5529A8FF4C601E6D68E3F2BEC8BEDEDB81771DA7
Gait Train,Gait/Train/other/hy-00_3-001.png,other,other/hy-00_3-001.png,other,agreement,231E29BFEC02C88B67C72E15A192CFDDC804DA57AA288AC7386E25C18973E13C
Gait Train,Gait/Train/other/hy-00_3-002.png,other,other/hy-00_3-002.png,other,agreement,ED2EC274825E19B2920EA5ED1440860A51360B4CA92A0C877000C2CED866E9D8
Gait Train,Gait/Train/other/hy-00_3-003.png,other,other/hy-00_3-003.png,other,agreement,085A71ED41C46EC1F71A5BE877BC001CD6AA1A38C661415765CDC1B228F27153
Gait Train,Gait/Train/other/hy-00_3-004.png,other,other/hy-00_3-004.png,other,agreement,317CEF8E06AE8DCF618D7B4EE19B39FFD99ADEBA223AC3971B052A06F818E27A
Gait Train,Gait/Train/other/hy-00_3-005.png,other,other/hy-00_3-005.png,other,agreement,3D647EA3C6C3C86D65CE3E9087A74CA1671FCAD1CC34C76689BFBAC89A7687E4
Gait Train,Gait/Train/other/hy-00_3-006.png,other,other/hy-00_3-006.png,other,agreement,E79CD76C741921D1F4318A552E3A442BE765A97AAFE35475437B3773AF221718
Gait Train,Gait/Train/other/hy-00_3-007.png,other,other/hy-00_3-007.png,other,agreement,BAB46CB188F7F5A58EB95FCC4224995DCCF1DC3FCA9CB970B8A72306ED8F3936
Gait Train,Gait/Train/other/hy-00_3-012.png,other,other/hy-00_3-012.png,other,agreement,16E1DA8B15243175971D7156C346E1B461C88077C48A8066808D82CB6A2BF5E2
Gait Train,Gait/Train/other/hy-00_3-015.png,other,other/hy-00_3-015.png,other,agreement,578EEA7664B178FCB167880B7052F72F481A695A92078E2FE903BACF3E929D44
Gait Train,Gait/Train/other/hy-00_3-016.png,other,other/hy-00_3-016.png,other,agreement,15860DA61D4D1B0EF96660C2714C09CD67CF4E71BD708832DB8256D8D533CA18
Gait Train,Gait/Train/other/hy-00_3-017.png,other,other/hy-00_3-017.png,other,agreement,F6D27365E46B0F01ED1ABF18FEF7DBB9491637F3CA14A5D6DE12BEF164EFAD78
Gait Train,Gait/Train/other/hy-00_3-018.png,other,other/hy-00_3-018.png,other,agreement,6FFE27F2FA43336CE49ED52C45CB50860360E6EB7A6E3B67F186C8AA488F2792
Gait Train,Gait/Train/other/hy-00_3-019.png,other,other/hy-00_3-019.png,other,agreement,BBD8B7D3ECFD950F4371ACB4BAA5E2032984B97BD716512960DFAFD80C2E49BD
Gait Train,Gait/Train/other/hy-00_3-020.png,other,other/hy-00_3-020.png,other,agreement,2CB5B6CCC14DFF770FB03CD3410B490C9E502CE7BF458BB5748891FA8F914E4C
Gait Train,Gait/Train/other/hy-00_3-021.png,other,other/hy-00_3-021.png,other,agreement,D7D7D4D391D3C87261138EA8D0F5D3AB4327F59AB49D15AB4545C00F63D4B2C2
Gait Train,Gait/Train/other/hy-00_3-022.png,other,other/hy-00_3-022.png,other,agreement,BBD6CFF55ED746B224F0E5DA1549F846D2FC748CB336BFC82D898ADC03859CEC
Gait Train,Gait/Train/other/hy-00_3-025.png,other,other/hy-00_3-025.png,other,agreement,A42F30215469A8AE9ED25F11E5EA17121BD97742D934A128A0304CBEBE4F7364
Gait Train,Gait/Train/other/hy-00_3-027.png,other,other/hy-00_3-027.png,other,agreement,D061C59A3F084F0DA30ACDC7036B69065D3C18E4BD1B995C706F702430C5E3F3
Gait Train,Gait/Train/other/hy-00_3-028.png,other,other/hy-00_3-028.png,other,agreement,47808F7EDADA6B32FC06C07BCB10B2CDE78FC3326304BA7A5786D018520D7006
Gait Train,Gait/Train/other/hy-00_3-029.png,other,other/hy-00_3-029.png,other,agreement,62039E920969F09005B7A2338BBFB8DCAC46C778520F18F38A856CA6F93D598B
Gait Train,Gait/Train/other/hy-00_3-030.png,other,other/hy-00_3-030.png,other,agreement,516732E88D65C029D9D07E044127B84C0A5F830B275B5CF32F0068BDB73C3333
Gait Train,Gait/Train/other/hy-00_3-031.png,other,other/hy-00_3-031.png,other,agreement,1F94A559D9AE7F821E9426EB712AB90BE505D1A895C3E9CF6491CA1FACCCEAB6
Gait Train,Gait/Train/other/hy-00_3-032.png,other,other/hy-00_3-032.png,other,agreement,88E20FF86746A1A7E4BD44E58BE8B32D761C24458205579FBCC32E87A1328CD5
Gait Train,Gait/Train/other/hy-00_3-033.png,other,other/hy-00_3-033.png,other,agreement,4FAF1FECAE17B79DD64030C7A93D3EF4E42B2339A4C8FAED1FE3A7212D09EA73
Gait Train,Gait/Train/other/hy-00_3-034.png,other,other/hy-00_3-034.png,other,agreement,97C7D80DAA220D09681B718465347BB938AC68EA773A4E7EB9348DA0C95CDE5D
Gait Train,Gait/Train/other/hy-00_3-037.png,other,other/hy-00_3-037.png,other,agreement,6BD4021FCD38245EF7259289B2074C1B3DF4453F0C4A08EBC803F99D6BAF076F
Gait Train,Gait/Train/other/hy-00_3-038.png,other,other/hy-00_3-038.png,other,agreement,7A60363B9601C712F2EA661BF871BEEDD1C6846446B8FB943F1B9B4CFC12F548
Gait Train,Gait/Train/other/hy-00_3-041.png,other,other/hy-00_3-041.png,other,agreement,6741AB5345938406DAE0521335E61C20C5E62103EF8794F575668D9466E984C3
Gait Train,Gait/Train/other/hy-00_3-042.png,other,other/hy-00_3-042.png,other,agreement,957252838C8EBC61AFAB1B1EBEAF7DA1A52F04BA06CC774E3218EC4C1BA9EAB2
Gait Train,Gait/Train/other/hy-00_3-043.png,other,other/hy-00_3-043.png,other,agreement,FFA57A530D7946C589C95E7CC6FAFFD54C250B608D7E4AB6A7821A9CFC2A8B4B
Gait Train,Gait/Train/other/hy-00_3-044.png,other,other/hy-00_3-044.png,other,agreement,B67505E9802D0A86DFA13C208E23BD51DA13E74A9CCE3605F7DD20B58FFED8C9
Gait Train,Gait/Train/other/hy-00_3-045.png,other,other/hy-00_3-045.png,other,agreement,51B29E2CF0B3A1EDA45608F8E5C399B6F73C9FEF4FBCC157C2F985C761F84979
Gait Train,Gait/Train/other/hy-00_3-046.png,other,other/hy-00_3-046.png,other,agreement,CAFF768476BD7DFF8145462682EC17A523E09F4FBDA425755E644626D5541EC4
Gait Train,Gait/Train/other/hy-00_3-047.png,other,other/hy-00_3-047.png,other,agreement,DC1D4AE291085F5AF67F1C23D48517B43AD05CF7E6E3DB2ACF3A4CE9A4F24C02
Gait Train,Gait/Train/other/hy-00_3-050.png,other,other/hy-00_3-050.png,other,agreement,BAD427D9D5D2FA918130BB710B5C185F6F262BF1F7B9618766C97BC8FDD39B4A
Gait Train,Gait/Train/other/hy-00_3-053.png,other,other/hy-00_3-053.png,other,agreement,9796033EA40B5BABCBCB549DFBA4D62F09E531A6C9DEC47AA62815BF4075E5D2
Gait Train,Gait/Train/other/hy-00_3-054.png,other,other/hy-00_3-054.png,other,agreement,6A1038507703D5B1860D7378C2D4E44C28E9D90D35886818407606A0D9EFF131
Gait Train,Gait/Train/other/hy-00_3-055.png,other,other/hy-00_3-055.png,other,agreement,B617C7762FC4BC3E469DA981346474259915B0F566E93BAE8B3093699C9562E5
Gait Train,Gait/Train/other/hy-00_3-056.png,other,other/hy-00_3-056.png,other,agreement,4BA966D9AE69EC854AD4A4A62F47E0897858D868547F985A9817B66779036DAD
Gait Train,Gait/Train/other/hy-00_3-057.png,other,other/hy-00_3-057.png,other,agreement,7907417FA696DA9FBC6ACF00966CC73C7C15FE2D44818FA5A4408C5F8E307B35
Gait Train,Gait/Train/other/hy-00_3-058.png,other,other/hy-00_3-058.png,other,agreement,F28C5756823BF7E2C70BD0D0644459BBCCAD3801B16BC5A1AB7D94856B0D27FD
Gait Train,Gait/Train/other/hy-00_3-059.png,other,other/hy-00_3-059.png,other,agreement,C6C8F1BCFF0927E50AF84D903945A92C2985143A13A90374738386F792A0DDD0
Gait Train,Gait/Train/other/hy-00_3-060.png,other,other/hy-00_3-060.png,other,agreement,4C6959655D041A61EE50F3751F6AF04E18A135B3D2385D516E63B5190302D2B5
Gait Train,Gait/Train/other/hy-00_4-001.png,other,other/hy-00_4-001.png,other,agreement,012453809A39121920DE955F37916B4E66CE5CCB3C436F334174FAF2D08F6E07
Gait Train,Gait/Train/other/hy-00_4-002.png,other,other/hy-00_4-002.png,other,agreement,879A178B3BEDF70304CAF0F9941B4147A8E948625AED2EF1E761C484C4020633
Gait Train,Gait/Train/other/hy-00_4-003.png,other,other/hy-00_4-003.png,other,agreement,52A47A1473D80FC93ACB47BD91D03C71E1C1750F9E4E74154BFEACE0970E9F3C
Gait Train,Gait/Train/other/hy-00_4-004.png,other,other/hy-00_4-004.png,other,agreement,51E46278B1EA2CE5DE6BC364D2DA4E74F19991D07E9866F3BC2B03B88853F3EA
Gait Train,Gait/Train/other/hy-00_4-007.png,other,other/hy-00_4-007.png,other,agreement,1C00957CB3E569A7E0ED0C1A46F7D91DB84E9025B4CB054738DC199742A44249
Gait Train,Gait/Train/other/hy-00_4-008.png,other,other/hy-00_4-008.png,other,agreement,D2E16E706070C618F12360A0A03D9EAD699B076871D159BD87E632C7F757F354
Gait Train,Gait/Train/other/hy-00_4-010.png,other,other/hy-00_4-010.png,other,agreement,3A179133DB87751CEB5581E1E2DE28CC3F5679FD3BDFB0438816E89E1D7ADABA
Gait Train,Gait/Train/other/hy-00_4-011.png,other,other/hy-00_4-011.png,other,agreement,8CFA0A096F6D9A604F1C056624159DBA073DC28C24D7C696B31D0CC4ABD421AC
Gait Train,Gait/Train/other/hy-00_4-012.png,other,other/hy-00_4-012.png,other,agreement,8AE0E045F2AC30231055CDF0A568CC8D9BC18286A81C38D4C5424D75DE400AF9
Gait Train,Gait/Train/other/hy-00_4-013.png,other,other/hy-00_4-013.png,other,agreement,C8852CC0C2E7117B737603FD6B6F4986D134233BF40525BB7F1C3799DC3E3298
Gait Train,Gait/Train/other/hy-00_4-014.png,other,other/hy-00_4-014.png,other,agreement,1FEEC0027A17ACA5BE3691D74EF8EAE7A7981450492CE690DE13F214EB11EBAC
Gait Train,Gait/Train/other/hy-00_4-015.png,other,other/hy-00_4-015.png,other,agreement,F18DD17F4AF272390740ED2B7218182C90DAA3A61CB9574D1ED4A65F4354FE36
Gait Train,Gait/Train/other/hy-00_4-016.png,other,other/hy-00_4-016.png,other,agreement,199C9053E0C7FF64CE4901D0DC3F255E06D6D70DC583C46B7921D1C8F29D7B61
Gait Train,Gait/Train/other/hy-00_4-017.png,other,other/hy-00_4-017.png,other,agreement,C88D806A5941F2143083A3B49A60F87FDB8B53CF463EAE8B76BA39CBF9EC703D
Gait Train,Gait/Train/other/hy-00_4-018.png,other,other/hy-00_4-018.png,other,agreement,4D7402C749BA333D984A9294E9278EA96243BCC61FF4CA8FFE36E1F57FAD6909
Gait Train,Gait/Train/other/hy-00_4-023.png,other,other/hy-00_4-023.png,other,agreement,3D3A683521CA30F26A7EADD2FA56CF49381DFC9A835BC47E67EB7CBEF5264DF0
Gait Train,Gait/Train/other/hy-00_4-024.png,other,other/hy-00_4-024.png,other,agreement,48A5BFFA1EE2528275462B3A33ADE6C2D0CCD60258BE863E736A22C1528540A1
Gait Train,Gait/Train/other/hy-00_4-025.png,other,other/hy-00_4-025.png,other,agreement,8EF996CB8096DB16C7792717BB9108BC0020E079FE777C736ACE02C03E9B6E45
Gait Train,Gait/Train/other/hy-00_4-026.png,other,other/hy-00_4-026.png,other,agreement,55BCD499474DEE1C32AC062B15636BF63957892B4D7BB19CFFD5DC846FD81441
Gait Train,Gait/Train/other/hy-00_4-027.png,other,other/hy-00_4-027.png,other,agreement,9366141F13E22B90B577F9FD5A2FD65E58AA24AC59262A6D817EEC9D04ACFAFF
Gait Train,Gait/Train/other/hy-00_4-028.png,other,other/hy-00_4-028.png,other,agreement,D22E36BF1260E9C22C2C399AA806BEEA9D77D09E4100445E65257CE392866475
Gait Train,Gait/Train/other/hy-00_4-029.png,other,other/hy-00_4-029.png,other,agreement,CA6F0141663C9734E9E6888768C2478F01733A1F2A624B33373AF466B99D8AC6
Gait Train,Gait/Train/other/hy-00_4-030.png,other,other/hy-00_4-030.png,other,agreement,7B6C2FC06D7325480912356FA38DCDC774E9B48BC9A8C55646E0EDE719C499C2
Gait Train,Gait/Train/other/hy-00_4-034.png,other,other/hy-00_4-034.png,other,agreement,5830E4A5B5A7411B0A0403961145CE5E8E83A98DE04160728F466B0CFD4208B9
Gait Train,Gait/Train/other/hy-00_4-035.png,other,other/hy-00_4-035.png,other,agreement,AFCABE66D3E9A4A28851140609DB69833EF5B4B61A5F2BE9C95F360D4AF26C3E
Gait Train,Gait/Train/other/hy-00_4-036.png,other,other/hy-00_4-036.png,other,agreement,B7408A0C0CBB916CFD70FFD6405055D539AE495FDF6D2834E75854A64D13F169
Gait Train,Gait/Train/other/hy-00_4-037.png,other,other/hy-00_4-037.png,other,agreement,18BBE7EFB8921A639A568D851ABA234E0E3336469B46CB359F82A5BE2DB2C8A1
Gait Train,Gait/Train/other/hy-00_4-038.png,other,other/hy-00_4-038.png,other,agreement,EB44F4BB1F1FB63C5013341B95E09639D057F469F2751574CAB62E6917E1B187
Gait Train,Gait/Train/other/hy-00_4-039.png,other,other/hy-00_4-039.png,other,agreement,E814C8F6126A68578B61D87F9DC1DF9256B532CFEC5FCD196E436007F32EB6DE
Gait Train,Gait/Train/other/hy-00_4-040.png,other,other/hy-00_4-040.png,other,agreement,7723A1DC15EA29DDF13062D23A7A583B15D48F59AEA172800839B7ED2A71D8A8
Gait Train,Gait/Train/other/hy-00_4-041.png,other,other/hy-00_4-041.png,other,agreement,C5A98E3111DA58843F2D8A7C2C0B60F0EA9FF11657B47EA5244D8B11EE24058D
Gait Train,Gait/Train/other/hy-00_4-042.png,other,other/hy-00_4-042.png,other,agreement,223B32FED8F89C33B318786CD6DE06016C5B835A1CEE63A8187D0282770E4924
Gait Train,Gait/Train/other/hy-00_4-043.png,other,other/hy-00_4-043.png,other,agreement,C6ACB701C7F4E43877DCC157043D20FA4B03302C93366683460158AEAF55CE65
Gait Train,Gait/Train/other/hy-00_4-045.png,other,other/hy-00_4-045.png,other,agreement,EC0B2C9AB5AF07743B5424B6F7508869A983EFC12F082E89F4BD077F2A7FCFF0
Gait Train,Gait/Train/other/hy-00_4-046.png,other,other/hy-00_4-046.png,other,agreement,8B6D74DBAEEE4495783574127018414A72ADF53F73F8FEF8CC67350B7B97EFFA
Gait Train,Gait/Train/other/hy-00_4-048.png,other,other/hy-00_4-048.png,other,agreement,C8161D6602D8D2823386B683E0E65CACC3977AB6639DEABBBBCCE723EDF87C12
Gait Train,Gait/Train/other/hy-00_4-049.png,other,other/hy-00_4-049.png,other,agreement,C5BBC3F479771B41D06143B3B266AB7F076EE5B230A85E272AAC3B8F7AD0A806
Gait Train,Gait/Train/other/hy-00_4-050.png,other,other/hy-00_4-050.png,other,agreement,EA4E96FFE32165717A3520277CB6DA2FE8F3271DC6005C29D6C6EFB9E64C8C6C
Gait Train,Gait/Train/other/hy-00_4-051.png,other,other/hy-00_4-051.png,other,agreement,6C2199C0936D4EC466E1B140B436ED93A31B7E76C1A56CB96F7ACB20332710B3
Gait Train,Gait/Train/other/hy-00_4-052.png,other,other/hy-00_4-052.png,other,agreement,F3E2944727A820E3C83AD3F153D4DFED6EBD909FE59DC43D2EE446864FA578D1
Gait Train,Gait/Train/other/hy-00_4-053.png,other,other/hy-00_4-053.png,other,agreement,EC0A3E82F172AC33D00B2FC4F2C69F213D58DB69665C3E1E64C10849BAC785B9
Gait Train,Gait/Train/other/hy-00_4-054.png,other,other/hy-00_4-054.png,other,agreement,DC43A20FABBB150C4B9E2C6C2332D5F483313465F44F35C3B400923793D39A30
Gait Train,Gait/Train/other/hy-00_4-055.png,other,other/hy-00_4-055.png,other,agreement,313A1470151F59FC6A068A2F103547A22695FFDEC0654234770438DBA0C43801
Gait Train,Gait/Train/other/hy-00_4-056.png,other,other/hy-00_4-056.png,other,agreement,8F8A7D2373F7693A6D0C7F98A175427FACF332EF065912059BB160D984644DC2
Gait Train,Gait/Train/other/hy-00_4-060.png,other,other/hy-00_4-060.png,other,agreement,30B174291A8DF04AE900FBE26D1E5E3EDC3F5E0B193DA8DEF147AECEAAD66AB3
Gait Train,Gait/Train/other/hy-00_4-061.png,other,other/hy-00_4-061.png,other,agreement,4206BCCE9927A2BEDF49DE3B1CD89F45573A1814AD2B4EE5F738640C31C9E77D
Gait Train,Gait/Train/other/hy-00_4-062.png,other,other/hy-00_4-062.png,other,agreement,C706E4E81959C88170D141B0E5D542BC0EA8FB492DDAD8DBFFF6E66911916A16
Gait Train,Gait/Train/other/hy-00_4-063.png,other,other/hy-00_4-063.png,other,agreement,3BFA26327D8B62BACA5EA11D0D4982E12BF72D59652167049E00476DB95D0B8D
Gait Train,Gait/Train/other/ljg-00_1-001.png,other,other/ljg-00_1-001.png,other,agreement,BEF60EDF9E10249C99725B90427267030E1E5707A72A47E5002369C5830B26DB
Gait Train,Gait/Train/other/ljg-00_1-002.png,other,other/ljg-00_1-002.png,other,agreement,3C6A1DC71EF9988400B7079D8874AF10A3A324CA9D5751F1BEC165E3F99E4213
Gait Train,Gait/Train/other/ljg-00_1-003.png,other,other/ljg-00_1-003.png,other,agreement,BCBF187D33AB4B680B0183BEF1F406205933BD4C2C7C6C1E409C6E20E7DCAEF6
Gait Train,Gait/Train/other/ljg-00_1-004.png,other,other/ljg-00_1-004.png,other,agreement,BB0A52655EA4C8D443721C6CE1B154A59104462CEB6D747827F0A93FF60FBBBD
Gait Train,Gait/Train/other/ljg-00_1-005.png,other,other/ljg-00_1-005.png,other,agreement,9AE629E1D326EBF43084FEF09891D01603D0F91588D88CB7AB5D910154D5BDEA
Gait Train,Gait/Train/other/ljg-00_1-006.png,other,other/ljg-00_1-006.png,other,agreement,F615394075D10163378BBEA0A1536DC50430F29A7F7D15D5B33955A8B1CBC93A
Gait Train,Gait/Train/other/ljg-00_1-007.png,other,other/ljg-00_1-007.png,other,agreement,F5C4A80FCDCAE56137303E0137163665A84B5A5C3D6298E23724D32CD724D7E5
Gait Train,Gait/Train/other/ljg-00_1-008.png,other,other/ljg-00_1-008.png,other,agreement,0CC5B09B7EA8F5C68E038B9EE2E8A6AFFC705ED35FC34B02C5AA4890DF396193
Gait Train,Gait/Train/other/ljg-00_1-009.png,other,other/ljg-00_1-009.png,other,agreement,EFDE4A24000946D0D219E94612C77EF122942E9E0298C6BA6415566605BCC0A6
Gait Train,Gait/Train/other/ljg-00_1-012.png,other,other/ljg-00_1-012.png,other,agreement,BD9785E583C09CF66C5D0D42AB9BAED14961816DDBF4EC88E981E3F8BCB49FB8
Gait Train,Gait/Train/other/ljg-00_1-013.png,other,other/ljg-00_1-013.png,other,agreement,53D737181BDA567C44D615797F45C76C9E8CB699723E03D0B96FA8E2E161A73A
Gait Train,Gait/Train/other/ljg-00_1-014.png,other,other/ljg-00_1-014.png,other,agreement,FAD67C8E1DDDE2F331CFD62BA0C64377EA845FBC1EC3A49BD292B5F5267BFF1F
Gait Train,Gait/Train/other/ljg-00_1-017.png,other,other/ljg-00_1-017.png,other,agreement,2FC429069C44CCD4C21E94F1B30A73D9298CB8078575AB6FBAD4F5829E1F19B0
Gait Train,Gait/Train/other/ljg-00_1-018.png,other,other/ljg-00_1-018.png,other,agreement,16209294F7B81E49BE74FDEC6796F12A66C8061FAE6B553FD8A6823E8940FDF3
Gait Train,Gait/Train/other/ljg-00_1-019.png,other,other/ljg-00_1-019.png,other,agreement,8455D9AE7E5A0B313F41AC86CC9179E629E754198A6CD55DDC519F42E44103CB
Gait Train,Gait/Train/other/ljg-00_1-020.png,other,other/ljg-00_1-020.png,other,agreement,62264D95FAB3E544481225DC8D08B2A61DE805BB93D6E5FAA002F47820999643
Gait Train,Gait/Train/other/ljg-00_1-021.png,other,other/ljg-00_1-021.png,other,agreement,A207FF19525FF1ED82B8C388B99F82104E5B60772ADC895EEE2FC94E4D78735B
Gait Train,Gait/Train/other/ljg-00_1-022.png,other,other/ljg-00_1-022.png,other,agreement,78EFB29542BB4A3E2CC6CA72384A18DB6913F55F3F9BF9277C4457DBA5532F3E
Gait Train,Gait/Train/other/ljg-00_1-023.png,other,other/ljg-00_1-023.png,other,agreement,5E8E1B7E009586E908EE997499F748D0FFE1CBDF5CBF1A253B3E8282B2611CF0
Gait Train,Gait/Train/other/ljg-00_1-024.png,other,other/ljg-00_1-024.png,other,agreement,F1DD005D9087DD0D72F00B34C5438D89213DBC35668C92520DC210B7C9DB1E07
Gait Train,Gait/Train/other/ljg-00_1-027.png,other,other/ljg-00_1-027.png,other,agreement,45D8CE83250A9550CDE30A9232AF5D0F7FB3D98749C52EEAAA7931A04F467F32
Gait Train,Gait/Train/other/ljg-00_1-028.png,other,other/ljg-00_1-028.png,other,agreement,3AB430AC61305937A865BF11CCB04839C8B8175CF8351A5A1E02FD28295DCCCA
Gait Train,Gait/Train/other/ljg-00_1-031.png,other,other/ljg-00_1-031.png,other,agreement,54ADB3EBB7C8A0F98722B6B93A0C65115E0C041D48337C30E91EA308546B4A05
Gait Train,Gait/Train/other/ljg-00_1-032.png,other,other/ljg-00_1-032.png,other,agreement,84F60794F0DEF474934DDD793CA8B779E35846BF9CB21F8E15A0543094C863D5
Gait Train,Gait/Train/other/ljg-00_1-033.png,other,other/ljg-00_1-033.png,other,agreement,5AE26FCBED75398867C68BB5F32ECC1DC1AEDEB68746708C55674D63EDBB27EE
Gait Train,Gait/Train/other/ljg-00_1-034.png,other,other/ljg-00_1-034.png,other,agreement,BCCADD39E64F2DB6BC3056270831F0ED04341F95F83D158510A30E61B560B094
Gait Train,Gait/Train/other/ljg-00_1-035.png,other,other/ljg-00_1-035.png,other,agreement,65F9FEFA80DDC7A2CE9D897672B031CC3CA9D4A8B95A5F56DF1C508C07A4441F
Gait Train,Gait/Train/other/ljg-00_1-036.png,other,other/ljg-00_1-036.png,other,agreement,4FE461C7814DAC7D32E204343D7048A7D9CF987E76D7D78754B834D7D7CFDC89
Gait Train,Gait/Train/other/ljg-00_1-037.png,other,other/ljg-00_1-037.png,other,agreement,BF282EC1BBA996AB13F4A49DF376E2454BAB8817751EAF6D611389F027F14C81
Gait Train,Gait/Train/other/ljg-00_1-038.png,other,other/ljg-00_1-038.png,other,agreement,0A257DF548FB1D90D124E1877C20CDA46B7E061994418E22E8C7A70185734E06
Gait Train,Gait/Train/other/ljg-00_1-042.png,other,other/ljg-00_1-042.png,other,agreement,D3A89678A81FC0B99A3BC5CE82F51BABC59FBA431230CDC8695A079F73E492DC
Gait Train,Gait/Train/other/ljg-00_1-043.png,other,other/ljg-00_1-043.png,other,agreement,129CD10FA353613B2025729E1B9ECC59225A3A8ED76E438981AE360F3C7F2AA6
Gait Train,Gait/Train/other/ljg-00_1-046.png,other,other/ljg-00_1-046.png,other,agreement,E4F3CA538C0E9E18EEDC0FEBBA3CFB439242A5164C37F91AD194530872D65943
Gait Train,Gait/Train/other/ljg-00_1-047.png,other,other/ljg-00_1-047.png,other,agreement,E18CD3540B627BA35FB1DD5A3D946EE04BC7E9BB75F895A73043D389BABBC163
Gait Train,Gait/Train/other/ljg-00_1-048.png,other,other/ljg-00_1-048.png,other,agreement,9FA3BF7A82E662E54FC60E1C70AB8F6263B7CD04CB0E4C0B2B9942FC980906EF
Gait Train,Gait/Train/other/ljg-00_1-049.png,other,other/ljg-00_1-049.png,other,agreement,6D9CBC6C76291603BC14D227AD7A85F4615E7A8A092EF24731F7C165A7CCFC21
Gait Train,Gait/Train/other/ljg-00_1-050.png,other,other/ljg-00_1-050.png,other,agreement,DAFF2CB393A4D91BA6C1AC180458ED64A76F2B591DD1A59C288DECE6B0C24E11
Gait Train,Gait/Train/other/ljg-00_1-051.png,other,heel_strike/ljg-00_1-053.png,heel_strike,conflict,FEF0E66AB06AE93CF75E28155B89B40A3E8F866BC091D365968F341A283C2B7F
Gait Train,Gait/Train/other/ljg-00_1-051.png,other,other/ljg-00_1-051.png,other,agreement,FEF0E66AB06AE93CF75E28155B89B40A3E8F866BC091D365968F341A283C2B7F
Gait Train,Gait/Train/other/ljg-00_1-056.png,other,other/ljg-00_1-056.png,other,agreement,1FDB93393F28CF6A3005125E3E84AA24CB827A31DF57DC045F9131E854A008F1
Gait Train,Gait/Train/other/ljg-00_1-057.png,other,other/ljg-00_1-057.png,other,agreement,FA92BE72B5B87C488D3256AEB61383668EEF2A614217A1D0ED0D93E5471673D1
Gait Train,Gait/Train/other/ljg-00_1-059.png,other,other/ljg-00_1-059.png,other,agreement,CB041062E89057D7FC0B08E7C90A4FA7B68E73275AE3743AE09E35CA47F1D228
Gait Train,Gait/Train/other/ljg-00_1-060.png,other,other/ljg-00_1-060.png,other,agreement,F6A57662DCF6C1EB607862C91DE4915FD1604969F4523C33DE824B013B2A037C
Gait Train,Gait/Train/other/ljg-00_1-061.png,other,other/ljg-00_1-061.png,other,agreement,A92E7655064400F30DF333E1BE40BE5B796A2EA50132ADBA26C0DF33D97189F3
Gait Train,Gait/Train/other/ljg-00_1-062.png,other,other/ljg-00_1-062.png,other,agreement,F998DE453C036B396DA270F2C6F2668A99558B5F4538C47A3A088C7185E12222
Gait Train,Gait/Train/other/ljg-00_1-063.png,other,other/ljg-00_1-063.png,other,agreement,BAA443F33AAE46904CCF8C1E6AAB4E5D4849AEC65DB0A0D465669DD69DC4C31B
Gait Train,Gait/Train/other/ljg-00_1-064.png,other,other/ljg-00_1-064.png,other,agreement,C4C5EBBB275BD647551A3EF2407F350941EE499E1889CCEE7EBFFF2746422183
Gait Train,Gait/Train/other/ljg-00_2-003.png,other,other/ljg-00_2-003.png,other,agreement,37A68D6676696E3DAACEA65EA43098D20AB8C51E82CBBA1D99E46511466778ED
Gait Train,Gait/Train/other/ljg-00_2-004.png,other,other/ljg-00_2-004.png,other,agreement,C451025B1DBCB9579A4F572DC3BEFA9FB2E0B8E06CA5A77D4BBADD31919E0F75
Gait Train,Gait/Train/other/ljg-00_2-005.png,other,other/ljg-00_2-005.png,other,agreement,B88981DDF4AA584BE9B31FE9364AA08D58B921CBA933123AF4DE2FA61ECCBEDC
Gait Train,Gait/Train/other/ljg-00_2-006.png,other,other/ljg-00_2-006.png,other,agreement,75A777311FA8C3BB1B0E682CC433AAC27A3B96BCDEA92A58275DF1DB4C65A3B0
Gait Train,Gait/Train/other/ljg-00_2-009.png,other,other/ljg-00_2-009.png,other,agreement,D3CF5EBFC070DF54813A1A3C316B635BE0D389E7A6626C2EA73CA21B2F3C9708
Gait Train,Gait/Train/other/ljg-00_2-010.png,other,other/ljg-00_2-010.png,other,agreement,F091EA316B3D6A7251693D2CC75F8AE11B5EC11D05E4F326A5355FA790F16929
Gait Train,Gait/Train/other/ljg-00_2-011.png,other,other/ljg-00_2-011.png,other,agreement,CA41F55A8E0CB57BA6C242336A5C3B7B626A0BF825C39ED66F5BB94A6ED479D9
Gait Train,Gait/Train/other/ljg-00_2-012.png,other,other/ljg-00_2-012.png,other,agreement,7234B859742C4B0B261C0D1ABD2DFBE7322EB163B9EB3BA9AC35A25927871B05
Gait Train,Gait/Train/other/ljg-00_2-013.png,other,other/ljg-00_2-013.png,other,agreement,FB95F6C9963C0F45A5D5BBCC181EEDFC7BC55AB0BAA01B5CFE5EB35A89E740C9
Gait Train,Gait/Train/other/ljg-00_2-014.png,other,other/ljg-00_2-014.png,other,agreement,BD0DFAED0BC46A7C0DBBA0C8A372913629609FC70544B666D228E48214FD765B
Gait Train,Gait/Train/other/ljg-00_2-015.png,other,other/ljg-00_2-015.png,other,agreement,F2C06534E6DA17BCACAFAC662A0B98C9A511938B30DFB97E0A35343E2EBF6E15
Gait Train,Gait/Train/other/ljg-00_2-016.png,other,other/ljg-00_2-016.png,other,agreement,1FC038A14533F96D6C4C57832972464E05043D57F5189177E084F6DCA269F26E
Gait Train,Gait/Train/other/ljg-00_2-019.png,other,other/ljg-00_2-019.png,other,agreement,54926B2D63184A27D2031083565B627936F314F57EF98550D67B2EFDDF06B01D
Gait Train,Gait/Train/other/ljg-00_2-020.png,other,other/ljg-00_2-020.png,other,agreement,3270A618B3E462C2626DECB70B236C5D56EB8C832C016E3CCE11E6E78D45DD10
Gait Train,Gait/Train/other/ljg-00_2-022.png,other,other/ljg-00_2-022.png,other,agreement,51CD9E72C263472DED70C691D55174A901430E16DF1200D3DCF31D091906E11A
Gait Train,Gait/Train/other/ljg-00_2-023.png,other,other/ljg-00_2-023.png,other,agreement,7958A293EEFB40FC226D8E546E1F31ACEB9D1EC965D832C161D5FC644E84C717
Gait Train,Gait/Train/other/ljg-00_2-024.png,other,other/ljg-00_2-024.png,other,agreement,9B233556F5212D7722AAE692ACAD91F1A4D973FB6F5C3CABB36816133A5DB9B8
Gait Train,Gait/Train/other/ljg-00_2-025.png,other,other/ljg-00_2-025.png,other,agreement,68D2936E7449DAA89CC95CD41F323A951EE7DEE547C9FD9824556AC4B6D29328
Gait Train,Gait/Train/other/ljg-00_2-026.png,other,other/ljg-00_2-026.png,other,agreement,097A472ABBB19FA91FD699D8F91DEF685FBE2E85021593F0660ADCC4915FC87F
Gait Train,Gait/Train/other/ljg-00_2-027.png,other,other/ljg-00_2-027.png,other,agreement,3A0BB7229B8E1C8BB6DAE8936EC458A06E94C75A79FF1E8E5EEE1A4E439A75CB
Gait Train,Gait/Train/other/ljg-00_2-028.png,other,other/ljg-00_2-028.png,other,agreement,782C5444958DCB29F7F6E3A96771FA64616E3C196F2EB099338F1B6A29B79F72
Gait Train,Gait/Train/other/ljg-00_2-029.png,other,other/ljg-00_2-029.png,other,agreement,34C141996A8BCCA35B24DFDC9E3A74B60DA09BD035D67CDBE9A74C26AEDD0444
Gait Train,Gait/Train/other/ljg-00_2-030.png,other,other/ljg-00_2-030.png,other,agreement,BBC366A1C8640D953743E6F7E58298F86B138A647EBA13F021B7C9606AC9D332
Gait Train,Gait/Train/other/ljg-00_2-032.png,other,other/ljg-00_2-032.png,other,agreement,E1393CE34BAFE516338CC518D6878ECE62C23592FD4F25F7A25DA63CCEC9C2C7
Gait Train,Gait/Train/other/ljg-00_2-033.png,other,other/ljg-00_2-033.png,other,agreement,EF1976F45EAFD88209DF10A5ADD10DDB42307522FC823A7F154368A67307B774
Gait Train,Gait/Train/other/ljg-00_2-034.png,other,other/ljg-00_2-034.png,other,agreement,535D64388036B15535D5AFD89822BA0D855B5F2FE7EBE34A8C162359340BA1A1
Gait Train,Gait/Train/other/ljg-00_2-036.png,other,other/ljg-00_2-036.png,other,agreement,D8C933AC3B91CA3CD0A6BADB6BBB4B465DF1489B6781C10D94F4534C4AAF768C
Gait Train,Gait/Train/other/ljg-00_2-037.png,other,other/ljg-00_2-037.png,other,agreement,9E18610B7DF82622A484E016D179CC7CF255C9FEC9E273254491B9930D84D2C4
Gait Train,Gait/Train/other/ljg-00_2-038.png,other,other/ljg-00_2-038.png,other,agreement,897F70B8E9EA4631E667CFD3DA511BEDCDA3004C20A1AA8221777E46113CB9B9
Gait Train,Gait/Train/other/ljg-00_2-039.png,other,other/ljg-00_2-039.png,other,agreement,F85A94CEE6BC35A8E01727E1380EBAA153DCC8CDC56025CFC0235436B7904D6F
Gait Train,Gait/Train/other/ljg-00_2-040.png,other,other/ljg-00_2-040.png,other,agreement,D40075DDDBCF043676CED603D81AD29F69A3922C2CB29B39D61880ED508E5A5B
Gait Train,Gait/Train/other/ljg-00_2-041.png,other,other/ljg-00_2-041.png,other,agreement,9B61E2F4FECCA1A775607222D0F7999CECFE135998F36C840B7A6E2A763C2649
Gait Train,Gait/Train/other/ljg-00_2-042.png,other,other/ljg-00_2-042.png,other,agreement,ED8541D786E56FC0FEF2B5D399E17784C4932E73DFDD68AE0FE8EBAF8B902DE2
Gait Train,Gait/Train/other/ljg-00_2-043.png,other,other/ljg-00_2-043.png,other,agreement,28DBAD2CE5406587E9D921F2AE3B68339182A7FA86B0B0ACBA3B6B95C95A47F7
Gait Train,Gait/Train/other/ljg-00_2-044.png,other,other/ljg-00_2-044.png,other,agreement,42BBD52CEBC53B7B30301C399034652468CCEC0B58908656257F86AC74EA8354
Gait Train,Gait/Train/other/ljg-00_2-045.png,other,other/ljg-00_2-045.png,other,agreement,1D5F609BADB1D6F74CEBB5E296B4409A6E682D22B63717F5390618675F528A84
Gait Train,Gait/Train/other/ljg-00_2-048.png,other,other/ljg-00_2-048.png,other,agreement,36651AEA7C226CC90902B061B579DFD5E836723CAF1148B58E2F35BBD1EFB21B
Gait Train,Gait/Train/other/ljg-00_2-049.png,other,other/ljg-00_2-049.png,other,agreement,AE48E7C705A5260B2015535E149C4A55715768D1001FEB2842BBF6B8D9011413
Gait Train,Gait/Train/other/ljg-00_2-051.png,other,other/ljg-00_2-051.png,other,agreement,F13457A5664AC57D74CAF2D39A78DB23F6C8E7690867989B118B65D679F67B65
Gait Train,Gait/Train/other/ljg-00_2-052.png,other,other/ljg-00_2-052.png,other,agreement,0FA9F5B5F1269F82F01F7B726E70B14303F9FB1590A7EB6EC5F6610496B3C387
Gait Train,Gait/Train/other/ljg-00_2-053.png,other,other/ljg-00_2-053.png,other,agreement,2A9843178DB74B635EB1815BDBB31AF869EBF8E01F1BAB439EEA600FECEA2C1B
Gait Train,Gait/Train/other/ljg-00_2-054.png,other,other/ljg-00_2-054.png,other,agreement,D5C00ADD43DE094DACEA5D6E5509FDD185FBC550A8251C4DAB1FEC5142B136FE
Gait Train,Gait/Train/other/ljg-00_2-055.png,other,other/ljg-00_2-055.png,other,agreement,C13180EA27B5CAC0A986CF6CDC34C2D5CFC19E6D316AF38554413107265EA287
Gait Train,Gait/Train/other/ljg-00_2-056.png,other,other/ljg-00_2-056.png,other,agreement,1461205DED174BD83240618357148CB266AD80A1DEC90E40F9FE80B5E13A976B
Gait Train,Gait/Train/other/ljg-00_2-057.png,other,other/ljg-00_2-057.png,other,agreement,6BA56DC5B0093674B13D61115A12CD7522833F88AAA7F3EC569E799E0F373469
Gait Train,Gait/Train/other/ljg-00_2-058.png,other,other/ljg-00_2-058.png,other,agreement,5236BF90F1A2B473A6D9BCF77DC65FD7E6565568427436C4EF4EFBC7E6E46E46
Gait Train,Gait/Train/other/ljg-00_2-059.png,other,other/ljg-00_2-059.png,other,agreement,6A9E2CD847F5AC029ADF47CCC52236C5FCB91A9C1087DFD3AE9A083BC235B693
Gait Train,Gait/Train/other/ljg-00_2-062.png,other,other/ljg-00_2-062.png,other,agreement,EF34E93698DB26B6F170925B906E36BA514226AE98623F9742821ADEC2D28465
Gait Train,Gait/Train/other/ljg-00_2-063.png,other,other/ljg-00_2-063.png,other,agreement,440BCA6C39EF03007932B118E1B0DFC496C67C31F45555330BD7274A0BD2CDA6
Gait Train,Gait/Train/other/ljg-00_2-064.png,other,other/ljg-00_2-064.png,other,agreement,61081016B5470861841512151664363C0637A4CD76A7F69FBFEC0AFE977D7993
Gait Train,Gait/Train/other/ljg-00_2-066.png,other,other/ljg-00_2-066.png,other,agreement,C8CB6F20322E008B666762C5D2DCE03411BC144647E2FBC27BCCF39976A41C25
Gait Train,Gait/Train/other/ljg-00_2-067.png,other,other/ljg-00_2-067.png,other,agreement,325473053FE49F21D20FE353C97FE51955BC018E89AC50AE94ADB2E59BA00B0B
Gait Train,Gait/Train/other/ljg-00_2-068.png,other,other/ljg-00_2-068.png,other,agreement,57842A8B61BA74126D9C5F8764D04AB8B1FB8E9229D4A503DE5CE6EE3ED0958B
Gait Train,Gait/Train/other/ljg-00_3-001.png,other,other/ljg-00_3-001.png,other,agreement,BE5CB3240F0DDCD5553341A71C5A76D71766DBDEB9CE96C799F55155C38AB753
Gait Train,Gait/Train/other/ljg-00_3-002.png,other,other/ljg-00_3-002.png,other,agreement,2C1DEFFE2C46D9795F4899A245CA3FD11BEF011FB7B549EE34DBA0A909F4B74B
Gait Train,Gait/Train/other/ljg-00_3-003.png,other,other/ljg-00_3-003.png,other,agreement,FB3CDD3C2CE7FBFDF8B49CACC878CC957742B9D255789B5CCD6D97FA413FEBEA
Gait Train,Gait/Train/other/ljg-00_3-005.png,other,other/ljg-00_3-005.png,other,agreement,A8E5E0626AAF9DBB38887A68C26ED0627A5E759DF1AB17FABC683FD2620BE224
Gait Train,Gait/Train/other/ljg-00_3-006.png,other,other/ljg-00_3-006.png,other,agreement,FF6472E0A03577359B67D7555BE387498E794AC5837437DBD0F7BA0F20816B02
Gait Train,Gait/Train/other/ljg-00_3-007.png,other,other/ljg-00_3-007.png,other,agreement,A348C99ABA59D590C1E66D5C6F81FC03806291E7C2ED6B4F0D1594530BC5D878
Gait Train,Gait/Train/other/ljg-00_3-010.png,other,other/ljg-00_3-010.png,other,agreement,8294BD11F5BC425BCC476E1B626CC1127CD45887A695FE8E105676F33C0941FF
Gait Train,Gait/Train/other/ljg-00_3-011.png,other,other/ljg-00_3-011.png,other,agreement,518B75FA1C5AB1B1B220E76E6FC452AE6DAC5EE50DBC614324DB1AD56266E88D
Gait Train,Gait/Train/other/ljg-00_3-012.png,other,other/ljg-00_3-012.png,other,agreement,0376227FD7BE66D21BD652426A92078CC3AEBD6702FE99BDF1F20C10A6DD0741
Gait Train,Gait/Train/other/ljg-00_3-013.png,other,other/ljg-00_3-013.png,other,agreement,450458E85642336939F351545D666214B72C257EAF4294F0B75E05BFC509DF38
Gait Train,Gait/Train/other/ljg-00_3-014.png,other,other/ljg-00_3-014.png,other,agreement,4E582003158538EF0B6C30F997EE6D154A2969A9389D8AF8846C980E9E0BA376
Gait Train,Gait/Train/other/ljg-00_3-015.png,other,other/ljg-00_3-015.png,other,agreement,8119B8491256A3DDBCE66F6C7FE990D14653B84A5422913B98CA85D41F0EB891
Gait Train,Gait/Train/other/ljg-00_3-016.png,other,other/ljg-00_3-016.png,other,agreement,03C8704FF87AA1A63CFB28B9B8DE7C81AA6E3BBC347587855DD421E470982DB9
Gait Train,Gait/Train/other/ljg-00_3-020.png,other,other/ljg-00_3-020.png,other,agreement,A18019099A658D010EB380C814C3668D276C7E0A535B3C4441C768D0AA8684A9
Gait Train,Gait/Train/other/ljg-00_3-021.png,other,other/ljg-00_3-021.png,other,agreement,914235F111DFA36F5214F904FF0322264A7914DD2E9E402032D6B1828C0C15BC
Gait Train,Gait/Train/other/ljg-00_3-022.png,other,other/ljg-00_3-022.png,other,agreement,361672F15ECB2199A56790D6CB7427D8C83E7DF31596D0FE55E8044F6AFA47E9
Gait Train,Gait/Train/other/ljg-00_3-025.png,other,other/ljg-00_3-025.png,other,agreement,83D392A82D7650648E09BDB6E4EFC08FE10066CA304DF45253A42E4D2AFE1E82
Gait Train,Gait/Train/other/ljg-00_3-026.png,other,other/ljg-00_3-026.png,other,agreement,3DEBC9E38FF0E379EB16D0DE5A9C9B412BDA74A6923D86DC69E8AB24841FF9DE
Gait Train,Gait/Train/other/ljg-00_3-027.png,other,other/ljg-00_3-027.png,other,agreement,3D6E22742A432238D2B311CB16C4844AEFFE7F36288C7C1304A3F4B285A1A25C
Gait Train,Gait/Train/other/ljg-00_3-028.png,other,other/ljg-00_3-028.png,other,agreement,86D18474A6EBA94A4586BBB60577C0DE234690049F37E56BF285FB09BDADB98D
Gait Train,Gait/Train/other/ljg-00_3-029.png,other,other/ljg-00_3-029.png,other,agreement,B58BD4D9A07D6642AE399B1F48E81E78B50FF5941646C33338B4F1165D5957DF
Gait Train,Gait/Train/other/ljg-00_3-030.png,other,other/ljg-00_3-030.png,other,agreement,3A43B2DF602048ECB250BF1579C8770BB55E5EE6D098DFAA25F161EC979B810D
Gait Train,Gait/Train/other/ljg-00_3-031.png,other,other/ljg-00_3-031.png,other,agreement,B3535D1344BFCAFF71480D7507A4A722E4687F0593396EB604338535D62516F1
Gait Train,Gait/Train/other/ljg-00_3-034.png,other,other/ljg-00_3-034.png,other,agreement,EEC4BAB6085237872500BBBD76B2252717F0914B959BAC0A1913F73C97AFAE30
Gait Train,Gait/Train/other/ljg-00_3-035.png,other,other/ljg-00_3-035.png,other,agreement,13102C39E4C014D077382C6A6587A7132381C3D2A6AD2146C9A17F98FCC33010
Gait Train,Gait/Train/other/ljg-00_3-038.png,other,other/ljg-00_3-038.png,other,agreement,2CC8067D03AAC95A1586127C08C765F7C578DB40320B8274C015B3C527C9521D
Gait Train,Gait/Train/other/ljg-00_3-039.png,other,other/ljg-00_3-039.png,other,agreement,0C4BB5599C6C2B1446E3728F537CCC609D793BFDE4668E8C5E030A2AAEADDB3D
Gait Train,Gait/Train/other/ljg-00_3-040.png,other,other/ljg-00_3-040.png,other,agreement,9EB75A13563674BC7C86EC7CA85F49549A7EAF8D54C09234396759319F50D479
Gait Train,Gait/Train/other/ljg-00_3-041.png,other,other/ljg-00_3-041.png,other,agreement,19D48A1757974405A47E328E33D57D2501B9DC8928B8291CE23676967AE99213
Gait Train,Gait/Train/other/ljg-00_3-042.png,other,other/ljg-00_3-042.png,other,agreement,28F93AC50B09FD8B9AF2EFD796BEEF6EACDA6C5D36C409495EF6CB77B7D207CD
Gait Train,Gait/Train/other/ljg-00_3-043.png,other,other/ljg-00_3-043.png,other,agreement,3F6CB8DAD50104A2A977263A2FB75DE97C690979EF18DDE269B79E533D2A039E
Gait Train,Gait/Train/other/ljg-00_3-044.png,other,other/ljg-00_3-044.png,other,agreement,76A21A3BD47E0E5707A2E3F5C0276B3512E48C794CDB95F975DD4E39FE4B311E
Gait Train,Gait/Train/other/ljg-00_3-045.png,other,other/ljg-00_3-045.png,other,agreement,0713B0E5A956FB0D26721501C239513DBED675956D5E41C72413445402141605
Gait Train,Gait/Train/other/ljg-00_3-048.png,other,other/ljg-00_3-048.png,other,agreement,457665EFA385E925579EF48445B1C8EED8CC86753DC09F42C86933F884E16FE4
Gait Train,Gait/Train/other/ljg-00_3-049.png,other,other/ljg-00_3-049.png,other,agreement,A87FA64C5968FE384A148ED2E639BC5F48476933250C17D96519337FDD6C2249
Gait Train,Gait/Train/other/ljg-00_3-052.png,other,other/ljg-00_3-052.png,other,agreement,CB3C833778C76E6D914975EDC7B417C7C48B40423B574EA14330C6A288929066
Gait Train,Gait/Train/other/ljg-00_3-053.png,other,other/ljg-00_3-053.png,other,agreement,1B3DD256D5FB6238C1310FB80DA3DCDC7362CE99348CFE5D63D682BD08B7C944
Gait Train,Gait/Train/other/ljg-00_3-054.png,other,other/ljg-00_3-054.png,other,agreement,9045B3EF940530B18D0F6324AC76C0CBA25290C16047D349D53BD46C1B65819A
Gait Train,Gait/Train/other/ljg-00_3-055.png,other,other/ljg-00_3-055.png,other,agreement,C7860EE677BD202299DCE3E0BDB8402F34B9FF043F8CCE3E361E114B30137AF3
Gait Train,Gait/Train/other/ljg-00_3-056.png,other,other/ljg-00_3-056.png,other,agreement,9024F2D25DB631BD3C6060EC2220694B933F87093D887EACA503DBF1662A6C74
Gait Train,Gait/Train/other/ljg-00_3-057.png,other,other/ljg-00_3-057.png,other,agreement,527240E74DC7A481EFAC26BC4EF9367F54CE8547B0F87D55ED9C868402F195F8
Gait Train,Gait/Train/other/ljg-00_3-058.png,other,other/ljg-00_3-058.png,other,agreement,EAEE72D7A42F4CEC170E5E94520273DE2F0F0989DF9FE2101D1EFBE03F705AB0
Gait Train,Gait/Train/other/ljg-00_3-059.png,other,other/ljg-00_3-059.png,other,agreement,E0E8739D357E236C9B0D111257550E9491D49E1F62F0D6B5C8A022CB33B703F7
Gait Train,Gait/Train/other/ljg-00_3-060.png,other,other/ljg-00_3-060.png,other,agreement,F05C9CD56948375F6ECE50FEB1878E4715061D7B2D66FA563F471F932C161DAF
Gait Train,Gait/Train/other/ljg-00_3-063.png,other,other/ljg-00_3-063.png,other,agreement,5D7E074B6694B2ACB588FAFD070441728B14E03BDAEEBE6256B4CA7F57C5218D
Gait Train,Gait/Train/other/ljg-00_3-064.png,other,other/ljg-00_3-064.png,other,agreement,5853AC0E1210C54E830CABD0A059C5D7F50FAFDC613BD07BAF19CCE0C619E4B7
Gait Train,Gait/Train/other/ljg-00_3-065.png,other,other/ljg-00_3-065.png,other,agreement,7687015C8341A057EADC25DE2FF69A802CAE2DF70246EE2E219595A7637BCBA9
Gait Train,Gait/Train/other/ljg-00_3-068.png,other,other/ljg-00_3-068.png,other,agreement,92B4B73A897B698B917250BE68B2A4E81024AC6B18E7596AC18BDA3E8EEE07F5
Gait Train,Gait/Train/other/ljg-00_3-069.png,other,other/ljg-00_3-069.png,other,agreement,FF550CC6808E3C57F33DF936AEFA30DD8BA5AEB95C63DB6F8C5E03239287B954
Gait Train,Gait/Train/other/ljg-00_4-004.png,other,other/ljg-00_4-004.png,other,agreement,80EB9D95AEB1386FA3E5A16F0883A39CBE32C253377D630D2EE313DA0DF80E24
Gait Train,Gait/Train/other/ljg-00_4-005.png,other,other/ljg-00_4-005.png,other,agreement,956513C147211E83D2D1A187C5E8A81066C7976450F6D214752C765915B845FB
Gait Train,Gait/Train/other/ljg-00_4-008.png,other,other/ljg-00_4-008.png,other,agreement,296996E2C44D936AD62D0397FCF0D5B55BA04202F3DFB4865872E27D3947E0A5
Gait Train,Gait/Train/other/ljg-00_4-009.png,other,other/ljg-00_4-009.png,other,agreement,C358440855DC891EC3E0B86C2133269017719840CAA12A1648830A17DA96FE7D
Gait Train,Gait/Train/other/ljg-00_4-010.png,other,other/ljg-00_4-010.png,other,agreement,69C0E0AF7DFE61D855E2BAF0A05A1AB0B0290558BF58F773AF253FFA9397119A
Gait Train,Gait/Train/other/ljg-00_4-011.png,other,other/ljg-00_4-011.png,other,agreement,9AA5615F776EBBEA09E2D6F83F5E4520E6DA3F61DA36E1F7FB40CB62B08447AF
Gait Train,Gait/Train/other/ljg-00_4-012.png,other,other/ljg-00_4-012.png,other,agreement,C4DE7C77267D117AC4ABD59F6924B6F2863846FE33A7E9BD8A1A2319DFB491C0
Gait Train,Gait/Train/other/ljg-00_4-013.png,other,other/ljg-00_4-013.png,other,agreement,E5264914F29AB6DBFE7E11001EB253C83325D2134EB8867F41059858526CBA38
Gait Train,Gait/Train/other/ljg-00_4-014.png,other,other/ljg-00_4-014.png,other,agreement,DB7253DDABB78830819A17037B7C838287503FB6290077F7B96D6248B256B5FD
Gait Train,Gait/Train/other/ljg-00_4-015.png,other,other/ljg-00_4-015.png,other,agreement,791551829CE047066B720383164642DAE54EAEE97D66B8182371BB56C229F031
Gait Train,Gait/Train/other/ljg-00_4-016.png,other,other/ljg-00_4-016.png,other,agreement,C8BBB1C12133C0DFBEBA53A118ADF2EC82E9B054915FFC2EE91F3560ADAA7C16
Gait Train,Gait/Train/other/ljg-00_4-018.png,other,other/ljg-00_4-018.png,other,agreement,DF17F053F39E58B473D5B2FC6506C3F3DD98543091B8BE7114CA48084E870292
Gait Train,Gait/Train/other/ljg-00_4-021.png,other,other/ljg-00_4-021.png,other,agreement,854927062F3867E12E159687D59A1E93EDE4B29FEC1336FDB3BC19255D1248EB
Gait Train,Gait/Train/other/ljg-00_4-022.png,other,other/ljg-00_4-022.png,other,agreement,1E7660BA8711C008C0651DDA6D49352FED2698C88B79E46232ECD6CC05604099
Gait Train,Gait/Train/other/ljg-00_4-023.png,other,other/ljg-00_4-023.png,other,agreement,5038BA1393D72DB7A3E9650C2FB9E7C9F5EA31C7A705318AAACFE68157BD6433
Gait Train,Gait/Train/other/ljg-00_4-024.png,other,other/ljg-00_4-024.png,other,agreement,C8AC716106207279F6E8FC23391C829C76B7DD1AB4EF5322600420148E0065E4
Gait Train,Gait/Train/other/ljg-00_4-025.png,other,other/ljg-00_4-025.png,other,agreement,F46812A3AC795BFF2D3217EC2103A2D9C728A6F48F2359EA69F55B0FEA6D392D
Gait Train,Gait/Train/other/ljg-00_4-026.png,other,other/ljg-00_4-026.png,other,agreement,A836185B7485032638DD462AFE0719B674BA05F9D0D53962A77593265830B8D8
Gait Train,Gait/Train/other/ljg-00_4-027.png,other,other/ljg-00_4-027.png,other,agreement,08B3EE5253F23209334D36F74A21ADB0F1C011F1C2DBA678CF32463E3F4E93DA
Gait Train,Gait/Train/other/ljg-00_4-028.png,other,other/ljg-00_4-028.png,other,agreement,52B282113D107734899548E74D9366077BAF5BFB3285B6A7A7900294E5641DBF
Gait Train,Gait/Train/other/ljg-00_4-030.png,other,other/ljg-00_4-030.png,other,agreement,DA5F0BE8E94915063EADD0CF648BE6CD539475D667D39A444AB1E428F02BD195
Gait Train,Gait/Train/other/ljg-00_4-031.png,other,other/ljg-00_4-031.png,other,agreement,15214BEFC9B003B20B1D538261788989400C955680D68127044BEA1EC957B945
Gait Train,Gait/Train/other/ljg-00_4-032.png,other,other/ljg-00_4-032.png,other,agreement,935F42759056E6FE0DEFA9DE675AF7B095F882E91C55344D7D9B054D46C839BE
Gait Train,Gait/Train/other/ljg-00_4-034.png,other,other/ljg-00_4-034.png,other,agreement,0BED9693DD6D21502902A1683A5AD75B5D8A0016C4C308F189C2CF08F36BEC85
Gait Train,Gait/Train/other/ljg-00_4-035.png,other,other/ljg-00_4-035.png,other,agreement,632D270930CC0A12ED81BC554038978401FA63A351A26A6010B33B50AA3B3316
Gait Train,Gait/Train/other/ljg-00_4-036.png,other,other/ljg-00_4-036.png,other,agreement,C8086E1E28F12C664D82A6A4357DAB7BCF461C12A3B97A9F729F823457E77FD5
Gait Train,Gait/Train/other/ljg-00_4-037.png,other,other/ljg-00_4-037.png,other,agreement,5EE4CBD95B2FC6B0FADD0E752B9A90788790046C2BD4FACEDD2A38C5115CE448
Gait Train,Gait/Train/other/ljg-00_4-038.png,other,other/ljg-00_4-038.png,other,agreement,2A9991C380CD1EC65601F1E38614E0394033ECDEA9A62432694F5F12D3C2263D
Gait Train,Gait/Train/other/ljg-00_4-039.png,other,other/ljg-00_4-039.png,other,agreement,F985B688E8C1DE65C27F4336E44B1A85C5F6F1C06CE6D77031E1627505126E48
Gait Train,Gait/Train/other/ljg-00_4-040.png,other,other/ljg-00_4-040.png,other,agreement,7BC1FB698832FBDA8FE29C841C677EB29E597AACED1B082FCC6D8E553267E0A6
Gait Train,Gait/Train/other/ljg-00_4-041.png,other,other/ljg-00_4-041.png,other,agreement,59A6D8784344C01AC21A2AEBCC337EC292A131A27CA54EF208910B0655505DDC
Gait Train,Gait/Train/other/ljg-00_4-042.png,other,other/ljg-00_4-042.png,other,agreement,A71DFE0D0D6BAE47FBD9AD9FA9F80765350A467FFBA0D715373F18AA86B14734
Gait Train,Gait/Train/other/ljg-00_4-043.png,other,other/ljg-00_4-043.png,other,agreement,17E5A647D1702FACF0E42DD5AEE3107D95AA0D052161693626986ED8F8605941
Gait Train,Gait/Train/other/ljg-00_4-045.png,other,other/ljg-00_4-045.png,other,agreement,9D6D2B883254A3B7294C263EF7E3CC52934766A2903946158F86F5DB3860524E
Gait Train,Gait/Train/other/ljg-00_4-046.png,other,other/ljg-00_4-046.png,other,agreement,D86ED9973639107292D16317EE7C349E48C0BD4A3D13CECFD8F6C59C0FEB9EFB
Gait Train,Gait/Train/other/ljg-00_4-048.png,other,other/ljg-00_4-048.png,other,agreement,5CC565A127420BF591AE35503062C59B64F8218CC63F5C131114DB1988C444AE
Gait Train,Gait/Train/other/ljg-00_4-049.png,other,other/ljg-00_4-049.png,other,agreement,035FDC197BF3BCD1824A5828BB77B6A0C19B9FBA47B7874979853134DCB35DFC
Gait Train,Gait/Train/other/ljg-00_4-050.png,other,other/ljg-00_4-050.png,other,agreement,15CF8DD355A0A84E2A56A56C855F4965A82AACC4FAE63AEC0EB407752EF59D8B
Gait Train,Gait/Train/other/ljg-00_4-051.png,other,other/ljg-00_4-051.png,other,agreement,CD2518216471F4B7C396768268988C4745BD48DCBBEB08F3BC2559004458C5FC
Gait Train,Gait/Train/other/ljg-00_4-052.png,other,other/ljg-00_4-052.png,other,agreement,55C3DE82CC393C7FF27C91267DCCC985346B0685B788362BDC5151A72224FBF4
Gait Train,Gait/Train/other/ljg-00_4-053.png,other,other/ljg-00_4-053.png,other,agreement,9DD3E7A2FB2831E9687D80A726B7536CDBABE7047E6D13AC93CDA7CF003E466A
Gait Train,Gait/Train/other/ljg-00_4-054.png,other,other/ljg-00_4-054.png,other,agreement,404AAB5511B68D1DD03B76794D6E0EE6466ADA050CD76514B4F0FEB41A5246C9
Gait Train,Gait/Train/other/ljg-00_4-055.png,other,other/ljg-00_4-055.png,other,agreement,2158CACA4095817FB8D196414FE3E8E4189A63C7A4C4B7BE6019355331EA18FC
Gait Train,Gait/Train/other/ljg-00_4-056.png,other,other/ljg-00_4-056.png,other,agreement,77949F2790CECFD86A3AF1EC59F59EFE60877CDF5CA7EF37D8205FF66FE1860B
Gait Train,Gait/Train/other/ljg-00_4-058.png,other,other/ljg-00_4-058.png,other,agreement,B9C67EDA6382DE1108FB6741159164EAD5B5CB89E304721743A9989490E9211F
Gait Train,Gait/Train/other/ljg-00_4-059.png,other,other/ljg-00_4-059.png,other,agreement,1A77F38D2FE6891DC5CFFF6F4E13DD7E7181103FC9133448AB9621D278D4D2B3
Gait Train,Gait/Train/other/ljg-00_4-062.png,other,other/ljg-00_4-062.png,other,agreement,60A2F1B5DABF63438A4AE92D45199726D3D704AF2DCBAE8DDA1D4D2733FEC6A1
Gait Train,Gait/Train/other/ljg-00_4-063.png,other,other/ljg-00_4-063.png,other,agreement,A62088352713FA60253F3989DFFE3FEF164213C0C49A827D992635B82CC56EC1
Gait Train,Gait/Train/other/ljg-00_4-064.png,other,other/ljg-00_4-064.png,other,agreement,42A2987F76B7466E1AE3F0F327FC44AFB8269270BEF9DBB797F11F2736CC746F
Gait Train,Gait/Train/other/ljg-00_4-065.png,other,other/ljg-00_4-065.png,other,agreement,535FF4FE35DFFA5EBE9AE2D49EF40FF6C2308391AD888E8B62E71472CB36BABD
Gait Train,Gait/Train/other/ljg-00_4-066.png,other,other/ljg-00_4-066.png,other,agreement,47B942BAD7681DA67459E433CB1C11E908C755507B817ED66A09A8057ECFE4C4
Gait Train,Gait/Train/other/lqf-00_1-001.png,other,other/lqf-00_1-001.png,other,agreement,D52D07FDA4A4F9D46084CB0CFD4AC44EFC515EA62A65FAD262D0800CDA79E1AB
Gait Train,Gait/Train/other/lqf-00_1-002.png,other,other/lqf-00_1-002.png,other,agreement,A53C6F3ADA676E83CAB1F59DCDCC369D01AFCE34DF3F908B9EE55C9B044CE54B
Gait Train,Gait/Train/other/lqf-00_1-003.png,other,other/lqf-00_1-003.png,other,agreement,2CFCAC7016C438F926DABF6C7D73C0F5A1CB3855CDF81DE0221E5D8163A5EE03
Gait Train,Gait/Train/other/lqf-00_1-004.png,other,other/lqf-00_1-004.png,other,agreement,9239D10E3838D954B2CF4FE091A4A7A2E911CD895E3213B7C1CACF475667A7EF
Gait Train,Gait/Train/other/lqf-00_1-005.png,other,other/lqf-00_1-005.png,other,agreement,CA0AEA3BAF1B492548B4FDCA657285B4D173B83194E2C7184384301106DC98CD
Gait Train,Gait/Train/other/lqf-00_1-006.png,other,other/lqf-00_1-006.png,other,agreement,244778716D96F9FAC03FB0DE0C53461E10A0F110BD0330B25205AA2E2FD10408
Gait Train,Gait/Train/other/lqf-00_1-007.png,other,other/lqf-00_1-007.png,other,agreement,9FBD82B0191D6FE0BE496E0A3BF84E9F4957868B99B015E90A189D0F03E362D5
Gait Train,Gait/Train/other/lqf-00_1-008.png,other,other/lqf-00_1-008.png,other,agreement,7BCDB796C48CED93CDB95C38DF940A3507B2A8747F212E4D910A300616E9BCFD
Gait Train,Gait/Train/other/lqf-00_1-011.png,other,other/lqf-00_1-011.png,other,agreement,0F2ED77D63C997B4A95DF95417032F5F82342411E63327E2821758713FD42D44
Gait Train,Gait/Train/other/lqf-00_1-014.png,other,other/lqf-00_1-014.png,other,agreement,35A6F390E93FDFCB5145C2153745D94B0A28F9E5BA38FE319CA255AC881F41EE
Gait Train,Gait/Train/other/lqf-00_1-015.png,other,other/lqf-00_1-015.png,other,agreement,812C950632FD0EAA47EEC208ABA27DB6F994931B10D21C29291D5D42294273B4
Gait Train,Gait/Train/other/lqf-00_1-016.png,other,other/lqf-00_1-016.png,other,agreement,E3072BF2ECDE940B842F0FF2F4F6D3E6B457FD3104EC2A20595F2807F7CCBCA3
Gait Train,Gait/Train/other/lqf-00_1-017.png,other,other/lqf-00_1-017.png,other,agreement,7CA61108B48774EE444F84C80C2498E4BD549557458A5E8CA91D6B5B30B7DCEA
Gait Train,Gait/Train/other/lqf-00_1-018.png,other,other/lqf-00_1-018.png,other,agreement,6BA70A808E11FE3233386560159FF3F7F3689EEED426E89673B5CEBC1C75086A
Gait Train,Gait/Train/other/lqf-00_1-019.png,other,other/lqf-00_1-019.png,other,agreement,571F423EB90EB5507A556A45E9CAFDD7E43086B66CF45CE04F01F3A53E77CD2F
Gait Train,Gait/Train/other/lqf-00_1-020.png,other,other/lqf-00_1-020.png,other,agreement,D07DC1B8460A05DA95D4941D6730D1CCAC824D935D4344748E0B3584C209C59E
Gait Train,Gait/Train/other/lqf-00_1-023.png,other,other/lqf-00_1-023.png,other,agreement,5511E7ACC89C55A3D8239DCFD27C74601FE6EA79139C7B31C99D8C8E5E154C06
Gait Train,Gait/Train/other/lqf-00_1-024.png,other,other/lqf-00_1-024.png,other,agreement,719284B7C46347A538C02130D42ED6D6CCBC5908B5C23436C8F8E490747897BB
Gait Train,Gait/Train/other/lqf-00_1-027.png,other,other/lqf-00_1-027.png,other,agreement,C12A92E476FFC2B7906994E75E61300DF3B84FE6B2D0FE877209E69E2A399141
Gait Train,Gait/Train/other/lqf-00_1-028.png,other,other/lqf-00_1-028.png,other,agreement,CD34DF29D9F63F252C7C20FFE16584D15B0AB30BFDAF1B33BE767F688B86ED82
Gait Train,Gait/Train/other/lqf-00_1-029.png,other,other/lqf-00_1-029.png,other,agreement,8CC6FD50D371B1398B784A922A13729F219D8F78637B4A712FE4C63156DC9518
Gait Train,Gait/Train/other/lqf-00_1-030.png,other,other/lqf-00_1-030.png,other,agreement,8DF2FF01C739C33D1DBC9FFADB93C3392999E5E007A5CA1DA06D5521B49FF09F
Gait Train,Gait/Train/other/lqf-00_1-031.png,other,other/lqf-00_1-031.png,other,agreement,D347FF597BB6382191474E804E62FF602163499B4AA6FF995AC1836121569F3F
Gait Train,Gait/Train/other/lqf-00_1-032.png,other,other/lqf-00_1-032.png,other,agreement,3DCE1BEF3830CC38A1800A54CD2631026C692425CCB3197FA56BFC41C2E818FD
Gait Train,Gait/Train/other/lqf-00_1-033.png,other,other/lqf-00_1-033.png,other,agreement,DD22074ECCACE2E6B442952FE45621BC2D83F49485278DB26A4F6CCB2DD040FA
Gait Train,Gait/Train/other/lqf-00_1-034.png,other,other/lqf-00_1-034.png,other,agreement,1277A17A198D2AA0908BC9132EB1A87D03A288C2DA15447CEE0D5980E3720E8B
Gait Train,Gait/Train/other/lqf-00_1-035.png,other,other/lqf-00_1-035.png,other,agreement,E8DB9A320BAC3114432808BC6E616DE149207E3B4AAC1DE18CCC339B1C66D836
Gait Train,Gait/Train/other/lqf-00_1-037.png,other,other/lqf-00_1-037.png,other,agreement,47BB2A8F975363D5EF4BEF42F798597676A6132786326EEF839771364E94A9B9
Gait Train,Gait/Train/other/lqf-00_1-040.png,other,other/lqf-00_1-040.png,other,agreement,1E84335925CD5B7FDD1E3C077F754DA3E27AB35048435C3C25E05B0531368C6E
Gait Train,Gait/Train/other/lqf-00_1-041.png,other,other/lqf-00_1-041.png,other,agreement,2CF9ECF086765CEBE244BB263943B152E4D9C1AF4D2D7B35886C579DD504D6F6
Gait Train,Gait/Train/other/lqf-00_1-042.png,other,other/lqf-00_1-042.png,other,agreement,2F875233CB5F6420FEC86C094E981380B8F68733535B5D9D460DF66BAC196980
Gait Train,Gait/Train/other/lqf-00_1-043.png,other,other/lqf-00_1-043.png,other,agreement,5F9F0DD88893C540FEACFF863415F09B581B4C4CC0D9D1F1CECDD0E7FA138F2F
Gait Train,Gait/Train/other/lqf-00_1-044.png,other,other/lqf-00_1-044.png,other,agreement,354511A47CFA886A48B4B43D89416925F0D6B0D64B1BDA4687D34FBEE0296C48
Gait Train,Gait/Train/other/lqf-00_1-045.png,other,other/lqf-00_1-045.png,other,agreement,C6A1616B20ECFAAE081CC30394D7E8A5B7E5AA6AF1EEF79DA625EEC0EB86094F
Gait Train,Gait/Train/other/lqf-00_1-046.png,other,other/lqf-00_1-046.png,other,agreement,D4A89340954295698B175759F7129E83C58CA3D968256FFA4D79E5A28888C2CB
Gait Train,Gait/Train/other/lqf-00_1-047.png,other,other/lqf-00_1-047.png,other,agreement,09819D1626A2BA89608CB5FE69A60DBD4A6D50EA28711EA1954F7AC9CD4437F0
Gait Train,Gait/Train/other/lqf-00_1-050.png,other,other/lqf-00_1-050.png,other,agreement,551E1D125187E246437F82734AE309B1782C71241C2D72FCC354271D606C4DCD
Gait Train,Gait/Train/other/lqf-00_1-053.png,other,other/lqf-00_1-053.png,other,agreement,8E4B823DDC631274500EFB2979B437EC45D4815F98B1AF5D0897D570A540AD0C
Gait Train,Gait/Train/other/lqf-00_1-054.png,other,other/lqf-00_1-054.png,other,agreement,180AC4085494DAD39D8F31C058A1294290BFC0EAD174D981338FC8E75EC32E62
Gait Train,Gait/Train/other/lqf-00_1-055.png,other,other/lqf-00_1-055.png,other,agreement,0E9AFE1C5FD6173CAC38469018417E8DAA4345060439E14CB535B22BCABF51D3
Gait Train,Gait/Train/other/lqf-00_2-001.png,other,other/lqf-00_2-001.png,other,agreement,B46CF0D0BC9932793A13D54E687E4E5F3F8AF3D687583DFC55C5C435D2990DE6
Gait Train,Gait/Train/other/lqf-00_2-002.png,other,other/lqf-00_2-002.png,other,agreement,C2B4D13B96458757F93A50F3E06A6A2C9BFCF52C66FB632BCB7218846A0F8D69
Gait Train,Gait/Train/other/lqf-00_2-003.png,other,other/lqf-00_2-003.png,other,agreement,96110C9D588816028D5ACD5C4F0C1CCE65415CD5A705FBDA59FB0258097429A3
Gait Train,Gait/Train/other/lqf-00_2-004.png,other,other/lqf-00_2-004.png,other,agreement,5B57363A5131B45CF6852E3D7DFCD9D00100CE27B1D7B7FE7F2790BAC80AE8A9
Gait Train,Gait/Train/other/lqf-00_2-008.png,other,other/lqf-00_2-008.png,other,agreement,F54B266E05CD3DA2BC9C466A6A49BC905B93838E6820C00DD8DD6FA3C6F0E2BD
Gait Train,Gait/Train/other/lqf-00_2-009.png,other,other/lqf-00_2-009.png,other,agreement,BFC5B1E0924C61A83CDD61A5CB51AE79A2C3B7E7600ED758F0F58886A7131A20
Gait Train,Gait/Train/other/lqf-00_2-010.png,other,other/lqf-00_2-010.png,other,agreement,B3377ACA2B62D0BD7A4A21423B25C237C3E3AC0A40897D0894697CB955BC8B0C
Gait Train,Gait/Train/other/lqf-00_2-012.png,other,other/lqf-00_2-012.png,other,agreement,3C13EC26FE9E4569F8BC0918D42FFC7740BB675ECD4B5BEFC8E88B366C0EB885
Gait Train,Gait/Train/other/lqf-00_2-013.png,other,other/lqf-00_2-013.png,other,agreement,B29EEF6F9E3F9ABE0E31F3DA29D5E48972CD3FC8F2D404D678E0D674AB0D5F20
Gait Train,Gait/Train/other/lqf-00_2-014.png,other,other/lqf-00_2-014.png,other,agreement,D7D001F3621C6FD3273BEBEA62889F5B19858B299C6467C3E018FF64091A4901
Gait Train,Gait/Train/other/lqf-00_2-015.png,other,other/lqf-00_2-015.png,other,agreement,A4DEDE73219F70DD2C88058D0C1DE3F2F461AAA5719731DAFEBBFA482E6BB44E
Gait Train,Gait/Train/other/lqf-00_2-016.png,other,other/lqf-00_2-016.png,other,agreement,25A1997329D336191093EBE271960DD96BC95205E97CAF378DECEF2FBDB5F504
Gait Train,Gait/Train/other/lqf-00_2-017.png,other,other/lqf-00_2-017.png,other,agreement,FC40CA3C5F1D153727271ED4B191DC665C47D458AD73D6BE22B6CC23CC5C4D10
Gait Train,Gait/Train/other/lqf-00_2-018.png,other,other/lqf-00_2-018.png,other,agreement,E396EB772EB6A9CDD4846EFF305C461375B32E79AC935A2FF1D9E05111E42174
Gait Train,Gait/Train/other/lqf-00_2-019.png,other,other/lqf-00_2-019.png,other,agreement,C6CB4602E0EFB59D426F9E98E8D1A4DAD53692D45AFB488D86054A3F5124C4D2
Gait Train,Gait/Train/other/lqf-00_2-022.png,other,other/lqf-00_2-022.png,other,agreement,DD1270669BB20BC233CAE7FC59DFF7DCAFEE65F34C37A6D31DC2D2E4C07652C4
Gait Train,Gait/Train/other/lqf-00_2-023.png,other,other/lqf-00_2-023.png,other,agreement,4DEE610CA4DEF7181ED6A99B89F44DEE0A5ED49BB70555E5613B89388D0EBAA3
Gait Train,Gait/Train/other/lqf-00_2-028.png,other,other/lqf-00_2-028.png,other,agreement,6C94A78E48464A11B4369662F730A2F136F47B90AF3C121481D61E682D914344
Gait Train,Gait/Train/other/lqf-00_2-029.png,other,other/lqf-00_2-029.png,other,agreement,5505B3F332509B5F77B540A3D582140A4FEEE2F324241B2F3E9F25071F4FCC5A
Gait Train,Gait/Train/other/lqf-00_2-030.png,other,other/lqf-00_2-030.png,other,agreement,298C2F057CEA14235F5B39FE986D2B079743DEB077A652BEC9F493CE0F313E08
Gait Train,Gait/Train/other/lqf-00_2-031.png,other,other/lqf-00_2-031.png,other,agreement,2212920B20A3FB8C81A6CCE41A4DE454BBDD25EF0D71ABAB914C6B99CF1DC886
Gait Train,Gait/Train/other/lqf-00_2-032.png,other,other/lqf-00_2-032.png,other,agreement,883F1D994C63FA58F47F58D3105F365AD6E34907C8291DD739106B44F0CFD76F
Gait Train,Gait/Train/other/lqf-00_2-035.png,other,other/lqf-00_2-035.png,other,agreement,AEC6353474BF0E1148A09B31F8F2DA1895FF3D806D0F59EA7FBF4DEB41FD1071
Gait Train,Gait/Train/other/lqf-00_2-036.png,other,other/lqf-00_2-036.png,other,agreement,2D629F46CED149B7C5FB133149AD9B8DF8A17C04AC9E7419C689074DE04551F8
Gait Train,Gait/Train/other/lqf-00_2-039.png,other,other/lqf-00_2-039.png,other,agreement,A39A27A37298E435E39580A4E3A35C43702376B96818F2292C2E51689B430773
Gait Train,Gait/Train/other/lqf-00_2-040.png,other,other/lqf-00_2-040.png,other,agreement,B2C0A2511338E51D5F8DB035D4AF50CE4D9ACBA7AFDC024F4252120FB11E4D3D
Gait Train,Gait/Train/other/lqf-00_2-041.png,other,other/lqf-00_2-041.png,other,agreement,EBA737EF9FD1E0C2BA2E0EFF10AF72A14BCC58B8AEFF8EAFE23A54069CD3082B
Gait Train,Gait/Train/other/lqf-00_2-042.png,other,other/lqf-00_2-042.png,other,agreement,3562D2448B4949AB1E1462E28EB3D6585438791AC6A953D132D9DB4858254267
Gait Train,Gait/Train/other/lqf-00_2-043.png,other,other/lqf-00_2-043.png,other,agreement,A3CBEF2B84DB814647CAF5D9467BBEBC0126EAC753175652231B0272A782CE12
Gait Train,Gait/Train/other/lqf-00_2-044.png,other,other/lqf-00_2-044.png,other,agreement,3977FC0FFB2A951873237ABA08D210F18C9654AE09D993F83EBEED19FB51FA22
Gait Train,Gait/Train/other/lqf-00_2-045.png,other,other/lqf-00_2-045.png,other,agreement,45B61D511FE9DFC0035416F7370718C5ABFE31863C6D316BCD1648D1B2D953CD
Gait Train,Gait/Train/other/lqf-00_2-046.png,other,other/lqf-00_2-046.png,other,agreement,04E5B38CA733F0F9531490C1EA6EAA4B41D7886C46C7EB38B5861D266D6529EC
Gait Train,Gait/Train/other/lqf-00_2-048.png,other,other/lqf-00_2-048.png,other,agreement,5EF0EFACB8E5778046DE7EADAEEEF762BE32EE49D8A3C91299EAB11D6A60D987
Gait Train,Gait/Train/other/lqf-00_2-049.png,other,other/lqf-00_2-049.png,other,agreement,E825D291907A31D334C014DC61895BD3C6040FB5FE7E54FEBF89F1F5B7504BF8
Gait Train,Gait/Train/other/lqf-00_2-052.png,other,other/lqf-00_2-052.png,other,agreement,1D08B789632124B1ADF0FED294F3B932A33435D690B74CE5F6DF6600738ACCA4
Gait Train,Gait/Train/other/lqf-00_2-053.png,other,other/lqf-00_2-053.png,other,agreement,7E0A62632DBF84C8E8622466ADA5554BCE3313B96152F25F84E2942C3AF2F056
Gait Train,Gait/Train/other/lqf-00_2-054.png,other,other/lqf-00_2-054.png,other,agreement,D71BCA0B0EED72CF237819FAFA4BBC7A03560CF77FF1E954BC5BCAEDA1D48358
Gait Train,Gait/Train/other/lqf-00_2-055.png,other,other/lqf-00_2-055.png,other,agreement,7FD86574883AC1C626587E41B28AD8A72E9DB68EA5E5DDDFA66754975818BB6A
Gait Train,Gait/Train/other/lqf-00_2-056.png,other,other/lqf-00_2-056.png,other,agreement,70F934783AE1016E31F5E1CF44E6F7C4F50CF0B743BB455DEF2FE82A58B2FFB9
Gait Train,Gait/Train/other/lqf-00_2-057.png,other,other/lqf-00_2-057.png,other,agreement,EC7DA7509A1BEE3808B5EF352CC3A4496F32F112247595116063A8E41BAC9FC8
Gait Train,Gait/Train/other/lqf-00_2-058.png,other,other/lqf-00_2-058.png,other,agreement,1C39656770EB0EF5F6226BEA49D62064D6FABB23EC52152E691BB50E7FE5BF71
Gait Train,Gait/Train/other/lqf-00_2-059.png,other,other/lqf-00_2-059.png,other,agreement,DD73A7C89430F682BF33B151DADAEE9BCD77CA424F5658B4D534969B0114BCB0
Gait Train,Gait/Train/other/lqf-00_3-003.png,other,other/lqf-00_3-003.png,other,agreement,0BE1F57CA6147DE7D1634998D5908529BAFA41E31B3F377504B2CCA21A240897
Gait Train,Gait/Train/other/lqf-00_3-004.png,other,other/lqf-00_3-004.png,other,agreement,917BF05A75847D4B237E54B3132CC360522300AB47B93BA4203E3E06F423CE77
Gait Train,Gait/Train/other/lqf-00_3-005.png,other,other/lqf-00_3-005.png,other,agreement,CFECFE637364A86B02B841030AA8A80F9016FC0030164B847AF1BB2942803BDD
Gait Train,Gait/Train/other/lqf-00_3-006.png,other,other/lqf-00_3-006.png,other,agreement,4A77EA6A4AADCE155A68EB2CDE93435A441681E4D63D35422B32102E14741EE3
Gait Train,Gait/Train/other/lqf-00_3-007.png,other,other/lqf-00_3-007.png,other,agreement,D12AA18B9CBEB334474BD571A0C447074F13BFD3190982EA72B8DFDCE8B30F12
Gait Train,Gait/Train/other/lqf-00_3-008.png,other,other/lqf-00_3-008.png,other,agreement,A3ADCC2100E9142FD19C95DBD0BB1A9508BBB696BCCA30ACD927959535DB68AB
Gait Train,Gait/Train/other/lqf-00_3-009.png,other,other/lqf-00_3-009.png,other,agreement,D8A50F4F548102E44E2C30972CDE89FC1A656B102CC4D516907846AF7E14A635
Gait Train,Gait/Train/other/lqf-00_3-010.png,other,other/lqf-00_3-010.png,other,agreement,7617BD95526C58A88A0AB0C9A74A98A7B0DFDDAFB235F87E6922BC16C249D969
Gait Train,Gait/Train/other/lqf-00_3-011.png,other,heel_strike/lqf-00_3-012.png,heel_strike,conflict,0A7A009738E6B5D89D8CFAA1FDE3D2299A37F20831EA0F27A045A2556A5985E9
Gait Train,Gait/Train/other/lqf-00_3-011.png,other,other/lqf-00_3-011.png,other,agreement,0A7A009738E6B5D89D8CFAA1FDE3D2299A37F20831EA0F27A045A2556A5985E9
Gait Train,Gait/Train/other/lqf-00_3-015.png,other,other/lqf-00_3-015.png,other,agreement,F2FDF18F5348FCEE12C19874E03DF1048A2E5DFCE6C650D3313E3C121946B973
Gait Train,Gait/Train/other/lqf-00_3-016.png,other,other/lqf-00_3-016.png,other,agreement,55A1E0783FEA411635662798EAADE9C93EC48BCC8A6720A706F3DCB5E931487C
Gait Train,Gait/Train/other/lqf-00_3-017.png,other,other/lqf-00_3-017.png,other,agreement,2427B38171FACECAD35577129CCDE6783E45CE6F14A5A2A2F261D5FE58401E36
Gait Train,Gait/Train/other/lqf-00_3-017.png,other,toe_off/lqf-00_3-018.png,toe_off,conflict,2427B38171FACECAD35577129CCDE6783E45CE6F14A5A2A2F261D5FE58401E36
Gait Train,Gait/Train/other/lqf-00_3-020.png,other,other/lqf-00_3-020.png,other,agreement,177B0715274D70926DFE718D0D9360A303A97B916C3501E25CD7B040A3D2B34B
Gait Train,Gait/Train/other/lqf-00_3-021.png,other,other/lqf-00_3-021.png,other,agreement,900FBD716C271771B8FDBD8817FD46E236BD1B0A0E7D90AE6F381842329B298E
Gait Train,Gait/Train/other/lqf-00_3-022.png,other,other/lqf-00_3-022.png,other,agreement,E98E483C2352EBABA5EBFC05F697C236DB925F8516ABCBFF31B5C1DF6E919450
Gait Train,Gait/Train/other/lqf-00_3-023.png,other,other/lqf-00_3-023.png,other,agreement,6CBD719ACB1616126D234F8A386C9BD09071E81203170A436F705F4C40A6C11F
Gait Train,Gait/Train/other/lqf-00_3-024.png,other,other/lqf-00_3-024.png,other,agreement,8E99AE5378FDE4BAAB351CC3208237ED7BFB085F95DE05ED33CE6441D90FCD62
Gait Train,Gait/Train/other/lqf-00_3-025.png,other,other/lqf-00_3-025.png,other,agreement,C16E582098058E2D088E06054400086F8550B85D52BE4A3456E3D924B27C08A2
Gait Train,Gait/Train/other/lqf-00_3-026.png,other,other/lqf-00_3-026.png,other,agreement,DEBEE1E44AC2DD9A0D795664E81DC0011C7261EC09C7D98845EAB0FA2C673C73
Gait Train,Gait/Train/other/lqf-00_3-027.png,other,other/lqf-00_3-027.png,other,agreement,FB3E3E4309BD44034FB8EA44EA5D217E3CA3681F4B37736FDC47A5B4FB10C43B
Gait Train,Gait/Train/other/lqf-00_3-028.png,other,other/lqf-00_3-028.png,other,agreement,11CCE44C0E3A0D12B0366C3B23987C3FE892FF877D3F5D8407D1E0F66B3296B0
Gait Train,Gait/Train/other/lqf-00_3-029.png,other,heel_strike/lqf-00_3-030.png,heel_strike,conflict,00FBB1DE3D6B030C085211C06DC920989CF0BE3854038F120959292087F20B9F
Gait Train,Gait/Train/other/lqf-00_3-029.png,other,other/lqf-00_3-029.png,other,agreement,00FBB1DE3D6B030C085211C06DC920989CF0BE3854038F120959292087F20B9F
Gait Train,Gait/Train/other/lqf-00_3-032.png,other,other/lqf-00_3-032.png,other,agreement,A76A91EB31A534E235A9BB62DA6FE81B2726E3FCC261CD45D2D537B04A275771
Gait Train,Gait/Train/other/lqf-00_3-033.png,other,other/lqf-00_3-033.png,other,agreement,7DCF966A1C6A5AA99EBC3F3B8D3E3016535E4D95BA33FAA0E082D4D21D17F84B
Gait Train,Gait/Train/other/lqf-00_3-034.png,other,other/lqf-00_3-034.png,other,agreement,DEB27B85CAA582ED1BE477A330034344355427E77290C0D7A64EECA8858F4171
Gait Train,Gait/Train/other/lqf-00_3-036.png,other,other/lqf-00_3-036.png,other,agreement,317F51021427A38CE666E2EE4FA9C3F34E64305401F30F96748D0168DCD38463
Gait Train,Gait/Train/other/lqf-00_3-037.png,other,other/lqf-00_3-037.png,other,agreement,BA3FB655D27DD873DBF50224047CAF4D669E8368770D96D123F2E95F8AB7B903
Gait Train,Gait/Train/other/lqf-00_3-038.png,other,other/lqf-00_3-038.png,other,agreement,AB1368E84A438161C618441AB8A3E5AA5840A4E84ACDBE99AAA68D376D969114
Gait Train,Gait/Train/other/lqf-00_3-039.png,other,other/lqf-00_3-039.png,other,agreement,DBB67D37DECF90E28FD30F2C9D28F29CCE6FA3D248A617F0E92552EB5D396DC8
Gait Train,Gait/Train/other/lqf-00_3-040.png,other,other/lqf-00_3-040.png,other,agreement,AA7FD137DE0667814A86E319D9ABFAC455D3B9948597B564EA421E2C2E53ADE2
Gait Train,Gait/Train/other/lqf-00_3-041.png,other,other/lqf-00_3-041.png,other,agreement,32917B193D7AD668FE4BBC4E1ED06A6703392691D7EB81594DCFBCA30AECFB6D
Gait Train,Gait/Train/other/lqf-00_3-042.png,other,other/lqf-00_3-042.png,other,agreement,5B1284D4D32F40CBEE6A98885A49D12EFCAD4EB4A684D95787311CEFA3F434ED
Gait Train,Gait/Train/other/lqf-00_3-043.png,other,other/lqf-00_3-043.png,other,agreement,83BE65754124A27869952F44490890D0A3EE84271C83C02F09BFF2E071B58036
Gait Train,Gait/Train/other/lqf-00_3-044.png,other,other/lqf-00_3-044.png,other,agreement,66138F30D9D67F4A5ADB7B7F0A917EF4E48992B3FD220C521EC6F686CFDCD9F5
Gait Train,Gait/Train/other/lqf-00_3-045.png,other,other/lqf-00_3-045.png,other,agreement,75F774E3373F1678BECC5550C73EA4A0FA9B33B88B184C77BEB893C0F4F024D2
Gait Train,Gait/Train/other/lqf-00_3-046.png,other,other/lqf-00_3-046.png,other,agreement,E4E9D6D74AC2715FB72251F9F4A6D1EB9BC565D5C0FDCF88C09A5DB1852EB8E5
Gait Train,Gait/Train/other/lqf-00_3-048.png,other,other/lqf-00_3-048.png,other,agreement,2E5F3311CEC2C16664E0B0E160D5A9F587F2DEC39DA8B218E504865F30EE1400
Gait Train,Gait/Train/other/lqf-00_3-049.png,other,other/lqf-00_3-049.png,other,agreement,36641A0C28A865EEB600A9D28A8062CE0A822E4F43B9D17F171B9B212277E11F
Gait Train,Gait/Train/other/lqf-00_3-050.png,other,other/lqf-00_3-050.png,other,agreement,8453DECE0D8482406557A7D0EAFF7DD86291F043C640FB0146B190E8B6818CC1
Gait Train,Gait/Train/other/lqf-00_3-053.png,other,other/lqf-00_3-053.png,other,agreement,C1F461869714306F62CE45191F5274F041263D122AC0F52D067795F62232AEF8
Gait Train,Gait/Train/other/lqf-00_3-054.png,other,other/lqf-00_3-054.png,other,agreement,2F78BE49F465C165BCAD9087B109A59944DE1C78089DCB7D6179884D0310690F
Gait Train,Gait/Train/other/lqf-00_3-055.png,other,other/lqf-00_3-055.png,other,agreement,04EC39429CF08D3065C0AC7A96580BDDFBA1CFA5245C344CE1EE20D9778E65FD
Gait Train,Gait/Train/other/lqf-00_3-056.png,other,other/lqf-00_3-056.png,other,agreement,C3172B8402D58592F4AC28100E11A301E303D122CE088B56AD7EAD0538D57F99
Gait Train,Gait/Train/other/lqf-00_3-057.png,other,other/lqf-00_3-057.png,other,agreement,A3CA264A1047BFC7DD7AB68F3CD16E423FD7E2032BDA10DEDA0DAB931C2A342D
Gait Train,Gait/Train/other/lqf-00_3-058.png,other,other/lqf-00_3-058.png,other,agreement,4FC1DE266AF2646289330A741BB69F220DE8938322A0481E82D2639B4827BB25
Gait Train,Gait/Train/other/lqf-00_3-059.png,other,other/lqf-00_3-059.png,other,agreement,826B01CB29E56EA28ADA9DBBE186795DDD2A4AE10AEBE7DFB85704A037F93C0E
Gait Train,Gait/Train/other/lqf-00_3-060.png,other,other/lqf-00_3-060.png,other,agreement,0082897AC131C1917FB9BAFA39E2F307908DCD7B4AA2A4F0048F40FE967B44E9
Gait Train,Gait/Train/other/lqf-00_3-061.png,other,other/lqf-00_3-061.png,other,agreement,BC929DDE0485E764C82949E1E0F0ADC3116995901452C7541211B0BE0E50A070
Gait Train,Gait/Train/other/lqf-00_3-065.png,other,other/lqf-00_3-065.png,other,agreement,D51F9824A69439D29448C7EB72D5A23A5C2417C13A5DA6D87CD68861FE57D6D8
Gait Train,Gait/Train/other/lqf-00_3-066.png,other,other/lqf-00_3-066.png,other,agreement,C30FF98E904C0A252C04FEF47B3F3301E176AB1E5FF27FF0A29C1A4EAB37536D
Gait Train,Gait/Train/other/lqf-00_3-067.png,other,other/lqf-00_3-067.png,other,agreement,AB1330D7DBB8084BE8D6EFA82D5E4A18BA90DEA4E0DDD5D8D2E1908732E8A84E
Gait Train,Gait/Train/other/lqf-00_3-071.png,other,other/lqf-00_3-071.png,other,agreement,6CEB81C9FE8476C5405E685B6804693033ADBFFFA113A4334ADB2BE335B25EA7
Gait Train,Gait/Train/other/lqf-00_3-072.png,other,other/lqf-00_3-072.png,other,agreement,56D382AFDD888CD1C501F9CA66679E084EA300A7F898742D22672CF60BD90861
Gait Train,Gait/Train/other/lqf-00_3-073.png,other,other/lqf-00_3-073.png,other,agreement,E3E567FD234D1CA7566918A4A04A8EB63E37641CDB67696BB94EC2C6873FCEC5
Gait Train,Gait/Train/other/lqf-00_3-074.png,other,other/lqf-00_3-074.png,other,agreement,C64E6FDBF08A3182CB204C618468E47F36D571075E3DF2C9B8C2ED497198956B
Gait Train,Gait/Train/other/lqf-00_3-075.png,other,other/lqf-00_3-075.png,other,agreement,3AE1098E55DC39B958E68AE37D2E63A101AF0623682F099BF23B3D5CFD19B296
Gait Train,Gait/Train/other/lqf-00_3-076.png,other,other/lqf-00_3-076.png,other,agreement,40EE7D046AD09BA811E9A880D61EC5E438FB6E0A1E79EE1117E27453638F273F
Gait Train,Gait/Train/other/lqf-00_4-001.png,other,other/lqf-00_4-001.png,other,agreement,067100132782EE4FBC603CA209D064789418EE9391219ED6F1FA2E5900EA75B4
Gait Train,Gait/Train/other/lqf-00_4-002.png,other,other/lqf-00_4-002.png,other,agreement,1807B44FFDEFC00CB6EEBA7677F63148FB496AD32962A61C8E2F159038C7E7CD
Gait Train,Gait/Train/other/lqf-00_4-003.png,other,other/lqf-00_4-003.png,other,agreement,989875B161995FB9E8C1DF9383E16362259915FE068604C6A609CCE72263FD97
Gait Train,Gait/Train/other/lqf-00_4-004.png,other,other/lqf-00_4-004.png,other,agreement,2A238600F71B51811C103B4F6166F71CA1DA1F07D5C65F1B8F195D5140829549
Gait Train,Gait/Train/other/lqf-00_4-007.png,other,other/lqf-00_4-007.png,other,agreement,AEADE00DC8B6BF462A3E74934B543593F890F9F8EE6B8E31C05BA347807359F5
Gait Train,Gait/Train/other/lqf-00_4-008.png,other,other/lqf-00_4-008.png,other,agreement,4DDF9F83C5C88AC2B8AB5C8D71024789879A3CB4284AF28247D00863E0892D06
Gait Train,Gait/Train/other/lqf-00_4-011.png,other,other/lqf-00_4-011.png,other,agreement,2BA6F34FD83B42D267C739F2DA1BE1DE880A54BB510730A86D3088FD6F3F5766
Gait Train,Gait/Train/other/lqf-00_4-012.png,other,other/lqf-00_4-012.png,other,agreement,34CF4469812C85D5ECDA1E1943C30D068F42AACAC45BAA996BC4E3CFDB2C50CD
Gait Train,Gait/Train/other/lqf-00_4-013.png,other,other/lqf-00_4-013.png,other,agreement,39860E81C384B7B414B82DD9A279885E046CFD4ECBD1E64A3F4DB9EE9E94E4F7
Gait Train,Gait/Train/other/lqf-00_4-014.png,other,other/lqf-00_4-014.png,other,agreement,B2EC371A029A97C48B61B8E1D72C9696A0DF6F0C42134A8D681AA2E5172FE36E
Gait Train,Gait/Train/other/lqf-00_4-015.png,other,other/lqf-00_4-015.png,other,agreement,2F46191007ACBEF602374610F2D9405698044424E1E752377770F26839968E6F
Gait Train,Gait/Train/other/lqf-00_4-016.png,other,other/lqf-00_4-016.png,other,agreement,ABD4535DF8E547741382FCA9B0EED6C8618720F8D36050895D670022AE4F3059
Gait Train,Gait/Train/other/lqf-00_4-017.png,other,other/lqf-00_4-017.png,other,agreement,1086557B4DC5B56A4E401CD651E7AEA2EDCB72F1BA74C75557F4A140EF77231C
Gait Train,Gait/Train/other/lqf-00_4-018.png,other,other/lqf-00_4-018.png,other,agreement,3FB80C68B75FB07EED362D9EB3F89A7FFBE85A12BCE3ABB0AE349D0DDAA1B867
Gait Train,Gait/Train/other/lqf-00_4-019.png,other,other/lqf-00_4-019.png,other,agreement,845940912929AAAA3AB27BB5F65AC4CA4073CC126BD30111DF2E5A892E38C36F
Gait Train,Gait/Train/other/lqf-00_4-021.png,other,other/lqf-00_4-021.png,other,agreement,96AD95A99651E7D054EF71AADEB2E56F55FC41728ED8B7575A0DBCAE0DA5ADCF
Gait Train,Gait/Train/other/lqf-00_4-022.png,other,other/lqf-00_4-022.png,other,agreement,4E0A2BE15962C4FAA74AB80273F649F2400AD200276252FF2238A1C86F6E2992
Gait Train,Gait/Train/other/lqf-00_4-024.png,other,other/lqf-00_4-024.png,other,agreement,B54AEC546600FE49B25C3CA4A8027409514823AF0FE314D8203DA2D196F3D2A9
Gait Train,Gait/Train/other/lqf-00_4-025.png,other,other/lqf-00_4-025.png,other,agreement,8B3880F80DBA6BB95C9500A7827D21FFC3F2A1699EEAD8404BE0547868B4F540
Gait Train,Gait/Train/other/lqf-00_4-026.png,other,other/lqf-00_4-026.png,other,agreement,9F5D9ABFD9BF9D0CFF3BEA960FDD6A83FC6DCB1558E1BB67F8E1718749B24725
Gait Train,Gait/Train/other/lqf-00_4-027.png,other,other/lqf-00_4-027.png,other,agreement,8D543E458C12CCCE635C69A32FDF276DF4468E84A0521C71C5E21D51AF9C9A6A
Gait Train,Gait/Train/other/lqf-00_4-028.png,other,other/lqf-00_4-028.png,other,agreement,8C6D7A4B69DE8A3D2EDD78348B95E2C6DE33C0236FE465DF867FD7D7765DE2A4
Gait Train,Gait/Train/other/lqf-00_4-029.png,other,other/lqf-00_4-029.png,other,agreement,90A36467FEF28C4093A337D9B1034B70400AD2F5709810F1D9B2B85627F1D3E6
Gait Train,Gait/Train/other/lqf-00_4-030.png,other,other/lqf-00_4-030.png,other,agreement,0DB16040308666B9FFF8484C131F4D88A67A96EF06A719971DDC1018A5EB42CA
Gait Train,Gait/Train/other/lqf-00_4-034.png,other,other/lqf-00_4-034.png,other,agreement,2BEFFD34DE93E973837C018E406B8EEC9773A4FC2C5BE0204545E5C095DFE06D
Gait Train,Gait/Train/other/lqf-00_4-035.png,other,other/lqf-00_4-035.png,other,agreement,2C2A8FBBF756D54762B6766EEA6EA5DDF148F8EE294F8A6A006F697E5664B023
Gait Train,Gait/Train/other/lqf-00_4-037.png,other,other/lqf-00_4-037.png,other,agreement,77E8B5A664B9557DA58B899C6C0F499DECD1468389638546E6C6B3A6C1C564EE
Gait Train,Gait/Train/other/lqf-00_4-038.png,other,other/lqf-00_4-038.png,other,agreement,D03C0CD9BD8C283DFD643295081EB5AA2445944901FFBF9377A81F70F4EE2B6B
Gait Train,Gait/Train/other/lqf-00_4-039.png,other,other/lqf-00_4-039.png,other,agreement,97B76961E09C5218EF6D92C6EC8EDFCDF367BB921C6BAF76B3A2BDA7036F75A0
Gait Train,Gait/Train/other/lqf-00_4-040.png,other,other/lqf-00_4-040.png,other,agreement,593E29F8912DB1C03AE57CB372657A8CFCC89F7E7E3C8DCFA218A424A93A7D19
Gait Train,Gait/Train/other/lqf-00_4-041.png,other,other/lqf-00_4-041.png,other,agreement,D1F4C05131798694A625F16A4627AF5CB9FB411CA0EEC0DC7F658B541118DF17
Gait Train,Gait/Train/other/lqf-00_4-042.png,other,other/lqf-00_4-042.png,other,agreement,222AA86B66F63CAC7EF772F0DE39BEE745A0BF1517EBEDFBC276DE14421A9412
Gait Train,Gait/Train/other/lqf-00_4-043.png,other,other/lqf-00_4-043.png,other,agreement,F59972B55A5DDD2B8723DCF0C4DA296C13B6287A5E7FD4E1A1ABA21E3506A1FD
Gait Train,Gait/Train/other/lqf-00_4-044.png,other,other/lqf-00_4-044.png,other,agreement,A99992412657B303E8BD505A70AE23C816ED2F85A0CCA942C7E71089E5240E15
Gait Train,Gait/Train/other/lqf-00_4-045.png,other,other/lqf-00_4-045.png,other,agreement,61FD84CD40645448E2F8B870313CF80E223EA60D526FDABF3B8DB9C92C16CBD4
Gait Train,Gait/Train/other/lqf-00_4-047.png,other,other/lqf-00_4-047.png,other,agreement,73C2928BAA5B0A34F24905A2775C49424C2FC009D94BA90FB75D44A7A5483A65
Gait Train,Gait/Train/other/lqf-00_4-048.png,other,other/lqf-00_4-048.png,other,agreement,0F2AA6D71167E1E8A6EE2DD607BE552CCCA2BCABAB6808EB7CF319561193E0A3
Gait Train,Gait/Train/other/lqf-00_4-051.png,other,other/lqf-00_4-051.png,other,agreement,CF99E014023688BEB453447A7B9FB941945C0870055F377BAC29940F09A02A25
Gait Train,Gait/Train/other/lqf-00_4-052.png,other,other/lqf-00_4-052.png,other,agreement,E43324C04355C5A068F4E764E9CB645B42C29A1FF5FD827738B4EE742EC59A7E
Gait Train,Gait/Train/other/lqf-00_4-053.png,other,other/lqf-00_4-053.png,other,agreement,456430082898AF7AF9E5FEC06456A34F31573F212A6624CA1D8CC154502FBC38
Gait Train,Gait/Train/other/lqf-00_4-054.png,other,other/lqf-00_4-054.png,other,agreement,6D1CB40EB2191559F554D2051B59568A7A3AC839BC32E340F6DA3DE6888E728B
Gait Train,Gait/Train/other/lqf-00_4-055.png,other,other/lqf-00_4-055.png,other,agreement,603275812736E4FB5B76606DDCB372E583EFD6FFE8D4FA3597FFDDF28C132E03
Gait Train,Gait/Train/other/lqf-00_4-056.png,other,other/lqf-00_4-056.png,other,agreement,C2A9845BC03B4463E6A7F7CD3FAF913EB8F3DB50AC40F6AF3098F67D1FB74B5C
Gait Train,Gait/Train/other/lqf-00_4-057.png,other,other/lqf-00_4-057.png,other,agreement,3FF81FD1E40EC4776FA8E3CFA7199ED24EB091D0363FF7172A0BC255F61956AA
Gait Train,Gait/Train/other/lqf-00_4-058.png,other,other/lqf-00_4-058.png,other,agreement,944967150CD8C1A1EEAE5CE6A6FCA9C69808DDB66BCA5FD8D17CB988649C2668
Gait Train,Gait/Train/other/lqf-00_4-061.png,other,other/lqf-00_4-061.png,other,agreement,19A6C8F233725005260F04BC8D594E8BB59A9D8E110DA5E1BA104913454FBB51
Gait Train,Gait/Train/other/lqf-00_4-062.png,other,other/lqf-00_4-062.png,other,agreement,829E76D00498FDFB68134AEBB697779377986AEE9D7CA53858C5BC747DDED56D
Gait Train,Gait/Train/other/lqf-00_4-065.png,other,other/lqf-00_4-065.png,other,agreement,829FD105933B6F4748C5F14C953B64C6714A4AF3C0F7FC8D03F0FCEE57DE41CE
Gait Train,Gait/Train/other/lqf-00_4-066.png,other,other/lqf-00_4-066.png,other,agreement,DE6803E0B42FA6D2AC90FEE46FF4D59ED54274714A1B024E48BD9A843634BC2F
Gait Train,Gait/Train/other/lqf-00_4-067.png,other,other/lqf-00_4-067.png,other,agreement,B1A5C109F225877B3D38EF7A3F2BF2B85222363568E1BD0C143E6E446B158278
Gait Train,Gait/Train/other/lqf-00_4-068.png,other,other/lqf-00_4-068.png,other,agreement,BB23CE666C60E7D732AC736A39E59BE051975BEA09DACBE4EE3A7BAC26CCBA9A
Gait Train,Gait/Train/other/lqf-00_4-069.png,other,other/lqf-00_4-069.png,other,agreement,36A95659F8809D1751A6B6AF454B694CEA2CB1359454A9E32C28DCCD58B2C750
Gait Train,Gait/Train/other/lsl-00_1-001.png,other,other/lsl-00_1-001.png,other,agreement,1D854ED0938F2ED72BE9CD019664D2570466AF6C95CC71F09A81269AAE77431C
Gait Train,Gait/Train/other/lsl-00_1-002.png,other,other/lsl-00_1-002.png,other,agreement,39C3DEF58E3E31910761C693D46F0D1585042B87FA41A5F18EA38AEBC138D14B
Gait Train,Gait/Train/other/lsl-00_1-003.png,other,other/lsl-00_1-003.png,other,agreement,BD7B6DD842E4BB10D2BD12F0DC5BFE312BEBEB56B0315E2713EB673440D5F617
Gait Train,Gait/Train/other/lsl-00_1-004.png,other,other/lsl-00_1-004.png,other,agreement,1CE5C03BE4F493859A712C785928117C46C0B26ECFD6DBEA47AFC2F181E7799A
Gait Train,Gait/Train/other/lsl-00_1-005.png,other,other/lsl-00_1-005.png,other,agreement,C92A5BB447D4225917E2C33BABF74E8A34C50229103229244DBCA446FF13143B
Gait Train,Gait/Train/other/lsl-00_1-006.png,other,other/lsl-00_1-006.png,other,agreement,FA9D8772F2FCA45B6A8460837A12F0439561B076535538A65987302CDD4B49DC
Gait Train,Gait/Train/other/lsl-00_1-007.png,other,other/lsl-00_1-007.png,other,agreement,15E5982B4DCCA2D61AEE4F7D3A2077EC3CC1C54304002D025AE239283DE9A093
Gait Train,Gait/Train/other/lsl-00_1-008.png,other,other/lsl-00_1-008.png,other,agreement,D20941CD638D0A32193E1DA0C868FC5D6908ECE8DA9E09A879FC85CE2E1C8F31
Gait Train,Gait/Train/other/lsl-00_1-010.png,other,other/lsl-00_1-010.png,other,agreement,44B190EBD2076A54B37CD9631E1ED42AD261AF49C6F6E006913AC2F9D34D6893
Gait Train,Gait/Train/other/lsl-00_1-011.png,other,other/lsl-00_1-011.png,other,agreement,877D97F4327161BE35C97A1FC74E44FC4572869736C4CBB69C9A7540006C23DF
Gait Train,Gait/Train/other/lsl-00_1-013.png,other,other/lsl-00_1-013.png,other,agreement,D5FDFE59B73CA4C408B00A6CFBDCBE3DA4E7CFC3D33506484FCC93323AB9DB84
Gait Train,Gait/Train/other/lsl-00_1-014.png,other,other/lsl-00_1-014.png,other,agreement,0DEB3674D735AC25DFE33D3CF5AA51FEDE113BC111AB9939101526F67B49E20E
Gait Train,Gait/Train/other/lsl-00_1-015.png,other,other/lsl-00_1-015.png,other,agreement,4BB964A00FBB9D2AEA4E2A788E9284198CEDA9262617FD49F54DD215834E6669
Gait Train,Gait/Train/other/lsl-00_1-016.png,other,other/lsl-00_1-016.png,other,agreement,072CCD4C41282B97CC4B08A2484504E5EB35860E9A26F415003D90B553F930BF
Gait Train,Gait/Train/other/lsl-00_1-017.png,other,other/lsl-00_1-017.png,other,agreement,C64213983DEEE220245739195BF75A39B699F7401D1F67020CB247D4D1AD7809
Gait Train,Gait/Train/other/lsl-00_1-018.png,other,other/lsl-00_1-018.png,other,agreement,15BA9CB6B2C42FEA8BC57B36DA2E5E1B146C8A6C6FEF7BE4B9A95BB00D8E1311
Gait Train,Gait/Train/other/lsl-00_1-019.png,other,other/lsl-00_1-019.png,other,agreement,241C4B5932C4995E2BA3AA7CBD73ACB691384739DE6D49005DDC64498CC7F7FD
Gait Train,Gait/Train/other/lsl-00_1-020.png,other,other/lsl-00_1-020.png,other,agreement,D9DAFB9E882DFBD0ED6849D96D825B672E1BDD0DE2B6BD411D280099B6FB59D5
Gait Train,Gait/Train/other/lsl-00_1-021.png,other,other/lsl-00_1-021.png,other,agreement,50D444BFBEBBE9F2CC6EB9938198BC2C875858DD8097D0501A10EB4BEC50ED17
Gait Train,Gait/Train/other/lsl-00_1-023.png,other,other/lsl-00_1-023.png,other,agreement,961872D15837BD2AB0892D95B4B07A9A853CC51CC474D6793E6910C4684C0BD8
Gait Train,Gait/Train/other/lsl-00_1-024.png,other,other/lsl-00_1-024.png,other,agreement,AC96C7C798BCF5ADB9A0FFF99763E0BD58E490896C4373164583C93C9D0133D5
Gait Train,Gait/Train/other/lsl-00_1-026.png,other,other/lsl-00_1-026.png,other,agreement,5198AD23DD8474FD0A6504D6D2C6DBD720A037F2E5C6FAE9D438D266FD6DB7BA
Gait Train,Gait/Train/other/lsl-00_1-027.png,other,other/lsl-00_1-027.png,other,agreement,F172918F4BBA75DBC97A7CB6BDB4C28C321D812C1D7DCA5024A644BC6F574FB8
Gait Train,Gait/Train/other/lsl-00_1-028.png,other,other/lsl-00_1-028.png,other,agreement,D3A7A732A07803ED62E734C969E1E8B390EF9E9ADFCB7AE6336C7840D8780BD1
Gait Train,Gait/Train/other/lsl-00_1-029.png,other,other/lsl-00_1-029.png,other,agreement,2C89603D8C591D06DB4873A1F737A5D53620EFD9055E6A911E18AB14E4700CDA
Gait Train,Gait/Train/other/lsl-00_1-030.png,other,other/lsl-00_1-030.png,other,agreement,6E6D46237AADE071E78D659E7DDCED9865098A4ADAEDB42B2089E89EB87D14D6
Gait Train,Gait/Train/other/lsl-00_1-031.png,other,other/lsl-00_1-031.png,other,agreement,A6A711F98F75095E6D98E68FA1BE5D58A60C285CC1EA6CF3BA15A66B8E0C385E
Gait Train,Gait/Train/other/lsl-00_1-032.png,other,other/lsl-00_1-032.png,other,agreement,392089848861160AB0B84FE40E7689695F4784C498606F58716AE4CA3D7A653D
Gait Train,Gait/Train/other/lsl-00_1-033.png,other,other/lsl-00_1-033.png,other,agreement,526C8C7A5173AD9330FA42281A1186097A4E8A2AAE9B31DBFEEDD45A04C70A96
Gait Train,Gait/Train/other/lsl-00_1-034.png,other,other/lsl-00_1-034.png,other,agreement,1AE7FD13770216291F27CF0910B59A1C7F6594027AB478FA236E57F0B79EDBEC
Gait Train,Gait/Train/other/lsl-00_1-037.png,other,other/lsl-00_1-037.png,other,agreement,63EB3738FB9623A270435661CE722F2891BE1081F23FFB939FADB3BE62DBC10D
Gait Train,Gait/Train/other/lsl-00_1-040.png,other,other/lsl-00_1-040.png,other,agreement,E7C96F41D6109C6080C819F6FF1B6E2A2D003C594C74FF979F6EDB3478E66D00
Gait Train,Gait/Train/other/lsl-00_1-041.png,other,other/lsl-00_1-041.png,other,agreement,23BA52F3ECAB0B4C162788CABDC7AAB105BB61796A38B5CD08B7E57BCBAB5526
Gait Train,Gait/Train/other/lsl-00_1-042.png,other,other/lsl-00_1-042.png,other,agreement,40FD1ADB5505EA6A04953C20179480E35737C9771D01D9CD1933266AE7D45C0B
Gait Train,Gait/Train/other/lsl-00_1-043.png,other,other/lsl-00_1-043.png,other,agreement,C1D761CD704DD2F7847E105D87B202C7C6755D580316463DFA54B0E08F68E0CE
Gait Train,Gait/Train/other/lsl-00_1-044.png,other,other/lsl-00_1-044.png,other,agreement,1C558165875761AF8F103115CCA30A55A04E42CA4C2FF64B60776837481FBE16
Gait Train,Gait/Train/other/lsl-00_1-045.png,other,other/lsl-00_1-045.png,other,agreement,5573B28CD9B80EF7C34AC3B60308432F35A5C78AEEE5547B4B3086834B1CF1B0
Gait Train,Gait/Train/other/lsl-00_1-046.png,other,other/lsl-00_1-046.png,other,agreement,AA2B6A056D69B7C0D29DE660BB5986E388D453C5E7B8FA344DE27BEE4149E7E9
Gait Train,Gait/Train/other/lsl-00_1-047.png,other,other/lsl-00_1-047.png,other,agreement,F4F73D2000B7B1D76F69463ACD9252720B995A294168481FEE2BDA27423978C0
Gait Train,Gait/Train/other/lsl-00_1-048.png,other,other/lsl-00_1-048.png,other,agreement,C9AF7BD29DF25F618C95BB7C59A777FE723B5071B492925F37AD47040A8E9B69
Gait Train,Gait/Train/other/lsl-00_1-051.png,other,other/lsl-00_1-051.png,other,agreement,0F2ED2D4233E75458C056120513255CB3E3F1A163392B37209D1E28DC747FA5E
Gait Train,Gait/Train/other/lsl-00_1-054.png,other,other/lsl-00_1-054.png,other,agreement,2D7CE632B0EFEDC0441482482945C001799AEA3088D2596AC88EF1BC36B906FF
Gait Train,Gait/Train/other/lsl-00_1-055.png,other,other/lsl-00_1-055.png,other,agreement,E528493617CC17FA708FF4AB21B415FB095C9A414561752BE55502788308B155
Gait Train,Gait/Train/other/lsl-00_1-056.png,other,other/lsl-00_1-056.png,other,agreement,BE1DDDF8E2AD8FEB172D6A81537A0D78F79B216A7B79D4AB88E375A24AF72E03
Gait Train,Gait/Train/other/lsl-00_1-057.png,other,other/lsl-00_1-057.png,other,agreement,B7A18C0A0027AAB64ED549EB13F176A58469E3AFB53409872E6E1CEAA264AA61
Gait Train,Gait/Train/other/lsl-00_1-058.png,other,other/lsl-00_1-058.png,other,agreement,B22CE519A31C0287C79BCE1E78281DCC1717EC9DB4463D16D038ED8A72003FCC
Gait Train,Gait/Train/other/lsl-00_1-059.png,other,other/lsl-00_1-059.png,other,agreement,4471DB91791714B14D4260945DA51198470E830AB6F16A7EC51D65B2B7B6034C
Gait Train,Gait/Train/other/lsl-00_1-060.png,other,other/lsl-00_1-060.png,other,agreement,00842661732CEAFF823C64F5EB5FD060B1914AA109D9854CAA526561D1819A22
Gait Train,Gait/Train/other/lsl-00_2-001.png,other,other/lsl-00_2-001.png,other,agreement,5EA51511D5A77CC3292106AC8CC6F8196FC7C399BBA2DE9E84757A13A9E42747
Gait Train,Gait/Train/other/lsl-00_2-002.png,other,other/lsl-00_2-002.png,other,agreement,D838DF2782D7D3813EEA9F09DF300487EE916456683CC78E48E9F3265A909C58
Gait Train,Gait/Train/other/lsl-00_2-003.png,other,other/lsl-00_2-003.png,other,agreement,1FB77D75AB4109C6BD378DCB0EA82E9F5B91CFF77CFB8C6C2CF111E56BCB2BF4
Gait Train,Gait/Train/other/lsl-00_2-004.png,other,other/lsl-00_2-004.png,other,agreement,38C7320906E2B00784F6B6847D4C9F9D672A679501450896D2D8DAA20DE38E51
Gait Train,Gait/Train/other/lsl-00_2-009.png,other,other/lsl-00_2-009.png,other,agreement,13524A5CB0FB4CD3147E571FE3784C3A480FFE340B7897DC477E3CAE0AEFF486
Gait Train,Gait/Train/other/lsl-00_2-011.png,other,other/lsl-00_2-011.png,other,agreement,22754ABF1C2C236AD6A8E0653C21E865C44430B89D4132EC30F8F00DF6B5C198
Gait Train,Gait/Train/other/lsl-00_2-012.png,other,other/lsl-00_2-012.png,other,agreement,2D82884B14DB7995B2B9129419DE40B8D37CF5FE051DE190C8FFA710530BFAFE
Gait Train,Gait/Train/other/lsl-00_2-013.png,other,other/lsl-00_2-013.png,other,agreement,B636C17CA9495E7089A33147FA8C35CEC00A130620B7A397861466701FD0AE27
Gait Train,Gait/Train/other/lsl-00_2-014.png,other,other/lsl-00_2-014.png,other,agreement,542F4EECAB5E983CD279E1C1D286922CEA22059913F9DAD4580B597E1DE64CED
Gait Train,Gait/Train/other/lsl-00_2-015.png,other,other/lsl-00_2-015.png,other,agreement,D70EAFC0A6D7BF29854A3919969AFA3296F3A9C1B070F83827584D36662D7712
Gait Train,Gait/Train/other/lsl-00_2-016.png,other,other/lsl-00_2-016.png,other,agreement,C9B3D1A0F3A5C818A8CCC594346BD6437DF8E63DC3B8E671B87D773A4F01411B
Gait Train,Gait/Train/other/lsl-00_2-017.png,other,other/lsl-00_2-017.png,other,agreement,04D93AC3ABD49B24141AE8D12486919783E5A63C99A3349196E7DA5BE3728798
Gait Train,Gait/Train/other/lsl-00_2-018.png,other,other/lsl-00_2-018.png,other,agreement,3F2A7CDF32C2347BD0B89F3672333035398AB46628A7B8D154DEE8DB0FD02265
Gait Train,Gait/Train/other/lsl-00_2-019.png,other,other/lsl-00_2-019.png,other,agreement,228CC86F298DC3A31369BA0784FCB8D475F098A921BFC1F05D94E60ECD5FB93E
Gait Train,Gait/Train/other/lsl-00_2-021.png,other,other/lsl-00_2-021.png,other,agreement,E0E9AD641485E1623EF50076A6A9A2C3A0ADCDA42B7601E55E45B7AAE6A83024
Gait Train,Gait/Train/other/lsl-00_2-024.png,other,other/lsl-00_2-024.png,other,agreement,C69869ED522974772AFE578A869D16151D9957AB6AAE87C5267426F075FA18F6
Gait Train,Gait/Train/other/lsl-00_2-025.png,other,other/lsl-00_2-025.png,other,agreement,037505116300C366099674709C70913EF1B547EFEB262E5E2B6D1010B95099C1
Gait Train,Gait/Train/other/lsl-00_2-026.png,other,other/lsl-00_2-026.png,other,agreement,1BC2AE7DD57AF3FEEFB1834E6D2D4B536EBAC45B1005B9107A5A515604129CE1
Gait Train,Gait/Train/other/lsl-00_2-027.png,other,other/lsl-00_2-027.png,other,agreement,AD2600F8292533561DDEA9064CCB5D86C3E4E01B0E20FE237F1F78B45252B6E4
Gait Train,Gait/Train/other/lsl-00_2-028.png,other,other/lsl-00_2-028.png,other,agreement,D3DEDBDA873CDD7233BD373FBE4CC8431C6D8A39F22EC48A285BC5DBB443FEF6
Gait Train,Gait/Train/other/lsl-00_2-029.png,other,other/lsl-00_2-029.png,other,agreement,4F64A00BF1BAC32B7060D560A67E1E0523D044E4E158926AE39AA1DA1D40A026
Gait Train,Gait/Train/other/lsl-00_2-030.png,other,other/lsl-00_2-030.png,other,agreement,ECE45B26ABB456E5C029969D1C9EC0ADE1FFB0E4476BC7E47573911E156C6284
Gait Train,Gait/Train/other/lsl-00_2-031.png,other,other/lsl-00_2-031.png,other,agreement,D40A0DE63CD5C0DB4AB562A7C485C3E2B6DE70A18134D56047214D1A1FAA7C7D
Gait Train,Gait/Train/other/lsl-00_2-032.png,other,other/lsl-00_2-032.png,other,agreement,7D945DBE8D70564BDAE9237873D6E3BEE7A05E85C0DB1343AE887362CD893E43
Gait Train,Gait/Train/other/lsl-00_2-033.png,other,other/lsl-00_2-033.png,other,agreement,6880A5A08B434429D0E922E25159BDC0A7A5C3B0E8C3CC4BC95CA89BAB5B633E
Gait Train,Gait/Train/other/lsl-00_2-034.png,other,other/lsl-00_2-034.png,other,agreement,5C42561FC5C3F6E26055B21CBE8F6A8867092ADF34F96792E69D1C6B513041F7
Gait Train,Gait/Train/other/lsl-00_2-036.png,other,other/lsl-00_2-036.png,other,agreement,E3264C4FB62260B6185E8C4479B6B7C8F6D285AAFF7623E244AC6FB5C7DF4BFB
Gait Train,Gait/Train/other/lsl-00_2-039.png,other,other/lsl-00_2-039.png,other,agreement,C4C189DC30C1BAFAF3B64EFD895BAE3F5BDA61D012F3B7619FBBF88B68BA82D5
Gait Train,Gait/Train/other/lsl-00_2-040.png,other,other/lsl-00_2-040.png,other,agreement,28DDB07A9007C4CC1616FE1A29EC23F360FAD8DC458E22E67A8A25EE7B6EBE0F
Gait Train,Gait/Train/other/lsl-00_2-041.png,other,other/lsl-00_2-041.png,other,agreement,4E057F078A551006FA7AE6923CB1116F1CF66C0FCF5B7289C483D134D725D3CF
Gait Train,Gait/Train/other/lsl-00_2-042.png,other,other/lsl-00_2-042.png,other,agreement,98A96173841C344419F6FB1CA212815708BAF86E190913E9F6C8135E38965322
Gait Train,Gait/Train/other/lsl-00_2-043.png,other,other/lsl-00_2-043.png,other,agreement,1936EBC3CE332CC8E6D33463DD1DF6991C1198E750187D95DA327CB2803613FD
Gait Train,Gait/Train/other/lsl-00_2-044.png,other,other/lsl-00_2-044.png,other,agreement,04BBA8CEE54BBD6D1BA08D4D0BBBCFA51576DF9A5949F8DE5F14E8794D105EAC
Gait Train,Gait/Train/other/lsl-00_2-045.png,other,other/lsl-00_2-045.png,other,agreement,B0D192EABB9C8312F559F8C71DD8D0F0E7D30BE3C1951F536D4D1E2A2301F179
Gait Train,Gait/Train/other/lsl-00_2-046.png,other,other/lsl-00_2-046.png,other,agreement,08698E14D32BA01FF8D6CB9DEDBAEB2517F2862BD109351F3AD79C7EB112C166
Gait Train,Gait/Train/other/lsl-00_2-047.png,other,other/lsl-00_2-047.png,other,agreement,C98E82B725A25BB2FA110A846206872FA2113E49ABB638983C3B9BCBD9A544DC
Gait Train,Gait/Train/other/lsl-00_2-052.png,other,other/lsl-00_2-052.png,other,agreement,92A6BF2FE31745D3F235067B55C6AF12C46C89AC68DE6CB78BC1F2F7D968F175
Gait Train,Gait/Train/other/lsl-00_2-053.png,other,other/lsl-00_2-053.png,other,agreement,2D256BA5E82F18286C22DE121F539E41551017DC12B5FE72D7B68757F691448E
Gait Train,Gait/Train/other/lsl-00_2-054.png,other,other/lsl-00_2-054.png,other,agreement,82E8BD63D203997C5999DCD950F4998239991D42EEE027AE7663820FC08E482A
Gait Train,Gait/Train/other/lsl-00_2-055.png,other,other/lsl-00_2-055.png,other,agreement,6C6F8A0E85F80D2E49B45653E632B87D6367DA2029BCC1E29CC9ED878053C8FC
Gait Test,Gait/Test/Heal_Strike/fyc-00_2-048.png,Heal_Strike,heel_strike/fyc-00_2-048.png,heel_strike,agreement,3240441EAFD2D6C3D6F70954314B056148A745B46824C8A05E0C44E5DAEB3F0D
Gait Test,Gait/Test/Heal_Strike/fyc-00_2-062.png,Heal_Strike,heel_strike/fyc-00_2-062.png,heel_strike,agreement,E0C66BB4BBDEBB8F88E578074846DF1340D150E8A5457ADC0A915A452293D00E
Gait Test,Gait/Test/Heal_Strike/fyc-00_3-008.png,Heal_Strike,heel_strike/fyc-00_3-008.png,heel_strike,agreement,168935F5DE26E976BFDCE1D15302F4319668E850B5E02998CA9B2E0C5E7B1428
Gait Test,Gait/Test/Heal_Strike/fyc-00_3-009.png,Heal_Strike,heel_strike/fyc-00_3-009.png,heel_strike,agreement,66A9EB85680FEACF62B3C1BD66DE2FAF0C75A3A1B4BC7BCF029AE60D6AB43EAA
Gait Test,Gait/Test/Heal_Strike/fyc-00_3-021.png,Heal_Strike,heel_strike/fyc-00_3-021.png,heel_strike,agreement,BD1E83FD9F6F4DBAD1E0AA9001186EB6CF0566D26F305C3B4480F89410525850
Gait Test,Gait/Test/Heal_Strike/fyc-00_3-034.png,Heal_Strike,heel_strike/fyc-00_3-034.png,heel_strike,agreement,10B4B4332DAF86194AB1346635FD0BA605454F5AD092A0A117EFA74190C6042C
Gait Test,Gait/Test/Heal_Strike/fyc-00_3-046.png,Heal_Strike,heel_strike/fyc-00_3-046.png,heel_strike,agreement,D239461204AE56AB1F463065D3EE1E7AFF5547FD07117265C0CBF0FE19E76C88
Gait Test,Gait/Test/Heal_Strike/fyc-00_3-057.png,Heal_Strike,heel_strike/fyc-00_3-057.png,heel_strike,agreement,391DF731BDC7B994BDE9EF8E84EA6027C69B6B702391AF7B5435A5A8A1C0ED61
Gait Test,Gait/Test/Heal_Strike/fyc-00_4-001.png,Heal_Strike,heel_strike/fyc-00_4-001.png,heel_strike,agreement,D6DFC8AC9FB19E87B3DC5A204279EBEFE8E27298863BE64D96EEA0CDF58FEC73
Gait Test,Gait/Test/Heal_Strike/fyc-00_4-002.png,Heal_Strike,heel_strike/fyc-00_4-002.png,heel_strike,agreement,5202CFE77B988846C97B701BB637F9D9DE66D4A1765208C9CAC5ADE2625EDDBF
Gait Test,Gait/Test/Heal_Strike/fyc-00_4-013.png,Heal_Strike,heel_strike/fyc-00_4-013.png,heel_strike,agreement,AE35FCEBFCF067208299034F9219CD39985365286A7AFB23A507365F82A73A9A
Gait Test,Gait/Test/Heal_Strike/fyc-00_4-014.png,Heal_Strike,heel_strike/fyc-00_4-014.png,heel_strike,agreement,7B707B414B339B9E6FAD3F52B9DBA917D00C2B1205F06917EF5C3EB17B1679C7
Gait Test,Gait/Test/Heal_Strike/fyc-00_4-027.png,Heal_Strike,heel_strike/fyc-00_4-027.png,heel_strike,agreement,D2F0308557F87749CAEEA897476D30F5AFE6E5235493FB760B8421794E0C6516
Gait Test,Gait/Test/Heal_Strike/fyc-00_4-040.png,Heal_Strike,heel_strike/fyc-00_4-040.png,heel_strike,agreement,8B44670788C5DBF384658FD3F3FCB77346F5C9E38AF0DBB400B4B31C0159A9A9
Gait Test,Gait/Test/Toe/fyc-00_2-051.png,Toe,toe_off/fyc-00_2-051.png,toe_off,agreement,5C6747A10BFB2738866A31B06DDF009DEDFE877961C0DE8B101F95DFA5624013
Gait Test,Gait/Test/Toe/fyc-00_2-052.png,Toe,toe_off/fyc-00_2-052.png,toe_off,agreement,0873EA513D0DE2B040BA10E16A582ACEC7F08725567609FFC60437D89D8652E0
Gait Test,Gait/Test/Toe/fyc-00_2-064.png,Toe,toe_off/fyc-00_2-064.png,toe_off,agreement,BB24C1CE89163BD50D154E66C488E9D4E88ED52DD611AC7EB100E807C67F90D6
Gait Test,Gait/Test/Toe/fyc-00_2-065.png,Toe,toe_off/fyc-00_2-065.png,toe_off,agreement,17ACA8D25E0CFB5FB8859F7B931B8E9BE4B9FCEF0B54C199A0712F7EF7517B51
Gait Test,Gait/Test/Toe/fyc-00_3-013.png,Toe,toe_off/fyc-00_3-013.png,toe_off,agreement,84E4E62316562205A2A7A47259F375E124F832EDB89FC6CA40E66E81A386D01F
Gait Test,Gait/Test/Toe/fyc-00_3-014.png,Toe,toe_off/fyc-00_3-014.png,toe_off,agreement,9573B794FBFA0F45740BDF86B608F2B591AB118829A6C7A9E7B9AD1CF30E5B02
Gait Test,Gait/Test/Toe/fyc-00_3-025.png,Toe,toe_off/fyc-00_3-025.png,toe_off,agreement,515B3576054FFD501D58470895AA0F8B43B56E8FA4507B6C27B059E6F2195819
Gait Test,Gait/Test/Toe/fyc-00_3-037.png,Toe,toe_off/fyc-00_3-037.png,toe_off,agreement,C080DC6F427EB3676D9039A8476D5F0E6969436CDA5F007A8EB02B4B92C4A3B2
Gait Test,Gait/Test/Toe/fyc-00_3-038.png,Toe,toe_off/fyc-00_3-038.png,toe_off,agreement,90683CCCAD946CE993E2EDBE904EF31ABE300823ACD3095E54A938A0DF47FABD
Gait Test,Gait/Test/Toe/fyc-00_3-049.png,Toe,toe_off/fyc-00_3-049.png,toe_off,agreement,045485E8D4F9B0B3C3B8550DECF5E6D7978A2555D43B44B3C58EF998CC61486D
Gait Test,Gait/Test/Toe/fyc-00_3-061.png,Toe,toe_off/fyc-00_3-061.png,toe_off,agreement,3356CC0E40B2799C461A28891213098366D3ED9606ED9B9BB00E99F4207BAF39
Gait Test,Gait/Test/Toe/fyc-00_3-062.png,Toe,toe_off/fyc-00_3-062.png,toe_off,agreement,29D607AE760BAB62378C10B1AF6B3EC63DD40CCCF9D2323FF8C643B39E7D58CE
Gait Test,Gait/Test/Toe/fyc-00_4-006.png,Toe,toe_off/fyc-00_4-006.png,toe_off,agreement,8CE8BB3443862033E930BBDA7521345CCB2BB1F88D6D093D14E994EE6F3F8AFE
Gait Test,Gait/Test/Toe/fyc-00_4-018.png,Toe,toe_off/fyc-00_4-018.png,toe_off,agreement,CB4AE82EA621C8E6028EF53D18684176209648411A758B99349C8C5043932CA0
Gait Test,Gait/Test/Toe/fyc-00_4-031.png,Toe,toe_off/fyc-00_4-031.png,toe_off,agreement,1C3AAA641648691C605FD94EC36569ABECB8C4DD944A2F60453B627C769D19B1
Gait Test,Gait/Test/Toe/fyc-00_4-043.png,Toe,toe_off/fyc-00_4-043.png,toe_off,agreement,DEFEA1873914BEE3B0562DC72B853B2D02490BCF5F19D1F2FAA1B712B10E7157
Current classified,Gait_classified/heel_strike/fyc-00_2-048.png,heel_strike,heel_strike/fyc-00_2-048.png,heel_strike,agreement,3240441EAFD2D6C3D6F70954314B056148A745B46824C8A05E0C44E5DAEB3F0D
Current classified,Gait_classified/heel_strike/fyc-00_2-062.png,heel_strike,heel_strike/fyc-00_2-062.png,heel_strike,agreement,E0C66BB4BBDEBB8F88E578074846DF1340D150E8A5457ADC0A915A452293D00E
Current classified,Gait_classified/heel_strike/fyc-00_3-008.png,heel_strike,heel_strike/fyc-00_3-008.png,heel_strike,agreement,168935F5DE26E976BFDCE1D15302F4319668E850B5E02998CA9B2E0C5E7B1428
Current classified,Gait_classified/heel_strike/fyc-00_3-009.png,heel_strike,heel_strike/fyc-00_3-009.png,heel_strike,agreement,66A9EB85680FEACF62B3C1BD66DE2FAF0C75A3A1B4BC7BCF029AE60D6AB43EAA
Current classified,Gait_classified/heel_strike/fyc-00_3-021.png,heel_strike,heel_strike/fyc-00_3-021.png,heel_strike,agreement,BD1E83FD9F6F4DBAD1E0AA9001186EB6CF0566D26F305C3B4480F89410525850
Current classified,Gait_classified/heel_strike/fyc-00_3-034.png,heel_strike,heel_strike/fyc-00_3-034.png,heel_strike,agreement,10B4B4332DAF86194AB1346635FD0BA605454F5AD092A0A117EFA74190C6042C
Current classified,Gait_classified/heel_strike/fyc-00_3-046.png,heel_strike,heel_strike/fyc-00_3-046.png,heel_strike,agreement,D239461204AE56AB1F463065D3EE1E7AFF5547FD07117265C0CBF0FE19E76C88
Current classified,Gait_classified/heel_strike/fyc-00_3-056.png,heel_strike,heel_strike/fyc-00_3-056.png,heel_strike,agreement,AFF62A894923400D775F03E3D08E78E32B919024092359B9EB400C9D50A496BB
Current classified,Gait_classified/heel_strike/fyc-00_3-057.png,heel_strike,heel_strike/fyc-00_3-057.png,heel_strike,agreement,391DF731BDC7B994BDE9EF8E84EA6027C69B6B702391AF7B5435A5A8A1C0ED61
Current classified,Gait_classified/heel_strike/fyc-00_4-001.png,heel_strike,heel_strike/fyc-00_4-001.png,heel_strike,agreement,D6DFC8AC9FB19E87B3DC5A204279EBEFE8E27298863BE64D96EEA0CDF58FEC73
Current classified,Gait_classified/heel_strike/fyc-00_4-002.png,heel_strike,heel_strike/fyc-00_4-002.png,heel_strike,agreement,5202CFE77B988846C97B701BB637F9D9DE66D4A1765208C9CAC5ADE2625EDDBF
Current classified,Gait_classified/heel_strike/fyc-00_4-013.png,heel_strike,heel_strike/fyc-00_4-013.png,heel_strike,agreement,AE35FCEBFCF067208299034F9219CD39985365286A7AFB23A507365F82A73A9A
Current classified,Gait_classified/heel_strike/fyc-00_4-014.png,heel_strike,heel_strike/fyc-00_4-014.png,heel_strike,agreement,7B707B414B339B9E6FAD3F52B9DBA917D00C2B1205F06917EF5C3EB17B1679C7
Current classified,Gait_classified/heel_strike/fyc-00_4-027.png,heel_strike,heel_strike/fyc-00_4-027.png,heel_strike,agreement,D2F0308557F87749CAEEA897476D30F5AFE6E5235493FB760B8421794E0C6516
Current classified,Gait_classified/heel_strike/fyc-00_4-040.png,heel_strike,heel_strike/fyc-00_4-040.png,heel_strike,agreement,8B44670788C5DBF384658FD3F3FCB77346F5C9E38AF0DBB400B4B31C0159A9A9
Current classified,Gait_classified/heel_strike/fyc-00_4-051.png,heel_strike,heel_strike/fyc-00_4-051.png,heel_strike,agreement,576C377A11F2A0B49368BD771AFB5A17958068943D972A838A14BDE8D8808F37
Current classified,Gait_classified/heel_strike/fyc-00_4-065.png,heel_strike,heel_strike/fyc-00_4-065.png,heel_strike,agreement,18ECF9FCE961A2C1DDF8F8E9230BA6BDBEE95FAEF0D7DA07F2209CBC8CBB66AE
Current classified,Gait_classified/heel_strike/hy-00_2-005.png,heel_strike,heel_strike/hy-00_2-005.png,heel_strike,agreement,BAE3408A16C6DA210520DCCDFBEA49C7E8C1811839D998A36BA87EA0EE81061F
Current classified,Gait_classified/heel_strike/hy-00_2-019.png,heel_strike,heel_strike/hy-00_2-019.png,heel_strike,agreement,5062253168AE80EE9FEA1C66E34A9C0DAC0A368F521E2BDC664681BC17B7DE55
Current classified,Gait_classified/heel_strike/hy-00_2-035.png,heel_strike,heel_strike/hy-00_2-035.png,heel_strike,agreement,CF634648EF90402AEEB2771DEA32296148E1261E1DD9F88256C1B66686BB83CA
Current classified,Gait_classified/heel_strike/hy-00_2-047.png,heel_strike,heel_strike/hy-00_2-047.png,heel_strike,agreement,DFFCB692AFAB470CD6F723CAC65F02B79288D70C4FB22FA53876786F710A2E76
Current classified,Gait_classified/heel_strike/hy-00_2-059.png,heel_strike,heel_strike/hy-00_2-059.png,heel_strike,agreement,3D1DCF00F7933212E0FDBF4D7F5178CC0E177EA990ADE3AEE52A10260BF5E06B
Current classified,Gait_classified/heel_strike/hy-00_3-008.png,heel_strike,heel_strike/hy-00_3-008.png,heel_strike,agreement,0036F8582F955A6D23CB005787D55241CC2AF58F154796C9218635099B7139D2
Current classified,Gait_classified/heel_strike/hy-00_3-009.png,heel_strike,heel_strike/hy-00_3-009.png,heel_strike,agreement,9C9516269903E2911C90C69B7AED843DECA0A5C8B266B766D4C4141002ED648C
Current classified,Gait_classified/heel_strike/hy-00_3-010.png,heel_strike,heel_strike/hy-00_3-010.png,heel_strike,agreement,D8F9A0546923B0CEB2050206B3C52691302E6756C3D86AA4BF970AD63930C62E
Current classified,Gait_classified/heel_strike/hy-00_3-011.png,heel_strike,heel_strike/hy-00_3-011.png,heel_strike,agreement,D13CA69774F1E911422EC51EDAE775E4B6BDE578F7CA9CD9D4A263CADDD932D0
Current classified,Gait_classified/heel_strike/hy-00_3-023.png,heel_strike,heel_strike/hy-00_3-023.png,heel_strike,agreement,2B27CA7B1C76AF4EEDB5B1CDF07EE3F62C5338D27E2F9B0F5BD0A888E7A454C9
Current classified,Gait_classified/heel_strike/hy-00_3-024.png,heel_strike,heel_strike/hy-00_3-024.png,heel_strike,agreement,E0CE8B9F9A6C37D7CBDA4FA312E0C284CF95B3DB075C2C3291138C792B4FC082
Current classified,Gait_classified/heel_strike/hy-00_3-035.png,heel_strike,heel_strike/hy-00_3-035.png,heel_strike,agreement,A65821C9EC3FD389F8F7E4BA7A70412897894E6DBDC7F8ED719B5306D4E15BA4
Current classified,Gait_classified/heel_strike/hy-00_3-036.png,heel_strike,heel_strike/hy-00_3-036.png,heel_strike,agreement,D2BD496F92CD94BBD4CFC0A55DEFAD97CA42CE9A3DAF1F015F30579B78C96128
Current classified,Gait_classified/heel_strike/hy-00_3-048.png,heel_strike,heel_strike/hy-00_3-048.png,heel_strike,agreement,576D26B0B35CC9B26289F9045D1105A344B1CC58E9BF918DEB27CA4F749FD5A9
Current classified,Gait_classified/heel_strike/hy-00_3-049.png,heel_strike,heel_strike/hy-00_3-049.png,heel_strike,agreement,207BD7DE28BDF6537BB337060443C9B7609E7FFE8B3DC6EEF2410F1DECA910B8
Current classified,Gait_classified/heel_strike/hy-00_4-005.png,heel_strike,heel_strike/hy-00_4-005.png,heel_strike,agreement,5FEA08125CDCA21E552E2D316A2BE90F2BEB3D4A7D6001648EEE82422E267419
Current classified,Gait_classified/heel_strike/hy-00_4-006.png,heel_strike,heel_strike/hy-00_4-006.png,heel_strike,agreement,AA95F1E08D2C96F122C0B71D471BD7CCCFB6733D2F83A5C4B259397D67D6DF7F
Current classified,Gait_classified/heel_strike/hy-00_4-019.png,heel_strike,heel_strike/hy-00_4-019.png,heel_strike,agreement,4CD88F6066D4C214D640EF6E7EFB0BAD2E0E68C1F9AE105E018F2D4B63B961AC
Current classified,Gait_classified/heel_strike/hy-00_4-020.png,heel_strike,heel_strike/hy-00_4-020.png,heel_strike,agreement,5A4DD92F37CABC13E7507178CE427BCE9E0A062C9FC1455F488BF1591138F96F
Current classified,Gait_classified/heel_strike/hy-00_4-031.png,heel_strike,heel_strike/hy-00_4-031.png,heel_strike,agreement,0A0DADF477751BCB884CABFB9325B36E2550F4422177D8DCD14B2284258B197D
Current classified,Gait_classified/heel_strike/hy-00_4-032.png,heel_strike,heel_strike/hy-00_4-032.png,heel_strike,agreement,DA125ACB0B14CCA4792DCABC921D55846AC2064A7CA4239A0B39104A2147D1EA
Current classified,Gait_classified/heel_strike/hy-00_4-044.png,heel_strike,heel_strike/hy-00_4-044.png,heel_strike,agreement,1034BE7F449D84F1E6900B6DCDFBDA45573EC7F3C63194FD3AB1F0B47A46986B
Current classified,Gait_classified/heel_strike/hy-00_4-057.png,heel_strike,heel_strike/hy-00_4-057.png,heel_strike,agreement,2251DC8DB570F25FB63C72E67E2CAAAC2D84AB7669895F4C4B646351F9083BD4
Current classified,Gait_classified/heel_strike/ljg-00_1-010.png,heel_strike,heel_strike/ljg-00_1-010.png,heel_strike,agreement,5AAF1AE0429C4813DCC8B1D5422BE6E49BD2473CC9A14DE0BC05D5F47EE98BAC
Current classified,Gait_classified/heel_strike/ljg-00_1-011.png,heel_strike,heel_strike/ljg-00_1-011.png,heel_strike,agreement,4837E8F6D1748AB8744EA9F9222CBFC2E283C95BA8FFAE74A5309648AD245DD7
Current classified,Gait_classified/heel_strike/ljg-00_1-025.png,heel_strike,heel_strike/ljg-00_1-025.png,heel_strike,agreement,69600416653B88B9214D55F8DDD7F0B14366A96DF6D8EB9BDA999A959EA45F81
Current classified,Gait_classified/heel_strike/ljg-00_1-026.png,heel_strike,heel_strike/ljg-00_1-026.png,heel_strike,agreement,372A4852D7BB190F979A91D3DCE6E7CA7FB2126A9632A609B1ECE5418E98F7EA
Current classified,Gait_classified/heel_strike/ljg-00_1-039.png,heel_strike,heel_strike/ljg-00_1-039.png,heel_strike,agreement,5409E3C4F893DBE74650B91932E84FE47AE12404EBB887871A0A752CFEC85C2D
Current classified,Gait_classified/heel_strike/ljg-00_1-040.png,heel_strike,heel_strike/ljg-00_1-040.png,heel_strike,agreement,5D9322D39F61032BB74CFFBF08BCF35EA0C07684A38494764BED75E37B22BCA4
Current classified,Gait_classified/heel_strike/ljg-00_1-041.png,heel_strike,heel_strike/ljg-00_1-041.png,heel_strike,agreement,D4551FB695A28692A4F720E5CC209387A6D8C8D09662991D9BBAE88C2C777905
Current classified,Gait_classified/heel_strike/ljg-00_1-052.png,heel_strike,heel_strike/ljg-00_1-052.png,heel_strike,agreement,7F279B8E3647C6238B3C05061968C2C7032507EC6133E80EE084AC55DA6244B0
Current classified,Gait_classified/heel_strike/ljg-00_1-053.png,heel_strike,heel_strike/ljg-00_1-053.png,heel_strike,agreement,FEF0E66AB06AE93CF75E28155B89B40A3E8F866BC091D365968F341A283C2B7F
Current classified,Gait_classified/heel_strike/ljg-00_1-053.png,heel_strike,other/ljg-00_1-051.png,other,conflict,FEF0E66AB06AE93CF75E28155B89B40A3E8F866BC091D365968F341A283C2B7F
Current classified,Gait_classified/heel_strike/ljg-00_1-054.png,heel_strike,heel_strike/ljg-00_1-054.png,heel_strike,agreement,4C962F30EF38C8269CC4BC254E1337F4E2D2167D637D778AF7A4CB9CA8C2AEA4
Current classified,Gait_classified/heel_strike/ljg-00_1-055.png,heel_strike,heel_strike/ljg-00_1-055.png,heel_strike,agreement,69BD06756D3868F76F73DA8B0BC72AA50B1A1EFE5A002000C516E58543C08F24
Current classified,Gait_classified/heel_strike/ljg-00_2-001.png,heel_strike,heel_strike/ljg-00_2-001.png,heel_strike,agreement,1B30BD94DE5D7B6E09E1ABDCBB1830470FA9380CA6BD3622F4FB0753D205B703
Current classified,Gait_classified/heel_strike/ljg-00_2-002.png,heel_strike,heel_strike/ljg-00_2-002.png,heel_strike,agreement,9A3F227B572267366981AB3C719006EBAF557C7C487C953606DB2B65F3314DAF
Current classified,Gait_classified/heel_strike/ljg-00_2-017.png,heel_strike,heel_strike/ljg-00_2-017.png,heel_strike,agreement,C325727AD9864408B24DF4D763012CCDB19FB937280ABDCEA47C76053F65518B
Current classified,Gait_classified/heel_strike/ljg-00_2-018.png,heel_strike,heel_strike/ljg-00_2-018.png,heel_strike,agreement,582BB243E7A432057A4ADDA2A569A0766CE8E96888FF153DB467F0AC7AFB8A52
Current classified,Gait_classified/heel_strike/ljg-00_2-031.png,heel_strike,heel_strike/ljg-00_2-031.png,heel_strike,agreement,032674DD14DF89127250E5CDACB611FEA351778CB6843A1EA97D840C1BC07952
Current classified,Gait_classified/heel_strike/ljg-00_2-046.png,heel_strike,heel_strike/ljg-00_2-046.png,heel_strike,agreement,D4CF57E0187FFAF8ACB836047DEA66B06308AF555850F3376A38269B722A1451
Current classified,Gait_classified/heel_strike/ljg-00_2-047.png,heel_strike,heel_strike/ljg-00_2-047.png,heel_strike,agreement,6B7FCE5A64943D026923665EDB9A00C0DE80DC9B7A96C511B3D6A5B5C3C889DB
Current classified,Gait_classified/heel_strike/ljg-00_2-060.png,heel_strike,heel_strike/ljg-00_2-060.png,heel_strike,agreement,2C2AFAD16990BAD6BCCEAA325FEC858DDE82A596BB54224C5BBE5339A3EC2CD3
Current classified,Gait_classified/heel_strike/ljg-00_2-061.png,heel_strike,heel_strike/ljg-00_2-061.png,heel_strike,agreement,6BC98130F32444331991774723B35CC31313C45049FAF58CAE30ABAE01EB2DB2
Current classified,Gait_classified/heel_strike/ljg-00_3-004.png,heel_strike,heel_strike/ljg-00_3-004.png,heel_strike,agreement,46089053B54EF1B94B365270E8C72C30416F1E0968EE2B6202CDC5BA8ABF444C
Current classified,Gait_classified/heel_strike/ljg-00_3-017.png,heel_strike,heel_strike/ljg-00_3-017.png,heel_strike,agreement,C2EF5062AE55C03221FC211E601A448C15BD91021F0479C0DDDE8FF2D031DA9A
Current classified,Gait_classified/heel_strike/ljg-00_3-018.png,heel_strike,heel_strike/ljg-00_3-018.png,heel_strike,agreement,32AEB0C883A087BC4037F0C7D91BD62722B1951883554394E8F2BACE8A8F4CA4
Current classified,Gait_classified/heel_strike/ljg-00_3-019.png,heel_strike,heel_strike/ljg-00_3-019.png,heel_strike,agreement,02856C557DB58439A1D53A794118151A2974B616E3CE2983B5CDB8BE39541E2F
Current classified,Gait_classified/heel_strike/ljg-00_3-032.png,heel_strike,heel_strike/ljg-00_3-032.png,heel_strike,agreement,A030DC38FCF87E371173148D14CD8379DDCAB8025681849A3AC9C59A6FA69758
Current classified,Gait_classified/heel_strike/ljg-00_3-033.png,heel_strike,heel_strike/ljg-00_3-033.png,heel_strike,agreement,254E095AD417C86E289BEE46DDC4113FBBAB52443AA6A9289705CB7DF75F001E
Current classified,Gait_classified/heel_strike/ljg-00_3-046.png,heel_strike,heel_strike/ljg-00_3-046.png,heel_strike,agreement,FFB98F1DBFE524393B6B58F9324E2A0C679D16D52969581E9C036892CD5B7C61
Current classified,Gait_classified/heel_strike/ljg-00_3-047.png,heel_strike,heel_strike/ljg-00_3-047.png,heel_strike,agreement,6128C8AA984A9DF3B5AF7E81EA27E300CA105C08C40EC7F0EE779A041344B232
Current classified,Gait_classified/heel_strike/ljg-00_3-061.png,heel_strike,heel_strike/ljg-00_3-061.png,heel_strike,agreement,3F570950357206CC1309E4AC3C5CF64BA02F4670CF78AA4C68615836301C4BE8
Current classified,Gait_classified/heel_strike/ljg-00_3-062.png,heel_strike,heel_strike/ljg-00_3-062.png,heel_strike,agreement,17692F0D697DB2A5A6DC3C1B00FF09012B99623D9A282DDB93D93F5E20971645
Current classified,Gait_classified/heel_strike/ljg-00_4-001.png,heel_strike,heel_strike/ljg-00_4-001.png,heel_strike,agreement,BA2E7EB01921D923C1CA40CCA09DEA685E210B03A5458D942FCF9BB3E6E0E128
Current classified,Gait_classified/heel_strike/ljg-00_4-002.png,heel_strike,heel_strike/ljg-00_4-002.png,heel_strike,agreement,C962361D4CDE8A73D6BE6AFA024E52AFB4C56E73D82062A1C69D7251D50D2215
Current classified,Gait_classified/heel_strike/ljg-00_4-003.png,heel_strike,heel_strike/ljg-00_4-003.png,heel_strike,agreement,E938DC6FE196C43C22E51DDE4F09266BA00F409422A596C4311B48A8FB925B3E
Current classified,Gait_classified/heel_strike/ljg-00_4-017.png,heel_strike,heel_strike/ljg-00_4-017.png,heel_strike,agreement,6A02925E4D822F4FFF2BCCD4A7B6C894139AB72DDF3A35C82AB906D5068CECA9
Current classified,Gait_classified/heel_strike/ljg-00_4-029.png,heel_strike,heel_strike/ljg-00_4-029.png,heel_strike,agreement,811E5233631397110C689F1BB396A55852B028CA820A3095D1CE2892419FFF45
Current classified,Gait_classified/heel_strike/ljg-00_4-044.png,heel_strike,heel_strike/ljg-00_4-044.png,heel_strike,agreement,D1787994B162B24DC30A083FF4EC81608A10EBAA13A3901C986D10A031136583
Current classified,Gait_classified/heel_strike/ljg-00_4-057.png,heel_strike,heel_strike/ljg-00_4-057.png,heel_strike,agreement,D681A8971629FD5A3E49A74A5C7A0AA174FB5AF76A4F3E426A8B1F3BE87E9BB6
Current classified,Gait_classified/heel_strike/lqf-00_1-009.png,heel_strike,heel_strike/lqf-00_1-009.png,heel_strike,agreement,B8E67D734F7642797B89D1F4D5AF3247F3165B6D0D9984FCA2F62878CA70808D
Current classified,Gait_classified/heel_strike/lqf-00_1-010.png,heel_strike,heel_strike/lqf-00_1-010.png,heel_strike,agreement,C4753CC1CE7D3639AE0B21469A119D19376EC060D350E8B34269CD29B4712A77
Current classified,Gait_classified/heel_strike/lqf-00_1-021.png,heel_strike,heel_strike/lqf-00_1-021.png,heel_strike,agreement,4DBFF1174E4A64423D26205F153E3B23970925921302088372769BA4AB6DCE9E
Current classified,Gait_classified/heel_strike/lqf-00_1-022.png,heel_strike,heel_strike/lqf-00_1-022.png,heel_strike,agreement,BEC3F67D6A56C07F0281D1813F81116EFD79F33CC6A57EE497AF43432FAA8DB5
Current classified,Gait_classified/heel_strike/lqf-00_1-036.png,heel_strike,heel_strike/lqf-00_1-036.png,heel_strike,agreement,1C3E1C0A905AAE39680E234CEC0AB653FCC2AE02F80836BEBD0B108402158BA8
Current classified,Gait_classified/heel_strike/lqf-00_1-048.png,heel_strike,heel_strike/lqf-00_1-048.png,heel_strike,agreement,878B3A75850AAA74507805041F37EDB1DAFF7B0A83A95B8DAB28C974CB6B691E
Current classified,Gait_classified/heel_strike/lqf-00_1-049.png,heel_strike,heel_strike/lqf-00_1-049.png,heel_strike,agreement,1F3D3C7A34B89527B649765BB7BA7F9BDB2957D34B4C120995366D536D849922
Current classified,Gait_classified/heel_strike/lqf-00_2-005.png,heel_strike,heel_strike/lqf-00_2-005.png,heel_strike,agreement,243B24D37F1DB09D73FD7B1E56239C3EDDEE2B9D14AAF337C1C1AC92F64D5A8A
Current classified,Gait_classified/heel_strike/lqf-00_2-006.png,heel_strike,heel_strike/lqf-00_2-006.png,heel_strike,agreement,39F2D76BFFA4D77653F87FFFDC4C9F3C544F5A16A51E8C2A9236CF8BE75E5670
Current classified,Gait_classified/heel_strike/lqf-00_2-007.png,heel_strike,heel_strike/lqf-00_2-007.png,heel_strike,agreement,8D3985E5E7ABC93800099D2D6189B4F529D568CCFEA7A914263AB0F103EDD648
Current classified,Gait_classified/heel_strike/lqf-00_2-020.png,heel_strike,heel_strike/lqf-00_2-020.png,heel_strike,agreement,44E63EA9B43BD80E89A302E166238D45BB94054D81FA66226A29D6606956EEC0
Current classified,Gait_classified/heel_strike/lqf-00_2-021.png,heel_strike,heel_strike/lqf-00_2-021.png,heel_strike,agreement,47F8648856916C0AAE82A3CC8268A19708FA72FF04C0C1F02E46047C7D0E0408
Current classified,Gait_classified/heel_strike/lqf-00_2-033.png,heel_strike,heel_strike/lqf-00_2-033.png,heel_strike,agreement,98C7468DD082974E39078CD63E0EEEBD9B9C22CE5FB25587A58BE4047164F654
Current classified,Gait_classified/heel_strike/lqf-00_2-034.png,heel_strike,heel_strike/lqf-00_2-034.png,heel_strike,agreement,85289553B314AE166DBC2E4BC255E4E47E0450EFC13C7FC00A76FED25B76D054
Current classified,Gait_classified/heel_strike/lqf-00_2-047.png,heel_strike,heel_strike/lqf-00_2-047.png,heel_strike,agreement,A3A319749E3AD9BAF5E05405BED5A03156F37BA0B3E2142FFF3F0C86E45388A9
Current classified,Gait_classified/heel_strike/lqf-00_2-060.png,heel_strike,heel_strike/lqf-00_2-060.png,heel_strike,agreement,31881C319D78127ECAAF2362A41390990F31ED278FFC195767BFD9CB5E95320C
Current classified,Gait_classified/heel_strike/lqf-00_2-061.png,heel_strike,heel_strike/lqf-00_2-061.png,heel_strike,agreement,813225C3C0F3C15D5AE430CF50BDC1335D4A4FF9E277FA08452EC1051BF5CC8D
Current classified,Gait_classified/heel_strike/lqf-00_3-012.png,heel_strike,heel_strike/lqf-00_3-012.png,heel_strike,agreement,0A7A009738E6B5D89D8CFAA1FDE3D2299A37F20831EA0F27A045A2556A5985E9
Current classified,Gait_classified/heel_strike/lqf-00_3-012.png,heel_strike,other/lqf-00_3-011.png,other,conflict,0A7A009738E6B5D89D8CFAA1FDE3D2299A37F20831EA0F27A045A2556A5985E9
Current classified,Gait_classified/heel_strike/lqf-00_3-013.png,heel_strike,heel_strike/lqf-00_3-013.png,heel_strike,agreement,82B458A0179A2ECC204F650148C63E45DAFB92F4B8A9C7CE118CB40A689B6A65
Current classified,Gait_classified/heel_strike/lqf-00_3-014.png,heel_strike,heel_strike/lqf-00_3-014.png,heel_strike,agreement,A3A318ACDC3D41FDBD38A1E3A80A5AFDB16AD015E9D13C4D17C16F0730A372FE
Current classified,Gait_classified/heel_strike/lqf-00_3-030.png,heel_strike,heel_strike/lqf-00_3-030.png,heel_strike,agreement,00FBB1DE3D6B030C085211C06DC920989CF0BE3854038F120959292087F20B9F
Current classified,Gait_classified/heel_strike/lqf-00_3-030.png,heel_strike,other/lqf-00_3-029.png,other,conflict,00FBB1DE3D6B030C085211C06DC920989CF0BE3854038F120959292087F20B9F
Current classified,Gait_classified/heel_strike/lqf-00_3-031.png,heel_strike,heel_strike/lqf-00_3-031.png,heel_strike,agreement,88B45CC2BBAA517AE1455B3726E61190967F128BE3B59B1100FE67176A6DAC3D
Current classified,Gait_classified/heel_strike/lqf-00_3-047.png,heel_strike,heel_strike/lqf-00_3-047.png,heel_strike,agreement,5CF2B7D996AFF10BC0750A846FAC70730BA52B3BC9EF9557827F42143C65DA3F
Current classified,Gait_classified/heel_strike/lqf-00_3-062.png,heel_strike,heel_strike/lqf-00_3-062.png,heel_strike,agreement,4FB1EFFFDC496BC3AB368265FC0DBFB19344011894B34665934CA44D7ABE5373
Current classified,Gait_classified/heel_strike/lqf-00_3-063.png,heel_strike,heel_strike/lqf-00_3-063.png,heel_strike,agreement,2BF9E7A89F28478F0B35622B1FCC68E862A9F434D124E0F2785A168D02DFD1C5
Current classified,Gait_classified/heel_strike/lqf-00_3-064.png,heel_strike,heel_strike/lqf-00_3-064.png,heel_strike,agreement,DBDE81FC10F383335CEA275210E27CE34E401BCF9E785557544410F6E9CE5DF1
Current classified,Gait_classified/other/fyc-00_1-001.png,other,other/fyc-00_1-001.png,other,agreement,1EA1F1159C1BE36BE945E9323370308EE43ECBC2443F43DC304C46BD2365AE0A
Current classified,Gait_classified/other/fyc-00_1-002.png,other,other/fyc-00_1-002.png,other,agreement,3D656D2364A1456AD94D3F8F6908AE7C5949C310AB3C4F856881576411BA8E8B
Current classified,Gait_classified/other/fyc-00_1-009.png,other,other/fyc-00_1-009.png,other,agreement,E784DADDF0DB023162DBC47CB7B9E3E137994686A0C0158E2F940B2D89F25E37
Current classified,Gait_classified/other/fyc-00_1-010.png,other,other/fyc-00_1-010.png,other,agreement,CF6C8B2F43689EA67737E95FE95364CD67870BE675A288CB736126D3CB80953A
Current classified,Gait_classified/other/fyc-00_1-011.png,other,other/fyc-00_1-011.png,other,agreement,36553A85B8EB08ED61344C192FBEFB3112F34186CDF54F980BB62C2C6EA9CE66
Current classified,Gait_classified/other/fyc-00_1-012.png,other,other/fyc-00_1-012.png,other,agreement,4CB62A5EC43054EA6B00284B4CB81884C025F680A0FEE0D306358479C54F78CC
Current classified,Gait_classified/other/fyc-00_1-013.png,other,other/fyc-00_1-013.png,other,agreement,A32160B0774647A406D8AAD2295AEDC7ECE186E703834A81569BC424DF32E928
Current classified,Gait_classified/other/fyc-00_1-014.png,other,other/fyc-00_1-014.png,other,agreement,B892F35A54BA7E20930DD129B86036C6165BA9F0F1D7B54CFD6DCD235E3B3FD4
Current classified,Gait_classified/other/fyc-00_1-015.png,other,other/fyc-00_1-015.png,other,agreement,0DFFCC2F38F92A1423044D463D01091FBC179E25140C788455B781EE99BA5450
Current classified,Gait_classified/other/fyc-00_1-016.png,other,other/fyc-00_1-016.png,other,agreement,CBEF7D9A952B3F81ECEA54E01F37710C82F54C3EF870F9BCE5EC1BD5D22E0454
Current classified,Gait_classified/other/fyc-00_1-017.png,other,other/fyc-00_1-017.png,other,agreement,57881059CA92A0306EC4E64A51F49FDF72A866365B2929108E105B81BB6AE8E3
Current classified,Gait_classified/other/fyc-00_1-020.png,other,other/fyc-00_1-020.png,other,agreement,EFDCEF4273D8CE718B2959081A5BCC33E8D84ED3B46CDA08859513BDF7C9CBAB
Current classified,Gait_classified/other/fyc-00_1-021.png,other,other/fyc-00_1-021.png,other,agreement,545369430D8CA9AB712B260CF2436040DC0433E8932FD5B868189F47217D887C
Current classified,Gait_classified/other/fyc-00_1-022.png,other,other/fyc-00_1-022.png,other,agreement,C39B8CBE8DAC62666FE47E57515AB3D3ED1D40D1795428667599EE8EBF608FFE
Current classified,Gait_classified/other/fyc-00_1-023.png,other,other/fyc-00_1-023.png,other,agreement,B6F72C2B7884545B844DC111AEF364CADA15D9B83C8AD09A6687A1ED6D97B14C
Current classified,Gait_classified/other/fyc-00_1-024.png,other,other/fyc-00_1-024.png,other,agreement,29EC8D428242E91210FF25C61CE105F7D327343B5C21D05CCFB8BD97FBDAC9D1
Current classified,Gait_classified/other/fyc-00_1-025.png,other,other/fyc-00_1-025.png,other,agreement,942891DCA6743C388CA9F69408FA6F70E5C80F77AC93770AAFB651A018F48837
Current classified,Gait_classified/other/fyc-00_1-026.png,other,other/fyc-00_1-026.png,other,agreement,5E2493587202D216CA9F03AEAA1C76E246E4B02C65632AD5DD95717B42376CE4
Current classified,Gait_classified/other/fyc-00_1-027.png,other,other/fyc-00_1-027.png,other,agreement,00DA3BDD39F17976C640430D91B8DED0B5FD55970B8C2A133E0FC5F79A0285F2
Current classified,Gait_classified/other/fyc-00_1-028.png,other,other/fyc-00_1-028.png,other,agreement,28A04AE4ED1DEA167C69C689B95FC442C32A810A5E5550D1E546CA1E1CD7ECCE
Current classified,Gait_classified/other/fyc-00_1-029.png,other,other/fyc-00_1-029.png,other,agreement,B6FB99200EB9A8CFC18EEDAD8E277BF9B038AF7D68580B8E3E123DB99C51A948
Current classified,Gait_classified/other/fyc-00_1-030.png,other,other/fyc-00_1-030.png,other,agreement,548C717B9F1ADDAF99FA4E8D987765B0155CDFCBA6FA14592C2CD0DB3B1D5A93
Current classified,Gait_classified/other/fyc-00_1-036.png,other,other/fyc-00_1-036.png,other,agreement,556543DA300AFD58B3E7056FB9D9B0AA01D517D6D4090B929121B9644D280C68
Current classified,Gait_classified/other/fyc-00_1-037.png,other,other/fyc-00_1-037.png,other,agreement,5C772909CD9FA45565C9E1C6B05C2DD7382C8AEB05C0DAED90AAB8C593D26E26
Current classified,Gait_classified/other/fyc-00_1-038.png,other,other/fyc-00_1-038.png,other,agreement,020C727711A6B513AE481F2D83B499B89FA3D496F0830C41F67CF82F1EBE087B
Current classified,Gait_classified/other/fyc-00_1-039.png,other,other/fyc-00_1-039.png,other,agreement,312B393AE4376D52B77298085EE11FEF27D1ADA839F9249921616238D8192C2B
Current classified,Gait_classified/other/fyc-00_1-040.png,other,other/fyc-00_1-040.png,other,agreement,7AF5D9E8E616961725A95EFA791AA5282915C819F5A1901DD514EC13F58E0603
Current classified,Gait_classified/other/fyc-00_1-041.png,other,other/fyc-00_1-041.png,other,agreement,4981FD4A1C4902753B4A7C6439C98904B16EF81C2AFF41063C5AEB1D89A4CF21
Current classified,Gait_classified/other/fyc-00_1-042.png,other,other/fyc-00_1-042.png,other,agreement,936E1B9F862F62B3108D9326E896CE1B6A2C04250F2B7285528A706148757830
Current classified,Gait_classified/other/fyc-00_1-043.png,other,other/fyc-00_1-043.png,other,agreement,D67CFF8CB3C99F3064BE7B325B1FDAA9B4AFC264C5F01B1EBC7280F2C5F5FB99
Current classified,Gait_classified/other/fyc-00_1-044.png,other,other/fyc-00_1-044.png,other,agreement,CB11A2BD42AC2BADAD0CD62C368B2D2453984216BCC29CF9108C349488B9B225
Current classified,Gait_classified/other/fyc-00_1-047.png,other,other/fyc-00_1-047.png,other,agreement,E9A4E64A2CB9C9F135A5A8FEEBEF4F2F54E3F07E7F7C99F20FF358F86B2ECEB4
Current classified,Gait_classified/other/fyc-00_1-048.png,other,other/fyc-00_1-048.png,other,agreement,335375AC094AA771C98BAC53A260F128A3C61635302B31A13552003C705CAB57
Current classified,Gait_classified/other/fyc-00_1-049.png,other,other/fyc-00_1-049.png,other,agreement,BEDE33EAD3E9CFEE7C871FEFC0AA9DB457C135B43516A47627CB8D17BFE7660D
Current classified,Gait_classified/other/fyc-00_1-050.png,other,other/fyc-00_1-050.png,other,agreement,C471A1FA4CD82702FE54E6BECDD8120715B8BD838D4C181E79FCCAA89F98B6F1
Current classified,Gait_classified/other/fyc-00_1-051.png,other,other/fyc-00_1-051.png,other,agreement,BBD9675D7B6FD49DEA9F364FF4F3E1ECF94251DB1B2349316DAC87E8FB23EE94
Current classified,Gait_classified/other/fyc-00_1-052.png,other,other/fyc-00_1-052.png,other,agreement,E4EC1188FE8972D26E288F137833CB5E4AC7494DF047374C216B073B6292CA77
Current classified,Gait_classified/other/fyc-00_1-053.png,other,other/fyc-00_1-053.png,other,agreement,8C208A0D3D784881E9B6206907AFD888CD2F7304885DB8BF375F6A72E2CD4D81
Current classified,Gait_classified/other/fyc-00_1-054.png,other,other/fyc-00_1-054.png,other,agreement,CA85C58BA4C401E3F01971C88993EEAB5E1B133715D9D1F3929F5F3CED839053
Current classified,Gait_classified/other/fyc-00_1-055.png,other,other/fyc-00_1-055.png,other,agreement,6D169E44992BC9897450CBAE50F3385AD2D83F9171818CDD8A6543E3F886CFD4
Current classified,Gait_classified/other/fyc-00_1-056.png,other,other/fyc-00_1-056.png,other,agreement,5CC50277719185C4E4745D2DA9A8123295AB84B75B9C2F1CDDF84FB06A3C6A4F
Current classified,Gait_classified/other/fyc-00_1-057.png,other,other/fyc-00_1-057.png,other,agreement,347686B062E3833D8E8D7D1F64724442D8E270E0FC8ABC69C7BF46A19196DDFA
Current classified,Gait_classified/other/fyc-00_1-061.png,other,other/fyc-00_1-061.png,other,agreement,373D62D0C9CA372C59496F60EBC6E7EBD888D966D6E64CCC4427222124D12065
Current classified,Gait_classified/other/fyc-00_1-062.png,other,other/fyc-00_1-062.png,other,agreement,0CF17C4955E93A50DFF9501F06C05D526E9836FF563D831188DD2451510ABE88
Current classified,Gait_classified/other/fyc-00_1-063.png,other,other/fyc-00_1-063.png,other,agreement,5C4C781F97D51B77EEB106DF799A1C5DA9BC310FD35BC517663E61CB361E139F
Current classified,Gait_classified/other/fyc-00_1-064.png,other,other/fyc-00_1-064.png,other,agreement,EBD7FE40725BC68921F09D1AA6BB3518FAA0E1365FD9CF140FD9216D369781D4
Current classified,Gait_classified/other/fyc-00_1-065.png,other,other/fyc-00_1-065.png,other,agreement,1F0A1CC94FF01F67E6D95167231CBA5470C6A2C2E8ADA8AEFC77F982CDDF4A20
Current classified,Gait_classified/other/fyc-00_1-066.png,other,other/fyc-00_1-066.png,other,agreement,047E74B647FEAD21F2270B281CE1128FCCCC26D4CC40A8F9BBDE26707E3F91B2
Current classified,Gait_classified/other/fyc-00_1-067.png,other,other/fyc-00_1-067.png,other,agreement,519125A525F92D42D92FCFDC5A19742F3ECEDE66652716697309771C359F6832
Current classified,Gait_classified/other/fyc-00_1-068.png,other,other/fyc-00_1-068.png,other,agreement,0E3C7C58951D1FDB185CBB0EA30D0051B9CB49E20B0E8EB5BA311495D5562D7C
Current classified,Gait_classified/other/fyc-00_1-072.png,other,other/fyc-00_1-072.png,other,agreement,EE64F6F6A430E7456DE54E10CC9AF47D4A8B8C1730E334B4F8C142E29BA17A42
Current classified,Gait_classified/other/fyc-00_1-073.png,other,other/fyc-00_1-073.png,other,agreement,CBE0B082A691D6924D85F4DA119E8667CBB2EBCA4CD3EC05D754B18581F9B2C5
Current classified,Gait_classified/other/fyc-00_1-074.png,other,other/fyc-00_1-074.png,other,agreement,C9380DE3C188FBA32698AB1E1B5C63BD32F06F0726210A346E127680817A76AF
Current classified,Gait_classified/other/fyc-00_1-075.png,other,other/fyc-00_1-075.png,other,agreement,351B4DE27B17BA3D2D258D9AFF5A85790444CEF5616E4E2BDFE1220B70E6A10F
Current classified,Gait_classified/other/fyc-00_2-001.png,other,other/fyc-00_2-001.png,other,agreement,5CE9C8FDCCD68121ACF371983FBEE8991DAF746F9FD0DE92E397EF0513B316E5
Current classified,Gait_classified/other/fyc-00_2-002.png,other,other/fyc-00_2-002.png,other,agreement,F590A784C8AE6EF093E0CE20AE3CE2C7E04BC55AB5D6F8E587501206EB596B8B
Current classified,Gait_classified/other/fyc-00_2-003.png,other,other/fyc-00_2-003.png,other,agreement,BF3F4C99DF22A1D5FF9EC3885DE5594B680B82E592786BD368AA79E7B9E7D312
Current classified,Gait_classified/other/fyc-00_2-004.png,other,other/fyc-00_2-004.png,other,agreement,999AA7745DA334D528AE3CE50BB79AEF54B80FE19E1FA890E610D342B6374AF3
Current classified,Gait_classified/other/fyc-00_2-005.png,other,other/fyc-00_2-005.png,other,agreement,B393FA3A691A7FE54D9611723CA62D07FEB894665C80942872903870A343BD5D
Current classified,Gait_classified/other/fyc-00_2-006.png,other,other/fyc-00_2-006.png,other,agreement,8CC2C80918136E4152C3EBB633EDDFA0BE69BCE63E83F76E396D4CF07B79F899
Current classified,Gait_classified/other/fyc-00_2-007.png,other,other/fyc-00_2-007.png,other,agreement,F7914278FC0ED2400787CFE851FEB76D455FE029E09D792DDD816173950BF7E1
Current classified,Gait_classified/other/fyc-00_2-008.png,other,other/fyc-00_2-008.png,other,agreement,1E4F10545DD6379AF877CF022640FDFE09AA68F4529A1014DAE7F621845E7E77
Current classified,Gait_classified/other/fyc-00_2-011.png,other,other/fyc-00_2-011.png,other,agreement,687D63EA5C9A907E1C0C096D08019715631EFA5454988778EBEC90CBC59F2731
Current classified,Gait_classified/other/fyc-00_2-012.png,other,other/fyc-00_2-012.png,other,agreement,00AC986E18434D5CFC885CC5BAFD5B0854E3B66D17D02CFA90D408AF794B198F
Current classified,Gait_classified/other/fyc-00_2-013.png,other,other/fyc-00_2-013.png,other,agreement,587B20C6F38BDD6E0D8180683EB5677A32C778860D215A47ADA65613C9603E92
Current classified,Gait_classified/other/fyc-00_2-014.png,other,other/fyc-00_2-014.png,other,agreement,43C53E3A8BD871EFD64754103D7EE28CF8356FED3092BD55C7BF2FA2340D072F
Current classified,Gait_classified/other/fyc-00_2-015.png,other,other/fyc-00_2-015.png,other,agreement,2ABC8937AB0D214023FF05C685BCA1D17FE449EB637C9C8A246099791808840D
Current classified,Gait_classified/other/fyc-00_2-016.png,other,other/fyc-00_2-016.png,other,agreement,30068FEC0800FD65444F239D85CF7558BEC426BE22E1FEE81205E1F4E7E1DF26
Current classified,Gait_classified/other/fyc-00_2-017.png,other,other/fyc-00_2-017.png,other,agreement,E012B0757BC283797459B8C7D6AA182F24881B4602F2FB50F40582C66D2ADD4D
Current classified,Gait_classified/other/fyc-00_2-018.png,other,other/fyc-00_2-018.png,other,agreement,C05C3C179327F9F6A7B2CE43C455F650D96D6EDC3398A6DF16E9E6EEA41B9F45
Current classified,Gait_classified/other/fyc-00_2-019.png,other,other/fyc-00_2-019.png,other,agreement,FF21132625E923201230CA3E2FDAFD43C5B3A3ACC8EE72D4E1576D2DB1E21C5D
Current classified,Gait_classified/other/fyc-00_2-020.png,other,other/fyc-00_2-020.png,other,agreement,FDC753CB9201F50FC5E50C2897AA80EF78BA4C528CE1E3481F913981A90DE3D4
Current classified,Gait_classified/other/fyc-00_2-024.png,other,other/fyc-00_2-024.png,other,agreement,7C45B64737B37F8896E07259122A30E22BC5AF1572D00F1E6DC4D347E7C7C6CF
Current classified,Gait_classified/other/fyc-00_2-025.png,other,other/fyc-00_2-025.png,other,agreement,5AFC5A1E6642F30997E9F65B465D987889C608E34E7A7C3B30A1C6E4C4FD961C
Current classified,Gait_classified/other/fyc-00_2-026.png,other,other/fyc-00_2-026.png,other,agreement,978349D780AC886A33C778E8FF1E611479F76FA779F504450BED40B80727DBC3
Current classified,Gait_classified/other/fyc-00_2-027.png,other,other/fyc-00_2-027.png,other,agreement,FA5C75C6AC1BB47144F76A42B2CA9CAB3810A0FB81EAA2681B329A4DE02E8CB0
Current classified,Gait_classified/other/fyc-00_2-028.png,other,other/fyc-00_2-028.png,other,agreement,CAC319386697B574949882EAF9361655775EAECE1A55CCDF8CF42D4CD4D3D666
Current classified,Gait_classified/other/fyc-00_2-029.png,other,other/fyc-00_2-029.png,other,agreement,F4982233AB0A64517CFBAF2C067055AB6945CFE57581B8061C7B1C876A2C8A85
Current classified,Gait_classified/other/fyc-00_2-030.png,other,other/fyc-00_2-030.png,other,agreement,A90C4D6BF79FBAF8801906058ED0FFF37A1B747DC202BA376646CF2E528E6C2F
Current classified,Gait_classified/other/fyc-00_2-031.png,other,other/fyc-00_2-031.png,other,agreement,EAE0BC73070F3309EBC8D5D56581CF049CB5DBBFBE23B234BBA6400538C26F0D
Current classified,Gait_classified/other/fyc-00_2-032.png,other,other/fyc-00_2-032.png,other,agreement,16A20C63C53D74250A8ECD070B673164B429364BBE358FAE8B49F586A409480E
Current classified,Gait_classified/other/fyc-00_2-033.png,other,other/fyc-00_2-033.png,other,agreement,A1DCE3FCCF7CAE6E1C0E78B22DB8378BE37021FF4CFCE033E85E7886E9B7F778
Current classified,Gait_classified/other/fyc-00_2-034.png,other,other/fyc-00_2-034.png,other,agreement,A701A15CDEF71E0A099B769B33B987DE4DCA550A3399D09228842FD4CCBF030D
Current classified,Gait_classified/other/fyc-00_2-035.png,other,other/fyc-00_2-035.png,other,agreement,BF6A73F9755D33026F004CF91A7D9A2C984F2884A5AB87A7648A28EFDE96E1FD
Current classified,Gait_classified/other/fyc-00_2-040.png,other,other/fyc-00_2-040.png,other,agreement,B845DD25874873C373FF9FEF56DAB902039ADB559BF6973A2FC00AE7D4A9A071
Current classified,Gait_classified/other/fyc-00_2-041.png,other,other/fyc-00_2-041.png,other,agreement,4A0AAD2EE7C5F2B30BB607AECE33489D89539B4CE0DB22C9A9CF6E0D8A899B25
Current classified,Gait_classified/other/fyc-00_2-042.png,other,other/fyc-00_2-042.png,other,agreement,9C19E9686642FEA039101E0A8DE08559C2CF5FC10302F52F3F9A3B726A2FA6B8
Current classified,Gait_classified/other/fyc-00_2-043.png,other,other/fyc-00_2-043.png,other,agreement,FC748D4F262F860F7113D55B683D0F2B39158C0B88D9F6CAF117E4C1EF40F065
Current classified,Gait_classified/other/fyc-00_2-044.png,other,other/fyc-00_2-044.png,other,agreement,F43214BEED44ECD74251303D685971A5CFDD6C5188E60F8E389C0D0C5A43567D
Current classified,Gait_classified/other/fyc-00_2-045.png,other,other/fyc-00_2-045.png,other,agreement,580748C888D0BD36E754F2AD41A1465ACF7389C2E129B5903102BBFC1B50B7B8
Current classified,Gait_classified/other/fyc-00_2-046.png,other,other/fyc-00_2-046.png,other,agreement,8657428E6F5FCAF17741A09A955E0E024FBAC3F24BA6555C1F7BB2C5A933A6AF
Current classified,Gait_classified/other/fyc-00_2-047.png,other,other/fyc-00_2-047.png,other,agreement,39C3BC0F2A3B9DE3C50086A251AEC4E5E6F8A6CA3CCD2BEA53B9731CF4FAC08F
Current classified,Gait_classified/other/fyc-00_2-049.png,other,other/fyc-00_2-049.png,other,agreement,09C30842539D320456D0ECBAD319A10B291EC099784F46AF988BD8D319472814
Current classified,Gait_classified/other/fyc-00_2-050.png,other,other/fyc-00_2-050.png,other,agreement,8E5754C556A2C1F2FB04883DF0351CAE51CC5947F54676DDE775795B7508D0AC
Current classified,Gait_classified/other/fyc-00_2-053.png,other,other/fyc-00_2-053.png,other,agreement,807E0E5C04CC0B42A1F0EDBC4F7B1EE69DEFE97426848CF073A2BB7B9CC61620
Current classified,Gait_classified/other/fyc-00_2-054.png,other,other/fyc-00_2-054.png,other,agreement,054285752B3BADCE830D2C323DC8F9C3AD814472775A2891F5761646F8CCBEEE
Current classified,Gait_classified/other/fyc-00_2-055.png,other,other/fyc-00_2-055.png,other,agreement,55BB2E3A616CA1D66AF78B564F93DE193E05E3C627EA29B306425406B3050FFB
Current classified,Gait_classified/other/fyc-00_2-056.png,other,other/fyc-00_2-056.png,other,agreement,ABD9C4A9B04DC8A3F57078A4E155627636D2DF6F2E459250B40DB8F9ABD28755
Current classified,Gait_classified/other/fyc-00_2-057.png,other,other/fyc-00_2-057.png,other,agreement,34DF83A140197CC100F1CF5EF81119A192B679ABF4DAF164E57BA92C34ED2632
Current classified,Gait_classified/other/fyc-00_2-058.png,other,other/fyc-00_2-058.png,other,agreement,68F19A90AC81987B3C6FC126CCF0DE4448BCB46B3E419EA6228B0BD28A2F1A9A
Current classified,Gait_classified/other/fyc-00_2-059.png,other,other/fyc-00_2-059.png,other,agreement,2722C6A06CCC1AA28C9F3D7E65F1EB74D866B7B9CE9F6C428B17776A9F97D559
Current classified,Gait_classified/other/fyc-00_2-060.png,other,other/fyc-00_2-060.png,other,agreement,7F52F102C80C9126DA1BDCCBE83281311A500F38B6EE75A27B14E1EBFBA13308
Current classified,Gait_classified/other/fyc-00_2-061.png,other,other/fyc-00_2-061.png,other,agreement,F1FE05DD14C26AB252CFD97E7B545863F4DCC55C7B02E12477ED1DA55759345C
Current classified,Gait_classified/other/fyc-00_2-063.png,other,other/fyc-00_2-063.png,other,agreement,8FBC833BBD807EEF3C4E78CB1E391EC99F19979456AAF6F098DA19D8877666DC
Current classified,Gait_classified/other/fyc-00_2-066.png,other,other/fyc-00_2-066.png,other,agreement,5F0709ADCCC324FAE419BFE8EE22839E491E0842F283D5C8DB2CF9BD9F8409AD
Current classified,Gait_classified/other/fyc-00_2-067.png,other,other/fyc-00_2-067.png,other,agreement,C08BDE958333E6D4E50B747765DC9F54AFCA2257254ECDD378E3666A43A42F92
Current classified,Gait_classified/other/fyc-00_2-068.png,other,other/fyc-00_2-068.png,other,agreement,1B846F8073605C9FD2A4EBC77857A7C9412B67F986E9382D1F08DCD66E72F186
Current classified,Gait_classified/other/fyc-00_2-069.png,other,other/fyc-00_2-069.png,other,agreement,760CCA67E84EDABEE8ECF7DB5DAF6E8267C8D167572961B990ECC711C19F8CF8
Current classified,Gait_classified/other/fyc-00_2-070.png,other,other/fyc-00_2-070.png,other,agreement,C7D7A90D28C64E43A36CE61F2CE16E1A8860DE43D1B3CEBD1BD237CE6A4D1DFE
Current classified,Gait_classified/other/fyc-00_2-071.png,other,other/fyc-00_2-071.png,other,agreement,8BE25AE9A6A36F2536489E1B90E5487652DFACFF3C8357AFDCBDF90D3A42336F
Current classified,Gait_classified/other/fyc-00_2-072.png,other,other/fyc-00_2-072.png,other,agreement,B73DB25DF66042461E8DB70FB15D78FEF8440F874D75D142B8340BB530304300
Current classified,Gait_classified/other/fyc-00_2-073.png,other,other/fyc-00_2-073.png,other,agreement,119B1F9A30FD3C7620A4236450D66B13C0C7187F0589F2A7228A5DA5FD3F3107
Current classified,Gait_classified/other/fyc-00_3-001.png,other,other/fyc-00_3-001.png,other,agreement,34E1ED843E75A7438D706B0C2ADB57D5EA8AC14D7228C3C6019315A137B95473
Current classified,Gait_classified/other/fyc-00_3-002.png,other,other/fyc-00_3-002.png,other,agreement,0020B4E1E3CF4261BE0479C21613E294890AF8EB12C3B6AA42059514B10EDD27
Current classified,Gait_classified/other/fyc-00_3-003.png,other,other/fyc-00_3-003.png,other,agreement,0B0FB77347D21670D008B84B1B6772C2D9D11AA2A741E51E71A294C094940B70
Current classified,Gait_classified/other/fyc-00_3-004.png,other,other/fyc-00_3-004.png,other,agreement,4CDDF33E01B9E9F8694800D961CE21942AD09233E70668E9AD2E514794924774
Current classified,Gait_classified/other/fyc-00_3-005.png,other,other/fyc-00_3-005.png,other,agreement,E84CF3E0BDB3E32D132A6A90E5F5B00C7527CF116D800957AFDC8383D95FA5BF
Current classified,Gait_classified/other/fyc-00_3-006.png,other,other/fyc-00_3-006.png,other,agreement,BC49F31AC3ABB8850B68BF89D3C84C5E1A11815D35A300A87BF51E759DEA79A0
Current classified,Gait_classified/other/fyc-00_3-007.png,other,other/fyc-00_3-007.png,other,agreement,C6682A08B14EBFCE9DF48E897C40D485CBED1078031971C84E7BC095A8BADD7B
Current classified,Gait_classified/other/fyc-00_3-010.png,other,other/fyc-00_3-010.png,other,agreement,8045E24070C74CC418DF6825763C2F13D1A1C4DC5CBDDB382C54219BE5E55CD7
Current classified,Gait_classified/other/fyc-00_3-011.png,other,other/fyc-00_3-011.png,other,agreement,C08AC169D947515A0A3A1A8E1BA8EB607921C48224F9E53E41D46933A34F9CFC
Current classified,Gait_classified/other/fyc-00_3-012.png,other,other/fyc-00_3-012.png,other,agreement,B4DD5584CCD63750BF43CCBB15DBBCD4B0B8B3C285BA5F1D294090825F17E417
Current classified,Gait_classified/other/fyc-00_3-015.png,other,other/fyc-00_3-015.png,other,agreement,A28592B737BE6449F0E18A96CCFDE4A5EA91E90009A9B1CAE10AA34A6BD7042A
Current classified,Gait_classified/other/fyc-00_3-016.png,other,other/fyc-00_3-016.png,other,agreement,9C462D9799802EDD3E1DAB822DED2C321DF60F5EE22C5BCE508FD4F6713547EF
Current classified,Gait_classified/other/fyc-00_3-017.png,other,other/fyc-00_3-017.png,other,agreement,9ABF1B95BACC90FF31F538853F027A4063F71F258F574376054DF87D3FBEE336
Current classified,Gait_classified/other/fyc-00_3-018.png,other,other/fyc-00_3-018.png,other,agreement,4884AF6BB5E44C25F11DBB6DA7DB619E34B80BAC7CFCAB34F1CF4928CEB1827C
Current classified,Gait_classified/other/fyc-00_3-019.png,other,other/fyc-00_3-019.png,other,agreement,0761023DAC42FB272D7B53C56479276914D52E283C7C41F9AA87FEE1B947E856
Current classified,Gait_classified/other/fyc-00_3-020.png,other,other/fyc-00_3-020.png,other,agreement,AA35B4FB2F317769416ACF3312105FA6BCA2036BF1E314B2113D545DCC034AD9
Current classified,Gait_classified/other/fyc-00_3-022.png,other,other/fyc-00_3-022.png,other,agreement,A583245232008DD4381186D0D9BBC42B4F780B7EFE6762C303DCD1EC14E3DFE5
Current classified,Gait_classified/other/fyc-00_3-023.png,other,other/fyc-00_3-023.png,other,agreement,D6C4E3C3588DBDE0DEC46089A049CDA0F0657FC17C7044A12C6FE27C6458C306
Current classified,Gait_classified/other/fyc-00_3-024.png,other,other/fyc-00_3-024.png,other,agreement,4933245E74F1DA9E237DFEB3F76F1AF2F3AB01F370743F42572B68CDD232D099
Current classified,Gait_classified/other/fyc-00_3-026.png,other,other/fyc-00_3-026.png,other,agreement,9E7988890B224107532888ED327F4315591349C6226380BC6CE89AD80FE5DC46
Current classified,Gait_classified/other/fyc-00_3-027.png,other,other/fyc-00_3-027.png,other,agreement,119F39A0308B506E4791AB6F90B94F71D32BE099A5D9BE287DB08022021996B2
Current classified,Gait_classified/other/fyc-00_3-028.png,other,other/fyc-00_3-028.png,other,agreement,5C1459829D54F93B7883D67A5420C6C476F56F2524D83FD7EE127907CBB29222
Current classified,Gait_classified/other/fyc-00_3-029.png,other,other/fyc-00_3-029.png,other,agreement,66D112E8CC1853708254E89F8452A1B64B6F6024887041095DB260414238DAF0
Current classified,Gait_classified/other/fyc-00_3-030.png,other,other/fyc-00_3-030.png,other,agreement,AF58BF3328453AC87D50C22EA62E13A86838C7056DFA325C9BB50863EC570C2C
Current classified,Gait_classified/other/fyc-00_3-031.png,other,other/fyc-00_3-031.png,other,agreement,709383A1865A1D9F8B6F561D7FD04F1A5B7B80D58D575C0A29EC8843F42204AB
Current classified,Gait_classified/other/fyc-00_3-032.png,other,other/fyc-00_3-032.png,other,agreement,78D788916CC616AAE87AF5FD64FAC33518E2FA7AA3A7A9DF2950F7AB7D3F160C
Current classified,Gait_classified/other/fyc-00_3-033.png,other,other/fyc-00_3-033.png,other,agreement,E8DAE176938A19FD694D12E7DC596407BAEDAE90C5CF89FBE4BC4D13F9D02A51
Current classified,Gait_classified/other/fyc-00_3-035.png,other,other/fyc-00_3-035.png,other,agreement,E99F76FECAA4D2C239CBCFA20B4B11F9D16FF43F59E4A81FB89D6347C3C4223F
Current classified,Gait_classified/other/fyc-00_3-036.png,other,other/fyc-00_3-036.png,other,agreement,12E13FACCD74DB6523F587BB7C4ADED9614087406F1470B2EE471B328A756DD8
Current classified,Gait_classified/other/fyc-00_3-039.png,other,other/fyc-00_3-039.png,other,agreement,85D3F095E96E02A4419F4FDA2787EB5F5474FA0A8C3042EB781134A12F4AEC35
Current classified,Gait_classified/other/fyc-00_3-040.png,other,other/fyc-00_3-040.png,other,agreement,90DDF9AD18AD4E635640F83F56DF650DCB5D5B34A6B766C34A87C2FA4115BCC9
Current classified,Gait_classified/other/fyc-00_3-041.png,other,other/fyc-00_3-041.png,other,agreement,D25F7F178C20A2F885BE2098B69DEBCD565386206272BD93D6E936551E43B434
Current classified,Gait_classified/other/fyc-00_3-042.png,other,other/fyc-00_3-042.png,other,agreement,6AEAB20483DA23D33D589E6C877C8725875361089758AE129F2F90584979F486
Current classified,Gait_classified/other/fyc-00_3-043.png,other,other/fyc-00_3-043.png,other,agreement,69519E55060A1B5723169FA80EC70FB1598CFA67C1537604526445C7497399FE
Current classified,Gait_classified/other/fyc-00_3-044.png,other,other/fyc-00_3-044.png,other,agreement,C1272E79E6558BDFBB679DCEC233989E00A4B00388AE441457F68138A1870FC7
Current classified,Gait_classified/other/fyc-00_3-045.png,other,other/fyc-00_3-045.png,other,agreement,15F8FFE8EDD29BABFC4B24D94E0476C6001469224F7483A330EC9063BED315C5
Current classified,Gait_classified/other/fyc-00_3-047.png,other,other/fyc-00_3-047.png,other,agreement,750346F860FD4D4E4BD62DC2AAD824D66A42F557141B3C0A30C4133982410BB8
Current classified,Gait_classified/other/fyc-00_3-048.png,other,other/fyc-00_3-048.png,other,agreement,08FE0EB45492A43B71C909FD11D19B104EB195112C32146FBB01DC02CFD91A5A
Current classified,Gait_classified/other/fyc-00_3-050.png,other,other/fyc-00_3-050.png,other,agreement,C90F0F74D363F2D06A2ECF0552BAB69E48C08B5491DFB082663902DFD0071AEB
Current classified,Gait_classified/other/fyc-00_3-051.png,other,other/fyc-00_3-051.png,other,agreement,3167AE7E3B4BC19AFE3286D33E7813411AE43E7BDA51E252C3D5343824E29710
Current classified,Gait_classified/other/fyc-00_3-052.png,other,other/fyc-00_3-052.png,other,agreement,FCF96B0EDCC008FDCD4838021D8541611E0F741BE74CBE3F28AAFA6611700942
Current classified,Gait_classified/other/fyc-00_3-053.png,other,other/fyc-00_3-053.png,other,agreement,1A9A114BD2B147FA6C6EE2D8AD1F434F0B6CC756A5AAB2503843EC6588A4CC93
Current classified,Gait_classified/other/fyc-00_3-054.png,other,other/fyc-00_3-054.png,other,agreement,D393F20AC51A844BF5F11C7FD39AE23A88BEDC1CF9F9ADD8AF6D8537409B9CD6
Current classified,Gait_classified/other/fyc-00_3-055.png,other,other/fyc-00_3-055.png,other,agreement,446AF8EFD73DCBA79BEFC67E6B403A8F28B458670BB51769B10EAC628980B364
Current classified,Gait_classified/other/fyc-00_3-058.png,other,other/fyc-00_3-058.png,other,agreement,C22D40DECECAB26A06B44A3E5E539A7CAE6461B58DA210E9BD80BB8880FC8B08
Current classified,Gait_classified/other/fyc-00_3-059.png,other,other/fyc-00_3-059.png,other,agreement,5089D7588A55C653DE216DD5F8E05489C8289BC6D827312599A8A2E97417C5F9
Current classified,Gait_classified/other/fyc-00_3-060.png,other,other/fyc-00_3-060.png,other,agreement,6252910CB68419DA3E648D393C6B5F81FE688ABEB525C40B8065113A9181877F
Current classified,Gait_classified/other/fyc-00_3-063.png,other,other/fyc-00_3-063.png,other,agreement,D906375B1084C23F6B384E1A21AB6D7310DB8B3EF44A43998F69E417567F8A97
Current classified,Gait_classified/other/fyc-00_3-064.png,other,other/fyc-00_3-064.png,other,agreement,A4C04B21107C2D3B9F854C3A30713D6E972D3F39A5AE821259C26157EA931DD0
Current classified,Gait_classified/other/fyc-00_3-065.png,other,other/fyc-00_3-065.png,other,agreement,F2A2E01D73F4B686C390E1716DFCECC15590DCE3498DDF31D5D31A9D411B40AE
Current classified,Gait_classified/other/fyc-00_3-066.png,other,other/fyc-00_3-066.png,other,agreement,8F9BE4874FB60F42C94B5B30B29D902B1432ABC519EE36C09305BB757E797CF5
Current classified,Gait_classified/other/fyc-00_3-067.png,other,other/fyc-00_3-067.png,other,agreement,B524FD0E5EC736064A111FDB6EDC50EBC373EA0DDBD13CCD963FCE42E79B7317
Current classified,Gait_classified/other/fyc-00_3-068.png,other,other/fyc-00_3-068.png,other,agreement,DE8E9AFC72B292F812951A4F374A2EAB5E579619A7AF0476389BAB1143DE43AA
Current classified,Gait_classified/other/fyc-00_3-069.png,other,other/fyc-00_3-069.png,other,agreement,E65411D69D3EFECDF6B5AB1F39A4196B09751C8D15459B38E226A36E624874C4
Current classified,Gait_classified/other/fyc-00_4-003.png,other,other/fyc-00_4-003.png,other,agreement,7F55BAF5CE57B4D6D3711EBBD25F6283DAE41416B420B1483E6441D8861DE159
Current classified,Gait_classified/other/fyc-00_4-004.png,other,other/fyc-00_4-004.png,other,agreement,06A5A496ECBB86535AF42E5FB2E0D3C4A2CE2AB1A4C58ED78A2CCF1280B95913
Current classified,Gait_classified/other/fyc-00_4-005.png,other,other/fyc-00_4-005.png,other,agreement,6439C3079C6758241FCD91F4A693D978589CECC4C10414C3607B517E793B61DD
Current classified,Gait_classified/other/fyc-00_4-007.png,other,other/fyc-00_4-007.png,other,agreement,51BC682D04557B515AB5EFAC37AEB5B8FE75B17E6A211EC816FC663CF008A695
Current classified,Gait_classified/other/fyc-00_4-008.png,other,other/fyc-00_4-008.png,other,agreement,8C59B92C59B9EAFF6BE66441BC86E08E6B75910232E3434388CB3E17A272ABD5
Current classified,Gait_classified/other/fyc-00_4-009.png,other,other/fyc-00_4-009.png,other,agreement,07E6C4E1E56E2A848DC4B0B0C97BA1575096BA1A013AC8842ADA57FA7706A792
Current classified,Gait_classified/other/fyc-00_4-010.png,other,other/fyc-00_4-010.png,other,agreement,3839A338FD5E226666651E334BFC6D1352DBC7DABCFDDD20310ED5B521433638
Current classified,Gait_classified/other/fyc-00_4-011.png,other,other/fyc-00_4-011.png,other,agreement,1128F54177092D131ECFD7489079E8C456600F5FCC9BF12F33B95E89BB9FA3F2
Current classified,Gait_classified/other/fyc-00_4-012.png,other,other/fyc-00_4-012.png,other,agreement,54FEC9491409CC223F87EA371CFE9E930B9DB15D1EBF66035F88CEEC493603A8
Current classified,Gait_classified/other/fyc-00_4-015.png,other,other/fyc-00_4-015.png,other,agreement,161C11AA3473DF6780F3C3877E66B9F39C02BBF3B919498E44C560898B929F01
Current classified,Gait_classified/other/fyc-00_4-016.png,other,other/fyc-00_4-016.png,other,agreement,3608F22A144F9D0927780C2E56B8077A1FEEFE0C936B54363578C690291A39E0
Current classified,Gait_classified/other/fyc-00_4-017.png,other,other/fyc-00_4-017.png,other,agreement,12500AFB441E62A637A243B7892B522B5E752A6ACE4E3331FED06539D3E20D5F
Current classified,Gait_classified/other/fyc-00_4-019.png,other,other/fyc-00_4-019.png,other,agreement,1012C3349A64ADBB833CB5A461A3C9AC11A5C5AD2883884834A12347B066F58A
Current classified,Gait_classified/other/fyc-00_4-020.png,other,other/fyc-00_4-020.png,other,agreement,A49F580F9E07A3BC8370D46022A48AEF4A183DF795137C786EA3FAA720362941
Current classified,Gait_classified/other/fyc-00_4-021.png,other,other/fyc-00_4-021.png,other,agreement,7FEA0849B91E6EC27BFD23E8A702553CC4B91F0D80CED3E9F8BC0CC31608D462
Current classified,Gait_classified/other/fyc-00_4-022.png,other,other/fyc-00_4-022.png,other,agreement,3CA9FB194336E7E98EBE85D38C7191C0555BC15FD6B39DAA764FA621C519E90D
Current classified,Gait_classified/other/fyc-00_4-023.png,other,other/fyc-00_4-023.png,other,agreement,136135FA8BADF74790288BFC5A916F3F8BD6EC4C38A6A45F2AC7788A8FF63D62
Current classified,Gait_classified/other/fyc-00_4-024.png,other,other/fyc-00_4-024.png,other,agreement,20A9358FC4ED3C78001C02275AC329252FCCD226733587C126C37FCA3AA25EA8
Current classified,Gait_classified/other/fyc-00_4-025.png,other,other/fyc-00_4-025.png,other,agreement,D50F2B2B920AD8E4AB32E833E5A6A10149CC30042193AD932CA25E3A3FD98DC7
Current classified,Gait_classified/other/fyc-00_4-026.png,other,other/fyc-00_4-026.png,other,agreement,6FA4F200262DBAA176B4EF360C31333A3E2AB22B3F6F9B4C710F5A5EFBCA0281
Current classified,Gait_classified/other/fyc-00_4-028.png,other,other/fyc-00_4-028.png,other,agreement,CCEEE6BAAE2BE9DEA825E7DF6FEA63F493DA9E60B50C6EFC63FC6BE509BB7DFF
Current classified,Gait_classified/other/fyc-00_4-029.png,other,other/fyc-00_4-029.png,other,agreement,DA8C0A6FED03458F6549B63877173CF5B0D635FFB27E9399A6A0B0969527E0D7
Current classified,Gait_classified/other/fyc-00_4-030.png,other,other/fyc-00_4-030.png,other,agreement,0325B976CE1E30BBD1946BF5DC7983B188930C720624B26FD17A16B2997E71EF
Current classified,Gait_classified/other/fyc-00_4-032.png,other,other/fyc-00_4-032.png,other,agreement,4DA87D6E784EB79DDCF761D3A6647F03CB8B52B06C0BB8CAC52F7635C32A187B
Current classified,Gait_classified/other/fyc-00_4-033.png,other,other/fyc-00_4-033.png,other,agreement,41CE5540996E14A0AA4AD708945B51B137AF6802343BF43F49EF0E123A94047F
Current classified,Gait_classified/other/fyc-00_4-034.png,other,other/fyc-00_4-034.png,other,agreement,065983935ED5C0D99EF9CA4F742F35CABEE8C670E4313B292463DE48981A7568
Current classified,Gait_classified/other/fyc-00_4-035.png,other,other/fyc-00_4-035.png,other,agreement,0D1DD0AE901A8F70D8E2AAA98156065719418482A052112FFA5E774A111DD840
Current classified,Gait_classified/other/fyc-00_4-036.png,other,other/fyc-00_4-036.png,other,agreement,BD91A2CB965ED5A24DC8555439E48D769FB6D4FAF75EEF5F94C95438A5BFAEE0
Current classified,Gait_classified/other/fyc-00_4-037.png,other,other/fyc-00_4-037.png,other,agreement,0B3A84D3AA5440AB2E292BFAB694BE77741EFFFA2848AE76480FD083C032FAC1
Current classified,Gait_classified/other/fyc-00_4-038.png,other,other/fyc-00_4-038.png,other,agreement,D296A82B1A1D97E2DF4A02ADA50B08A267291672B8E309BFF21B1617F00DA490
Current classified,Gait_classified/other/fyc-00_4-039.png,other,other/fyc-00_4-039.png,other,agreement,FF86688AC0984C7FF32D95C5A3EC1ECDDB5319F852462C524F8FB7B254FC3C80
Current classified,Gait_classified/other/fyc-00_4-041.png,other,other/fyc-00_4-041.png,other,agreement,3A26DE53E6540FD381D5D17B62645382112E820D397C4A63ADBBDF6A77694BCE
Current classified,Gait_classified/other/fyc-00_4-042.png,other,other/fyc-00_4-042.png,other,agreement,6F28AED3015D6C93A8D74C6EF5F76A3C33ACDACC2E2C43E312A56609130CB552
Current classified,Gait_classified/other/fyc-00_4-044.png,other,other/fyc-00_4-044.png,other,agreement,1CB8B98572E098A1AF772AA5F3C85E7AE88216105AA68E339E29E87E327B04E2
Current classified,Gait_classified/other/fyc-00_4-045.png,other,other/fyc-00_4-045.png,other,agreement,D493006B0E92615906A027FCBFEE1785588D45F2DAB9C2C9199F494EBBEB5B04
Current classified,Gait_classified/other/fyc-00_4-046.png,other,other/fyc-00_4-046.png,other,agreement,67E2C18E8225B6D892C0D7731E82D62A1E86311D0E2283DA719CB743B17FFAD4
Current classified,Gait_classified/other/fyc-00_4-047.png,other,other/fyc-00_4-047.png,other,agreement,3644C75CED3B17A7E6864C415DDB4254E0EE38B81EA8F1132DCDBC7889709101
Current classified,Gait_classified/other/fyc-00_4-048.png,other,other/fyc-00_4-048.png,other,agreement,CED0E7B2DAAD5F1DA170D75A6DD8B16E2A7FE764D3992AC191A5530B65EAB529
Current classified,Gait_classified/other/fyc-00_4-049.png,other,other/fyc-00_4-049.png,other,agreement,6C33ED9A1A659E4CF7C54ACD0FFD02DDBEE50B1EEF120A6165E5EC641D0FCFB1
Current classified,Gait_classified/other/fyc-00_4-050.png,other,other/fyc-00_4-050.png,other,agreement,7D8393A2FD11BED0BE7D58A4DB1C764BE9D4D681F54512255435A7A7211502BC
Current classified,Gait_classified/other/fyc-00_4-052.png,other,other/fyc-00_4-052.png,other,agreement,F4545D5A959DD1C61114AD57BCE7DF59491B4AEBB70AE4D8832D5814CDA17EA7
Current classified,Gait_classified/other/fyc-00_4-053.png,other,other/fyc-00_4-053.png,other,agreement,A9D6FB05382F441EFE275FFB7B75A9A0488DE1EBDD185FED28F40F2B111FC688
Current classified,Gait_classified/other/fyc-00_4-054.png,other,other/fyc-00_4-054.png,other,agreement,747251B05702A09D59C632748B22499F1639481D0C355302DC2EDF8F011FF03D
Current classified,Gait_classified/other/fyc-00_4-057.png,other,other/fyc-00_4-057.png,other,agreement,92799F20D47C5DBD0480732698ED3FE07D106A8407E2E0B97EA9F772CBFBE0AA
Current classified,Gait_classified/other/fyc-00_4-058.png,other,other/fyc-00_4-058.png,other,agreement,1D42405D22EEB0A6CB5C59EAF0668B1E7DF1CAA45B2370CFC97BD5473D086B0E
Current classified,Gait_classified/other/fyc-00_4-059.png,other,other/fyc-00_4-059.png,other,agreement,8FC1C9833AF0DF14841B80B24BFB31D9323B7709DF7D78BF451F21E2EE03FD93
Current classified,Gait_classified/other/fyc-00_4-060.png,other,other/fyc-00_4-060.png,other,agreement,3AB20D03C9FDF7A26C5F7DE832EAF17F2D9AA01720460FB916BDC231785483CB
Current classified,Gait_classified/other/fyc-00_4-061.png,other,other/fyc-00_4-061.png,other,agreement,C73FDD7AD75D719C38A5EE5F4D3A02395AEEE5BC50FE29EB9726823E1641B8CA
Current classified,Gait_classified/other/fyc-00_4-062.png,other,other/fyc-00_4-062.png,other,agreement,8AC4C7401843715E984B73ED506D24F5BA388EA482BB7F9ADCBA3E4080633337
Current classified,Gait_classified/other/fyc-00_4-063.png,other,other/fyc-00_4-063.png,other,agreement,75F1855177F3E9E4A5CADDD35E7D9AA42B28D98DC9432FA5773CD97B82656216
Current classified,Gait_classified/other/fyc-00_4-064.png,other,other/fyc-00_4-064.png,other,agreement,0B274C4BE96A263F91D1585C425C056220E320944A11839EB4332AA7D1F93355
Current classified,Gait_classified/other/fyc-00_4-066.png,other,other/fyc-00_4-066.png,other,agreement,A04BF9BA4CC9A61F784498450F9A22FB63F44243F87792E3CEC945D92199BEB7
Current classified,Gait_classified/other/fyc-00_4-067.png,other,other/fyc-00_4-067.png,other,agreement,CB321ECBFFBFD0E7C0BE1A6E62A570AEDA4C2EDFE8045B30F4E77729DD549D7C
Current classified,Gait_classified/other/fyc-00_4-068.png,other,other/fyc-00_4-068.png,other,agreement,3746CD010B74A2C47359CFDFAFF4D2F5C8CBCF99BB62634210284A606C954A01
Current classified,Gait_classified/other/fyc-00_4-070.png,other,other/fyc-00_4-070.png,other,agreement,731B5D9D1D73BB383C0B73D197339E65EA1D5D0170E8C0183CB3DA9D666F76F2
Current classified,Gait_classified/other/fyc-00_4-071.png,other,other/fyc-00_4-071.png,other,agreement,82C0DEDCFF70A3EF463D44C5BD91D78860D6607DD231068FD25CEEAC018AEAE6
Current classified,Gait_classified/other/fyc-00_4-072.png,other,other/fyc-00_4-072.png,other,agreement,B922728A2DAE8AEF4A7FBC0D779105E9D21117D858BDC36DDF053051106A993C
Current classified,Gait_classified/other/fyc-00_4-073.png,other,other/fyc-00_4-073.png,other,agreement,68EFE6090E396CC89DDFCE1B35EB972FD907223ECD42553D6737792BF57E065C
Current classified,Gait_classified/other/fyc-00_4-074.png,other,other/fyc-00_4-074.png,other,agreement,3EA503DF8B4C552BCA2E280ECF1BE7092011D3DCA180CB9077E56BDB5D8EF1AB
Current classified,Gait_classified/other/fyc-00_4-075.png,other,other/fyc-00_4-075.png,other,agreement,B8A06D6BF73E45E29C168BABC904B105E0FB424A95EF0B33554BD9F0C5B2A47E
Current classified,Gait_classified/other/hy-00_1-008.png,other,other/hy-00_1-008.png,other,agreement,26C3C3C67DB76A33200939E5E04F1984BA5A867DBE411BA4B7B2205145ACC5FC
Current classified,Gait_classified/other/hy-00_1-009.png,other,other/hy-00_1-009.png,other,agreement,BFC9EBC1727FC03B9DC7637B2235F81E0D13AC05AF5D6F98801A9BC94257D49E
Current classified,Gait_classified/other/hy-00_1-010.png,other,other/hy-00_1-010.png,other,agreement,89F742F97623CBF5E3BCCF7B47998DD6DD853BD66BCF9F67CCA098DDE379C25D
Current classified,Gait_classified/other/hy-00_1-011.png,other,other/hy-00_1-011.png,other,agreement,9E156651D9C503648242E6071B12CC407C8035A0694A804AB6B4BA260BF1383C
Current classified,Gait_classified/other/hy-00_1-012.png,other,other/hy-00_1-012.png,other,agreement,1D739E22ECD98D5317CD91B1E0AD24D3308FD99E93083FEE47B4936965202CF5
Current classified,Gait_classified/other/hy-00_1-013.png,other,other/hy-00_1-013.png,other,agreement,78B5D157657C6DE6D981748B7CE9E6A30F383C17B3BE585631F7595EB21B6713
Current classified,Gait_classified/other/hy-00_1-018.png,other,other/hy-00_1-018.png,other,agreement,06F77956834028005993CC662189A86C1D626C9F255C33552448E7F9A44F480C
Current classified,Gait_classified/other/hy-00_1-019.png,other,other/hy-00_1-019.png,other,agreement,B3080D0ED9D595A810AA5CCDBE7779B97993610E1513E4C925EAA165E74E6D35
Current classified,Gait_classified/other/hy-00_1-020.png,other,other/hy-00_1-020.png,other,agreement,9C8E75E0C8A119B0B16EB9A23202DE5BE8D2B859CECB4DE612A40BE27FE87BB1
Current classified,Gait_classified/other/hy-00_1-021.png,other,other/hy-00_1-021.png,other,agreement,00A684E4E754140EADC2A8E955433082B0F0FAE5BA0097CCC2D2AD0B2CE383F7
Current classified,Gait_classified/other/hy-00_1-022.png,other,other/hy-00_1-022.png,other,agreement,E8B8DFE02D283A00F3ED6D0E19CD3471F3431BBACE2FECA59DBEE7469F720D2C
Current classified,Gait_classified/other/hy-00_1-023.png,other,other/hy-00_1-023.png,other,agreement,62F09A78A82F9C361535735B4A016D7404DF2F3A1714CE33D79961054680458C
Current classified,Gait_classified/other/hy-00_1-024.png,other,other/hy-00_1-024.png,other,agreement,BC735CA3EC4625D3D9E32F4FE15318338B469414A4EC6EE07D34A6E9B7F42DB2
Current classified,Gait_classified/other/hy-00_1-025.png,other,other/hy-00_1-025.png,other,agreement,ADA4A5361D8D60A34C854F08868557F86A8D035EC1EE1506CF49D57D1F9FA1D2
Current classified,Gait_classified/other/hy-00_1-027.png,other,other/hy-00_1-027.png,other,agreement,9831B2B90EA0B7D6F5700D59F1C8ABC80DE09D6C046C1517A8746CE7D6D01C3E
Current classified,Gait_classified/other/hy-00_1-033.png,other,other/hy-00_1-033.png,other,agreement,0CAF8C9F3CDF3501BA7728EC7B187C653BD07B34BA2DB98206C809ED5B97AAB9
Current classified,Gait_classified/other/hy-00_1-034.png,other,other/hy-00_1-034.png,other,agreement,7EA63AE0976B485607D97604EC779280A9C6A8C432C7757FE0BBBAD3BFE91FED
Current classified,Gait_classified/other/hy-00_1-035.png,other,other/hy-00_1-035.png,other,agreement,73BE4DFF9B1C1BF88AFA195335FADB3CA53E2223A78E255C688F2713D113BF89
Current classified,Gait_classified/other/hy-00_1-036.png,other,other/hy-00_1-036.png,other,agreement,37F8C416AFDA6AD34217C5CD5F30B304385C98F095336F55256C92E0E876BF2C
Current classified,Gait_classified/other/hy-00_1-037.png,other,other/hy-00_1-037.png,other,agreement,DD235F81AC3ABABFD84A82F7B387E49B4D6491FE4236996752C56A075325D0AC
Current classified,Gait_classified/other/hy-00_1-038.png,other,other/hy-00_1-038.png,other,agreement,AD39983108E2FA7E3CFE62B04EDC00A90A6025BD918A31A4189DDEB43EE6399E
Current classified,Gait_classified/other/hy-00_1-043.png,other,other/hy-00_1-043.png,other,agreement,B3C85DF7670754484F714CB2E25DD028EFCC4F258917C90FE4696BA8003A1238
Current classified,Gait_classified/other/hy-00_1-044.png,other,other/hy-00_1-044.png,other,agreement,13F8A402CCFCE137B3405B085395AAE8470364E108AA1E4784B4D61132744F69
Current classified,Gait_classified/other/hy-00_1-045.png,other,other/hy-00_1-045.png,other,agreement,93BD940C26C76D58297E75BA8B7A43ED7948B9943C90DFFD153BA095DFD6AF99
Current classified,Gait_classified/other/hy-00_1-046.png,other,other/hy-00_1-046.png,other,agreement,D111FAA94C02E61EF722FE53B62C8FB8DC470A3879E2B30B77F0708DAEEDCACA
Current classified,Gait_classified/other/hy-00_1-047.png,other,other/hy-00_1-047.png,other,agreement,1C18C9D757D54B99BD26082567617E0FF2CDEF10776C8C929E44EFB8D34589EB
Current classified,Gait_classified/other/hy-00_1-048.png,other,other/hy-00_1-048.png,other,agreement,2BF3BF104CCA9EDF871A49B2FB9000AE24A363281FF3C479A9D1C1D39E633E8A
Current classified,Gait_classified/other/hy-00_1-049.png,other,other/hy-00_1-049.png,other,agreement,70684C33670DE8775927353272604E31EB8EEEA33E70EC86528C213373447E54
Current classified,Gait_classified/other/hy-00_1-050.png,other,other/hy-00_1-050.png,other,agreement,2B1C44271F1BEDB95A8E3F3F660C43C2E744AD31B19117A8E113B87FF0B6F15E
Current classified,Gait_classified/other/hy-00_1-051.png,other,other/hy-00_1-051.png,other,agreement,CA7A398695957CC736A1AFB94C175F816655501AF3F6495EAC10DB0599D59D30
Current classified,Gait_classified/other/hy-00_1-057.png,other,other/hy-00_1-057.png,other,agreement,F0B1388394BD3FCCC66912B37FE3E0C3AE918DF56775EB3D6558D617E0DEC58A
Current classified,Gait_classified/other/hy-00_1-058.png,other,other/hy-00_1-058.png,other,agreement,E943C5F9F68E2F10D271EA0580826E6A9EFAD961742E4ADBBA9882D4BD04E6ED
Current classified,Gait_classified/other/hy-00_1-059.png,other,other/hy-00_1-059.png,other,agreement,590ADC7007D1453821E4FFA8DB16CB7ED5C4B289E68A50F3AE29543006EB3C16
Current classified,Gait_classified/other/hy-00_2-001.png,other,other/hy-00_2-001.png,other,agreement,2EACCBD6F33225ACCD7AC04F88A89C4F11D887DE7C896DFE883D02AC923890B2
Current classified,Gait_classified/other/hy-00_2-002.png,other,other/hy-00_2-002.png,other,agreement,CCBA772912D96205117EA8AA2AE83E23B461C6AAD6309B26C9CF6F1E0D9546B0
Current classified,Gait_classified/other/hy-00_2-003.png,other,other/hy-00_2-003.png,other,agreement,9ED541CB7D6A15C8134A0E12026BCDC3C0FD5D2F0C368CAF86ACF6123314950E
Current classified,Gait_classified/other/hy-00_2-004.png,other,other/hy-00_2-004.png,other,agreement,017C619E5BD948D11B76E7E0FF48B53426459153BBFC2169B362D2877C1AADB9
Current classified,Gait_classified/other/hy-00_2-010.png,other,other/hy-00_2-010.png,other,agreement,5F14AB6902A963BAE93395E553E329740C8999B0886F811F69E24B5B35865E99
Current classified,Gait_classified/other/hy-00_2-011.png,other,other/hy-00_2-011.png,other,agreement,A8CDAEF926E9D5BBE8F0BB20703F8C522C52BD830F718EB8B998044671BC4AC0
Current classified,Gait_classified/other/hy-00_2-013.png,other,other/hy-00_2-013.png,other,agreement,80ACBBDF1004CD5B963B5B8AAEF0746CB99365758A80F93A38647C9C152420B0
Current classified,Gait_classified/other/hy-00_2-014.png,other,other/hy-00_2-014.png,other,agreement,2048EC6FA6E0E56266BAB1A9E69DD3BBAAFCE1B5FEF06C83805B4B8988AA7503
Current classified,Gait_classified/other/hy-00_2-015.png,other,other/hy-00_2-015.png,other,agreement,67F660325F8781B53CE5AB25003D99957A1A5AAC7E0283AE32EAEF7912B563D5
Current classified,Gait_classified/other/hy-00_2-016.png,other,other/hy-00_2-016.png,other,agreement,917810E92DD230CE5F001B3345C5DB98AC3C1C7FAFE70E1E2697065A5321E4FE
Current classified,Gait_classified/other/hy-00_2-017.png,other,other/hy-00_2-017.png,other,agreement,B2C42F74CA58F19EB7F268297E77E32379FAF91F0C13C6BD1A715D7E7A835470
Current classified,Gait_classified/other/hy-00_2-018.png,other,other/hy-00_2-018.png,other,agreement,E9AAC1281C80803C57E4B902FB7284F566B1B85705925D4FD718528157C3213E
Current classified,Gait_classified/other/hy-00_2-021.png,other,other/hy-00_2-021.png,other,agreement,D7E906472333350C497E216D9AC30284C2213EDEBDE5B97A852182B5996B681F
Current classified,Gait_classified/other/hy-00_2-023.png,other,other/hy-00_2-023.png,other,agreement,4373F12B1E3ABB811CF13E074782EEB986E92932E64D14F6098CB8C51CCBE599
Current classified,Gait_classified/other/hy-00_2-026.png,other,other/hy-00_2-026.png,other,agreement,64474A58A7B153106DFF3A38DD6AD88DF905BDE3E61F29528CA76193E6D606D2
Current classified,Gait_classified/other/hy-00_2-027.png,other,other/hy-00_2-027.png,other,agreement,831707F95562058607DDDC20A33EF806306BDCEEE1AF9B95177470A6750D6917
Current classified,Gait_classified/other/hy-00_2-028.png,other,other/hy-00_2-028.png,other,agreement,A6AE7B412111A3113EA784AB818C989C257250014F9784816AD6444AFA50EEE6
Current classified,Gait_classified/other/hy-00_2-029.png,other,other/hy-00_2-029.png,other,agreement,A1BAA7B458C07B22DA75B1BC16BBBA8F5050CBDCAA63008C14DDA8E905B5A96F
Current classified,Gait_classified/other/hy-00_2-030.png,other,other/hy-00_2-030.png,other,agreement,8151F3A0DE75C0C9645395DCC61F7D52D4CFCF4731A652E89CF44984AE5FD0DF
Current classified,Gait_classified/other/hy-00_2-031.png,other,other/hy-00_2-031.png,other,agreement,3B8DB7CAFFF7ABF6D475A96768CE9B38B05C04B6867CD7268C57872042125B83
Current classified,Gait_classified/other/hy-00_2-032.png,other,other/hy-00_2-032.png,other,agreement,18D1BD59C7D32F3EF90291B1AAF6D0DC8F9D813ABB46CC7E40F7AC053B0D5D3E
Current classified,Gait_classified/other/hy-00_2-033.png,other,other/hy-00_2-033.png,other,agreement,992613590243E78AD7A7B2424C421CF406370CE3866B8192626DFDCD16F3D1C8
Current classified,Gait_classified/other/hy-00_2-037.png,other,other/hy-00_2-037.png,other,agreement,39BEBAD525DCE00EE5B214E2024D72823733E63B8A7F9B23BA91C81B34BCD4BE
Current classified,Gait_classified/other/hy-00_2-038.png,other,other/hy-00_2-038.png,other,agreement,ED2740AE4E5BBD577757443BA7B2404ED4DF7F8169D7CFC559D7027F3C11F85D
Current classified,Gait_classified/other/hy-00_2-039.png,other,other/hy-00_2-039.png,other,agreement,D53D6F4013E5B23E5C1E0514376D6C7C1252E37DB88E5E44C14D9D6776CA45BA
Current classified,Gait_classified/other/hy-00_2-040.png,other,other/hy-00_2-040.png,other,agreement,2A776676B7C18F76600D365410A3DFACEA070FF1DF8098924A6DD3F7145B73A3
Current classified,Gait_classified/other/hy-00_2-041.png,other,other/hy-00_2-041.png,other,agreement,DBA171AAF679E66C6996EFEA3A84A66223BA7E2BA2E0CACE35124287F59BD71C
Current classified,Gait_classified/other/hy-00_2-042.png,other,other/hy-00_2-042.png,other,agreement,3337B2AD4F188B339A3D5E785429D05101FA76A034E7F23E93FEDE44A28F99E1
Current classified,Gait_classified/other/hy-00_2-043.png,other,other/hy-00_2-043.png,other,agreement,C051997CB5F9E5E752244A7D15905C0B8E7FB9F0A02842F38D7014CAF3CA6B47
Current classified,Gait_classified/other/hy-00_2-044.png,other,other/hy-00_2-044.png,other,agreement,EE9EC9862B19248689106581F0AF7DE76F01BA84D04BF313ABCAEEFDC8E850DE
Current classified,Gait_classified/other/hy-00_2-045.png,other,other/hy-00_2-045.png,other,agreement,BEF19FA67FA18FEEFA0C34530D3C2232438F5E2A5D1B85F46C3E35B25B669E9F
Current classified,Gait_classified/other/hy-00_2-046.png,other,other/hy-00_2-046.png,other,agreement,225C40C1DF1F5D3A6B0386B96AA549B87069CE88B62F8CBB6C1B2B8E73D8DF40
Current classified,Gait_classified/other/hy-00_2-048.png,other,other/hy-00_2-048.png,other,agreement,C0E3E805FE1B924A7F79B61E44B5FD7329553D4AA804CDCD1CF9E53B68DF0076
Current classified,Gait_classified/other/hy-00_2-050.png,other,other/hy-00_2-050.png,other,agreement,709428CEAAD9CEAFCB950B354B0DF2A588DE25F54C383DE77FF25EB8D53C02DB
Current classified,Gait_classified/other/hy-00_2-051.png,other,other/hy-00_2-051.png,other,agreement,FD29FE1E69977FAEF83BBE6DD3CCB443D1211F1EADE41C55896AAD4C27297216
Current classified,Gait_classified/other/hy-00_2-052.png,other,other/hy-00_2-052.png,other,agreement,7EFCB37FF84C45B56DCD09BF6455D8F258D4589B695B0EDFDF7748A4DA4F2D74
Current classified,Gait_classified/other/hy-00_2-053.png,other,other/hy-00_2-053.png,other,agreement,D482B47BBC16F478C2CF35980F08370BC343EB701415E13D35DFF60C9A20EAC6
Current classified,Gait_classified/other/hy-00_2-054.png,other,other/hy-00_2-054.png,other,agreement,FC8FD7C8D6C27CF94124E4315669610F293938F3F9B17A69CD0269B7AF9A8F4E
Current classified,Gait_classified/other/hy-00_2-055.png,other,other/hy-00_2-055.png,other,agreement,C539060C4A99D23FE4E9406C331D83A076EC36370B2133AA315F21BD980CF177
Current classified,Gait_classified/other/hy-00_2-056.png,other,other/hy-00_2-056.png,other,agreement,32E637C9303B757E6AA8C004BF6BBE604B243F4BEC88CB3492CF99021EDB589E
Current classified,Gait_classified/other/hy-00_2-058.png,other,other/hy-00_2-058.png,other,agreement,D55663B5A5FEC87E0F87BDEF2C621CA43845B690E1E1C1400337BF1FFAA9B49A
Current classified,Gait_classified/other/hy-00_2-062.png,other,other/hy-00_2-062.png,other,agreement,094F73F144EDD78F177D266FA9047C99C95A48C5FB903E094F504BD296CB9E2C
Current classified,Gait_classified/other/hy-00_2-063.png,other,other/hy-00_2-063.png,other,agreement,7DB90C3D353AD096163B015F8D43900FD1791D824C067D435FDC8ACCFB029AB9
Current classified,Gait_classified/other/hy-00_2-064.png,other,other/hy-00_2-064.png,other,agreement,25A1C41BDEF8D9F25BCE82B955D375095BFD797AE9E521121641641F73BFDA67
Current classified,Gait_classified/other/hy-00_2-065.png,other,other/hy-00_2-065.png,other,agreement,F36957CFF9B907E7E4CA06EB718B973FF17EB97F5483BADE364C84C8421197C6
Current classified,Gait_classified/other/hy-00_2-066.png,other,other/hy-00_2-066.png,other,agreement,AC19BE52D5EC02F06C6898C6E9A4F613A4DB7E695E4D378AB3BB57D3991AF44B
Current classified,Gait_classified/other/hy-00_2-067.png,other,other/hy-00_2-067.png,other,agreement,353E39E5B4BC4B9A05D100BF5529A8FF4C601E6D68E3F2BEC8BEDEDB81771DA7
Current classified,Gait_classified/other/hy-00_3-001.png,other,other/hy-00_3-001.png,other,agreement,231E29BFEC02C88B67C72E15A192CFDDC804DA57AA288AC7386E25C18973E13C
Current classified,Gait_classified/other/hy-00_3-002.png,other,other/hy-00_3-002.png,other,agreement,ED2EC274825E19B2920EA5ED1440860A51360B4CA92A0C877000C2CED866E9D8
Current classified,Gait_classified/other/hy-00_3-003.png,other,other/hy-00_3-003.png,other,agreement,085A71ED41C46EC1F71A5BE877BC001CD6AA1A38C661415765CDC1B228F27153
Current classified,Gait_classified/other/hy-00_3-004.png,other,other/hy-00_3-004.png,other,agreement,317CEF8E06AE8DCF618D7B4EE19B39FFD99ADEBA223AC3971B052A06F818E27A
Current classified,Gait_classified/other/hy-00_3-005.png,other,other/hy-00_3-005.png,other,agreement,3D647EA3C6C3C86D65CE3E9087A74CA1671FCAD1CC34C76689BFBAC89A7687E4
Current classified,Gait_classified/other/hy-00_3-006.png,other,other/hy-00_3-006.png,other,agreement,E79CD76C741921D1F4318A552E3A442BE765A97AAFE35475437B3773AF221718
Current classified,Gait_classified/other/hy-00_3-007.png,other,other/hy-00_3-007.png,other,agreement,BAB46CB188F7F5A58EB95FCC4224995DCCF1DC3FCA9CB970B8A72306ED8F3936
Current classified,Gait_classified/other/hy-00_3-012.png,other,other/hy-00_3-012.png,other,agreement,16E1DA8B15243175971D7156C346E1B461C88077C48A8066808D82CB6A2BF5E2
Current classified,Gait_classified/other/hy-00_3-015.png,other,other/hy-00_3-015.png,other,agreement,578EEA7664B178FCB167880B7052F72F481A695A92078E2FE903BACF3E929D44
Current classified,Gait_classified/other/hy-00_3-016.png,other,other/hy-00_3-016.png,other,agreement,15860DA61D4D1B0EF96660C2714C09CD67CF4E71BD708832DB8256D8D533CA18
Current classified,Gait_classified/other/hy-00_3-017.png,other,other/hy-00_3-017.png,other,agreement,F6D27365E46B0F01ED1ABF18FEF7DBB9491637F3CA14A5D6DE12BEF164EFAD78
Current classified,Gait_classified/other/hy-00_3-018.png,other,other/hy-00_3-018.png,other,agreement,6FFE27F2FA43336CE49ED52C45CB50860360E6EB7A6E3B67F186C8AA488F2792
Current classified,Gait_classified/other/hy-00_3-019.png,other,other/hy-00_3-019.png,other,agreement,BBD8B7D3ECFD950F4371ACB4BAA5E2032984B97BD716512960DFAFD80C2E49BD
Current classified,Gait_classified/other/hy-00_3-020.png,other,other/hy-00_3-020.png,other,agreement,2CB5B6CCC14DFF770FB03CD3410B490C9E502CE7BF458BB5748891FA8F914E4C
Current classified,Gait_classified/other/hy-00_3-021.png,other,other/hy-00_3-021.png,other,agreement,D7D7D4D391D3C87261138EA8D0F5D3AB4327F59AB49D15AB4545C00F63D4B2C2
Current classified,Gait_classified/other/hy-00_3-022.png,other,other/hy-00_3-022.png,other,agreement,BBD6CFF55ED746B224F0E5DA1549F846D2FC748CB336BFC82D898ADC03859CEC
Current classified,Gait_classified/other/hy-00_3-025.png,other,other/hy-00_3-025.png,other,agreement,A42F30215469A8AE9ED25F11E5EA17121BD97742D934A128A0304CBEBE4F7364
Current classified,Gait_classified/other/hy-00_3-027.png,other,other/hy-00_3-027.png,other,agreement,D061C59A3F084F0DA30ACDC7036B69065D3C18E4BD1B995C706F702430C5E3F3
Current classified,Gait_classified/other/hy-00_3-028.png,other,other/hy-00_3-028.png,other,agreement,47808F7EDADA6B32FC06C07BCB10B2CDE78FC3326304BA7A5786D018520D7006
Current classified,Gait_classified/other/hy-00_3-029.png,other,other/hy-00_3-029.png,other,agreement,62039E920969F09005B7A2338BBFB8DCAC46C778520F18F38A856CA6F93D598B
Current classified,Gait_classified/other/hy-00_3-030.png,other,other/hy-00_3-030.png,other,agreement,516732E88D65C029D9D07E044127B84C0A5F830B275B5CF32F0068BDB73C3333
Current classified,Gait_classified/other/hy-00_3-031.png,other,other/hy-00_3-031.png,other,agreement,1F94A559D9AE7F821E9426EB712AB90BE505D1A895C3E9CF6491CA1FACCCEAB6
Current classified,Gait_classified/other/hy-00_3-032.png,other,other/hy-00_3-032.png,other,agreement,88E20FF86746A1A7E4BD44E58BE8B32D761C24458205579FBCC32E87A1328CD5
Current classified,Gait_classified/other/hy-00_3-033.png,other,other/hy-00_3-033.png,other,agreement,4FAF1FECAE17B79DD64030C7A93D3EF4E42B2339A4C8FAED1FE3A7212D09EA73
Current classified,Gait_classified/other/hy-00_3-034.png,other,other/hy-00_3-034.png,other,agreement,97C7D80DAA220D09681B718465347BB938AC68EA773A4E7EB9348DA0C95CDE5D
Current classified,Gait_classified/other/hy-00_3-037.png,other,other/hy-00_3-037.png,other,agreement,6BD4021FCD38245EF7259289B2074C1B3DF4453F0C4A08EBC803F99D6BAF076F
Current classified,Gait_classified/other/hy-00_3-038.png,other,other/hy-00_3-038.png,other,agreement,7A60363B9601C712F2EA661BF871BEEDD1C6846446B8FB943F1B9B4CFC12F548
Current classified,Gait_classified/other/hy-00_3-041.png,other,other/hy-00_3-041.png,other,agreement,6741AB5345938406DAE0521335E61C20C5E62103EF8794F575668D9466E984C3
Current classified,Gait_classified/other/hy-00_3-042.png,other,other/hy-00_3-042.png,other,agreement,957252838C8EBC61AFAB1B1EBEAF7DA1A52F04BA06CC774E3218EC4C1BA9EAB2
Current classified,Gait_classified/other/hy-00_3-043.png,other,other/hy-00_3-043.png,other,agreement,FFA57A530D7946C589C95E7CC6FAFFD54C250B608D7E4AB6A7821A9CFC2A8B4B
Current classified,Gait_classified/other/hy-00_3-044.png,other,other/hy-00_3-044.png,other,agreement,B67505E9802D0A86DFA13C208E23BD51DA13E74A9CCE3605F7DD20B58FFED8C9
Current classified,Gait_classified/other/hy-00_3-045.png,other,other/hy-00_3-045.png,other,agreement,51B29E2CF0B3A1EDA45608F8E5C399B6F73C9FEF4FBCC157C2F985C761F84979
Current classified,Gait_classified/other/hy-00_3-046.png,other,other/hy-00_3-046.png,other,agreement,CAFF768476BD7DFF8145462682EC17A523E09F4FBDA425755E644626D5541EC4
Current classified,Gait_classified/other/hy-00_3-047.png,other,other/hy-00_3-047.png,other,agreement,DC1D4AE291085F5AF67F1C23D48517B43AD05CF7E6E3DB2ACF3A4CE9A4F24C02
Current classified,Gait_classified/other/hy-00_3-050.png,other,other/hy-00_3-050.png,other,agreement,BAD427D9D5D2FA918130BB710B5C185F6F262BF1F7B9618766C97BC8FDD39B4A
Current classified,Gait_classified/other/hy-00_3-053.png,other,other/hy-00_3-053.png,other,agreement,9796033EA40B5BABCBCB549DFBA4D62F09E531A6C9DEC47AA62815BF4075E5D2
Current classified,Gait_classified/other/hy-00_3-054.png,other,other/hy-00_3-054.png,other,agreement,6A1038507703D5B1860D7378C2D4E44C28E9D90D35886818407606A0D9EFF131
Current classified,Gait_classified/other/hy-00_3-055.png,other,other/hy-00_3-055.png,other,agreement,B617C7762FC4BC3E469DA981346474259915B0F566E93BAE8B3093699C9562E5
Current classified,Gait_classified/other/hy-00_3-056.png,other,other/hy-00_3-056.png,other,agreement,4BA966D9AE69EC854AD4A4A62F47E0897858D868547F985A9817B66779036DAD
Current classified,Gait_classified/other/hy-00_3-057.png,other,other/hy-00_3-057.png,other,agreement,7907417FA696DA9FBC6ACF00966CC73C7C15FE2D44818FA5A4408C5F8E307B35
Current classified,Gait_classified/other/hy-00_3-058.png,other,other/hy-00_3-058.png,other,agreement,F28C5756823BF7E2C70BD0D0644459BBCCAD3801B16BC5A1AB7D94856B0D27FD
Current classified,Gait_classified/other/hy-00_3-059.png,other,other/hy-00_3-059.png,other,agreement,C6C8F1BCFF0927E50AF84D903945A92C2985143A13A90374738386F792A0DDD0
Current classified,Gait_classified/other/hy-00_3-060.png,other,other/hy-00_3-060.png,other,agreement,4C6959655D041A61EE50F3751F6AF04E18A135B3D2385D516E63B5190302D2B5
Current classified,Gait_classified/other/hy-00_4-001.png,other,other/hy-00_4-001.png,other,agreement,012453809A39121920DE955F37916B4E66CE5CCB3C436F334174FAF2D08F6E07
Current classified,Gait_classified/other/hy-00_4-002.png,other,other/hy-00_4-002.png,other,agreement,879A178B3BEDF70304CAF0F9941B4147A8E948625AED2EF1E761C484C4020633
Current classified,Gait_classified/other/hy-00_4-003.png,other,other/hy-00_4-003.png,other,agreement,52A47A1473D80FC93ACB47BD91D03C71E1C1750F9E4E74154BFEACE0970E9F3C
Current classified,Gait_classified/other/hy-00_4-004.png,other,other/hy-00_4-004.png,other,agreement,51E46278B1EA2CE5DE6BC364D2DA4E74F19991D07E9866F3BC2B03B88853F3EA
Current classified,Gait_classified/other/hy-00_4-007.png,other,other/hy-00_4-007.png,other,agreement,1C00957CB3E569A7E0ED0C1A46F7D91DB84E9025B4CB054738DC199742A44249
Current classified,Gait_classified/other/hy-00_4-008.png,other,other/hy-00_4-008.png,other,agreement,D2E16E706070C618F12360A0A03D9EAD699B076871D159BD87E632C7F757F354
Current classified,Gait_classified/other/hy-00_4-010.png,other,other/hy-00_4-010.png,other,agreement,3A179133DB87751CEB5581E1E2DE28CC3F5679FD3BDFB0438816E89E1D7ADABA
Current classified,Gait_classified/other/hy-00_4-011.png,other,other/hy-00_4-011.png,other,agreement,8CFA0A096F6D9A604F1C056624159DBA073DC28C24D7C696B31D0CC4ABD421AC
Current classified,Gait_classified/other/hy-00_4-012.png,other,other/hy-00_4-012.png,other,agreement,8AE0E045F2AC30231055CDF0A568CC8D9BC18286A81C38D4C5424D75DE400AF9
Current classified,Gait_classified/other/hy-00_4-013.png,other,other/hy-00_4-013.png,other,agreement,C8852CC0C2E7117B737603FD6B6F4986D134233BF40525BB7F1C3799DC3E3298
Current classified,Gait_classified/other/hy-00_4-014.png,other,other/hy-00_4-014.png,other,agreement,1FEEC0027A17ACA5BE3691D74EF8EAE7A7981450492CE690DE13F214EB11EBAC
Current classified,Gait_classified/other/hy-00_4-015.png,other,other/hy-00_4-015.png,other,agreement,F18DD17F4AF272390740ED2B7218182C90DAA3A61CB9574D1ED4A65F4354FE36
Current classified,Gait_classified/other/hy-00_4-016.png,other,other/hy-00_4-016.png,other,agreement,199C9053E0C7FF64CE4901D0DC3F255E06D6D70DC583C46B7921D1C8F29D7B61
Current classified,Gait_classified/other/hy-00_4-017.png,other,other/hy-00_4-017.png,other,agreement,C88D806A5941F2143083A3B49A60F87FDB8B53CF463EAE8B76BA39CBF9EC703D
Current classified,Gait_classified/other/hy-00_4-018.png,other,other/hy-00_4-018.png,other,agreement,4D7402C749BA333D984A9294E9278EA96243BCC61FF4CA8FFE36E1F57FAD6909
Current classified,Gait_classified/other/hy-00_4-023.png,other,other/hy-00_4-023.png,other,agreement,3D3A683521CA30F26A7EADD2FA56CF49381DFC9A835BC47E67EB7CBEF5264DF0
Current classified,Gait_classified/other/hy-00_4-024.png,other,other/hy-00_4-024.png,other,agreement,48A5BFFA1EE2528275462B3A33ADE6C2D0CCD60258BE863E736A22C1528540A1
Current classified,Gait_classified/other/hy-00_4-025.png,other,other/hy-00_4-025.png,other,agreement,8EF996CB8096DB16C7792717BB9108BC0020E079FE777C736ACE02C03E9B6E45
Current classified,Gait_classified/other/hy-00_4-026.png,other,other/hy-00_4-026.png,other,agreement,55BCD499474DEE1C32AC062B15636BF63957892B4D7BB19CFFD5DC846FD81441
Current classified,Gait_classified/other/hy-00_4-027.png,other,other/hy-00_4-027.png,other,agreement,9366141F13E22B90B577F9FD5A2FD65E58AA24AC59262A6D817EEC9D04ACFAFF
Current classified,Gait_classified/other/hy-00_4-028.png,other,other/hy-00_4-028.png,other,agreement,D22E36BF1260E9C22C2C399AA806BEEA9D77D09E4100445E65257CE392866475
Current classified,Gait_classified/other/hy-00_4-029.png,other,other/hy-00_4-029.png,other,agreement,CA6F0141663C9734E9E6888768C2478F01733A1F2A624B33373AF466B99D8AC6
Current classified,Gait_classified/other/hy-00_4-030.png,other,other/hy-00_4-030.png,other,agreement,7B6C2FC06D7325480912356FA38DCDC774E9B48BC9A8C55646E0EDE719C499C2
Current classified,Gait_classified/other/hy-00_4-034.png,other,other/hy-00_4-034.png,other,agreement,5830E4A5B5A7411B0A0403961145CE5E8E83A98DE04160728F466B0CFD4208B9
Current classified,Gait_classified/other/hy-00_4-035.png,other,other/hy-00_4-035.png,other,agreement,AFCABE66D3E9A4A28851140609DB69833EF5B4B61A5F2BE9C95F360D4AF26C3E
Current classified,Gait_classified/other/hy-00_4-036.png,other,other/hy-00_4-036.png,other,agreement,B7408A0C0CBB916CFD70FFD6405055D539AE495FDF6D2834E75854A64D13F169
Current classified,Gait_classified/other/hy-00_4-037.png,other,other/hy-00_4-037.png,other,agreement,18BBE7EFB8921A639A568D851ABA234E0E3336469B46CB359F82A5BE2DB2C8A1
Current classified,Gait_classified/other/hy-00_4-038.png,other,other/hy-00_4-038.png,other,agreement,EB44F4BB1F1FB63C5013341B95E09639D057F469F2751574CAB62E6917E1B187
Current classified,Gait_classified/other/hy-00_4-039.png,other,other/hy-00_4-039.png,other,agreement,E814C8F6126A68578B61D87F9DC1DF9256B532CFEC5FCD196E436007F32EB6DE
Current classified,Gait_classified/other/hy-00_4-040.png,other,other/hy-00_4-040.png,other,agreement,7723A1DC15EA29DDF13062D23A7A583B15D48F59AEA172800839B7ED2A71D8A8
Current classified,Gait_classified/other/hy-00_4-041.png,other,other/hy-00_4-041.png,other,agreement,C5A98E3111DA58843F2D8A7C2C0B60F0EA9FF11657B47EA5244D8B11EE24058D
Current classified,Gait_classified/other/hy-00_4-042.png,other,other/hy-00_4-042.png,other,agreement,223B32FED8F89C33B318786CD6DE06016C5B835A1CEE63A8187D0282770E4924
Current classified,Gait_classified/other/hy-00_4-043.png,other,other/hy-00_4-043.png,other,agreement,C6ACB701C7F4E43877DCC157043D20FA4B03302C93366683460158AEAF55CE65
Current classified,Gait_classified/other/hy-00_4-045.png,other,other/hy-00_4-045.png,other,agreement,EC0B2C9AB5AF07743B5424B6F7508869A983EFC12F082E89F4BD077F2A7FCFF0
Current classified,Gait_classified/other/hy-00_4-046.png,other,other/hy-00_4-046.png,other,agreement,8B6D74DBAEEE4495783574127018414A72ADF53F73F8FEF8CC67350B7B97EFFA
Current classified,Gait_classified/other/hy-00_4-048.png,other,other/hy-00_4-048.png,other,agreement,C8161D6602D8D2823386B683E0E65CACC3977AB6639DEABBBBCCE723EDF87C12
Current classified,Gait_classified/other/hy-00_4-049.png,other,other/hy-00_4-049.png,other,agreement,C5BBC3F479771B41D06143B3B266AB7F076EE5B230A85E272AAC3B8F7AD0A806
Current classified,Gait_classified/other/hy-00_4-050.png,other,other/hy-00_4-050.png,other,agreement,EA4E96FFE32165717A3520277CB6DA2FE8F3271DC6005C29D6C6EFB9E64C8C6C
Current classified,Gait_classified/other/hy-00_4-051.png,other,other/hy-00_4-051.png,other,agreement,6C2199C0936D4EC466E1B140B436ED93A31B7E76C1A56CB96F7ACB20332710B3
Current classified,Gait_classified/other/hy-00_4-052.png,other,other/hy-00_4-052.png,other,agreement,F3E2944727A820E3C83AD3F153D4DFED6EBD909FE59DC43D2EE446864FA578D1
Current classified,Gait_classified/other/hy-00_4-053.png,other,other/hy-00_4-053.png,other,agreement,EC0A3E82F172AC33D00B2FC4F2C69F213D58DB69665C3E1E64C10849BAC785B9
Current classified,Gait_classified/other/hy-00_4-054.png,other,other/hy-00_4-054.png,other,agreement,DC43A20FABBB150C4B9E2C6C2332D5F483313465F44F35C3B400923793D39A30
Current classified,Gait_classified/other/hy-00_4-055.png,other,other/hy-00_4-055.png,other,agreement,313A1470151F59FC6A068A2F103547A22695FFDEC0654234770438DBA0C43801
Current classified,Gait_classified/other/hy-00_4-056.png,other,other/hy-00_4-056.png,other,agreement,8F8A7D2373F7693A6D0C7F98A175427FACF332EF065912059BB160D984644DC2
Current classified,Gait_classified/other/hy-00_4-060.png,other,other/hy-00_4-060.png,other,agreement,30B174291A8DF04AE900FBE26D1E5E3EDC3F5E0B193DA8DEF147AECEAAD66AB3
Current classified,Gait_classified/other/hy-00_4-061.png,other,other/hy-00_4-061.png,other,agreement,4206BCCE9927A2BEDF49DE3B1CD89F45573A1814AD2B4EE5F738640C31C9E77D
Current classified,Gait_classified/other/hy-00_4-062.png,other,other/hy-00_4-062.png,other,agreement,C706E4E81959C88170D141B0E5D542BC0EA8FB492DDAD8DBFFF6E66911916A16
Current classified,Gait_classified/other/hy-00_4-063.png,other,other/hy-00_4-063.png,other,agreement,3BFA26327D8B62BACA5EA11D0D4982E12BF72D59652167049E00476DB95D0B8D
Current classified,Gait_classified/other/ljg-00_1-001.png,other,other/ljg-00_1-001.png,other,agreement,BEF60EDF9E10249C99725B90427267030E1E5707A72A47E5002369C5830B26DB
Current classified,Gait_classified/other/ljg-00_1-002.png,other,other/ljg-00_1-002.png,other,agreement,3C6A1DC71EF9988400B7079D8874AF10A3A324CA9D5751F1BEC165E3F99E4213
Current classified,Gait_classified/other/ljg-00_1-003.png,other,other/ljg-00_1-003.png,other,agreement,BCBF187D33AB4B680B0183BEF1F406205933BD4C2C7C6C1E409C6E20E7DCAEF6
Current classified,Gait_classified/other/ljg-00_1-004.png,other,other/ljg-00_1-004.png,other,agreement,BB0A52655EA4C8D443721C6CE1B154A59104462CEB6D747827F0A93FF60FBBBD
Current classified,Gait_classified/other/ljg-00_1-005.png,other,other/ljg-00_1-005.png,other,agreement,9AE629E1D326EBF43084FEF09891D01603D0F91588D88CB7AB5D910154D5BDEA
Current classified,Gait_classified/other/ljg-00_1-006.png,other,other/ljg-00_1-006.png,other,agreement,F615394075D10163378BBEA0A1536DC50430F29A7F7D15D5B33955A8B1CBC93A
Current classified,Gait_classified/other/ljg-00_1-007.png,other,other/ljg-00_1-007.png,other,agreement,F5C4A80FCDCAE56137303E0137163665A84B5A5C3D6298E23724D32CD724D7E5
Current classified,Gait_classified/other/ljg-00_1-008.png,other,other/ljg-00_1-008.png,other,agreement,0CC5B09B7EA8F5C68E038B9EE2E8A6AFFC705ED35FC34B02C5AA4890DF396193
Current classified,Gait_classified/other/ljg-00_1-009.png,other,other/ljg-00_1-009.png,other,agreement,EFDE4A24000946D0D219E94612C77EF122942E9E0298C6BA6415566605BCC0A6
Current classified,Gait_classified/other/ljg-00_1-012.png,other,other/ljg-00_1-012.png,other,agreement,BD9785E583C09CF66C5D0D42AB9BAED14961816DDBF4EC88E981E3F8BCB49FB8
Current classified,Gait_classified/other/ljg-00_1-013.png,other,other/ljg-00_1-013.png,other,agreement,53D737181BDA567C44D615797F45C76C9E8CB699723E03D0B96FA8E2E161A73A
Current classified,Gait_classified/other/ljg-00_1-014.png,other,other/ljg-00_1-014.png,other,agreement,FAD67C8E1DDDE2F331CFD62BA0C64377EA845FBC1EC3A49BD292B5F5267BFF1F
Current classified,Gait_classified/other/ljg-00_1-017.png,other,other/ljg-00_1-017.png,other,agreement,2FC429069C44CCD4C21E94F1B30A73D9298CB8078575AB6FBAD4F5829E1F19B0
Current classified,Gait_classified/other/ljg-00_1-018.png,other,other/ljg-00_1-018.png,other,agreement,16209294F7B81E49BE74FDEC6796F12A66C8061FAE6B553FD8A6823E8940FDF3
Current classified,Gait_classified/other/ljg-00_1-019.png,other,other/ljg-00_1-019.png,other,agreement,8455D9AE7E5A0B313F41AC86CC9179E629E754198A6CD55DDC519F42E44103CB
Current classified,Gait_classified/other/ljg-00_1-020.png,other,other/ljg-00_1-020.png,other,agreement,62264D95FAB3E544481225DC8D08B2A61DE805BB93D6E5FAA002F47820999643
Current classified,Gait_classified/other/ljg-00_1-021.png,other,other/ljg-00_1-021.png,other,agreement,A207FF19525FF1ED82B8C388B99F82104E5B60772ADC895EEE2FC94E4D78735B
Current classified,Gait_classified/other/ljg-00_1-022.png,other,other/ljg-00_1-022.png,other,agreement,78EFB29542BB4A3E2CC6CA72384A18DB6913F55F3F9BF9277C4457DBA5532F3E
Current classified,Gait_classified/other/ljg-00_1-023.png,other,other/ljg-00_1-023.png,other,agreement,5E8E1B7E009586E908EE997499F748D0FFE1CBDF5CBF1A253B3E8282B2611CF0
Current classified,Gait_classified/other/ljg-00_1-024.png,other,other/ljg-00_1-024.png,other,agreement,F1DD005D9087DD0D72F00B34C5438D89213DBC35668C92520DC210B7C9DB1E07
Current classified,Gait_classified/other/ljg-00_1-027.png,other,other/ljg-00_1-027.png,other,agreement,45D8CE83250A9550CDE30A9232AF5D0F7FB3D98749C52EEAAA7931A04F467F32
Current classified,Gait_classified/other/ljg-00_1-028.png,other,other/ljg-00_1-028.png,other,agreement,3AB430AC61305937A865BF11CCB04839C8B8175CF8351A5A1E02FD28295DCCCA
Current classified,Gait_classified/other/ljg-00_1-031.png,other,other/ljg-00_1-031.png,other,agreement,54ADB3EBB7C8A0F98722B6B93A0C65115E0C041D48337C30E91EA308546B4A05
Current classified,Gait_classified/other/ljg-00_1-032.png,other,other/ljg-00_1-032.png,other,agreement,84F60794F0DEF474934DDD793CA8B779E35846BF9CB21F8E15A0543094C863D5
Current classified,Gait_classified/other/ljg-00_1-033.png,other,other/ljg-00_1-033.png,other,agreement,5AE26FCBED75398867C68BB5F32ECC1DC1AEDEB68746708C55674D63EDBB27EE
Current classified,Gait_classified/other/ljg-00_1-034.png,other,other/ljg-00_1-034.png,other,agreement,BCCADD39E64F2DB6BC3056270831F0ED04341F95F83D158510A30E61B560B094
Current classified,Gait_classified/other/ljg-00_1-035.png,other,other/ljg-00_1-035.png,other,agreement,65F9FEFA80DDC7A2CE9D897672B031CC3CA9D4A8B95A5F56DF1C508C07A4441F
Current classified,Gait_classified/other/ljg-00_1-036.png,other,other/ljg-00_1-036.png,other,agreement,4FE461C7814DAC7D32E204343D7048A7D9CF987E76D7D78754B834D7D7CFDC89
Current classified,Gait_classified/other/ljg-00_1-037.png,other,other/ljg-00_1-037.png,other,agreement,BF282EC1BBA996AB13F4A49DF376E2454BAB8817751EAF6D611389F027F14C81
Current classified,Gait_classified/other/ljg-00_1-038.png,other,other/ljg-00_1-038.png,other,agreement,0A257DF548FB1D90D124E1877C20CDA46B7E061994418E22E8C7A70185734E06
Current classified,Gait_classified/other/ljg-00_1-042.png,other,other/ljg-00_1-042.png,other,agreement,D3A89678A81FC0B99A3BC5CE82F51BABC59FBA431230CDC8695A079F73E492DC
Current classified,Gait_classified/other/ljg-00_1-043.png,other,other/ljg-00_1-043.png,other,agreement,129CD10FA353613B2025729E1B9ECC59225A3A8ED76E438981AE360F3C7F2AA6
Current classified,Gait_classified/other/ljg-00_1-046.png,other,other/ljg-00_1-046.png,other,agreement,E4F3CA538C0E9E18EEDC0FEBBA3CFB439242A5164C37F91AD194530872D65943
Current classified,Gait_classified/other/ljg-00_1-047.png,other,other/ljg-00_1-047.png,other,agreement,E18CD3540B627BA35FB1DD5A3D946EE04BC7E9BB75F895A73043D389BABBC163
Current classified,Gait_classified/other/ljg-00_1-048.png,other,other/ljg-00_1-048.png,other,agreement,9FA3BF7A82E662E54FC60E1C70AB8F6263B7CD04CB0E4C0B2B9942FC980906EF
Current classified,Gait_classified/other/ljg-00_1-049.png,other,other/ljg-00_1-049.png,other,agreement,6D9CBC6C76291603BC14D227AD7A85F4615E7A8A092EF24731F7C165A7CCFC21
Current classified,Gait_classified/other/ljg-00_1-050.png,other,other/ljg-00_1-050.png,other,agreement,DAFF2CB393A4D91BA6C1AC180458ED64A76F2B591DD1A59C288DECE6B0C24E11
Current classified,Gait_classified/other/ljg-00_1-051.png,other,heel_strike/ljg-00_1-053.png,heel_strike,conflict,FEF0E66AB06AE93CF75E28155B89B40A3E8F866BC091D365968F341A283C2B7F
Current classified,Gait_classified/other/ljg-00_1-051.png,other,other/ljg-00_1-051.png,other,agreement,FEF0E66AB06AE93CF75E28155B89B40A3E8F866BC091D365968F341A283C2B7F
Current classified,Gait_classified/other/ljg-00_1-056.png,other,other/ljg-00_1-056.png,other,agreement,1FDB93393F28CF6A3005125E3E84AA24CB827A31DF57DC045F9131E854A008F1
Current classified,Gait_classified/other/ljg-00_1-057.png,other,other/ljg-00_1-057.png,other,agreement,FA92BE72B5B87C488D3256AEB61383668EEF2A614217A1D0ED0D93E5471673D1
Current classified,Gait_classified/other/ljg-00_1-059.png,other,other/ljg-00_1-059.png,other,agreement,CB041062E89057D7FC0B08E7C90A4FA7B68E73275AE3743AE09E35CA47F1D228
Current classified,Gait_classified/other/ljg-00_1-060.png,other,other/ljg-00_1-060.png,other,agreement,F6A57662DCF6C1EB607862C91DE4915FD1604969F4523C33DE824B013B2A037C
Current classified,Gait_classified/other/ljg-00_1-061.png,other,other/ljg-00_1-061.png,other,agreement,A92E7655064400F30DF333E1BE40BE5B796A2EA50132ADBA26C0DF33D97189F3
Current classified,Gait_classified/other/ljg-00_1-062.png,other,other/ljg-00_1-062.png,other,agreement,F998DE453C036B396DA270F2C6F2668A99558B5F4538C47A3A088C7185E12222
Current classified,Gait_classified/other/ljg-00_1-063.png,other,other/ljg-00_1-063.png,other,agreement,BAA443F33AAE46904CCF8C1E6AAB4E5D4849AEC65DB0A0D465669DD69DC4C31B
Current classified,Gait_classified/other/ljg-00_1-064.png,other,other/ljg-00_1-064.png,other,agreement,C4C5EBBB275BD647551A3EF2407F350941EE499E1889CCEE7EBFFF2746422183
Current classified,Gait_classified/other/ljg-00_2-003.png,other,other/ljg-00_2-003.png,other,agreement,37A68D6676696E3DAACEA65EA43098D20AB8C51E82CBBA1D99E46511466778ED
Current classified,Gait_classified/other/ljg-00_2-004.png,other,other/ljg-00_2-004.png,other,agreement,C451025B1DBCB9579A4F572DC3BEFA9FB2E0B8E06CA5A77D4BBADD31919E0F75
Current classified,Gait_classified/other/ljg-00_2-005.png,other,other/ljg-00_2-005.png,other,agreement,B88981DDF4AA584BE9B31FE9364AA08D58B921CBA933123AF4DE2FA61ECCBEDC
Current classified,Gait_classified/other/ljg-00_2-006.png,other,other/ljg-00_2-006.png,other,agreement,75A777311FA8C3BB1B0E682CC433AAC27A3B96BCDEA92A58275DF1DB4C65A3B0
Current classified,Gait_classified/other/ljg-00_2-009.png,other,other/ljg-00_2-009.png,other,agreement,D3CF5EBFC070DF54813A1A3C316B635BE0D389E7A6626C2EA73CA21B2F3C9708
Current classified,Gait_classified/other/ljg-00_2-010.png,other,other/ljg-00_2-010.png,other,agreement,F091EA316B3D6A7251693D2CC75F8AE11B5EC11D05E4F326A5355FA790F16929
Current classified,Gait_classified/other/ljg-00_2-011.png,other,other/ljg-00_2-011.png,other,agreement,CA41F55A8E0CB57BA6C242336A5C3B7B626A0BF825C39ED66F5BB94A6ED479D9
Current classified,Gait_classified/other/ljg-00_2-012.png,other,other/ljg-00_2-012.png,other,agreement,7234B859742C4B0B261C0D1ABD2DFBE7322EB163B9EB3BA9AC35A25927871B05
Current classified,Gait_classified/other/ljg-00_2-013.png,other,other/ljg-00_2-013.png,other,agreement,FB95F6C9963C0F45A5D5BBCC181EEDFC7BC55AB0BAA01B5CFE5EB35A89E740C9
Current classified,Gait_classified/other/ljg-00_2-014.png,other,other/ljg-00_2-014.png,other,agreement,BD0DFAED0BC46A7C0DBBA0C8A372913629609FC70544B666D228E48214FD765B
Current classified,Gait_classified/other/ljg-00_2-015.png,other,other/ljg-00_2-015.png,other,agreement,F2C06534E6DA17BCACAFAC662A0B98C9A511938B30DFB97E0A35343E2EBF6E15
Current classified,Gait_classified/other/ljg-00_2-016.png,other,other/ljg-00_2-016.png,other,agreement,1FC038A14533F96D6C4C57832972464E05043D57F5189177E084F6DCA269F26E
Current classified,Gait_classified/other/ljg-00_2-019.png,other,other/ljg-00_2-019.png,other,agreement,54926B2D63184A27D2031083565B627936F314F57EF98550D67B2EFDDF06B01D
Current classified,Gait_classified/other/ljg-00_2-020.png,other,other/ljg-00_2-020.png,other,agreement,3270A618B3E462C2626DECB70B236C5D56EB8C832C016E3CCE11E6E78D45DD10
Current classified,Gait_classified/other/ljg-00_2-022.png,other,other/ljg-00_2-022.png,other,agreement,51CD9E72C263472DED70C691D55174A901430E16DF1200D3DCF31D091906E11A
Current classified,Gait_classified/other/ljg-00_2-023.png,other,other/ljg-00_2-023.png,other,agreement,7958A293EEFB40FC226D8E546E1F31ACEB9D1EC965D832C161D5FC644E84C717
Current classified,Gait_classified/other/ljg-00_2-024.png,other,other/ljg-00_2-024.png,other,agreement,9B233556F5212D7722AAE692ACAD91F1A4D973FB6F5C3CABB36816133A5DB9B8
Current classified,Gait_classified/other/ljg-00_2-025.png,other,other/ljg-00_2-025.png,other,agreement,68D2936E7449DAA89CC95CD41F323A951EE7DEE547C9FD9824556AC4B6D29328
Current classified,Gait_classified/other/ljg-00_2-026.png,other,other/ljg-00_2-026.png,other,agreement,097A472ABBB19FA91FD699D8F91DEF685FBE2E85021593F0660ADCC4915FC87F
Current classified,Gait_classified/other/ljg-00_2-027.png,other,other/ljg-00_2-027.png,other,agreement,3A0BB7229B8E1C8BB6DAE8936EC458A06E94C75A79FF1E8E5EEE1A4E439A75CB
Current classified,Gait_classified/other/ljg-00_2-028.png,other,other/ljg-00_2-028.png,other,agreement,782C5444958DCB29F7F6E3A96771FA64616E3C196F2EB099338F1B6A29B79F72
Current classified,Gait_classified/other/ljg-00_2-029.png,other,other/ljg-00_2-029.png,other,agreement,34C141996A8BCCA35B24DFDC9E3A74B60DA09BD035D67CDBE9A74C26AEDD0444
Current classified,Gait_classified/other/ljg-00_2-030.png,other,other/ljg-00_2-030.png,other,agreement,BBC366A1C8640D953743E6F7E58298F86B138A647EBA13F021B7C9606AC9D332
Current classified,Gait_classified/other/ljg-00_2-032.png,other,other/ljg-00_2-032.png,other,agreement,E1393CE34BAFE516338CC518D6878ECE62C23592FD4F25F7A25DA63CCEC9C2C7
Current classified,Gait_classified/other/ljg-00_2-033.png,other,other/ljg-00_2-033.png,other,agreement,EF1976F45EAFD88209DF10A5ADD10DDB42307522FC823A7F154368A67307B774
Current classified,Gait_classified/other/ljg-00_2-034.png,other,other/ljg-00_2-034.png,other,agreement,535D64388036B15535D5AFD89822BA0D855B5F2FE7EBE34A8C162359340BA1A1
Current classified,Gait_classified/other/ljg-00_2-036.png,other,other/ljg-00_2-036.png,other,agreement,D8C933AC3B91CA3CD0A6BADB6BBB4B465DF1489B6781C10D94F4534C4AAF768C
Current classified,Gait_classified/other/ljg-00_2-037.png,other,other/ljg-00_2-037.png,other,agreement,9E18610B7DF82622A484E016D179CC7CF255C9FEC9E273254491B9930D84D2C4
Current classified,Gait_classified/other/ljg-00_2-038.png,other,other/ljg-00_2-038.png,other,agreement,897F70B8E9EA4631E667CFD3DA511BEDCDA3004C20A1AA8221777E46113CB9B9
Current classified,Gait_classified/other/ljg-00_2-039.png,other,other/ljg-00_2-039.png,other,agreement,F85A94CEE6BC35A8E01727E1380EBAA153DCC8CDC56025CFC0235436B7904D6F
Current classified,Gait_classified/other/ljg-00_2-040.png,other,other/ljg-00_2-040.png,other,agreement,D40075DDDBCF043676CED603D81AD29F69A3922C2CB29B39D61880ED508E5A5B
Current classified,Gait_classified/other/ljg-00_2-041.png,other,other/ljg-00_2-041.png,other,agreement,9B61E2F4FECCA1A775607222D0F7999CECFE135998F36C840B7A6E2A763C2649
Current classified,Gait_classified/other/ljg-00_2-042.png,other,other/ljg-00_2-042.png,other,agreement,ED8541D786E56FC0FEF2B5D399E17784C4932E73DFDD68AE0FE8EBAF8B902DE2
Current classified,Gait_classified/other/ljg-00_2-043.png,other,other/ljg-00_2-043.png,other,agreement,28DBAD2CE5406587E9D921F2AE3B68339182A7FA86B0B0ACBA3B6B95C95A47F7
Current classified,Gait_classified/other/ljg-00_2-044.png,other,other/ljg-00_2-044.png,other,agreement,42BBD52CEBC53B7B30301C399034652468CCEC0B58908656257F86AC74EA8354
Current classified,Gait_classified/other/ljg-00_2-045.png,other,other/ljg-00_2-045.png,other,agreement,1D5F609BADB1D6F74CEBB5E296B4409A6E682D22B63717F5390618675F528A84
Current classified,Gait_classified/other/ljg-00_2-048.png,other,other/ljg-00_2-048.png,other,agreement,36651AEA7C226CC90902B061B579DFD5E836723CAF1148B58E2F35BBD1EFB21B
Current classified,Gait_classified/other/ljg-00_2-049.png,other,other/ljg-00_2-049.png,other,agreement,AE48E7C705A5260B2015535E149C4A55715768D1001FEB2842BBF6B8D9011413
Current classified,Gait_classified/other/ljg-00_2-051.png,other,other/ljg-00_2-051.png,other,agreement,F13457A5664AC57D74CAF2D39A78DB23F6C8E7690867989B118B65D679F67B65
Current classified,Gait_classified/other/ljg-00_2-052.png,other,other/ljg-00_2-052.png,other,agreement,0FA9F5B5F1269F82F01F7B726E70B14303F9FB1590A7EB6EC5F6610496B3C387
Current classified,Gait_classified/other/ljg-00_2-053.png,other,other/ljg-00_2-053.png,other,agreement,2A9843178DB74B635EB1815BDBB31AF869EBF8E01F1BAB439EEA600FECEA2C1B
Current classified,Gait_classified/other/ljg-00_2-054.png,other,other/ljg-00_2-054.png,other,agreement,D5C00ADD43DE094DACEA5D6E5509FDD185FBC550A8251C4DAB1FEC5142B136FE
Current classified,Gait_classified/other/ljg-00_2-055.png,other,other/ljg-00_2-055.png,other,agreement,C13180EA27B5CAC0A986CF6CDC34C2D5CFC19E6D316AF38554413107265EA287
Current classified,Gait_classified/other/ljg-00_2-056.png,other,other/ljg-00_2-056.png,other,agreement,1461205DED174BD83240618357148CB266AD80A1DEC90E40F9FE80B5E13A976B
Current classified,Gait_classified/other/ljg-00_2-057.png,other,other/ljg-00_2-057.png,other,agreement,6BA56DC5B0093674B13D61115A12CD7522833F88AAA7F3EC569E799E0F373469
Current classified,Gait_classified/other/ljg-00_2-058.png,other,other/ljg-00_2-058.png,other,agreement,5236BF90F1A2B473A6D9BCF77DC65FD7E6565568427436C4EF4EFBC7E6E46E46
Current classified,Gait_classified/other/ljg-00_2-059.png,other,other/ljg-00_2-059.png,other,agreement,6A9E2CD847F5AC029ADF47CCC52236C5FCB91A9C1087DFD3AE9A083BC235B693
Current classified,Gait_classified/other/ljg-00_2-062.png,other,other/ljg-00_2-062.png,other,agreement,EF34E93698DB26B6F170925B906E36BA514226AE98623F9742821ADEC2D28465
Current classified,Gait_classified/other/ljg-00_2-063.png,other,other/ljg-00_2-063.png,other,agreement,440BCA6C39EF03007932B118E1B0DFC496C67C31F45555330BD7274A0BD2CDA6
Current classified,Gait_classified/other/ljg-00_2-064.png,other,other/ljg-00_2-064.png,other,agreement,61081016B5470861841512151664363C0637A4CD76A7F69FBFEC0AFE977D7993
Current classified,Gait_classified/other/ljg-00_2-066.png,other,other/ljg-00_2-066.png,other,agreement,C8CB6F20322E008B666762C5D2DCE03411BC144647E2FBC27BCCF39976A41C25
Current classified,Gait_classified/other/ljg-00_2-067.png,other,other/ljg-00_2-067.png,other,agreement,325473053FE49F21D20FE353C97FE51955BC018E89AC50AE94ADB2E59BA00B0B
Current classified,Gait_classified/other/ljg-00_2-068.png,other,other/ljg-00_2-068.png,other,agreement,57842A8B61BA74126D9C5F8764D04AB8B1FB8E9229D4A503DE5CE6EE3ED0958B
Current classified,Gait_classified/other/ljg-00_3-001.png,other,other/ljg-00_3-001.png,other,agreement,BE5CB3240F0DDCD5553341A71C5A76D71766DBDEB9CE96C799F55155C38AB753
Current classified,Gait_classified/other/ljg-00_3-002.png,other,other/ljg-00_3-002.png,other,agreement,2C1DEFFE2C46D9795F4899A245CA3FD11BEF011FB7B549EE34DBA0A909F4B74B
Current classified,Gait_classified/other/ljg-00_3-003.png,other,other/ljg-00_3-003.png,other,agreement,FB3CDD3C2CE7FBFDF8B49CACC878CC957742B9D255789B5CCD6D97FA413FEBEA
Current classified,Gait_classified/other/ljg-00_3-005.png,other,other/ljg-00_3-005.png,other,agreement,A8E5E0626AAF9DBB38887A68C26ED0627A5E759DF1AB17FABC683FD2620BE224
Current classified,Gait_classified/other/ljg-00_3-006.png,other,other/ljg-00_3-006.png,other,agreement,FF6472E0A03577359B67D7555BE387498E794AC5837437DBD0F7BA0F20816B02
Current classified,Gait_classified/other/ljg-00_3-007.png,other,other/ljg-00_3-007.png,other,agreement,A348C99ABA59D590C1E66D5C6F81FC03806291E7C2ED6B4F0D1594530BC5D878
Current classified,Gait_classified/other/ljg-00_3-010.png,other,other/ljg-00_3-010.png,other,agreement,8294BD11F5BC425BCC476E1B626CC1127CD45887A695FE8E105676F33C0941FF
Current classified,Gait_classified/other/ljg-00_3-011.png,other,other/ljg-00_3-011.png,other,agreement,518B75FA1C5AB1B1B220E76E6FC452AE6DAC5EE50DBC614324DB1AD56266E88D
Current classified,Gait_classified/other/ljg-00_3-012.png,other,other/ljg-00_3-012.png,other,agreement,0376227FD7BE66D21BD652426A92078CC3AEBD6702FE99BDF1F20C10A6DD0741
Current classified,Gait_classified/other/ljg-00_3-013.png,other,other/ljg-00_3-013.png,other,agreement,450458E85642336939F351545D666214B72C257EAF4294F0B75E05BFC509DF38
Current classified,Gait_classified/other/ljg-00_3-014.png,other,other/ljg-00_3-014.png,other,agreement,4E582003158538EF0B6C30F997EE6D154A2969A9389D8AF8846C980E9E0BA376
Current classified,Gait_classified/other/ljg-00_3-015.png,other,other/ljg-00_3-015.png,other,agreement,8119B8491256A3DDBCE66F6C7FE990D14653B84A5422913B98CA85D41F0EB891
Current classified,Gait_classified/other/ljg-00_3-016.png,other,other/ljg-00_3-016.png,other,agreement,03C8704FF87AA1A63CFB28B9B8DE7C81AA6E3BBC347587855DD421E470982DB9
Current classified,Gait_classified/other/ljg-00_3-020.png,other,other/ljg-00_3-020.png,other,agreement,A18019099A658D010EB380C814C3668D276C7E0A535B3C4441C768D0AA8684A9
Current classified,Gait_classified/other/ljg-00_3-021.png,other,other/ljg-00_3-021.png,other,agreement,914235F111DFA36F5214F904FF0322264A7914DD2E9E402032D6B1828C0C15BC
Current classified,Gait_classified/other/ljg-00_3-022.png,other,other/ljg-00_3-022.png,other,agreement,361672F15ECB2199A56790D6CB7427D8C83E7DF31596D0FE55E8044F6AFA47E9
Current classified,Gait_classified/other/ljg-00_3-025.png,other,other/ljg-00_3-025.png,other,agreement,83D392A82D7650648E09BDB6E4EFC08FE10066CA304DF45253A42E4D2AFE1E82
Current classified,Gait_classified/other/ljg-00_3-026.png,other,other/ljg-00_3-026.png,other,agreement,3DEBC9E38FF0E379EB16D0DE5A9C9B412BDA74A6923D86DC69E8AB24841FF9DE
Current classified,Gait_classified/other/ljg-00_3-027.png,other,other/ljg-00_3-027.png,other,agreement,3D6E22742A432238D2B311CB16C4844AEFFE7F36288C7C1304A3F4B285A1A25C
Current classified,Gait_classified/other/ljg-00_3-028.png,other,other/ljg-00_3-028.png,other,agreement,86D18474A6EBA94A4586BBB60577C0DE234690049F37E56BF285FB09BDADB98D
Current classified,Gait_classified/other/ljg-00_3-029.png,other,other/ljg-00_3-029.png,other,agreement,B58BD4D9A07D6642AE399B1F48E81E78B50FF5941646C33338B4F1165D5957DF
Current classified,Gait_classified/other/ljg-00_3-030.png,other,other/ljg-00_3-030.png,other,agreement,3A43B2DF602048ECB250BF1579C8770BB55E5EE6D098DFAA25F161EC979B810D
Current classified,Gait_classified/other/ljg-00_3-031.png,other,other/ljg-00_3-031.png,other,agreement,B3535D1344BFCAFF71480D7507A4A722E4687F0593396EB604338535D62516F1
Current classified,Gait_classified/other/ljg-00_3-034.png,other,other/ljg-00_3-034.png,other,agreement,EEC4BAB6085237872500BBBD76B2252717F0914B959BAC0A1913F73C97AFAE30
Current classified,Gait_classified/other/ljg-00_3-035.png,other,other/ljg-00_3-035.png,other,agreement,13102C39E4C014D077382C6A6587A7132381C3D2A6AD2146C9A17F98FCC33010
Current classified,Gait_classified/other/ljg-00_3-038.png,other,other/ljg-00_3-038.png,other,agreement,2CC8067D03AAC95A1586127C08C765F7C578DB40320B8274C015B3C527C9521D
Current classified,Gait_classified/other/ljg-00_3-039.png,other,other/ljg-00_3-039.png,other,agreement,0C4BB5599C6C2B1446E3728F537CCC609D793BFDE4668E8C5E030A2AAEADDB3D
Current classified,Gait_classified/other/ljg-00_3-040.png,other,other/ljg-00_3-040.png,other,agreement,9EB75A13563674BC7C86EC7CA85F49549A7EAF8D54C09234396759319F50D479
Current classified,Gait_classified/other/ljg-00_3-041.png,other,other/ljg-00_3-041.png,other,agreement,19D48A1757974405A47E328E33D57D2501B9DC8928B8291CE23676967AE99213
Current classified,Gait_classified/other/ljg-00_3-042.png,other,other/ljg-00_3-042.png,other,agreement,28F93AC50B09FD8B9AF2EFD796BEEF6EACDA6C5D36C409495EF6CB77B7D207CD
Current classified,Gait_classified/other/ljg-00_3-043.png,other,other/ljg-00_3-043.png,other,agreement,3F6CB8DAD50104A2A977263A2FB75DE97C690979EF18DDE269B79E533D2A039E
Current classified,Gait_classified/other/ljg-00_3-044.png,other,other/ljg-00_3-044.png,other,agreement,76A21A3BD47E0E5707A2E3F5C0276B3512E48C794CDB95F975DD4E39FE4B311E
Current classified,Gait_classified/other/ljg-00_3-045.png,other,other/ljg-00_3-045.png,other,agreement,0713B0E5A956FB0D26721501C239513DBED675956D5E41C72413445402141605
Current classified,Gait_classified/other/ljg-00_3-048.png,other,other/ljg-00_3-048.png,other,agreement,457665EFA385E925579EF48445B1C8EED8CC86753DC09F42C86933F884E16FE4
Current classified,Gait_classified/other/ljg-00_3-049.png,other,other/ljg-00_3-049.png,other,agreement,A87FA64C5968FE384A148ED2E639BC5F48476933250C17D96519337FDD6C2249
Current classified,Gait_classified/other/ljg-00_3-052.png,other,other/ljg-00_3-052.png,other,agreement,CB3C833778C76E6D914975EDC7B417C7C48B40423B574EA14330C6A288929066
Current classified,Gait_classified/other/ljg-00_3-053.png,other,other/ljg-00_3-053.png,other,agreement,1B3DD256D5FB6238C1310FB80DA3DCDC7362CE99348CFE5D63D682BD08B7C944
Current classified,Gait_classified/other/ljg-00_3-054.png,other,other/ljg-00_3-054.png,other,agreement,9045B3EF940530B18D0F6324AC76C0CBA25290C16047D349D53BD46C1B65819A
Current classified,Gait_classified/other/ljg-00_3-055.png,other,other/ljg-00_3-055.png,other,agreement,C7860EE677BD202299DCE3E0BDB8402F34B9FF043F8CCE3E361E114B30137AF3
Current classified,Gait_classified/other/ljg-00_3-056.png,other,other/ljg-00_3-056.png,other,agreement,9024F2D25DB631BD3C6060EC2220694B933F87093D887EACA503DBF1662A6C74
Current classified,Gait_classified/other/ljg-00_3-057.png,other,other/ljg-00_3-057.png,other,agreement,527240E74DC7A481EFAC26BC4EF9367F54CE8547B0F87D55ED9C868402F195F8
Current classified,Gait_classified/other/ljg-00_3-058.png,other,other/ljg-00_3-058.png,other,agreement,EAEE72D7A42F4CEC170E5E94520273DE2F0F0989DF9FE2101D1EFBE03F705AB0
Current classified,Gait_classified/other/ljg-00_3-059.png,other,other/ljg-00_3-059.png,other,agreement,E0E8739D357E236C9B0D111257550E9491D49E1F62F0D6B5C8A022CB33B703F7
Current classified,Gait_classified/other/ljg-00_3-060.png,other,other/ljg-00_3-060.png,other,agreement,F05C9CD56948375F6ECE50FEB1878E4715061D7B2D66FA563F471F932C161DAF
Current classified,Gait_classified/other/ljg-00_3-063.png,other,other/ljg-00_3-063.png,other,agreement,5D7E074B6694B2ACB588FAFD070441728B14E03BDAEEBE6256B4CA7F57C5218D
Current classified,Gait_classified/other/ljg-00_3-064.png,other,other/ljg-00_3-064.png,other,agreement,5853AC0E1210C54E830CABD0A059C5D7F50FAFDC613BD07BAF19CCE0C619E4B7
Current classified,Gait_classified/other/ljg-00_3-065.png,other,other/ljg-00_3-065.png,other,agreement,7687015C8341A057EADC25DE2FF69A802CAE2DF70246EE2E219595A7637BCBA9
Current classified,Gait_classified/other/ljg-00_3-068.png,other,other/ljg-00_3-068.png,other,agreement,92B4B73A897B698B917250BE68B2A4E81024AC6B18E7596AC18BDA3E8EEE07F5
Current classified,Gait_classified/other/ljg-00_3-069.png,other,other/ljg-00_3-069.png,other,agreement,FF550CC6808E3C57F33DF936AEFA30DD8BA5AEB95C63DB6F8C5E03239287B954
Current classified,Gait_classified/other/ljg-00_4-004.png,other,other/ljg-00_4-004.png,other,agreement,80EB9D95AEB1386FA3E5A16F0883A39CBE32C253377D630D2EE313DA0DF80E24
Current classified,Gait_classified/other/ljg-00_4-005.png,other,other/ljg-00_4-005.png,other,agreement,956513C147211E83D2D1A187C5E8A81066C7976450F6D214752C765915B845FB
Current classified,Gait_classified/other/ljg-00_4-008.png,other,other/ljg-00_4-008.png,other,agreement,296996E2C44D936AD62D0397FCF0D5B55BA04202F3DFB4865872E27D3947E0A5
Current classified,Gait_classified/other/ljg-00_4-009.png,other,other/ljg-00_4-009.png,other,agreement,C358440855DC891EC3E0B86C2133269017719840CAA12A1648830A17DA96FE7D
Current classified,Gait_classified/other/ljg-00_4-010.png,other,other/ljg-00_4-010.png,other,agreement,69C0E0AF7DFE61D855E2BAF0A05A1AB0B0290558BF58F773AF253FFA9397119A
Current classified,Gait_classified/other/ljg-00_4-011.png,other,other/ljg-00_4-011.png,other,agreement,9AA5615F776EBBEA09E2D6F83F5E4520E6DA3F61DA36E1F7FB40CB62B08447AF
Current classified,Gait_classified/other/ljg-00_4-012.png,other,other/ljg-00_4-012.png,other,agreement,C4DE7C77267D117AC4ABD59F6924B6F2863846FE33A7E9BD8A1A2319DFB491C0
Current classified,Gait_classified/other/ljg-00_4-013.png,other,other/ljg-00_4-013.png,other,agreement,E5264914F29AB6DBFE7E11001EB253C83325D2134EB8867F41059858526CBA38
Current classified,Gait_classified/other/ljg-00_4-014.png,other,other/ljg-00_4-014.png,other,agreement,DB7253DDABB78830819A17037B7C838287503FB6290077F7B96D6248B256B5FD
Current classified,Gait_classified/other/ljg-00_4-015.png,other,other/ljg-00_4-015.png,other,agreement,791551829CE047066B720383164642DAE54EAEE97D66B8182371BB56C229F031
Current classified,Gait_classified/other/ljg-00_4-016.png,other,other/ljg-00_4-016.png,other,agreement,C8BBB1C12133C0DFBEBA53A118ADF2EC82E9B054915FFC2EE91F3560ADAA7C16
Current classified,Gait_classified/other/ljg-00_4-018.png,other,other/ljg-00_4-018.png,other,agreement,DF17F053F39E58B473D5B2FC6506C3F3DD98543091B8BE7114CA48084E870292
Current classified,Gait_classified/other/ljg-00_4-021.png,other,other/ljg-00_4-021.png,other,agreement,854927062F3867E12E159687D59A1E93EDE4B29FEC1336FDB3BC19255D1248EB
Current classified,Gait_classified/other/ljg-00_4-022.png,other,other/ljg-00_4-022.png,other,agreement,1E7660BA8711C008C0651DDA6D49352FED2698C88B79E46232ECD6CC05604099
Current classified,Gait_classified/other/ljg-00_4-023.png,other,other/ljg-00_4-023.png,other,agreement,5038BA1393D72DB7A3E9650C2FB9E7C9F5EA31C7A705318AAACFE68157BD6433
Current classified,Gait_classified/other/ljg-00_4-024.png,other,other/ljg-00_4-024.png,other,agreement,C8AC716106207279F6E8FC23391C829C76B7DD1AB4EF5322600420148E0065E4
Current classified,Gait_classified/other/ljg-00_4-025.png,other,other/ljg-00_4-025.png,other,agreement,F46812A3AC795BFF2D3217EC2103A2D9C728A6F48F2359EA69F55B0FEA6D392D
Current classified,Gait_classified/other/ljg-00_4-026.png,other,other/ljg-00_4-026.png,other,agreement,A836185B7485032638DD462AFE0719B674BA05F9D0D53962A77593265830B8D8
Current classified,Gait_classified/other/ljg-00_4-027.png,other,other/ljg-00_4-027.png,other,agreement,08B3EE5253F23209334D36F74A21ADB0F1C011F1C2DBA678CF32463E3F4E93DA
Current classified,Gait_classified/other/ljg-00_4-028.png,other,other/ljg-00_4-028.png,other,agreement,52B282113D107734899548E74D9366077BAF5BFB3285B6A7A7900294E5641DBF
Current classified,Gait_classified/other/ljg-00_4-030.png,other,other/ljg-00_4-030.png,other,agreement,DA5F0BE8E94915063EADD0CF648BE6CD539475D667D39A444AB1E428F02BD195
Current classified,Gait_classified/other/ljg-00_4-031.png,other,other/ljg-00_4-031.png,other,agreement,15214BEFC9B003B20B1D538261788989400C955680D68127044BEA1EC957B945
Current classified,Gait_classified/other/ljg-00_4-032.png,other,other/ljg-00_4-032.png,other,agreement,935F42759056E6FE0DEFA9DE675AF7B095F882E91C55344D7D9B054D46C839BE
Current classified,Gait_classified/other/ljg-00_4-034.png,other,other/ljg-00_4-034.png,other,agreement,0BED9693DD6D21502902A1683A5AD75B5D8A0016C4C308F189C2CF08F36BEC85
Current classified,Gait_classified/other/ljg-00_4-035.png,other,other/ljg-00_4-035.png,other,agreement,632D270930CC0A12ED81BC554038978401FA63A351A26A6010B33B50AA3B3316
Current classified,Gait_classified/other/ljg-00_4-036.png,other,other/ljg-00_4-036.png,other,agreement,C8086E1E28F12C664D82A6A4357DAB7BCF461C12A3B97A9F729F823457E77FD5
Current classified,Gait_classified/other/ljg-00_4-037.png,other,other/ljg-00_4-037.png,other,agreement,5EE4CBD95B2FC6B0FADD0E752B9A90788790046C2BD4FACEDD2A38C5115CE448
Current classified,Gait_classified/other/ljg-00_4-038.png,other,other/ljg-00_4-038.png,other,agreement,2A9991C380CD1EC65601F1E38614E0394033ECDEA9A62432694F5F12D3C2263D
Current classified,Gait_classified/other/ljg-00_4-039.png,other,other/ljg-00_4-039.png,other,agreement,F985B688E8C1DE65C27F4336E44B1A85C5F6F1C06CE6D77031E1627505126E48
Current classified,Gait_classified/other/ljg-00_4-040.png,other,other/ljg-00_4-040.png,other,agreement,7BC1FB698832FBDA8FE29C841C677EB29E597AACED1B082FCC6D8E553267E0A6
Current classified,Gait_classified/other/ljg-00_4-041.png,other,other/ljg-00_4-041.png,other,agreement,59A6D8784344C01AC21A2AEBCC337EC292A131A27CA54EF208910B0655505DDC
Current classified,Gait_classified/other/ljg-00_4-042.png,other,other/ljg-00_4-042.png,other,agreement,A71DFE0D0D6BAE47FBD9AD9FA9F80765350A467FFBA0D715373F18AA86B14734
Current classified,Gait_classified/other/ljg-00_4-043.png,other,other/ljg-00_4-043.png,other,agreement,17E5A647D1702FACF0E42DD5AEE3107D95AA0D052161693626986ED8F8605941
Current classified,Gait_classified/other/ljg-00_4-045.png,other,other/ljg-00_4-045.png,other,agreement,9D6D2B883254A3B7294C263EF7E3CC52934766A2903946158F86F5DB3860524E
Current classified,Gait_classified/other/ljg-00_4-046.png,other,other/ljg-00_4-046.png,other,agreement,D86ED9973639107292D16317EE7C349E48C0BD4A3D13CECFD8F6C59C0FEB9EFB
Current classified,Gait_classified/other/ljg-00_4-048.png,other,other/ljg-00_4-048.png,other,agreement,5CC565A127420BF591AE35503062C59B64F8218CC63F5C131114DB1988C444AE
Current classified,Gait_classified/other/ljg-00_4-049.png,other,other/ljg-00_4-049.png,other,agreement,035FDC197BF3BCD1824A5828BB77B6A0C19B9FBA47B7874979853134DCB35DFC
Current classified,Gait_classified/other/ljg-00_4-050.png,other,other/ljg-00_4-050.png,other,agreement,15CF8DD355A0A84E2A56A56C855F4965A82AACC4FAE63AEC0EB407752EF59D8B
Current classified,Gait_classified/other/ljg-00_4-051.png,other,other/ljg-00_4-051.png,other,agreement,CD2518216471F4B7C396768268988C4745BD48DCBBEB08F3BC2559004458C5FC
Current classified,Gait_classified/other/ljg-00_4-052.png,other,other/ljg-00_4-052.png,other,agreement,55C3DE82CC393C7FF27C91267DCCC985346B0685B788362BDC5151A72224FBF4
Current classified,Gait_classified/other/ljg-00_4-053.png,other,other/ljg-00_4-053.png,other,agreement,9DD3E7A2FB2831E9687D80A726B7536CDBABE7047E6D13AC93CDA7CF003E466A
Current classified,Gait_classified/other/ljg-00_4-054.png,other,other/ljg-00_4-054.png,other,agreement,404AAB5511B68D1DD03B76794D6E0EE6466ADA050CD76514B4F0FEB41A5246C9
Current classified,Gait_classified/other/ljg-00_4-055.png,other,other/ljg-00_4-055.png,other,agreement,2158CACA4095817FB8D196414FE3E8E4189A63C7A4C4B7BE6019355331EA18FC
Current classified,Gait_classified/other/ljg-00_4-056.png,other,other/ljg-00_4-056.png,other,agreement,77949F2790CECFD86A3AF1EC59F59EFE60877CDF5CA7EF37D8205FF66FE1860B
Current classified,Gait_classified/other/ljg-00_4-058.png,other,other/ljg-00_4-058.png,other,agreement,B9C67EDA6382DE1108FB6741159164EAD5B5CB89E304721743A9989490E9211F
Current classified,Gait_classified/other/ljg-00_4-059.png,other,other/ljg-00_4-059.png,other,agreement,1A77F38D2FE6891DC5CFFF6F4E13DD7E7181103FC9133448AB9621D278D4D2B3
Current classified,Gait_classified/other/ljg-00_4-062.png,other,other/ljg-00_4-062.png,other,agreement,60A2F1B5DABF63438A4AE92D45199726D3D704AF2DCBAE8DDA1D4D2733FEC6A1
Current classified,Gait_classified/other/ljg-00_4-063.png,other,other/ljg-00_4-063.png,other,agreement,A62088352713FA60253F3989DFFE3FEF164213C0C49A827D992635B82CC56EC1
Current classified,Gait_classified/other/ljg-00_4-064.png,other,other/ljg-00_4-064.png,other,agreement,42A2987F76B7466E1AE3F0F327FC44AFB8269270BEF9DBB797F11F2736CC746F
Current classified,Gait_classified/other/ljg-00_4-065.png,other,other/ljg-00_4-065.png,other,agreement,535FF4FE35DFFA5EBE9AE2D49EF40FF6C2308391AD888E8B62E71472CB36BABD
Current classified,Gait_classified/other/ljg-00_4-066.png,other,other/ljg-00_4-066.png,other,agreement,47B942BAD7681DA67459E433CB1C11E908C755507B817ED66A09A8057ECFE4C4
Current classified,Gait_classified/other/lqf-00_1-001.png,other,other/lqf-00_1-001.png,other,agreement,D52D07FDA4A4F9D46084CB0CFD4AC44EFC515EA62A65FAD262D0800CDA79E1AB
Current classified,Gait_classified/other/lqf-00_1-002.png,other,other/lqf-00_1-002.png,other,agreement,A53C6F3ADA676E83CAB1F59DCDCC369D01AFCE34DF3F908B9EE55C9B044CE54B
Current classified,Gait_classified/other/lqf-00_1-003.png,other,other/lqf-00_1-003.png,other,agreement,2CFCAC7016C438F926DABF6C7D73C0F5A1CB3855CDF81DE0221E5D8163A5EE03
Current classified,Gait_classified/other/lqf-00_1-004.png,other,other/lqf-00_1-004.png,other,agreement,9239D10E3838D954B2CF4FE091A4A7A2E911CD895E3213B7C1CACF475667A7EF
Current classified,Gait_classified/other/lqf-00_1-005.png,other,other/lqf-00_1-005.png,other,agreement,CA0AEA3BAF1B492548B4FDCA657285B4D173B83194E2C7184384301106DC98CD
Current classified,Gait_classified/other/lqf-00_1-006.png,other,other/lqf-00_1-006.png,other,agreement,244778716D96F9FAC03FB0DE0C53461E10A0F110BD0330B25205AA2E2FD10408
Current classified,Gait_classified/other/lqf-00_1-007.png,other,other/lqf-00_1-007.png,other,agreement,9FBD82B0191D6FE0BE496E0A3BF84E9F4957868B99B015E90A189D0F03E362D5
Current classified,Gait_classified/other/lqf-00_1-008.png,other,other/lqf-00_1-008.png,other,agreement,7BCDB796C48CED93CDB95C38DF940A3507B2A8747F212E4D910A300616E9BCFD
Current classified,Gait_classified/other/lqf-00_1-011.png,other,other/lqf-00_1-011.png,other,agreement,0F2ED77D63C997B4A95DF95417032F5F82342411E63327E2821758713FD42D44
Current classified,Gait_classified/other/lqf-00_1-014.png,other,other/lqf-00_1-014.png,other,agreement,35A6F390E93FDFCB5145C2153745D94B0A28F9E5BA38FE319CA255AC881F41EE
Current classified,Gait_classified/other/lqf-00_1-015.png,other,other/lqf-00_1-015.png,other,agreement,812C950632FD0EAA47EEC208ABA27DB6F994931B10D21C29291D5D42294273B4
Current classified,Gait_classified/other/lqf-00_1-016.png,other,other/lqf-00_1-016.png,other,agreement,E3072BF2ECDE940B842F0FF2F4F6D3E6B457FD3104EC2A20595F2807F7CCBCA3
Current classified,Gait_classified/other/lqf-00_1-017.png,other,other/lqf-00_1-017.png,other,agreement,7CA61108B48774EE444F84C80C2498E4BD549557458A5E8CA91D6B5B30B7DCEA
Current classified,Gait_classified/other/lqf-00_1-018.png,other,other/lqf-00_1-018.png,other,agreement,6BA70A808E11FE3233386560159FF3F7F3689EEED426E89673B5CEBC1C75086A
Current classified,Gait_classified/other/lqf-00_1-019.png,other,other/lqf-00_1-019.png,other,agreement,571F423EB90EB5507A556A45E9CAFDD7E43086B66CF45CE04F01F3A53E77CD2F
Current classified,Gait_classified/other/lqf-00_1-020.png,other,other/lqf-00_1-020.png,other,agreement,D07DC1B8460A05DA95D4941D6730D1CCAC824D935D4344748E0B3584C209C59E
Current classified,Gait_classified/other/lqf-00_1-023.png,other,other/lqf-00_1-023.png,other,agreement,5511E7ACC89C55A3D8239DCFD27C74601FE6EA79139C7B31C99D8C8E5E154C06
Current classified,Gait_classified/other/lqf-00_1-024.png,other,other/lqf-00_1-024.png,other,agreement,719284B7C46347A538C02130D42ED6D6CCBC5908B5C23436C8F8E490747897BB
Current classified,Gait_classified/other/lqf-00_1-027.png,other,other/lqf-00_1-027.png,other,agreement,C12A92E476FFC2B7906994E75E61300DF3B84FE6B2D0FE877209E69E2A399141
Current classified,Gait_classified/other/lqf-00_1-028.png,other,other/lqf-00_1-028.png,other,agreement,CD34DF29D9F63F252C7C20FFE16584D15B0AB30BFDAF1B33BE767F688B86ED82
Current classified,Gait_classified/other/lqf-00_1-029.png,other,other/lqf-00_1-029.png,other,agreement,8CC6FD50D371B1398B784A922A13729F219D8F78637B4A712FE4C63156DC9518
Current classified,Gait_classified/other/lqf-00_1-030.png,other,other/lqf-00_1-030.png,other,agreement,8DF2FF01C739C33D1DBC9FFADB93C3392999E5E007A5CA1DA06D5521B49FF09F
Current classified,Gait_classified/other/lqf-00_1-031.png,other,other/lqf-00_1-031.png,other,agreement,D347FF597BB6382191474E804E62FF602163499B4AA6FF995AC1836121569F3F
Current classified,Gait_classified/other/lqf-00_1-032.png,other,other/lqf-00_1-032.png,other,agreement,3DCE1BEF3830CC38A1800A54CD2631026C692425CCB3197FA56BFC41C2E818FD
Current classified,Gait_classified/other/lqf-00_1-033.png,other,other/lqf-00_1-033.png,other,agreement,DD22074ECCACE2E6B442952FE45621BC2D83F49485278DB26A4F6CCB2DD040FA
Current classified,Gait_classified/other/lqf-00_1-034.png,other,other/lqf-00_1-034.png,other,agreement,1277A17A198D2AA0908BC9132EB1A87D03A288C2DA15447CEE0D5980E3720E8B
Current classified,Gait_classified/other/lqf-00_1-035.png,other,other/lqf-00_1-035.png,other,agreement,E8DB9A320BAC3114432808BC6E616DE149207E3B4AAC1DE18CCC339B1C66D836
Current classified,Gait_classified/other/lqf-00_1-037.png,other,other/lqf-00_1-037.png,other,agreement,47BB2A8F975363D5EF4BEF42F798597676A6132786326EEF839771364E94A9B9
Current classified,Gait_classified/other/lqf-00_1-040.png,other,other/lqf-00_1-040.png,other,agreement,1E84335925CD5B7FDD1E3C077F754DA3E27AB35048435C3C25E05B0531368C6E
Current classified,Gait_classified/other/lqf-00_1-041.png,other,other/lqf-00_1-041.png,other,agreement,2CF9ECF086765CEBE244BB263943B152E4D9C1AF4D2D7B35886C579DD504D6F6
Current classified,Gait_classified/other/lqf-00_1-042.png,other,other/lqf-00_1-042.png,other,agreement,2F875233CB5F6420FEC86C094E981380B8F68733535B5D9D460DF66BAC196980
Current classified,Gait_classified/other/lqf-00_1-043.png,other,other/lqf-00_1-043.png,other,agreement,5F9F0DD88893C540FEACFF863415F09B581B4C4CC0D9D1F1CECDD0E7FA138F2F
Current classified,Gait_classified/other/lqf-00_1-044.png,other,other/lqf-00_1-044.png,other,agreement,354511A47CFA886A48B4B43D89416925F0D6B0D64B1BDA4687D34FBEE0296C48
Current classified,Gait_classified/other/lqf-00_1-045.png,other,other/lqf-00_1-045.png,other,agreement,C6A1616B20ECFAAE081CC30394D7E8A5B7E5AA6AF1EEF79DA625EEC0EB86094F
Current classified,Gait_classified/other/lqf-00_1-046.png,other,other/lqf-00_1-046.png,other,agreement,D4A89340954295698B175759F7129E83C58CA3D968256FFA4D79E5A28888C2CB
Current classified,Gait_classified/other/lqf-00_1-047.png,other,other/lqf-00_1-047.png,other,agreement,09819D1626A2BA89608CB5FE69A60DBD4A6D50EA28711EA1954F7AC9CD4437F0
Current classified,Gait_classified/other/lqf-00_1-050.png,other,other/lqf-00_1-050.png,other,agreement,551E1D125187E246437F82734AE309B1782C71241C2D72FCC354271D606C4DCD
Current classified,Gait_classified/other/lqf-00_1-053.png,other,other/lqf-00_1-053.png,other,agreement,8E4B823DDC631274500EFB2979B437EC45D4815F98B1AF5D0897D570A540AD0C
Current classified,Gait_classified/other/lqf-00_1-054.png,other,other/lqf-00_1-054.png,other,agreement,180AC4085494DAD39D8F31C058A1294290BFC0EAD174D981338FC8E75EC32E62
Current classified,Gait_classified/other/lqf-00_1-055.png,other,other/lqf-00_1-055.png,other,agreement,0E9AFE1C5FD6173CAC38469018417E8DAA4345060439E14CB535B22BCABF51D3
Current classified,Gait_classified/other/lqf-00_2-001.png,other,other/lqf-00_2-001.png,other,agreement,B46CF0D0BC9932793A13D54E687E4E5F3F8AF3D687583DFC55C5C435D2990DE6
Current classified,Gait_classified/other/lqf-00_2-002.png,other,other/lqf-00_2-002.png,other,agreement,C2B4D13B96458757F93A50F3E06A6A2C9BFCF52C66FB632BCB7218846A0F8D69
Current classified,Gait_classified/other/lqf-00_2-003.png,other,other/lqf-00_2-003.png,other,agreement,96110C9D588816028D5ACD5C4F0C1CCE65415CD5A705FBDA59FB0258097429A3
Current classified,Gait_classified/other/lqf-00_2-004.png,other,other/lqf-00_2-004.png,other,agreement,5B57363A5131B45CF6852E3D7DFCD9D00100CE27B1D7B7FE7F2790BAC80AE8A9
Current classified,Gait_classified/other/lqf-00_2-008.png,other,other/lqf-00_2-008.png,other,agreement,F54B266E05CD3DA2BC9C466A6A49BC905B93838E6820C00DD8DD6FA3C6F0E2BD
Current classified,Gait_classified/other/lqf-00_2-009.png,other,other/lqf-00_2-009.png,other,agreement,BFC5B1E0924C61A83CDD61A5CB51AE79A2C3B7E7600ED758F0F58886A7131A20
Current classified,Gait_classified/other/lqf-00_2-010.png,other,other/lqf-00_2-010.png,other,agreement,B3377ACA2B62D0BD7A4A21423B25C237C3E3AC0A40897D0894697CB955BC8B0C
Current classified,Gait_classified/other/lqf-00_2-012.png,other,other/lqf-00_2-012.png,other,agreement,3C13EC26FE9E4569F8BC0918D42FFC7740BB675ECD4B5BEFC8E88B366C0EB885
Current classified,Gait_classified/other/lqf-00_2-013.png,other,other/lqf-00_2-013.png,other,agreement,B29EEF6F9E3F9ABE0E31F3DA29D5E48972CD3FC8F2D404D678E0D674AB0D5F20
Current classified,Gait_classified/other/lqf-00_2-014.png,other,other/lqf-00_2-014.png,other,agreement,D7D001F3621C6FD3273BEBEA62889F5B19858B299C6467C3E018FF64091A4901
Current classified,Gait_classified/other/lqf-00_2-015.png,other,other/lqf-00_2-015.png,other,agreement,A4DEDE73219F70DD2C88058D0C1DE3F2F461AAA5719731DAFEBBFA482E6BB44E
Current classified,Gait_classified/other/lqf-00_2-016.png,other,other/lqf-00_2-016.png,other,agreement,25A1997329D336191093EBE271960DD96BC95205E97CAF378DECEF2FBDB5F504
Current classified,Gait_classified/other/lqf-00_2-017.png,other,other/lqf-00_2-017.png,other,agreement,FC40CA3C5F1D153727271ED4B191DC665C47D458AD73D6BE22B6CC23CC5C4D10
Current classified,Gait_classified/other/lqf-00_2-018.png,other,other/lqf-00_2-018.png,other,agreement,E396EB772EB6A9CDD4846EFF305C461375B32E79AC935A2FF1D9E05111E42174
Current classified,Gait_classified/other/lqf-00_2-019.png,other,other/lqf-00_2-019.png,other,agreement,C6CB4602E0EFB59D426F9E98E8D1A4DAD53692D45AFB488D86054A3F5124C4D2
Current classified,Gait_classified/other/lqf-00_2-022.png,other,other/lqf-00_2-022.png,other,agreement,DD1270669BB20BC233CAE7FC59DFF7DCAFEE65F34C37A6D31DC2D2E4C07652C4
Current classified,Gait_classified/other/lqf-00_2-023.png,other,other/lqf-00_2-023.png,other,agreement,4DEE610CA4DEF7181ED6A99B89F44DEE0A5ED49BB70555E5613B89388D0EBAA3
Current classified,Gait_classified/other/lqf-00_2-028.png,other,other/lqf-00_2-028.png,other,agreement,6C94A78E48464A11B4369662F730A2F136F47B90AF3C121481D61E682D914344
Current classified,Gait_classified/other/lqf-00_2-029.png,other,other/lqf-00_2-029.png,other,agreement,5505B3F332509B5F77B540A3D582140A4FEEE2F324241B2F3E9F25071F4FCC5A
Current classified,Gait_classified/other/lqf-00_2-030.png,other,other/lqf-00_2-030.png,other,agreement,298C2F057CEA14235F5B39FE986D2B079743DEB077A652BEC9F493CE0F313E08
Current classified,Gait_classified/other/lqf-00_2-031.png,other,other/lqf-00_2-031.png,other,agreement,2212920B20A3FB8C81A6CCE41A4DE454BBDD25EF0D71ABAB914C6B99CF1DC886
Current classified,Gait_classified/other/lqf-00_2-032.png,other,other/lqf-00_2-032.png,other,agreement,883F1D994C63FA58F47F58D3105F365AD6E34907C8291DD739106B44F0CFD76F
Current classified,Gait_classified/other/lqf-00_2-035.png,other,other/lqf-00_2-035.png,other,agreement,AEC6353474BF0E1148A09B31F8F2DA1895FF3D806D0F59EA7FBF4DEB41FD1071
Current classified,Gait_classified/other/lqf-00_2-036.png,other,other/lqf-00_2-036.png,other,agreement,2D629F46CED149B7C5FB133149AD9B8DF8A17C04AC9E7419C689074DE04551F8
Current classified,Gait_classified/other/lqf-00_2-039.png,other,other/lqf-00_2-039.png,other,agreement,A39A27A37298E435E39580A4E3A35C43702376B96818F2292C2E51689B430773
Current classified,Gait_classified/other/lqf-00_2-040.png,other,other/lqf-00_2-040.png,other,agreement,B2C0A2511338E51D5F8DB035D4AF50CE4D9ACBA7AFDC024F4252120FB11E4D3D
Current classified,Gait_classified/other/lqf-00_2-041.png,other,other/lqf-00_2-041.png,other,agreement,EBA737EF9FD1E0C2BA2E0EFF10AF72A14BCC58B8AEFF8EAFE23A54069CD3082B
Current classified,Gait_classified/other/lqf-00_2-042.png,other,other/lqf-00_2-042.png,other,agreement,3562D2448B4949AB1E1462E28EB3D6585438791AC6A953D132D9DB4858254267
Current classified,Gait_classified/other/lqf-00_2-043.png,other,other/lqf-00_2-043.png,other,agreement,A3CBEF2B84DB814647CAF5D9467BBEBC0126EAC753175652231B0272A782CE12
Current classified,Gait_classified/other/lqf-00_2-044.png,other,other/lqf-00_2-044.png,other,agreement,3977FC0FFB2A951873237ABA08D210F18C9654AE09D993F83EBEED19FB51FA22
Current classified,Gait_classified/other/lqf-00_2-045.png,other,other/lqf-00_2-045.png,other,agreement,45B61D511FE9DFC0035416F7370718C5ABFE31863C6D316BCD1648D1B2D953CD
Current classified,Gait_classified/other/lqf-00_2-046.png,other,other/lqf-00_2-046.png,other,agreement,04E5B38CA733F0F9531490C1EA6EAA4B41D7886C46C7EB38B5861D266D6529EC
Current classified,Gait_classified/other/lqf-00_2-048.png,other,other/lqf-00_2-048.png,other,agreement,5EF0EFACB8E5778046DE7EADAEEEF762BE32EE49D8A3C91299EAB11D6A60D987
Current classified,Gait_classified/other/lqf-00_2-049.png,other,other/lqf-00_2-049.png,other,agreement,E825D291907A31D334C014DC61895BD3C6040FB5FE7E54FEBF89F1F5B7504BF8
Current classified,Gait_classified/other/lqf-00_2-052.png,other,other/lqf-00_2-052.png,other,agreement,1D08B789632124B1ADF0FED294F3B932A33435D690B74CE5F6DF6600738ACCA4
Current classified,Gait_classified/other/lqf-00_2-053.png,other,other/lqf-00_2-053.png,other,agreement,7E0A62632DBF84C8E8622466ADA5554BCE3313B96152F25F84E2942C3AF2F056
Current classified,Gait_classified/other/lqf-00_2-054.png,other,other/lqf-00_2-054.png,other,agreement,D71BCA0B0EED72CF237819FAFA4BBC7A03560CF77FF1E954BC5BCAEDA1D48358
Current classified,Gait_classified/other/lqf-00_2-055.png,other,other/lqf-00_2-055.png,other,agreement,7FD86574883AC1C626587E41B28AD8A72E9DB68EA5E5DDDFA66754975818BB6A
Current classified,Gait_classified/other/lqf-00_2-056.png,other,other/lqf-00_2-056.png,other,agreement,70F934783AE1016E31F5E1CF44E6F7C4F50CF0B743BB455DEF2FE82A58B2FFB9
Current classified,Gait_classified/other/lqf-00_2-057.png,other,other/lqf-00_2-057.png,other,agreement,EC7DA7509A1BEE3808B5EF352CC3A4496F32F112247595116063A8E41BAC9FC8
Current classified,Gait_classified/other/lqf-00_2-058.png,other,other/lqf-00_2-058.png,other,agreement,1C39656770EB0EF5F6226BEA49D62064D6FABB23EC52152E691BB50E7FE5BF71
Current classified,Gait_classified/other/lqf-00_2-059.png,other,other/lqf-00_2-059.png,other,agreement,DD73A7C89430F682BF33B151DADAEE9BCD77CA424F5658B4D534969B0114BCB0
Current classified,Gait_classified/other/lqf-00_3-003.png,other,other/lqf-00_3-003.png,other,agreement,0BE1F57CA6147DE7D1634998D5908529BAFA41E31B3F377504B2CCA21A240897
Current classified,Gait_classified/other/lqf-00_3-004.png,other,other/lqf-00_3-004.png,other,agreement,917BF05A75847D4B237E54B3132CC360522300AB47B93BA4203E3E06F423CE77
Current classified,Gait_classified/other/lqf-00_3-005.png,other,other/lqf-00_3-005.png,other,agreement,CFECFE637364A86B02B841030AA8A80F9016FC0030164B847AF1BB2942803BDD
Current classified,Gait_classified/other/lqf-00_3-006.png,other,other/lqf-00_3-006.png,other,agreement,4A77EA6A4AADCE155A68EB2CDE93435A441681E4D63D35422B32102E14741EE3
Current classified,Gait_classified/other/lqf-00_3-007.png,other,other/lqf-00_3-007.png,other,agreement,D12AA18B9CBEB334474BD571A0C447074F13BFD3190982EA72B8DFDCE8B30F12
Current classified,Gait_classified/other/lqf-00_3-008.png,other,other/lqf-00_3-008.png,other,agreement,A3ADCC2100E9142FD19C95DBD0BB1A9508BBB696BCCA30ACD927959535DB68AB
Current classified,Gait_classified/other/lqf-00_3-009.png,other,other/lqf-00_3-009.png,other,agreement,D8A50F4F548102E44E2C30972CDE89FC1A656B102CC4D516907846AF7E14A635
Current classified,Gait_classified/other/lqf-00_3-010.png,other,other/lqf-00_3-010.png,other,agreement,7617BD95526C58A88A0AB0C9A74A98A7B0DFDDAFB235F87E6922BC16C249D969
Current classified,Gait_classified/other/lqf-00_3-011.png,other,heel_strike/lqf-00_3-012.png,heel_strike,conflict,0A7A009738E6B5D89D8CFAA1FDE3D2299A37F20831EA0F27A045A2556A5985E9
Current classified,Gait_classified/other/lqf-00_3-011.png,other,other/lqf-00_3-011.png,other,agreement,0A7A009738E6B5D89D8CFAA1FDE3D2299A37F20831EA0F27A045A2556A5985E9
Current classified,Gait_classified/other/lqf-00_3-015.png,other,other/lqf-00_3-015.png,other,agreement,F2FDF18F5348FCEE12C19874E03DF1048A2E5DFCE6C650D3313E3C121946B973
Current classified,Gait_classified/other/lqf-00_3-016.png,other,other/lqf-00_3-016.png,other,agreement,55A1E0783FEA411635662798EAADE9C93EC48BCC8A6720A706F3DCB5E931487C
Current classified,Gait_classified/other/lqf-00_3-017.png,other,other/lqf-00_3-017.png,other,agreement,2427B38171FACECAD35577129CCDE6783E45CE6F14A5A2A2F261D5FE58401E36
Current classified,Gait_classified/other/lqf-00_3-017.png,other,toe_off/lqf-00_3-018.png,toe_off,conflict,2427B38171FACECAD35577129CCDE6783E45CE6F14A5A2A2F261D5FE58401E36
Current classified,Gait_classified/other/lqf-00_3-020.png,other,other/lqf-00_3-020.png,other,agreement,177B0715274D70926DFE718D0D9360A303A97B916C3501E25CD7B040A3D2B34B
Current classified,Gait_classified/other/lqf-00_3-021.png,other,other/lqf-00_3-021.png,other,agreement,900FBD716C271771B8FDBD8817FD46E236BD1B0A0E7D90AE6F381842329B298E
Current classified,Gait_classified/other/lqf-00_3-022.png,other,other/lqf-00_3-022.png,other,agreement,E98E483C2352EBABA5EBFC05F697C236DB925F8516ABCBFF31B5C1DF6E919450
Current classified,Gait_classified/other/lqf-00_3-023.png,other,other/lqf-00_3-023.png,other,agreement,6CBD719ACB1616126D234F8A386C9BD09071E81203170A436F705F4C40A6C11F
Current classified,Gait_classified/other/lqf-00_3-024.png,other,other/lqf-00_3-024.png,other,agreement,8E99AE5378FDE4BAAB351CC3208237ED7BFB085F95DE05ED33CE6441D90FCD62
Current classified,Gait_classified/other/lqf-00_3-025.png,other,other/lqf-00_3-025.png,other,agreement,C16E582098058E2D088E06054400086F8550B85D52BE4A3456E3D924B27C08A2
Current classified,Gait_classified/other/lqf-00_3-026.png,other,other/lqf-00_3-026.png,other,agreement,DEBEE1E44AC2DD9A0D795664E81DC0011C7261EC09C7D98845EAB0FA2C673C73
Current classified,Gait_classified/other/lqf-00_3-027.png,other,other/lqf-00_3-027.png,other,agreement,FB3E3E4309BD44034FB8EA44EA5D217E3CA3681F4B37736FDC47A5B4FB10C43B
Current classified,Gait_classified/other/lqf-00_3-028.png,other,other/lqf-00_3-028.png,other,agreement,11CCE44C0E3A0D12B0366C3B23987C3FE892FF877D3F5D8407D1E0F66B3296B0
Current classified,Gait_classified/other/lqf-00_3-029.png,other,heel_strike/lqf-00_3-030.png,heel_strike,conflict,00FBB1DE3D6B030C085211C06DC920989CF0BE3854038F120959292087F20B9F
Current classified,Gait_classified/other/lqf-00_3-029.png,other,other/lqf-00_3-029.png,other,agreement,00FBB1DE3D6B030C085211C06DC920989CF0BE3854038F120959292087F20B9F
Current classified,Gait_classified/other/lqf-00_3-032.png,other,other/lqf-00_3-032.png,other,agreement,A76A91EB31A534E235A9BB62DA6FE81B2726E3FCC261CD45D2D537B04A275771
Current classified,Gait_classified/other/lqf-00_3-033.png,other,other/lqf-00_3-033.png,other,agreement,7DCF966A1C6A5AA99EBC3F3B8D3E3016535E4D95BA33FAA0E082D4D21D17F84B
Current classified,Gait_classified/other/lqf-00_3-034.png,other,other/lqf-00_3-034.png,other,agreement,DEB27B85CAA582ED1BE477A330034344355427E77290C0D7A64EECA8858F4171
Current classified,Gait_classified/other/lqf-00_3-036.png,other,other/lqf-00_3-036.png,other,agreement,317F51021427A38CE666E2EE4FA9C3F34E64305401F30F96748D0168DCD38463
Current classified,Gait_classified/other/lqf-00_3-037.png,other,other/lqf-00_3-037.png,other,agreement,BA3FB655D27DD873DBF50224047CAF4D669E8368770D96D123F2E95F8AB7B903
Current classified,Gait_classified/other/lqf-00_3-038.png,other,other/lqf-00_3-038.png,other,agreement,AB1368E84A438161C618441AB8A3E5AA5840A4E84ACDBE99AAA68D376D969114
Current classified,Gait_classified/other/lqf-00_3-039.png,other,other/lqf-00_3-039.png,other,agreement,DBB67D37DECF90E28FD30F2C9D28F29CCE6FA3D248A617F0E92552EB5D396DC8
Current classified,Gait_classified/other/lqf-00_3-040.png,other,other/lqf-00_3-040.png,other,agreement,AA7FD137DE0667814A86E319D9ABFAC455D3B9948597B564EA421E2C2E53ADE2
Current classified,Gait_classified/other/lqf-00_3-041.png,other,other/lqf-00_3-041.png,other,agreement,32917B193D7AD668FE4BBC4E1ED06A6703392691D7EB81594DCFBCA30AECFB6D
Current classified,Gait_classified/other/lqf-00_3-042.png,other,other/lqf-00_3-042.png,other,agreement,5B1284D4D32F40CBEE6A98885A49D12EFCAD4EB4A684D95787311CEFA3F434ED
Current classified,Gait_classified/other/lqf-00_3-043.png,other,other/lqf-00_3-043.png,other,agreement,83BE65754124A27869952F44490890D0A3EE84271C83C02F09BFF2E071B58036
Current classified,Gait_classified/other/lqf-00_3-044.png,other,other/lqf-00_3-044.png,other,agreement,66138F30D9D67F4A5ADB7B7F0A917EF4E48992B3FD220C521EC6F686CFDCD9F5
Current classified,Gait_classified/other/lqf-00_3-045.png,other,other/lqf-00_3-045.png,other,agreement,75F774E3373F1678BECC5550C73EA4A0FA9B33B88B184C77BEB893C0F4F024D2
Current classified,Gait_classified/other/lqf-00_3-046.png,other,other/lqf-00_3-046.png,other,agreement,E4E9D6D74AC2715FB72251F9F4A6D1EB9BC565D5C0FDCF88C09A5DB1852EB8E5
Current classified,Gait_classified/other/lqf-00_3-048.png,other,other/lqf-00_3-048.png,other,agreement,2E5F3311CEC2C16664E0B0E160D5A9F587F2DEC39DA8B218E504865F30EE1400
Current classified,Gait_classified/other/lqf-00_3-049.png,other,other/lqf-00_3-049.png,other,agreement,36641A0C28A865EEB600A9D28A8062CE0A822E4F43B9D17F171B9B212277E11F
Current classified,Gait_classified/other/lqf-00_3-050.png,other,other/lqf-00_3-050.png,other,agreement,8453DECE0D8482406557A7D0EAFF7DD86291F043C640FB0146B190E8B6818CC1
Current classified,Gait_classified/other/lqf-00_3-053.png,other,other/lqf-00_3-053.png,other,agreement,C1F461869714306F62CE45191F5274F041263D122AC0F52D067795F62232AEF8
Current classified,Gait_classified/other/lqf-00_3-054.png,other,other/lqf-00_3-054.png,other,agreement,2F78BE49F465C165BCAD9087B109A59944DE1C78089DCB7D6179884D0310690F
Current classified,Gait_classified/other/lqf-00_3-055.png,other,other/lqf-00_3-055.png,other,agreement,04EC39429CF08D3065C0AC7A96580BDDFBA1CFA5245C344CE1EE20D9778E65FD
Current classified,Gait_classified/other/lqf-00_3-056.png,other,other/lqf-00_3-056.png,other,agreement,C3172B8402D58592F4AC28100E11A301E303D122CE088B56AD7EAD0538D57F99
Current classified,Gait_classified/other/lqf-00_3-057.png,other,other/lqf-00_3-057.png,other,agreement,A3CA264A1047BFC7DD7AB68F3CD16E423FD7E2032BDA10DEDA0DAB931C2A342D
Current classified,Gait_classified/other/lqf-00_3-058.png,other,other/lqf-00_3-058.png,other,agreement,4FC1DE266AF2646289330A741BB69F220DE8938322A0481E82D2639B4827BB25
Current classified,Gait_classified/other/lqf-00_3-059.png,other,other/lqf-00_3-059.png,other,agreement,826B01CB29E56EA28ADA9DBBE186795DDD2A4AE10AEBE7DFB85704A037F93C0E
Current classified,Gait_classified/other/lqf-00_3-060.png,other,other/lqf-00_3-060.png,other,agreement,0082897AC131C1917FB9BAFA39E2F307908DCD7B4AA2A4F0048F40FE967B44E9
Current classified,Gait_classified/other/lqf-00_3-061.png,other,other/lqf-00_3-061.png,other,agreement,BC929DDE0485E764C82949E1E0F0ADC3116995901452C7541211B0BE0E50A070
Current classified,Gait_classified/other/lqf-00_3-065.png,other,other/lqf-00_3-065.png,other,agreement,D51F9824A69439D29448C7EB72D5A23A5C2417C13A5DA6D87CD68861FE57D6D8
Current classified,Gait_classified/other/lqf-00_3-066.png,other,other/lqf-00_3-066.png,other,agreement,C30FF98E904C0A252C04FEF47B3F3301E176AB1E5FF27FF0A29C1A4EAB37536D
Current classified,Gait_classified/other/lqf-00_3-067.png,other,other/lqf-00_3-067.png,other,agreement,AB1330D7DBB8084BE8D6EFA82D5E4A18BA90DEA4E0DDD5D8D2E1908732E8A84E
Current classified,Gait_classified/other/lqf-00_3-071.png,other,other/lqf-00_3-071.png,other,agreement,6CEB81C9FE8476C5405E685B6804693033ADBFFFA113A4334ADB2BE335B25EA7
Current classified,Gait_classified/other/lqf-00_3-072.png,other,other/lqf-00_3-072.png,other,agreement,56D382AFDD888CD1C501F9CA66679E084EA300A7F898742D22672CF60BD90861
Current classified,Gait_classified/other/lqf-00_3-073.png,other,other/lqf-00_3-073.png,other,agreement,E3E567FD234D1CA7566918A4A04A8EB63E37641CDB67696BB94EC2C6873FCEC5
Current classified,Gait_classified/other/lqf-00_3-074.png,other,other/lqf-00_3-074.png,other,agreement,C64E6FDBF08A3182CB204C618468E47F36D571075E3DF2C9B8C2ED497198956B
Current classified,Gait_classified/other/lqf-00_3-075.png,other,other/lqf-00_3-075.png,other,agreement,3AE1098E55DC39B958E68AE37D2E63A101AF0623682F099BF23B3D5CFD19B296
Current classified,Gait_classified/other/lqf-00_3-076.png,other,other/lqf-00_3-076.png,other,agreement,40EE7D046AD09BA811E9A880D61EC5E438FB6E0A1E79EE1117E27453638F273F
Current classified,Gait_classified/toe_off/fyc-00_2-051.png,toe_off,toe_off/fyc-00_2-051.png,toe_off,agreement,5C6747A10BFB2738866A31B06DDF009DEDFE877961C0DE8B101F95DFA5624013
Current classified,Gait_classified/toe_off/fyc-00_2-052.png,toe_off,toe_off/fyc-00_2-052.png,toe_off,agreement,0873EA513D0DE2B040BA10E16A582ACEC7F08725567609FFC60437D89D8652E0
Current classified,Gait_classified/toe_off/fyc-00_2-064.png,toe_off,toe_off/fyc-00_2-064.png,toe_off,agreement,BB24C1CE89163BD50D154E66C488E9D4E88ED52DD611AC7EB100E807C67F90D6
Current classified,Gait_classified/toe_off/fyc-00_2-065.png,toe_off,toe_off/fyc-00_2-065.png,toe_off,agreement,17ACA8D25E0CFB5FB8859F7B931B8E9BE4B9FCEF0B54C199A0712F7EF7517B51
Current classified,Gait_classified/toe_off/fyc-00_3-013.png,toe_off,toe_off/fyc-00_3-013.png,toe_off,agreement,84E4E62316562205A2A7A47259F375E124F832EDB89FC6CA40E66E81A386D01F
Current classified,Gait_classified/toe_off/fyc-00_3-014.png,toe_off,toe_off/fyc-00_3-014.png,toe_off,agreement,9573B794FBFA0F45740BDF86B608F2B591AB118829A6C7A9E7B9AD1CF30E5B02
Current classified,Gait_classified/toe_off/fyc-00_3-025.png,toe_off,toe_off/fyc-00_3-025.png,toe_off,agreement,515B3576054FFD501D58470895AA0F8B43B56E8FA4507B6C27B059E6F2195819
Current classified,Gait_classified/toe_off/fyc-00_3-037.png,toe_off,toe_off/fyc-00_3-037.png,toe_off,agreement,C080DC6F427EB3676D9039A8476D5F0E6969436CDA5F007A8EB02B4B92C4A3B2
Current classified,Gait_classified/toe_off/fyc-00_3-038.png,toe_off,toe_off/fyc-00_3-038.png,toe_off,agreement,90683CCCAD946CE993E2EDBE904EF31ABE300823ACD3095E54A938A0DF47FABD
Current classified,Gait_classified/toe_off/fyc-00_3-049.png,toe_off,toe_off/fyc-00_3-049.png,toe_off,agreement,045485E8D4F9B0B3C3B8550DECF5E6D7978A2555D43B44B3C58EF998CC61486D
Current classified,Gait_classified/toe_off/fyc-00_3-061.png,toe_off,toe_off/fyc-00_3-061.png,toe_off,agreement,3356CC0E40B2799C461A28891213098366D3ED9606ED9B9BB00E99F4207BAF39
Current classified,Gait_classified/toe_off/fyc-00_3-062.png,toe_off,toe_off/fyc-00_3-062.png,toe_off,agreement,29D607AE760BAB62378C10B1AF6B3EC63DD40CCCF9D2323FF8C643B39E7D58CE
Current classified,Gait_classified/toe_off/fyc-00_4-006.png,toe_off,toe_off/fyc-00_4-006.png,toe_off,agreement,8CE8BB3443862033E930BBDA7521345CCB2BB1F88D6D093D14E994EE6F3F8AFE
Current classified,Gait_classified/toe_off/fyc-00_4-018.png,toe_off,toe_off/fyc-00_4-018.png,toe_off,agreement,CB4AE82EA621C8E6028EF53D18684176209648411A758B99349C8C5043932CA0
Current classified,Gait_classified/toe_off/fyc-00_4-031.png,toe_off,toe_off/fyc-00_4-031.png,toe_off,agreement,1C3AAA641648691C605FD94EC36569ABECB8C4DD944A2F60453B627C769D19B1
Current classified,Gait_classified/toe_off/fyc-00_4-043.png,toe_off,toe_off/fyc-00_4-043.png,toe_off,agreement,DEFEA1873914BEE3B0562DC72B853B2D02490BCF5F19D1F2FAA1B712B10E7157
Current classified,Gait_classified/toe_off/fyc-00_4-055.png,toe_off,toe_off/fyc-00_4-055.png,toe_off,agreement,9A423EE0F8C1EF760307A9753CDFB5CE59839D8EC027FD437958CE72DD0AC7C8
Current classified,Gait_classified/toe_off/fyc-00_4-056.png,toe_off,toe_off/fyc-00_4-056.png,toe_off,agreement,B32BEA029EDE757CF42BFCD39B2E7169087C309F10749AD9095C65CB6A05FBDC
Current classified,Gait_classified/toe_off/fyc-00_4-069.png,toe_off,toe_off/fyc-00_4-069.png,toe_off,agreement,77C6C4A2F0DEC04F085C4BE4586358B3AC5C3089952359B40D3F136C03A997C9
Current classified,Gait_classified/toe_off/hy-00_2-012.png,toe_off,toe_off/hy-00_2-012.png,toe_off,agreement,7967B211B77FCA608473275D6739DDB3777A066C006A42A557288E69B2A5E9FA
Current classified,Gait_classified/toe_off/hy-00_2-024.png,toe_off,toe_off/hy-00_2-024.png,toe_off,agreement,296DC9F90A3B985E8B992113E2DFD9B8CFBACA3CD933776A65B2B78C053FDC9A
Current classified,Gait_classified/toe_off/hy-00_2-025.png,toe_off,toe_off/hy-00_2-025.png,toe_off,agreement,7259D9B74D4218DE29796F59FC9841ECBBA934F8AD55311AB6C1E97081EA4458
Current classified,Gait_classified/toe_off/hy-00_2-036.png,toe_off,toe_off/hy-00_2-036.png,toe_off,agreement,CBBB2A2074D9CBF1362E38D458D5B2FC124A02D504CD15207BA2156EB94E2189
Current classified,Gait_classified/toe_off/hy-00_2-049.png,toe_off,toe_off/hy-00_2-049.png,toe_off,agreement,D624C2A0D2A5C79141EBBC30073FCD917FA189C4EBD553D6CAC9D1C9D4DFB2F4
Current classified,Gait_classified/toe_off/hy-00_2-061.png,toe_off,toe_off/hy-00_2-061.png,toe_off,agreement,D05645EFAC64439F729ED74EC7AE103F09E3E8D3E340434E221CFEF1B933707B
Current classified,Gait_classified/toe_off/hy-00_3-013.png,toe_off,toe_off/hy-00_3-013.png,toe_off,agreement,9AE84F75503A7C274BC2E7CE4A7F9FA60D9455BDF682AE8E216791CB503AF6C2
Current classified,Gait_classified/toe_off/hy-00_3-014.png,toe_off,toe_off/hy-00_3-014.png,toe_off,agreement,A230500FF2B9A60A5479FA030B4F9A1674618B3F8E531B90E2AF4F102FA91B02
Current classified,Gait_classified/toe_off/hy-00_3-026.png,toe_off,toe_off/hy-00_3-026.png,toe_off,agreement,35807161C71C36552FE2E979C063A4BA6DA518DF86BAC576783060395A7B6E00
Current classified,Gait_classified/toe_off/hy-00_3-039.png,toe_off,toe_off/hy-00_3-039.png,toe_off,agreement,2CB9981EACCE98581CA63ED802B41807334546047D34A5430132BEC6F45EA948
Current classified,Gait_classified/toe_off/hy-00_3-040.png,toe_off,toe_off/hy-00_3-040.png,toe_off,agreement,3199E11E5F1F328EFC972EFB4633BB34F184C565162F2B3AA9711F4151194553
Current classified,Gait_classified/toe_off/hy-00_3-051.png,toe_off,toe_off/hy-00_3-051.png,toe_off,agreement,EC5472A64F728143CABAFCC6FB6F4AA51D3DB7A67C86FF486EC5505523559223
Current classified,Gait_classified/toe_off/hy-00_3-052.png,toe_off,toe_off/hy-00_3-052.png,toe_off,agreement,82ED2AF5EFDF80EFE976D621D567F27BF9F146C3E9B4272A8A1E85EEA2E86B5C
Current classified,Gait_classified/toe_off/hy-00_4-009.png,toe_off,toe_off/hy-00_4-009.png,toe_off,agreement,67B8422C9485DA59742114D0CE0BDA5FAC1536A3EA9D99FD0D2F02650A5A278E
Current classified,Gait_classified/toe_off/hy-00_4-021.png,toe_off,toe_off/hy-00_4-021.png,toe_off,agreement,FEAB7406FF86CDDBCC1FA40F0BED1DA1B9D634A62575B3D26499F05B74C85666
Current classified,Gait_classified/toe_off/hy-00_4-022.png,toe_off,toe_off/hy-00_4-022.png,toe_off,agreement,E9B46CA9A53052832B31F6B25661E75CE97CEB52E830FED3FFC684C632844BF1
Current classified,Gait_classified/toe_off/hy-00_4-033.png,toe_off,toe_off/hy-00_4-033.png,toe_off,agreement,3E87D5CDEA821A71D53EAB12C6AB1C1092A7AB3D9861AC00D092C11D48D89C52
Current classified,Gait_classified/toe_off/hy-00_4-047.png,toe_off,toe_off/hy-00_4-047.png,toe_off,agreement,4A080D4B9D481FE3E8894C653FCCD91483EE3C6D152CC9D1AEF89B2F6B5811B6
Current classified,Gait_classified/toe_off/hy-00_4-058.png,toe_off,toe_off/hy-00_4-058.png,toe_off,agreement,88CA019689BE12A9117A2430D9E1B1A83D5827C50DB5A83A07C87A1A3B553305
Current classified,Gait_classified/toe_off/hy-00_4-059.png,toe_off,toe_off/hy-00_4-059.png,toe_off,agreement,833FDE916658158D9D42813E2CD30966E96556EF116288B7E416FF4F920F04BA
Current classified,Gait_classified/toe_off/ljg-00_1-015.png,toe_off,toe_off/ljg-00_1-015.png,toe_off,agreement,4D04193D4E22BBF5FA9EAFCDFFB32DD22E0B479C764CF41BE366DA1222DE57F0
Current classified,Gait_classified/toe_off/ljg-00_1-016.png,toe_off,toe_off/ljg-00_1-016.png,toe_off,agreement,93CB7B99A95D8DA30D5B7265CAAF5BD6666706B12AF117B34EF5205E9F09AF00
Current classified,Gait_classified/toe_off/ljg-00_1-029.png,toe_off,toe_off/ljg-00_1-029.png,toe_off,agreement,DB647E1246484FF53801397BC63A38854AA817D3FD26FF7248EFE4EA8C249CEA
Current classified,Gait_classified/toe_off/ljg-00_1-030.png,toe_off,toe_off/ljg-00_1-030.png,toe_off,agreement,34989E4B94295018F669395CBED09EB66F4BDC6062C91BD2E2DF67C76D5031A3
Current classified,Gait_classified/toe_off/ljg-00_1-044.png,toe_off,toe_off/ljg-00_1-044.png,toe_off,agreement,7573978F0A3A3FE8B0791B37AC01BE3EEA1BB165E2FF5DFF1734996A027D20E6
Current classified,Gait_classified/toe_off/ljg-00_1-045.png,toe_off,toe_off/ljg-00_1-045.png,toe_off,agreement,E0B281CADDA030F1655C195CADCE92C085532A3264BDEEBE9BCE6060F6829501
Current classified,Gait_classified/toe_off/ljg-00_1-058.png,toe_off,toe_off/ljg-00_1-058.png,toe_off,agreement,60E209E9F9AA07AD35D310C090F2A71946CB4D3FB483817E46EC4F496ECEBB90
Current classified,Gait_classified/toe_off/ljg-00_2-007.png,toe_off,toe_off/ljg-00_2-007.png,toe_off,agreement,EDC133E39FD1089E966EA9AC8DC0E08EBB8919E958042F3C1CC3C7FF330A8109
Current classified,Gait_classified/toe_off/ljg-00_2-008.png,toe_off,toe_off/ljg-00_2-008.png,toe_off,agreement,D2F412AB24A80D3504A4138C0D310E50224E3357E2F7D890B40CF767A109064B
Current classified,Gait_classified/toe_off/ljg-00_2-021.png,toe_off,toe_off/ljg-00_2-021.png,toe_off,agreement,7759811F8F13B6061C343EBC066587828E4A9073094E16F0C5ADC02581A79863
Current classified,Gait_classified/toe_off/ljg-00_2-035.png,toe_off,toe_off/ljg-00_2-035.png,toe_off,agreement,383D708113FE29CE007694527A0E66DE46DEA22DB2F7E5B3071403D8E6A950D7
Current classified,Gait_classified/toe_off/ljg-00_2-050.png,toe_off,toe_off/ljg-00_2-050.png,toe_off,agreement,10594F2B11D1F2C08E9C2168BD696C235DCCBBC0B56509F3076E7936A2ECAE44
Current classified,Gait_classified/toe_off/ljg-00_2-065.png,toe_off,toe_off/ljg-00_2-065.png,toe_off,agreement,A243D42B2F87AA919A54B3D3BDE836A2FE02E378B522D40BCD4B9D535897E1A9
Current classified,Gait_classified/toe_off/ljg-00_3-008.png,toe_off,toe_off/ljg-00_3-008.png,toe_off,agreement,FB57B4C01B19CAB204AE1AB430C57D827E5409C18EEA36609DF12B339B72193E
Current classified,Gait_classified/toe_off/ljg-00_3-023.png,toe_off,toe_off/ljg-00_3-023.png,toe_off,agreement,8E0D61F3B62A0E0F6B9A75D4AE4A83D6ACB06618B37CB8079F164C34A1881632
Current classified,Gait_classified/toe_off/ljg-00_3-024.png,toe_off,toe_off/ljg-00_3-024.png,toe_off,agreement,067037DE1549558526FFEC00BE37ED6E9F5A01E2999BAA420A4C161AF5F96100
Current classified,Gait_classified/toe_off/ljg-00_3-036.png,toe_off,toe_off/ljg-00_3-036.png,toe_off,agreement,57ED70B321C4F9C46DF3BB6A0E22039A9A863D949FCB19D05BE616F6FE6BCCAA
Current classified,Gait_classified/toe_off/ljg-00_3-037.png,toe_off,toe_off/ljg-00_3-037.png,toe_off,agreement,55DCE9EE0CC24F1F6E9CC8B68C1BF32261F7F309D2F77CDE190308FBA4015BD7
Current classified,Gait_classified/toe_off/ljg-00_3-050.png,toe_off,toe_off/ljg-00_3-050.png,toe_off,agreement,A8E1F4AA7499EAD2FDC87E24E061681BD537863CCB1F2AA8EAC2F0952E1A4ED7
Current classified,Gait_classified/toe_off/ljg-00_3-051.png,toe_off,toe_off/ljg-00_3-051.png,toe_off,agreement,7C1AA066ED4420D28588523FCDF620F9F992D245AC96E4E407BA5961F37135C2
Current classified,Gait_classified/toe_off/ljg-00_3-066.png,toe_off,toe_off/ljg-00_3-066.png,toe_off,agreement,5C842F04BEA6CA21A9D3FD6A389016182CD467C9C203C01B4949A758E0BF7BB2
Current classified,Gait_classified/toe_off/ljg-00_3-067.png,toe_off,toe_off/ljg-00_3-067.png,toe_off,agreement,4DCB20A2B67D8BA0D9564019936760DDF3331A8F70DF5C587C85929EC4AA1AC2
Current classified,Gait_classified/toe_off/ljg-00_4-006.png,toe_off,toe_off/ljg-00_4-006.png,toe_off,agreement,0C5610F92B0D5FCB6A1721C0E65B44A4F9A3326DEE9E4851D1D5C7E91402E778
Current classified,Gait_classified/toe_off/ljg-00_4-007.png,toe_off,toe_off/ljg-00_4-007.png,toe_off,agreement,0EA0881DAB18831095B2FA723A5A6697313CB1B60457D7DD0CEED6FC23961C71
Current classified,Gait_classified/toe_off/ljg-00_4-019.png,toe_off,toe_off/ljg-00_4-019.png,toe_off,agreement,26791DF3A12A4F9A3ED9A8351319D6007D363091C65436202B68ADFA3D95E17C
Current classified,Gait_classified/toe_off/ljg-00_4-020.png,toe_off,toe_off/ljg-00_4-020.png,toe_off,agreement,8CB621BACE9052510BD105D995BD6D5C9D3E86550E502D8C8FA56A93E0844305
Current classified,Gait_classified/toe_off/ljg-00_4-033.png,toe_off,toe_off/ljg-00_4-033.png,toe_off,agreement,0717D4EABD5A3D6B267F26848814E89474654F54DA0F1FA62A4C5FC099B17BBF
Current classified,Gait_classified/toe_off/ljg-00_4-047.png,toe_off,toe_off/ljg-00_4-047.png,toe_off,agreement,3B0C6BAF07C986ACEC648B119ACE7D3020279ABB9699413AE4125A8CDB14F64D
Current classified,Gait_classified/toe_off/ljg-00_4-060.png,toe_off,toe_off/ljg-00_4-060.png,toe_off,agreement,2D9D9D3BD0EFD844B786370E56B61DD73F8E47A3E85744C170202082F850D3E0
Current classified,Gait_classified/toe_off/ljg-00_4-061.png,toe_off,toe_off/ljg-00_4-061.png,toe_off,agreement,EF6F2266641589F92B40EFA96C069166E36E1941F900C47A519B113D462C1A1A
Current classified,Gait_classified/toe_off/lqf-00_1-012.png,toe_off,toe_off/lqf-00_1-012.png,toe_off,agreement,781E544C201812528AEC952051A8C03D6BAAA0EF838A0DDCC5D05F88BE5F579C
Current classified,Gait_classified/toe_off/lqf-00_1-013.png,toe_off,toe_off/lqf-00_1-013.png,toe_off,agreement,B831011E31B14B8EF4ABCD87ED9CA8994785DD1F461453D24A0881FE9F969F2F
Current classified,Gait_classified/toe_off/lqf-00_1-025.png,toe_off,toe_off/lqf-00_1-025.png,toe_off,agreement,5DCDD1BA2A472651EF4A92AAF1339952DBFB397FF85B98AB6BAD3E8FCF0F23DD
Current classified,Gait_classified/toe_off/lqf-00_1-026.png,toe_off,toe_off/lqf-00_1-026.png,toe_off,agreement,E8104665FA7196F8C53216A45B3B358F9CF44C7E6CA2A3DBC4518371C11DA345
Current classified,Gait_classified/toe_off/lqf-00_1-038.png,toe_off,toe_off/lqf-00_1-038.png,toe_off,agreement,942E3FB3296A5DCF85319385FEF5093A95B8CB401EA5A5D3CBC6F0D83B723BF8
Current classified,Gait_classified/toe_off/lqf-00_1-039.png,toe_off,toe_off/lqf-00_1-039.png,toe_off,agreement,E6A8FBA357C18E920688004C066BC761203885A7C2FBF3713775EFF2D7553ECF
Current classified,Gait_classified/toe_off/lqf-00_1-051.png,toe_off,toe_off/lqf-00_1-051.png,toe_off,agreement,19C8A67C56C84BB5E109D2806356AF4EE4BC4062FBBA6C10AE13E0CE463D28DD
Current classified,Gait_classified/toe_off/lqf-00_1-052.png,toe_off,toe_off/lqf-00_1-052.png,toe_off,agreement,1BE4EE0260913D2F151387736FF36326F80B41E5C8A03211F960DF6BF3A3EF31
Current classified,Gait_classified/toe_off/lqf-00_2-011.png,toe_off,toe_off/lqf-00_2-011.png,toe_off,agreement,BCA2161BD4282ABB63A677019210036421BE7266E477C4EF7986F4B82EC5B321
Current classified,Gait_classified/toe_off/lqf-00_2-024.png,toe_off,toe_off/lqf-00_2-024.png,toe_off,agreement,417DFD2ECF2A2923E40698C74D0DC76BC57820EF02DB1166362AE3BA721BD726
Current classified,Gait_classified/toe_off/lqf-00_2-025.png,toe_off,toe_off/lqf-00_2-025.png,toe_off,agreement,16B471AD39E7F9AAC119D3CFC2A7BC8D5918BBFE5581E7739EAEFEDEE4F4B639
Current classified,Gait_classified/toe_off/lqf-00_2-037.png,toe_off,toe_off/lqf-00_2-037.png,toe_off,agreement,10DA07E1571501544DC5B9EC3E3F40D3DB1669442DE4F3FF85F769C411A2DEEA
Current classified,Gait_classified/toe_off/lqf-00_2-038.png,toe_off,toe_off/lqf-00_2-038.png,toe_off,agreement,E3A5BB9BDF11621E86F4ED79E6FCD377D49D8DA87D57816C409A0EFE9FC7D779
Current classified,Gait_classified/toe_off/lqf-00_2-050.png,toe_off,toe_off/lqf-00_2-050.png,toe_off,agreement,F47CA83BB15EDBCA8D084B861A38EC3124B6C1EA8D8270E42E79372083925565
Current classified,Gait_classified/toe_off/lqf-00_2-051.png,toe_off,toe_off/lqf-00_2-051.png,toe_off,agreement,23106526A83883D1113AF793343E400FD0D5C44B945B05220C6301BDD347BECC
Current classified,Gait_classified/toe_off/lqf-00_3-001.png,toe_off,toe_off/lqf-00_3-001.png,toe_off,agreement,A2E46B052453126F311B481909E9FC2A05C467BA3875D4D337B5733C64F47432
Current classified,Gait_classified/toe_off/lqf-00_3-002.png,toe_off,toe_off/lqf-00_3-002.png,toe_off,agreement,FB5A02A468C7142652458B8AA92D76E9A830340E82D9670A93264737F0180E9B
Current classified,Gait_classified/toe_off/lqf-00_3-018.png,toe_off,other/lqf-00_3-017.png,other,conflict,2427B38171FACECAD35577129CCDE6783E45CE6F14A5A2A2F261D5FE58401E36
Current classified,Gait_classified/toe_off/lqf-00_3-018.png,toe_off,toe_off/lqf-00_3-018.png,toe_off,agreement,2427B38171FACECAD35577129CCDE6783E45CE6F14A5A2A2F261D5FE58401E36
Current classified,Gait_classified/toe_off/lqf-00_3-019.png,toe_off,toe_off/lqf-00_3-019.png,toe_off,agreement,977FB52F070B530C33AE37021DDF85872A54FD1E68FB35D7F6BF8684F0556E20
Current classified,Gait_classified/toe_off/lqf-00_3-035.png,toe_off,toe_off/lqf-00_3-035.png,toe_off,agreement,03B1AF338487FD5D000F56E5706934768F80258726740F8F3220DA3C67104501
Current classified,Gait_classified/toe_off/lqf-00_3-051.png,toe_off,toe_off/lqf-00_3-051.png,toe_off,agreement,E388E82AAA6A8DF63F0119E638FD1B76A98069354601F0BC3E8FA00956D4F530
Current classified,Gait_classified/toe_off/lqf-00_3-052.png,toe_off,toe_off/lqf-00_3-052.png,toe_off,agreement,B42800263A20075AFD980333549A7371EF4DE5A50BA78F28E57DB8927BD0561A
Current classified,Gait_classified/toe_off/lqf-00_3-068.png,toe_off,toe_off/lqf-00_3-068.png,toe_off,agreement,E1F227E38FFE5A911D4B95D3BE003D5A310415348E505D58C7BC3FB887E9607E
Current classified,Gait_classified/toe_off/lqf-00_3-069.png,toe_off,toe_off/lqf-00_3-069.png,toe_off,agreement,A7AE5E78C7C29FE207C3047918C5F513EDCA2D8B420F98F03603D6177C499FDD
Current classified,Gait_classified/toe_off/lqf-00_3-070.png,toe_off,toe_off/lqf-00_3-070.png,toe_off,agreement,EE63402FA3C805C8276E48532B41E7F869771DB532B07535BEFC54777DE1E66E
Legacy classified,Gait Phase Classification/Gait_classified_legacy/heel_strike/fyc-00_2-048.png,heel_strike,heel_strike/fyc-00_2-048.png,heel_strike,agreement,3240441EAFD2D6C3D6F70954314B056148A745B46824C8A05E0C44E5DAEB3F0D
Legacy classified,Gait Phase Classification/Gait_classified_legacy/heel_strike/fyc-00_2-062.png,heel_strike,heel_strike/fyc-00_2-062.png,heel_strike,agreement,E0C66BB4BBDEBB8F88E578074846DF1340D150E8A5457ADC0A915A452293D00E
Legacy classified,Gait Phase Classification/Gait_classified_legacy/heel_strike/fyc-00_3-008.png,heel_strike,heel_strike/fyc-00_3-008.png,heel_strike,agreement,168935F5DE26E976BFDCE1D15302F4319668E850B5E02998CA9B2E0C5E7B1428
Legacy classified,Gait Phase Classification/Gait_classified_legacy/heel_strike/fyc-00_3-009.png,heel_strike,heel_strike/fyc-00_3-009.png,heel_strike,agreement,66A9EB85680FEACF62B3C1BD66DE2FAF0C75A3A1B4BC7BCF029AE60D6AB43EAA
Legacy classified,Gait Phase Classification/Gait_classified_legacy/heel_strike/fyc-00_3-021.png,heel_strike,heel_strike/fyc-00_3-021.png,heel_strike,agreement,BD1E83FD9F6F4DBAD1E0AA9001186EB6CF0566D26F305C3B4480F89410525850
Legacy classified,Gait Phase Classification/Gait_classified_legacy/heel_strike/fyc-00_3-034.png,heel_strike,heel_strike/fyc-00_3-034.png,heel_strike,agreement,10B4B4332DAF86194AB1346635FD0BA605454F5AD092A0A117EFA74190C6042C
Legacy classified,Gait Phase Classification/Gait_classified_legacy/heel_strike/fyc-00_3-046.png,heel_strike,heel_strike/fyc-00_3-046.png,heel_strike,agreement,D239461204AE56AB1F463065D3EE1E7AFF5547FD07117265C0CBF0FE19E76C88
Legacy classified,Gait Phase Classification/Gait_classified_legacy/heel_strike/fyc-00_3-056.png,heel_strike,heel_strike/fyc-00_3-056.png,heel_strike,agreement,AFF62A894923400D775F03E3D08E78E32B919024092359B9EB400C9D50A496BB
Legacy classified,Gait Phase Classification/Gait_classified_legacy/heel_strike/fyc-00_3-057.png,heel_strike,heel_strike/fyc-00_3-057.png,heel_strike,agreement,391DF731BDC7B994BDE9EF8E84EA6027C69B6B702391AF7B5435A5A8A1C0ED61
Legacy classified,Gait Phase Classification/Gait_classified_legacy/heel_strike/fyc-00_4-001.png,heel_strike,heel_strike/fyc-00_4-001.png,heel_strike,agreement,D6DFC8AC9FB19E87B3DC5A204279EBEFE8E27298863BE64D96EEA0CDF58FEC73
Legacy classified,Gait Phase Classification/Gait_classified_legacy/heel_strike/fyc-00_4-002.png,heel_strike,heel_strike/fyc-00_4-002.png,heel_strike,agreement,5202CFE77B988846C97B701BB637F9D9DE66D4A1765208C9CAC5ADE2625EDDBF
Legacy classified,Gait Phase Classification/Gait_classified_legacy/heel_strike/fyc-00_4-013.png,heel_strike,heel_strike/fyc-00_4-013.png,heel_strike,agreement,AE35FCEBFCF067208299034F9219CD39985365286A7AFB23A507365F82A73A9A
Legacy classified,Gait Phase Classification/Gait_classified_legacy/heel_strike/fyc-00_4-014.png,heel_strike,heel_strike/fyc-00_4-014.png,heel_strike,agreement,7B707B414B339B9E6FAD3F52B9DBA917D00C2B1205F06917EF5C3EB17B1679C7
Legacy classified,Gait Phase Classification/Gait_classified_legacy/heel_strike/fyc-00_4-027.png,heel_strike,heel_strike/fyc-00_4-027.png,heel_strike,agreement,D2F0308557F87749CAEEA897476D30F5AFE6E5235493FB760B8421794E0C6516
Legacy classified,Gait Phase Classification/Gait_classified_legacy/heel_strike/fyc-00_4-040.png,heel_strike,heel_strike/fyc-00_4-040.png,heel_strike,agreement,8B44670788C5DBF384658FD3F3FCB77346F5C9E38AF0DBB400B4B31C0159A9A9
Legacy classified,Gait Phase Classification/Gait_classified_legacy/heel_strike/fyc-00_4-051.png,heel_strike,heel_strike/fyc-00_4-051.png,heel_strike,agreement,576C377A11F2A0B49368BD771AFB5A17958068943D972A838A14BDE8D8808F37
Legacy classified,Gait Phase Classification/Gait_classified_legacy/heel_strike/fyc-00_4-065.png,heel_strike,heel_strike/fyc-00_4-065.png,heel_strike,agreement,18ECF9FCE961A2C1DDF8F8E9230BA6BDBEE95FAEF0D7DA07F2209CBC8CBB66AE
Legacy classified,Gait Phase Classification/Gait_classified_legacy/heel_strike/hy-00_2-005.png,heel_strike,heel_strike/hy-00_2-005.png,heel_strike,agreement,BAE3408A16C6DA210520DCCDFBEA49C7E8C1811839D998A36BA87EA0EE81061F
Legacy classified,Gait Phase Classification/Gait_classified_legacy/heel_strike/hy-00_2-019.png,heel_strike,heel_strike/hy-00_2-019.png,heel_strike,agreement,5062253168AE80EE9FEA1C66E34A9C0DAC0A368F521E2BDC664681BC17B7DE55
Legacy classified,Gait Phase Classification/Gait_classified_legacy/heel_strike/hy-00_2-035.png,heel_strike,heel_strike/hy-00_2-035.png,heel_strike,agreement,CF634648EF90402AEEB2771DEA32296148E1261E1DD9F88256C1B66686BB83CA
Legacy classified,Gait Phase Classification/Gait_classified_legacy/heel_strike/hy-00_2-047.png,heel_strike,heel_strike/hy-00_2-047.png,heel_strike,agreement,DFFCB692AFAB470CD6F723CAC65F02B79288D70C4FB22FA53876786F710A2E76
Legacy classified,Gait Phase Classification/Gait_classified_legacy/heel_strike/hy-00_2-059.png,heel_strike,heel_strike/hy-00_2-059.png,heel_strike,agreement,3D1DCF00F7933212E0FDBF4D7F5178CC0E177EA990ADE3AEE52A10260BF5E06B
Legacy classified,Gait Phase Classification/Gait_classified_legacy/heel_strike/hy-00_3-008.png,heel_strike,heel_strike/hy-00_3-008.png,heel_strike,agreement,0036F8582F955A6D23CB005787D55241CC2AF58F154796C9218635099B7139D2
Legacy classified,Gait Phase Classification/Gait_classified_legacy/heel_strike/hy-00_3-009.png,heel_strike,heel_strike/hy-00_3-009.png,heel_strike,agreement,9C9516269903E2911C90C69B7AED843DECA0A5C8B266B766D4C4141002ED648C
Legacy classified,Gait Phase Classification/Gait_classified_legacy/heel_strike/hy-00_3-010.png,heel_strike,heel_strike/hy-00_3-010.png,heel_strike,agreement,D8F9A0546923B0CEB2050206B3C52691302E6756C3D86AA4BF970AD63930C62E
Legacy classified,Gait Phase Classification/Gait_classified_legacy/heel_strike/hy-00_3-011.png,heel_strike,heel_strike/hy-00_3-011.png,heel_strike,agreement,D13CA69774F1E911422EC51EDAE775E4B6BDE578F7CA9CD9D4A263CADDD932D0
Legacy classified,Gait Phase Classification/Gait_classified_legacy/heel_strike/hy-00_3-023.png,heel_strike,heel_strike/hy-00_3-023.png,heel_strike,agreement,2B27CA7B1C76AF4EEDB5B1CDF07EE3F62C5338D27E2F9B0F5BD0A888E7A454C9
Legacy classified,Gait Phase Classification/Gait_classified_legacy/heel_strike/hy-00_3-024.png,heel_strike,heel_strike/hy-00_3-024.png,heel_strike,agreement,E0CE8B9F9A6C37D7CBDA4FA312E0C284CF95B3DB075C2C3291138C792B4FC082
Legacy classified,Gait Phase Classification/Gait_classified_legacy/heel_strike/hy-00_3-035.png,heel_strike,heel_strike/hy-00_3-035.png,heel_strike,agreement,A65821C9EC3FD389F8F7E4BA7A70412897894E6DBDC7F8ED719B5306D4E15BA4
Legacy classified,Gait Phase Classification/Gait_classified_legacy/heel_strike/hy-00_3-036.png,heel_strike,heel_strike/hy-00_3-036.png,heel_strike,agreement,D2BD496F92CD94BBD4CFC0A55DEFAD97CA42CE9A3DAF1F015F30579B78C96128
Legacy classified,Gait Phase Classification/Gait_classified_legacy/heel_strike/hy-00_3-048.png,heel_strike,heel_strike/hy-00_3-048.png,heel_strike,agreement,576D26B0B35CC9B26289F9045D1105A344B1CC58E9BF918DEB27CA4F749FD5A9
Legacy classified,Gait Phase Classification/Gait_classified_legacy/heel_strike/hy-00_3-049.png,heel_strike,heel_strike/hy-00_3-049.png,heel_strike,agreement,207BD7DE28BDF6537BB337060443C9B7609E7FFE8B3DC6EEF2410F1DECA910B8
Legacy classified,Gait Phase Classification/Gait_classified_legacy/heel_strike/hy-00_4-005.png,heel_strike,heel_strike/hy-00_4-005.png,heel_strike,agreement,5FEA08125CDCA21E552E2D316A2BE90F2BEB3D4A7D6001648EEE82422E267419
Legacy classified,Gait Phase Classification/Gait_classified_legacy/heel_strike/hy-00_4-006.png,heel_strike,heel_strike/hy-00_4-006.png,heel_strike,agreement,AA95F1E08D2C96F122C0B71D471BD7CCCFB6733D2F83A5C4B259397D67D6DF7F
Legacy classified,Gait Phase Classification/Gait_classified_legacy/heel_strike/hy-00_4-019.png,heel_strike,heel_strike/hy-00_4-019.png,heel_strike,agreement,4CD88F6066D4C214D640EF6E7EFB0BAD2E0E68C1F9AE105E018F2D4B63B961AC
Legacy classified,Gait Phase Classification/Gait_classified_legacy/heel_strike/hy-00_4-020.png,heel_strike,heel_strike/hy-00_4-020.png,heel_strike,agreement,5A4DD92F37CABC13E7507178CE427BCE9E0A062C9FC1455F488BF1591138F96F
Legacy classified,Gait Phase Classification/Gait_classified_legacy/heel_strike/hy-00_4-031.png,heel_strike,heel_strike/hy-00_4-031.png,heel_strike,agreement,0A0DADF477751BCB884CABFB9325B36E2550F4422177D8DCD14B2284258B197D
Legacy classified,Gait Phase Classification/Gait_classified_legacy/heel_strike/hy-00_4-032.png,heel_strike,heel_strike/hy-00_4-032.png,heel_strike,agreement,DA125ACB0B14CCA4792DCABC921D55846AC2064A7CA4239A0B39104A2147D1EA
Legacy classified,Gait Phase Classification/Gait_classified_legacy/heel_strike/hy-00_4-044.png,heel_strike,heel_strike/hy-00_4-044.png,heel_strike,agreement,1034BE7F449D84F1E6900B6DCDFBDA45573EC7F3C63194FD3AB1F0B47A46986B
Legacy classified,Gait Phase Classification/Gait_classified_legacy/heel_strike/hy-00_4-057.png,heel_strike,heel_strike/hy-00_4-057.png,heel_strike,agreement,2251DC8DB570F25FB63C72E67E2CAAAC2D84AB7669895F4C4B646351F9083BD4
Legacy classified,Gait Phase Classification/Gait_classified_legacy/heel_strike/ljg-00_1-010.png,heel_strike,heel_strike/ljg-00_1-010.png,heel_strike,agreement,5AAF1AE0429C4813DCC8B1D5422BE6E49BD2473CC9A14DE0BC05D5F47EE98BAC
Legacy classified,Gait Phase Classification/Gait_classified_legacy/heel_strike/ljg-00_1-011.png,heel_strike,heel_strike/ljg-00_1-011.png,heel_strike,agreement,4837E8F6D1748AB8744EA9F9222CBFC2E283C95BA8FFAE74A5309648AD245DD7
Legacy classified,Gait Phase Classification/Gait_classified_legacy/heel_strike/ljg-00_1-025.png,heel_strike,heel_strike/ljg-00_1-025.png,heel_strike,agreement,69600416653B88B9214D55F8DDD7F0B14366A96DF6D8EB9BDA999A959EA45F81
Legacy classified,Gait Phase Classification/Gait_classified_legacy/heel_strike/ljg-00_1-026.png,heel_strike,heel_strike/ljg-00_1-026.png,heel_strike,agreement,372A4852D7BB190F979A91D3DCE6E7CA7FB2126A9632A609B1ECE5418E98F7EA
Legacy classified,Gait Phase Classification/Gait_classified_legacy/heel_strike/ljg-00_1-039.png,heel_strike,heel_strike/ljg-00_1-039.png,heel_strike,agreement,5409E3C4F893DBE74650B91932E84FE47AE12404EBB887871A0A752CFEC85C2D
Legacy classified,Gait Phase Classification/Gait_classified_legacy/heel_strike/ljg-00_1-040.png,heel_strike,heel_strike/ljg-00_1-040.png,heel_strike,agreement,5D9322D39F61032BB74CFFBF08BCF35EA0C07684A38494764BED75E37B22BCA4
Legacy classified,Gait Phase Classification/Gait_classified_legacy/heel_strike/ljg-00_1-041.png,heel_strike,heel_strike/ljg-00_1-041.png,heel_strike,agreement,D4551FB695A28692A4F720E5CC209387A6D8C8D09662991D9BBAE88C2C777905
Legacy classified,Gait Phase Classification/Gait_classified_legacy/heel_strike/ljg-00_1-052.png,heel_strike,heel_strike/ljg-00_1-052.png,heel_strike,agreement,7F279B8E3647C6238B3C05061968C2C7032507EC6133E80EE084AC55DA6244B0
Legacy classified,Gait Phase Classification/Gait_classified_legacy/heel_strike/ljg-00_1-053.png,heel_strike,heel_strike/ljg-00_1-053.png,heel_strike,agreement,FEF0E66AB06AE93CF75E28155B89B40A3E8F866BC091D365968F341A283C2B7F
Legacy classified,Gait Phase Classification/Gait_classified_legacy/heel_strike/ljg-00_1-053.png,heel_strike,other/ljg-00_1-051.png,other,conflict,FEF0E66AB06AE93CF75E28155B89B40A3E8F866BC091D365968F341A283C2B7F
Legacy classified,Gait Phase Classification/Gait_classified_legacy/heel_strike/ljg-00_1-054.png,heel_strike,heel_strike/ljg-00_1-054.png,heel_strike,agreement,4C962F30EF38C8269CC4BC254E1337F4E2D2167D637D778AF7A4CB9CA8C2AEA4
Legacy classified,Gait Phase Classification/Gait_classified_legacy/heel_strike/ljg-00_1-055.png,heel_strike,heel_strike/ljg-00_1-055.png,heel_strike,agreement,69BD06756D3868F76F73DA8B0BC72AA50B1A1EFE5A002000C516E58543C08F24
Legacy classified,Gait Phase Classification/Gait_classified_legacy/heel_strike/ljg-00_2-001.png,heel_strike,heel_strike/ljg-00_2-001.png,heel_strike,agreement,1B30BD94DE5D7B6E09E1ABDCBB1830470FA9380CA6BD3622F4FB0753D205B703
Legacy classified,Gait Phase Classification/Gait_classified_legacy/heel_strike/ljg-00_2-002.png,heel_strike,heel_strike/ljg-00_2-002.png,heel_strike,agreement,9A3F227B572267366981AB3C719006EBAF557C7C487C953606DB2B65F3314DAF
Legacy classified,Gait Phase Classification/Gait_classified_legacy/heel_strike/ljg-00_2-017.png,heel_strike,heel_strike/ljg-00_2-017.png,heel_strike,agreement,C325727AD9864408B24DF4D763012CCDB19FB937280ABDCEA47C76053F65518B
Legacy classified,Gait Phase Classification/Gait_classified_legacy/heel_strike/ljg-00_2-018.png,heel_strike,heel_strike/ljg-00_2-018.png,heel_strike,agreement,582BB243E7A432057A4ADDA2A569A0766CE8E96888FF153DB467F0AC7AFB8A52
Legacy classified,Gait Phase Classification/Gait_classified_legacy/heel_strike/ljg-00_2-031.png,heel_strike,heel_strike/ljg-00_2-031.png,heel_strike,agreement,032674DD14DF89127250E5CDACB611FEA351778CB6843A1EA97D840C1BC07952
Legacy classified,Gait Phase Classification/Gait_classified_legacy/heel_strike/ljg-00_2-046.png,heel_strike,heel_strike/ljg-00_2-046.png,heel_strike,agreement,D4CF57E0187FFAF8ACB836047DEA66B06308AF555850F3376A38269B722A1451
Legacy classified,Gait Phase Classification/Gait_classified_legacy/heel_strike/ljg-00_2-047.png,heel_strike,heel_strike/ljg-00_2-047.png,heel_strike,agreement,6B7FCE5A64943D026923665EDB9A00C0DE80DC9B7A96C511B3D6A5B5C3C889DB
Legacy classified,Gait Phase Classification/Gait_classified_legacy/heel_strike/ljg-00_2-060.png,heel_strike,heel_strike/ljg-00_2-060.png,heel_strike,agreement,2C2AFAD16990BAD6BCCEAA325FEC858DDE82A596BB54224C5BBE5339A3EC2CD3
Legacy classified,Gait Phase Classification/Gait_classified_legacy/heel_strike/ljg-00_2-061.png,heel_strike,heel_strike/ljg-00_2-061.png,heel_strike,agreement,6BC98130F32444331991774723B35CC31313C45049FAF58CAE30ABAE01EB2DB2
Legacy classified,Gait Phase Classification/Gait_classified_legacy/heel_strike/ljg-00_3-004.png,heel_strike,heel_strike/ljg-00_3-004.png,heel_strike,agreement,46089053B54EF1B94B365270E8C72C30416F1E0968EE2B6202CDC5BA8ABF444C
Legacy classified,Gait Phase Classification/Gait_classified_legacy/heel_strike/ljg-00_3-017.png,heel_strike,heel_strike/ljg-00_3-017.png,heel_strike,agreement,C2EF5062AE55C03221FC211E601A448C15BD91021F0479C0DDDE8FF2D031DA9A
Legacy classified,Gait Phase Classification/Gait_classified_legacy/heel_strike/ljg-00_3-018.png,heel_strike,heel_strike/ljg-00_3-018.png,heel_strike,agreement,32AEB0C883A087BC4037F0C7D91BD62722B1951883554394E8F2BACE8A8F4CA4
Legacy classified,Gait Phase Classification/Gait_classified_legacy/heel_strike/ljg-00_3-019.png,heel_strike,heel_strike/ljg-00_3-019.png,heel_strike,agreement,02856C557DB58439A1D53A794118151A2974B616E3CE2983B5CDB8BE39541E2F
Legacy classified,Gait Phase Classification/Gait_classified_legacy/heel_strike/ljg-00_3-032.png,heel_strike,heel_strike/ljg-00_3-032.png,heel_strike,agreement,A030DC38FCF87E371173148D14CD8379DDCAB8025681849A3AC9C59A6FA69758
Legacy classified,Gait Phase Classification/Gait_classified_legacy/heel_strike/ljg-00_3-033.png,heel_strike,heel_strike/ljg-00_3-033.png,heel_strike,agreement,254E095AD417C86E289BEE46DDC4113FBBAB52443AA6A9289705CB7DF75F001E
Legacy classified,Gait Phase Classification/Gait_classified_legacy/heel_strike/ljg-00_3-046.png,heel_strike,heel_strike/ljg-00_3-046.png,heel_strike,agreement,FFB98F1DBFE524393B6B58F9324E2A0C679D16D52969581E9C036892CD5B7C61
Legacy classified,Gait Phase Classification/Gait_classified_legacy/heel_strike/ljg-00_3-047.png,heel_strike,heel_strike/ljg-00_3-047.png,heel_strike,agreement,6128C8AA984A9DF3B5AF7E81EA27E300CA105C08C40EC7F0EE779A041344B232
Legacy classified,Gait Phase Classification/Gait_classified_legacy/heel_strike/ljg-00_3-061.png,heel_strike,heel_strike/ljg-00_3-061.png,heel_strike,agreement,3F570950357206CC1309E4AC3C5CF64BA02F4670CF78AA4C68615836301C4BE8
Legacy classified,Gait Phase Classification/Gait_classified_legacy/heel_strike/ljg-00_3-062.png,heel_strike,heel_strike/ljg-00_3-062.png,heel_strike,agreement,17692F0D697DB2A5A6DC3C1B00FF09012B99623D9A282DDB93D93F5E20971645
Legacy classified,Gait Phase Classification/Gait_classified_legacy/heel_strike/ljg-00_4-001.png,heel_strike,heel_strike/ljg-00_4-001.png,heel_strike,agreement,BA2E7EB01921D923C1CA40CCA09DEA685E210B03A5458D942FCF9BB3E6E0E128
Legacy classified,Gait Phase Classification/Gait_classified_legacy/heel_strike/ljg-00_4-002.png,heel_strike,heel_strike/ljg-00_4-002.png,heel_strike,agreement,C962361D4CDE8A73D6BE6AFA024E52AFB4C56E73D82062A1C69D7251D50D2215
Legacy classified,Gait Phase Classification/Gait_classified_legacy/heel_strike/ljg-00_4-003.png,heel_strike,heel_strike/ljg-00_4-003.png,heel_strike,agreement,E938DC6FE196C43C22E51DDE4F09266BA00F409422A596C4311B48A8FB925B3E
Legacy classified,Gait Phase Classification/Gait_classified_legacy/heel_strike/ljg-00_4-017.png,heel_strike,heel_strike/ljg-00_4-017.png,heel_strike,agreement,6A02925E4D822F4FFF2BCCD4A7B6C894139AB72DDF3A35C82AB906D5068CECA9
Legacy classified,Gait Phase Classification/Gait_classified_legacy/heel_strike/ljg-00_4-029.png,heel_strike,heel_strike/ljg-00_4-029.png,heel_strike,agreement,811E5233631397110C689F1BB396A55852B028CA820A3095D1CE2892419FFF45
Legacy classified,Gait Phase Classification/Gait_classified_legacy/heel_strike/ljg-00_4-044.png,heel_strike,heel_strike/ljg-00_4-044.png,heel_strike,agreement,D1787994B162B24DC30A083FF4EC81608A10EBAA13A3901C986D10A031136583
Legacy classified,Gait Phase Classification/Gait_classified_legacy/heel_strike/ljg-00_4-057.png,heel_strike,heel_strike/ljg-00_4-057.png,heel_strike,agreement,D681A8971629FD5A3E49A74A5C7A0AA174FB5AF76A4F3E426A8B1F3BE87E9BB6
Legacy classified,Gait Phase Classification/Gait_classified_legacy/heel_strike/lqf-00_1-009.png,heel_strike,heel_strike/lqf-00_1-009.png,heel_strike,agreement,B8E67D734F7642797B89D1F4D5AF3247F3165B6D0D9984FCA2F62878CA70808D
Legacy classified,Gait Phase Classification/Gait_classified_legacy/heel_strike/lqf-00_1-010.png,heel_strike,heel_strike/lqf-00_1-010.png,heel_strike,agreement,C4753CC1CE7D3639AE0B21469A119D19376EC060D350E8B34269CD29B4712A77
Legacy classified,Gait Phase Classification/Gait_classified_legacy/heel_strike/lqf-00_1-021.png,heel_strike,heel_strike/lqf-00_1-021.png,heel_strike,agreement,4DBFF1174E4A64423D26205F153E3B23970925921302088372769BA4AB6DCE9E
Legacy classified,Gait Phase Classification/Gait_classified_legacy/heel_strike/lqf-00_1-022.png,heel_strike,heel_strike/lqf-00_1-022.png,heel_strike,agreement,BEC3F67D6A56C07F0281D1813F81116EFD79F33CC6A57EE497AF43432FAA8DB5
Legacy classified,Gait Phase Classification/Gait_classified_legacy/heel_strike/lqf-00_1-036.png,heel_strike,heel_strike/lqf-00_1-036.png,heel_strike,agreement,1C3E1C0A905AAE39680E234CEC0AB653FCC2AE02F80836BEBD0B108402158BA8
Legacy classified,Gait Phase Classification/Gait_classified_legacy/heel_strike/lqf-00_1-048.png,heel_strike,heel_strike/lqf-00_1-048.png,heel_strike,agreement,878B3A75850AAA74507805041F37EDB1DAFF7B0A83A95B8DAB28C974CB6B691E
Legacy classified,Gait Phase Classification/Gait_classified_legacy/heel_strike/lqf-00_1-049.png,heel_strike,heel_strike/lqf-00_1-049.png,heel_strike,agreement,1F3D3C7A34B89527B649765BB7BA7F9BDB2957D34B4C120995366D536D849922
Legacy classified,Gait Phase Classification/Gait_classified_legacy/heel_strike/lqf-00_2-005.png,heel_strike,heel_strike/lqf-00_2-005.png,heel_strike,agreement,243B24D37F1DB09D73FD7B1E56239C3EDDEE2B9D14AAF337C1C1AC92F64D5A8A
Legacy classified,Gait Phase Classification/Gait_classified_legacy/heel_strike/lqf-00_2-006.png,heel_strike,heel_strike/lqf-00_2-006.png,heel_strike,agreement,39F2D76BFFA4D77653F87FFFDC4C9F3C544F5A16A51E8C2A9236CF8BE75E5670
Legacy classified,Gait Phase Classification/Gait_classified_legacy/heel_strike/lqf-00_2-007.png,heel_strike,heel_strike/lqf-00_2-007.png,heel_strike,agreement,8D3985E5E7ABC93800099D2D6189B4F529D568CCFEA7A914263AB0F103EDD648
Legacy classified,Gait Phase Classification/Gait_classified_legacy/heel_strike/lqf-00_2-020.png,heel_strike,heel_strike/lqf-00_2-020.png,heel_strike,agreement,44E63EA9B43BD80E89A302E166238D45BB94054D81FA66226A29D6606956EEC0
Legacy classified,Gait Phase Classification/Gait_classified_legacy/heel_strike/lqf-00_2-021.png,heel_strike,heel_strike/lqf-00_2-021.png,heel_strike,agreement,47F8648856916C0AAE82A3CC8268A19708FA72FF04C0C1F02E46047C7D0E0408
Legacy classified,Gait Phase Classification/Gait_classified_legacy/heel_strike/lqf-00_2-033.png,heel_strike,heel_strike/lqf-00_2-033.png,heel_strike,agreement,98C7468DD082974E39078CD63E0EEEBD9B9C22CE5FB25587A58BE4047164F654
Legacy classified,Gait Phase Classification/Gait_classified_legacy/heel_strike/lqf-00_2-034.png,heel_strike,heel_strike/lqf-00_2-034.png,heel_strike,agreement,85289553B314AE166DBC2E4BC255E4E47E0450EFC13C7FC00A76FED25B76D054
Legacy classified,Gait Phase Classification/Gait_classified_legacy/heel_strike/lqf-00_2-047.png,heel_strike,heel_strike/lqf-00_2-047.png,heel_strike,agreement,A3A319749E3AD9BAF5E05405BED5A03156F37BA0B3E2142FFF3F0C86E45388A9
Legacy classified,Gait Phase Classification/Gait_classified_legacy/heel_strike/lqf-00_2-060.png,heel_strike,heel_strike/lqf-00_2-060.png,heel_strike,agreement,31881C319D78127ECAAF2362A41390990F31ED278FFC195767BFD9CB5E95320C
Legacy classified,Gait Phase Classification/Gait_classified_legacy/heel_strike/lqf-00_2-061.png,heel_strike,heel_strike/lqf-00_2-061.png,heel_strike,agreement,813225C3C0F3C15D5AE430CF50BDC1335D4A4FF9E277FA08452EC1051BF5CC8D
Legacy classified,Gait Phase Classification/Gait_classified_legacy/heel_strike/lqf-00_3-012.png,heel_strike,heel_strike/lqf-00_3-012.png,heel_strike,agreement,0A7A009738E6B5D89D8CFAA1FDE3D2299A37F20831EA0F27A045A2556A5985E9
Legacy classified,Gait Phase Classification/Gait_classified_legacy/heel_strike/lqf-00_3-012.png,heel_strike,other/lqf-00_3-011.png,other,conflict,0A7A009738E6B5D89D8CFAA1FDE3D2299A37F20831EA0F27A045A2556A5985E9
Legacy classified,Gait Phase Classification/Gait_classified_legacy/heel_strike/lqf-00_3-013.png,heel_strike,heel_strike/lqf-00_3-013.png,heel_strike,agreement,82B458A0179A2ECC204F650148C63E45DAFB92F4B8A9C7CE118CB40A689B6A65
Legacy classified,Gait Phase Classification/Gait_classified_legacy/heel_strike/lqf-00_3-014.png,heel_strike,heel_strike/lqf-00_3-014.png,heel_strike,agreement,A3A318ACDC3D41FDBD38A1E3A80A5AFDB16AD015E9D13C4D17C16F0730A372FE
Legacy classified,Gait Phase Classification/Gait_classified_legacy/heel_strike/lqf-00_3-030.png,heel_strike,heel_strike/lqf-00_3-030.png,heel_strike,agreement,00FBB1DE3D6B030C085211C06DC920989CF0BE3854038F120959292087F20B9F
Legacy classified,Gait Phase Classification/Gait_classified_legacy/heel_strike/lqf-00_3-030.png,heel_strike,other/lqf-00_3-029.png,other,conflict,00FBB1DE3D6B030C085211C06DC920989CF0BE3854038F120959292087F20B9F
Legacy classified,Gait Phase Classification/Gait_classified_legacy/heel_strike/lqf-00_3-031.png,heel_strike,heel_strike/lqf-00_3-031.png,heel_strike,agreement,88B45CC2BBAA517AE1455B3726E61190967F128BE3B59B1100FE67176A6DAC3D
Legacy classified,Gait Phase Classification/Gait_classified_legacy/heel_strike/lqf-00_3-047.png,heel_strike,heel_strike/lqf-00_3-047.png,heel_strike,agreement,5CF2B7D996AFF10BC0750A846FAC70730BA52B3BC9EF9557827F42143C65DA3F
Legacy classified,Gait Phase Classification/Gait_classified_legacy/heel_strike/lqf-00_3-062.png,heel_strike,heel_strike/lqf-00_3-062.png,heel_strike,agreement,4FB1EFFFDC496BC3AB368265FC0DBFB19344011894B34665934CA44D7ABE5373
Legacy classified,Gait Phase Classification/Gait_classified_legacy/heel_strike/lqf-00_3-063.png,heel_strike,heel_strike/lqf-00_3-063.png,heel_strike,agreement,2BF9E7A89F28478F0B35622B1FCC68E862A9F434D124E0F2785A168D02DFD1C5
Legacy classified,Gait Phase Classification/Gait_classified_legacy/heel_strike/lqf-00_3-064.png,heel_strike,heel_strike/lqf-00_3-064.png,heel_strike,agreement,DBDE81FC10F383335CEA275210E27CE34E401BCF9E785557544410F6E9CE5DF1
Legacy classified,Gait Phase Classification/Gait_classified_legacy/other/fyc-00_1-001.png,other,other/fyc-00_1-001.png,other,agreement,1EA1F1159C1BE36BE945E9323370308EE43ECBC2443F43DC304C46BD2365AE0A
Legacy classified,Gait Phase Classification/Gait_classified_legacy/other/fyc-00_1-002.png,other,other/fyc-00_1-002.png,other,agreement,3D656D2364A1456AD94D3F8F6908AE7C5949C310AB3C4F856881576411BA8E8B
Legacy classified,Gait Phase Classification/Gait_classified_legacy/other/fyc-00_1-009.png,other,other/fyc-00_1-009.png,other,agreement,E784DADDF0DB023162DBC47CB7B9E3E137994686A0C0158E2F940B2D89F25E37
Legacy classified,Gait Phase Classification/Gait_classified_legacy/other/fyc-00_1-010.png,other,other/fyc-00_1-010.png,other,agreement,CF6C8B2F43689EA67737E95FE95364CD67870BE675A288CB736126D3CB80953A
Legacy classified,Gait Phase Classification/Gait_classified_legacy/other/fyc-00_1-011.png,other,other/fyc-00_1-011.png,other,agreement,36553A85B8EB08ED61344C192FBEFB3112F34186CDF54F980BB62C2C6EA9CE66
Legacy classified,Gait Phase Classification/Gait_classified_legacy/other/fyc-00_1-012.png,other,other/fyc-00_1-012.png,other,agreement,4CB62A5EC43054EA6B00284B4CB81884C025F680A0FEE0D306358479C54F78CC
Legacy classified,Gait Phase Classification/Gait_classified_legacy/other/fyc-00_1-013.png,other,other/fyc-00_1-013.png,other,agreement,A32160B0774647A406D8AAD2295AEDC7ECE186E703834A81569BC424DF32E928
Legacy classified,Gait Phase Classification/Gait_classified_legacy/other/fyc-00_1-014.png,other,other/fyc-00_1-014.png,other,agreement,B892F35A54BA7E20930DD129B86036C6165BA9F0F1D7B54CFD6DCD235E3B3FD4
Legacy classified,Gait Phase Classification/Gait_classified_legacy/other/fyc-00_1-015.png,other,other/fyc-00_1-015.png,other,agreement,0DFFCC2F38F92A1423044D463D01091FBC179E25140C788455B781EE99BA5450
Legacy classified,Gait Phase Classification/Gait_classified_legacy/other/fyc-00_1-016.png,other,other/fyc-00_1-016.png,other,agreement,CBEF7D9A952B3F81ECEA54E01F37710C82F54C3EF870F9BCE5EC1BD5D22E0454
Legacy classified,Gait Phase Classification/Gait_classified_legacy/other/fyc-00_1-017.png,other,other/fyc-00_1-017.png,other,agreement,57881059CA92A0306EC4E64A51F49FDF72A866365B2929108E105B81BB6AE8E3
Legacy classified,Gait Phase Classification/Gait_classified_legacy/other/fyc-00_1-020.png,other,other/fyc-00_1-020.png,other,agreement,EFDCEF4273D8CE718B2959081A5BCC33E8D84ED3B46CDA08859513BDF7C9CBAB
Legacy classified,Gait Phase Classification/Gait_classified_legacy/other/fyc-00_1-021.png,other,other/fyc-00_1-021.png,other,agreement,545369430D8CA9AB712B260CF2436040DC0433E8932FD5B868189F47217D887C
Legacy classified,Gait Phase Classification/Gait_classified_legacy/other/fyc-00_1-022.png,other,other/fyc-00_1-022.png,other,agreement,C39B8CBE8DAC62666FE47E57515AB3D3ED1D40D1795428667599EE8EBF608FFE
Legacy classified,Gait Phase Classification/Gait_classified_legacy/other/fyc-00_1-023.png,other,other/fyc-00_1-023.png,other,agreement,B6F72C2B7884545B844DC111AEF364CADA15D9B83C8AD09A6687A1ED6D97B14C
Legacy classified,Gait Phase Classification/Gait_classified_legacy/other/fyc-00_1-024.png,other,other/fyc-00_1-024.png,other,agreement,29EC8D428242E91210FF25C61CE105F7D327343B5C21D05CCFB8BD97FBDAC9D1
Legacy classified,Gait Phase Classification/Gait_classified_legacy/other/fyc-00_1-025.png,other,other/fyc-00_1-025.png,other,agreement,942891DCA6743C388CA9F69408FA6F70E5C80F77AC93770AAFB651A018F48837
Legacy classified,Gait Phase Classification/Gait_classified_legacy/other/fyc-00_1-026.png,other,other/fyc-00_1-026.png,other,agreement,5E2493587202D216CA9F03AEAA1C76E246E4B02C65632AD5DD95717B42376CE4
Legacy classified,Gait Phase Classification/Gait_classified_legacy/other/fyc-00_1-027.png,other,other/fyc-00_1-027.png,other,agreement,00DA3BDD39F17976C640430D91B8DED0B5FD55970B8C2A133E0FC5F79A0285F2
Legacy classified,Gait Phase Classification/Gait_classified_legacy/other/fyc-00_1-028.png,other,other/fyc-00_1-028.png,other,agreement,28A04AE4ED1DEA167C69C689B95FC442C32A810A5E5550D1E546CA1E1CD7ECCE
Legacy classified,Gait Phase Classification/Gait_classified_legacy/other/fyc-00_1-029.png,other,other/fyc-00_1-029.png,other,agreement,B6FB99200EB9A8CFC18EEDAD8E277BF9B038AF7D68580B8E3E123DB99C51A948
Legacy classified,Gait Phase Classification/Gait_classified_legacy/other/fyc-00_1-030.png,other,other/fyc-00_1-030.png,other,agreement,548C717B9F1ADDAF99FA4E8D987765B0155CDFCBA6FA14592C2CD0DB3B1D5A93
Legacy classified,Gait Phase Classification/Gait_classified_legacy/other/fyc-00_1-036.png,other,other/fyc-00_1-036.png,other,agreement,556543DA300AFD58B3E7056FB9D9B0AA01D517D6D4090B929121B9644D280C68
Legacy classified,Gait Phase Classification/Gait_classified_legacy/other/fyc-00_1-037.png,other,other/fyc-00_1-037.png,other,agreement,5C772909CD9FA45565C9E1C6B05C2DD7382C8AEB05C0DAED90AAB8C593D26E26
Legacy classified,Gait Phase Classification/Gait_classified_legacy/other/fyc-00_1-038.png,other,other/fyc-00_1-038.png,other,agreement,020C727711A6B513AE481F2D83B499B89FA3D496F0830C41F67CF82F1EBE087B
Legacy classified,Gait Phase Classification/Gait_classified_legacy/other/fyc-00_1-039.png,other,other/fyc-00_1-039.png,other,agreement,312B393AE4376D52B77298085EE11FEF27D1ADA839F9249921616238D8192C2B
Legacy classified,Gait Phase Classification/Gait_classified_legacy/other/fyc-00_1-040.png,other,other/fyc-00_1-040.png,other,agreement,7AF5D9E8E616961725A95EFA791AA5282915C819F5A1901DD514EC13F58E0603
Legacy classified,Gait Phase Classification/Gait_classified_legacy/other/fyc-00_1-041.png,other,other/fyc-00_1-041.png,other,agreement,4981FD4A1C4902753B4A7C6439C98904B16EF81C2AFF41063C5AEB1D89A4CF21
Legacy classified,Gait Phase Classification/Gait_classified_legacy/other/fyc-00_1-042.png,other,other/fyc-00_1-042.png,other,agreement,936E1B9F862F62B3108D9326E896CE1B6A2C04250F2B7285528A706148757830
Legacy classified,Gait Phase Classification/Gait_classified_legacy/other/fyc-00_1-043.png,other,other/fyc-00_1-043.png,other,agreement,D67CFF8CB3C99F3064BE7B325B1FDAA9B4AFC264C5F01B1EBC7280F2C5F5FB99
Legacy classified,Gait Phase Classification/Gait_classified_legacy/other/fyc-00_1-044.png,other,other/fyc-00_1-044.png,other,agreement,CB11A2BD42AC2BADAD0CD62C368B2D2453984216BCC29CF9108C349488B9B225
Legacy classified,Gait Phase Classification/Gait_classified_legacy/other/fyc-00_1-047.png,other,other/fyc-00_1-047.png,other,agreement,E9A4E64A2CB9C9F135A5A8FEEBEF4F2F54E3F07E7F7C99F20FF358F86B2ECEB4
Legacy classified,Gait Phase Classification/Gait_classified_legacy/other/fyc-00_1-048.png,other,other/fyc-00_1-048.png,other,agreement,335375AC094AA771C98BAC53A260F128A3C61635302B31A13552003C705CAB57
Legacy classified,Gait Phase Classification/Gait_classified_legacy/other/fyc-00_1-049.png,other,other/fyc-00_1-049.png,other,agreement,BEDE33EAD3E9CFEE7C871FEFC0AA9DB457C135B43516A47627CB8D17BFE7660D
Legacy classified,Gait Phase Classification/Gait_classified_legacy/other/fyc-00_1-050.png,other,other/fyc-00_1-050.png,other,agreement,C471A1FA4CD82702FE54E6BECDD8120715B8BD838D4C181E79FCCAA89F98B6F1
Legacy classified,Gait Phase Classification/Gait_classified_legacy/other/fyc-00_1-051.png,other,other/fyc-00_1-051.png,other,agreement,BBD9675D7B6FD49DEA9F364FF4F3E1ECF94251DB1B2349316DAC87E8FB23EE94
Legacy classified,Gait Phase Classification/Gait_classified_legacy/other/fyc-00_1-052.png,other,other/fyc-00_1-052.png,other,agreement,E4EC1188FE8972D26E288F137833CB5E4AC7494DF047374C216B073B6292CA77
Legacy classified,Gait Phase Classification/Gait_classified_legacy/other/fyc-00_1-053.png,other,other/fyc-00_1-053.png,other,agreement,8C208A0D3D784881E9B6206907AFD888CD2F7304885DB8BF375F6A72E2CD4D81
Legacy classified,Gait Phase Classification/Gait_classified_legacy/other/fyc-00_1-054.png,other,other/fyc-00_1-054.png,other,agreement,CA85C58BA4C401E3F01971C88993EEAB5E1B133715D9D1F3929F5F3CED839053
Legacy classified,Gait Phase Classification/Gait_classified_legacy/other/fyc-00_1-055.png,other,other/fyc-00_1-055.png,other,agreement,6D169E44992BC9897450CBAE50F3385AD2D83F9171818CDD8A6543E3F886CFD4
Legacy classified,Gait Phase Classification/Gait_classified_legacy/other/fyc-00_1-056.png,other,other/fyc-00_1-056.png,other,agreement,5CC50277719185C4E4745D2DA9A8123295AB84B75B9C2F1CDDF84FB06A3C6A4F
Legacy classified,Gait Phase Classification/Gait_classified_legacy/other/fyc-00_1-057.png,other,other/fyc-00_1-057.png,other,agreement,347686B062E3833D8E8D7D1F64724442D8E270E0FC8ABC69C7BF46A19196DDFA
Legacy classified,Gait Phase Classification/Gait_classified_legacy/other/fyc-00_1-061.png,other,other/fyc-00_1-061.png,other,agreement,373D62D0C9CA372C59496F60EBC6E7EBD888D966D6E64CCC4427222124D12065
Legacy classified,Gait Phase Classification/Gait_classified_legacy/other/fyc-00_1-062.png,other,other/fyc-00_1-062.png,other,agreement,0CF17C4955E93A50DFF9501F06C05D526E9836FF563D831188DD2451510ABE88
Legacy classified,Gait Phase Classification/Gait_classified_legacy/other/fyc-00_1-063.png,other,other/fyc-00_1-063.png,other,agreement,5C4C781F97D51B77EEB106DF799A1C5DA9BC310FD35BC517663E61CB361E139F
Legacy classified,Gait Phase Classification/Gait_classified_legacy/other/fyc-00_1-064.png,other,other/fyc-00_1-064.png,other,agreement,EBD7FE40725BC68921F09D1AA6BB3518FAA0E1365FD9CF140FD9216D369781D4
Legacy classified,Gait Phase Classification/Gait_classified_legacy/other/fyc-00_1-065.png,other,other/fyc-00_1-065.png,other,agreement,1F0A1CC94FF01F67E6D95167231CBA5470C6A2C2E8ADA8AEFC77F982CDDF4A20
Legacy classified,Gait Phase Classification/Gait_classified_legacy/other/fyc-00_1-066.png,other,other/fyc-00_1-066.png,other,agreement,047E74B647FEAD21F2270B281CE1128FCCCC26D4CC40A8F9BBDE26707E3F91B2
Legacy classified,Gait Phase Classification/Gait_classified_legacy/other/fyc-00_1-067.png,other,other/fyc-00_1-067.png,other,agreement,519125A525F92D42D92FCFDC5A19742F3ECEDE66652716697309771C359F6832
Legacy classified,Gait Phase Classification/Gait_classified_legacy/other/fyc-00_1-068.png,other,other/fyc-00_1-068.png,other,agreement,0E3C7C58951D1FDB185CBB0EA30D0051B9CB49E20B0E8EB5BA311495D5562D7C
Legacy classified,Gait Phase Classification/Gait_classified_legacy/other/fyc-00_1-072.png,other,other/fyc-00_1-072.png,other,agreement,EE64F6F6A430E7456DE54E10CC9AF47D4A8B8C1730E334B4F8C142E29BA17A42
Legacy classified,Gait Phase Classification/Gait_classified_legacy/other/fyc-00_1-073.png,other,other/fyc-00_1-073.png,other,agreement,CBE0B082A691D6924D85F4DA119E8667CBB2EBCA4CD3EC05D754B18581F9B2C5
Legacy classified,Gait Phase Classification/Gait_classified_legacy/other/fyc-00_1-074.png,other,other/fyc-00_1-074.png,other,agreement,C9380DE3C188FBA32698AB1E1B5C63BD32F06F0726210A346E127680817A76AF
Legacy classified,Gait Phase Classification/Gait_classified_legacy/other/fyc-00_1-075.png,other,other/fyc-00_1-075.png,other,agreement,351B4DE27B17BA3D2D258D9AFF5A85790444CEF5616E4E2BDFE1220B70E6A10F
Legacy classified,Gait Phase Classification/Gait_classified_legacy/other/fyc-00_2-001.png,other,other/fyc-00_2-001.png,other,agreement,5CE9C8FDCCD68121ACF371983FBEE8991DAF746F9FD0DE92E397EF0513B316E5
Legacy classified,Gait Phase Classification/Gait_classified_legacy/other/fyc-00_2-002.png,other,other/fyc-00_2-002.png,other,agreement,F590A784C8AE6EF093E0CE20AE3CE2C7E04BC55AB5D6F8E587501206EB596B8B
Legacy classified,Gait Phase Classification/Gait_classified_legacy/other/fyc-00_2-003.png,other,other/fyc-00_2-003.png,other,agreement,BF3F4C99DF22A1D5FF9EC3885DE5594B680B82E592786BD368AA79E7B9E7D312
Legacy classified,Gait Phase Classification/Gait_classified_legacy/other/fyc-00_2-004.png,other,other/fyc-00_2-004.png,other,agreement,999AA7745DA334D528AE3CE50BB79AEF54B80FE19E1FA890E610D342B6374AF3
Legacy classified,Gait Phase Classification/Gait_classified_legacy/other/fyc-00_2-005.png,other,other/fyc-00_2-005.png,other,agreement,B393FA3A691A7FE54D9611723CA62D07FEB894665C80942872903870A343BD5D
Legacy classified,Gait Phase Classification/Gait_classified_legacy/other/fyc-00_2-006.png,other,other/fyc-00_2-006.png,other,agreement,8CC2C80918136E4152C3EBB633EDDFA0BE69BCE63E83F76E396D4CF07B79F899
Legacy classified,Gait Phase Classification/Gait_classified_legacy/other/fyc-00_2-007.png,other,other/fyc-00_2-007.png,other,agreement,F7914278FC0ED2400787CFE851FEB76D455FE029E09D792DDD816173950BF7E1
Legacy classified,Gait Phase Classification/Gait_classified_legacy/other/fyc-00_2-008.png,other,other/fyc-00_2-008.png,other,agreement,1E4F10545DD6379AF877CF022640FDFE09AA68F4529A1014DAE7F621845E7E77
Legacy classified,Gait Phase Classification/Gait_classified_legacy/other/fyc-00_2-011.png,other,other/fyc-00_2-011.png,other,agreement,687D63EA5C9A907E1C0C096D08019715631EFA5454988778EBEC90CBC59F2731
Legacy classified,Gait Phase Classification/Gait_classified_legacy/other/fyc-00_2-012.png,other,other/fyc-00_2-012.png,other,agreement,00AC986E18434D5CFC885CC5BAFD5B0854E3B66D17D02CFA90D408AF794B198F
Legacy classified,Gait Phase Classification/Gait_classified_legacy/other/fyc-00_2-013.png,other,other/fyc-00_2-013.png,other,agreement,587B20C6F38BDD6E0D8180683EB5677A32C778860D215A47ADA65613C9603E92
Legacy classified,Gait Phase Classification/Gait_classified_legacy/other/fyc-00_2-014.png,other,other/fyc-00_2-014.png,other,agreement,43C53E3A8BD871EFD64754103D7EE28CF8356FED3092BD55C7BF2FA2340D072F
Legacy classified,Gait Phase Classification/Gait_classified_legacy/other/fyc-00_2-015.png,other,other/fyc-00_2-015.png,other,agreement,2ABC8937AB0D214023FF05C685BCA1D17FE449EB637C9C8A246099791808840D
Legacy classified,Gait Phase Classification/Gait_classified_legacy/other/fyc-00_2-016.png,other,other/fyc-00_2-016.png,other,agreement,30068FEC0800FD65444F239D85CF7558BEC426BE22E1FEE81205E1F4E7E1DF26
Legacy classified,Gait Phase Classification/Gait_classified_legacy/other/fyc-00_2-017.png,other,other/fyc-00_2-017.png,other,agreement,E012B0757BC283797459B8C7D6AA182F24881B4602F2FB50F40582C66D2ADD4D
Legacy classified,Gait Phase Classification/Gait_classified_legacy/other/fyc-00_2-018.png,other,other/fyc-00_2-018.png,other,agreement,C05C3C179327F9F6A7B2CE43C455F650D96D6EDC3398A6DF16E9E6EEA41B9F45
Legacy classified,Gait Phase Classification/Gait_classified_legacy/other/fyc-00_2-019.png,other,other/fyc-00_2-019.png,other,agreement,FF21132625E923201230CA3E2FDAFD43C5B3A3ACC8EE72D4E1576D2DB1E21C5D
Legacy classified,Gait Phase Classification/Gait_classified_legacy/other/fyc-00_2-020.png,other,other/fyc-00_2-020.png,other,agreement,FDC753CB9201F50FC5E50C2897AA80EF78BA4C528CE1E3481F913981A90DE3D4
Legacy classified,Gait Phase Classification/Gait_classified_legacy/other/fyc-00_2-024.png,other,other/fyc-00_2-024.png,other,agreement,7C45B64737B37F8896E07259122A30E22BC5AF1572D00F1E6DC4D347E7C7C6CF
Legacy classified,Gait Phase Classification/Gait_classified_legacy/other/fyc-00_2-025.png,other,other/fyc-00_2-025.png,other,agreement,5AFC5A1E6642F30997E9F65B465D987889C608E34E7A7C3B30A1C6E4C4FD961C
Legacy classified,Gait Phase Classification/Gait_classified_legacy/other/fyc-00_2-026.png,other,other/fyc-00_2-026.png,other,agreement,978349D780AC886A33C778E8FF1E611479F76FA779F504450BED40B80727DBC3
Legacy classified,Gait Phase Classification/Gait_classified_legacy/other/fyc-00_2-027.png,other,other/fyc-00_2-027.png,other,agreement,FA5C75C6AC1BB47144F76A42B2CA9CAB3810A0FB81EAA2681B329A4DE02E8CB0
Legacy classified,Gait Phase Classification/Gait_classified_legacy/other/fyc-00_2-028.png,other,other/fyc-00_2-028.png,other,agreement,CAC319386697B574949882EAF9361655775EAECE1A55CCDF8CF42D4CD4D3D666
Legacy classified,Gait Phase Classification/Gait_classified_legacy/other/fyc-00_2-029.png,other,other/fyc-00_2-029.png,other,agreement,F4982233AB0A64517CFBAF2C067055AB6945CFE57581B8061C7B1C876A2C8A85
Legacy classified,Gait Phase Classification/Gait_classified_legacy/other/fyc-00_2-030.png,other,other/fyc-00_2-030.png,other,agreement,A90C4D6BF79FBAF8801906058ED0FFF37A1B747DC202BA376646CF2E528E6C2F
Legacy classified,Gait Phase Classification/Gait_classified_legacy/other/fyc-00_2-031.png,other,other/fyc-00_2-031.png,other,agreement,EAE0BC73070F3309EBC8D5D56581CF049CB5DBBFBE23B234BBA6400538C26F0D
Legacy classified,Gait Phase Classification/Gait_classified_legacy/other/fyc-00_2-032.png,other,other/fyc-00_2-032.png,other,agreement,16A20C63C53D74250A8ECD070B673164B429364BBE358FAE8B49F586A409480E
Legacy classified,Gait Phase Classification/Gait_classified_legacy/other/fyc-00_2-033.png,other,other/fyc-00_2-033.png,other,agreement,A1DCE3FCCF7CAE6E1C0E78B22DB8378BE37021FF4CFCE033E85E7886E9B7F778
Legacy classified,Gait Phase Classification/Gait_classified_legacy/other/fyc-00_2-034.png,other,other/fyc-00_2-034.png,other,agreement,A701A15CDEF71E0A099B769B33B987DE4DCA550A3399D09228842FD4CCBF030D
Legacy classified,Gait Phase Classification/Gait_classified_legacy/other/fyc-00_2-035.png,other,other/fyc-00_2-035.png,other,agreement,BF6A73F9755D33026F004CF91A7D9A2C984F2884A5AB87A7648A28EFDE96E1FD
Legacy classified,Gait Phase Classification/Gait_classified_legacy/other/fyc-00_2-040.png,other,other/fyc-00_2-040.png,other,agreement,B845DD25874873C373FF9FEF56DAB902039ADB559BF6973A2FC00AE7D4A9A071
Legacy classified,Gait Phase Classification/Gait_classified_legacy/other/fyc-00_2-041.png,other,other/fyc-00_2-041.png,other,agreement,4A0AAD2EE7C5F2B30BB607AECE33489D89539B4CE0DB22C9A9CF6E0D8A899B25
Legacy classified,Gait Phase Classification/Gait_classified_legacy/other/fyc-00_2-042.png,other,other/fyc-00_2-042.png,other,agreement,9C19E9686642FEA039101E0A8DE08559C2CF5FC10302F52F3F9A3B726A2FA6B8
Legacy classified,Gait Phase Classification/Gait_classified_legacy/other/fyc-00_2-043.png,other,other/fyc-00_2-043.png,other,agreement,FC748D4F262F860F7113D55B683D0F2B39158C0B88D9F6CAF117E4C1EF40F065
Legacy classified,Gait Phase Classification/Gait_classified_legacy/other/fyc-00_2-044.png,other,other/fyc-00_2-044.png,other,agreement,F43214BEED44ECD74251303D685971A5CFDD6C5188E60F8E389C0D0C5A43567D
Legacy classified,Gait Phase Classification/Gait_classified_legacy/other/fyc-00_2-045.png,other,other/fyc-00_2-045.png,other,agreement,580748C888D0BD36E754F2AD41A1465ACF7389C2E129B5903102BBFC1B50B7B8
Legacy classified,Gait Phase Classification/Gait_classified_legacy/other/fyc-00_2-046.png,other,other/fyc-00_2-046.png,other,agreement,8657428E6F5FCAF17741A09A955E0E024FBAC3F24BA6555C1F7BB2C5A933A6AF
Legacy classified,Gait Phase Classification/Gait_classified_legacy/other/fyc-00_2-047.png,other,other/fyc-00_2-047.png,other,agreement,39C3BC0F2A3B9DE3C50086A251AEC4E5E6F8A6CA3CCD2BEA53B9731CF4FAC08F
Legacy classified,Gait Phase Classification/Gait_classified_legacy/other/fyc-00_2-049.png,other,other/fyc-00_2-049.png,other,agreement,09C30842539D320456D0ECBAD319A10B291EC099784F46AF988BD8D319472814
Legacy classified,Gait Phase Classification/Gait_classified_legacy/other/fyc-00_2-050.png,other,other/fyc-00_2-050.png,other,agreement,8E5754C556A2C1F2FB04883DF0351CAE51CC5947F54676DDE775795B7508D0AC
Legacy classified,Gait Phase Classification/Gait_classified_legacy/other/fyc-00_2-053.png,other,other/fyc-00_2-053.png,other,agreement,807E0E5C04CC0B42A1F0EDBC4F7B1EE69DEFE97426848CF073A2BB7B9CC61620
Legacy classified,Gait Phase Classification/Gait_classified_legacy/other/fyc-00_2-054.png,other,other/fyc-00_2-054.png,other,agreement,054285752B3BADCE830D2C323DC8F9C3AD814472775A2891F5761646F8CCBEEE
Legacy classified,Gait Phase Classification/Gait_classified_legacy/other/fyc-00_2-055.png,other,other/fyc-00_2-055.png,other,agreement,55BB2E3A616CA1D66AF78B564F93DE193E05E3C627EA29B306425406B3050FFB
Legacy classified,Gait Phase Classification/Gait_classified_legacy/other/fyc-00_2-056.png,other,other/fyc-00_2-056.png,other,agreement,ABD9C4A9B04DC8A3F57078A4E155627636D2DF6F2E459250B40DB8F9ABD28755
Legacy classified,Gait Phase Classification/Gait_classified_legacy/other/fyc-00_2-057.png,other,other/fyc-00_2-057.png,other,agreement,34DF83A140197CC100F1CF5EF81119A192B679ABF4DAF164E57BA92C34ED2632
Legacy classified,Gait Phase Classification/Gait_classified_legacy/other/fyc-00_2-058.png,other,other/fyc-00_2-058.png,other,agreement,68F19A90AC81987B3C6FC126CCF0DE4448BCB46B3E419EA6228B0BD28A2F1A9A
Legacy classified,Gait Phase Classification/Gait_classified_legacy/other/fyc-00_2-059.png,other,other/fyc-00_2-059.png,other,agreement,2722C6A06CCC1AA28C9F3D7E65F1EB74D866B7B9CE9F6C428B17776A9F97D559
Legacy classified,Gait Phase Classification/Gait_classified_legacy/other/fyc-00_2-060.png,other,other/fyc-00_2-060.png,other,agreement,7F52F102C80C9126DA1BDCCBE83281311A500F38B6EE75A27B14E1EBFBA13308
Legacy classified,Gait Phase Classification/Gait_classified_legacy/other/fyc-00_2-061.png,other,other/fyc-00_2-061.png,other,agreement,F1FE05DD14C26AB252CFD97E7B545863F4DCC55C7B02E12477ED1DA55759345C
Legacy classified,Gait Phase Classification/Gait_classified_legacy/other/fyc-00_2-063.png,other,other/fyc-00_2-063.png,other,agreement,8FBC833BBD807EEF3C4E78CB1E391EC99F19979456AAF6F098DA19D8877666DC
Legacy classified,Gait Phase Classification/Gait_classified_legacy/other/fyc-00_2-066.png,other,other/fyc-00_2-066.png,other,agreement,5F0709ADCCC324FAE419BFE8EE22839E491E0842F283D5C8DB2CF9BD9F8409AD
Legacy classified,Gait Phase Classification/Gait_classified_legacy/other/fyc-00_2-067.png,other,other/fyc-00_2-067.png,other,agreement,C08BDE958333E6D4E50B747765DC9F54AFCA2257254ECDD378E3666A43A42F92
Legacy classified,Gait Phase Classification/Gait_classified_legacy/other/fyc-00_2-068.png,other,other/fyc-00_2-068.png,other,agreement,1B846F8073605C9FD2A4EBC77857A7C9412B67F986E9382D1F08DCD66E72F186
Legacy classified,Gait Phase Classification/Gait_classified_legacy/other/fyc-00_2-069.png,other,other/fyc-00_2-069.png,other,agreement,760CCA67E84EDABEE8ECF7DB5DAF6E8267C8D167572961B990ECC711C19F8CF8
Legacy classified,Gait Phase Classification/Gait_classified_legacy/other/fyc-00_2-070.png,other,other/fyc-00_2-070.png,other,agreement,C7D7A90D28C64E43A36CE61F2CE16E1A8860DE43D1B3CEBD1BD237CE6A4D1DFE
Legacy classified,Gait Phase Classification/Gait_classified_legacy/other/fyc-00_2-071.png,other,other/fyc-00_2-071.png,other,agreement,8BE25AE9A6A36F2536489E1B90E5487652DFACFF3C8357AFDCBDF90D3A42336F
Legacy classified,Gait Phase Classification/Gait_classified_legacy/other/fyc-00_2-072.png,other,other/fyc-00_2-072.png,other,agreement,B73DB25DF66042461E8DB70FB15D78FEF8440F874D75D142B8340BB530304300
Legacy classified,Gait Phase Classification/Gait_classified_legacy/other/fyc-00_2-073.png,other,other/fyc-00_2-073.png,other,agreement,119B1F9A30FD3C7620A4236450D66B13C0C7187F0589F2A7228A5DA5FD3F3107
Legacy classified,Gait Phase Classification/Gait_classified_legacy/other/fyc-00_3-001.png,other,other/fyc-00_3-001.png,other,agreement,34E1ED843E75A7438D706B0C2ADB57D5EA8AC14D7228C3C6019315A137B95473
Legacy classified,Gait Phase Classification/Gait_classified_legacy/other/fyc-00_3-002.png,other,other/fyc-00_3-002.png,other,agreement,0020B4E1E3CF4261BE0479C21613E294890AF8EB12C3B6AA42059514B10EDD27
Legacy classified,Gait Phase Classification/Gait_classified_legacy/other/fyc-00_3-003.png,other,other/fyc-00_3-003.png,other,agreement,0B0FB77347D21670D008B84B1B6772C2D9D11AA2A741E51E71A294C094940B70
Legacy classified,Gait Phase Classification/Gait_classified_legacy/other/fyc-00_3-004.png,other,other/fyc-00_3-004.png,other,agreement,4CDDF33E01B9E9F8694800D961CE21942AD09233E70668E9AD2E514794924774
Legacy classified,Gait Phase Classification/Gait_classified_legacy/other/fyc-00_3-005.png,other,other/fyc-00_3-005.png,other,agreement,E84CF3E0BDB3E32D132A6A90E5F5B00C7527CF116D800957AFDC8383D95FA5BF
Legacy classified,Gait Phase Classification/Gait_classified_legacy/other/fyc-00_3-006.png,other,other/fyc-00_3-006.png,other,agreement,BC49F31AC3ABB8850B68BF89D3C84C5E1A11815D35A300A87BF51E759DEA79A0
Legacy classified,Gait Phase Classification/Gait_classified_legacy/other/fyc-00_3-007.png,other,other/fyc-00_3-007.png,other,agreement,C6682A08B14EBFCE9DF48E897C40D485CBED1078031971C84E7BC095A8BADD7B
Legacy classified,Gait Phase Classification/Gait_classified_legacy/other/fyc-00_3-010.png,other,other/fyc-00_3-010.png,other,agreement,8045E24070C74CC418DF6825763C2F13D1A1C4DC5CBDDB382C54219BE5E55CD7
Legacy classified,Gait Phase Classification/Gait_classified_legacy/other/fyc-00_3-011.png,other,other/fyc-00_3-011.png,other,agreement,C08AC169D947515A0A3A1A8E1BA8EB607921C48224F9E53E41D46933A34F9CFC
Legacy classified,Gait Phase Classification/Gait_classified_legacy/other/fyc-00_3-012.png,other,other/fyc-00_3-012.png,other,agreement,B4DD5584CCD63750BF43CCBB15DBBCD4B0B8B3C285BA5F1D294090825F17E417
Legacy classified,Gait Phase Classification/Gait_classified_legacy/other/fyc-00_3-015.png,other,other/fyc-00_3-015.png,other,agreement,A28592B737BE6449F0E18A96CCFDE4A5EA91E90009A9B1CAE10AA34A6BD7042A
Legacy classified,Gait Phase Classification/Gait_classified_legacy/other/fyc-00_3-016.png,other,other/fyc-00_3-016.png,other,agreement,9C462D9799802EDD3E1DAB822DED2C321DF60F5EE22C5BCE508FD4F6713547EF
Legacy classified,Gait Phase Classification/Gait_classified_legacy/other/fyc-00_3-017.png,other,other/fyc-00_3-017.png,other,agreement,9ABF1B95BACC90FF31F538853F027A4063F71F258F574376054DF87D3FBEE336
Legacy classified,Gait Phase Classification/Gait_classified_legacy/other/fyc-00_3-018.png,other,other/fyc-00_3-018.png,other,agreement,4884AF6BB5E44C25F11DBB6DA7DB619E34B80BAC7CFCAB34F1CF4928CEB1827C
Legacy classified,Gait Phase Classification/Gait_classified_legacy/other/fyc-00_3-019.png,other,other/fyc-00_3-019.png,other,agreement,0761023DAC42FB272D7B53C56479276914D52E283C7C41F9AA87FEE1B947E856
Legacy classified,Gait Phase Classification/Gait_classified_legacy/other/fyc-00_3-020.png,other,other/fyc-00_3-020.png,other,agreement,AA35B4FB2F317769416ACF3312105FA6BCA2036BF1E314B2113D545DCC034AD9
Legacy classified,Gait Phase Classification/Gait_classified_legacy/other/fyc-00_3-022.png,other,other/fyc-00_3-022.png,other,agreement,A583245232008DD4381186D0D9BBC42B4F780B7EFE6762C303DCD1EC14E3DFE5
Legacy classified,Gait Phase Classification/Gait_classified_legacy/other/fyc-00_3-023.png,other,other/fyc-00_3-023.png,other,agreement,D6C4E3C3588DBDE0DEC46089A049CDA0F0657FC17C7044A12C6FE27C6458C306
Legacy classified,Gait Phase Classification/Gait_classified_legacy/other/fyc-00_3-024.png,other,other/fyc-00_3-024.png,other,agreement,4933245E74F1DA9E237DFEB3F76F1AF2F3AB01F370743F42572B68CDD232D099
Legacy classified,Gait Phase Classification/Gait_classified_legacy/other/fyc-00_3-026.png,other,other/fyc-00_3-026.png,other,agreement,9E7988890B224107532888ED327F4315591349C6226380BC6CE89AD80FE5DC46
Legacy classified,Gait Phase Classification/Gait_classified_legacy/other/fyc-00_3-027.png,other,other/fyc-00_3-027.png,other,agreement,119F39A0308B506E4791AB6F90B94F71D32BE099A5D9BE287DB08022021996B2
Legacy classified,Gait Phase Classification/Gait_classified_legacy/other/fyc-00_3-028.png,other,other/fyc-00_3-028.png,other,agreement,5C1459829D54F93B7883D67A5420C6C476F56F2524D83FD7EE127907CBB29222
Legacy classified,Gait Phase Classification/Gait_classified_legacy/other/fyc-00_3-029.png,other,other/fyc-00_3-029.png,other,agreement,66D112E8CC1853708254E89F8452A1B64B6F6024887041095DB260414238DAF0
Legacy classified,Gait Phase Classification/Gait_classified_legacy/other/fyc-00_3-030.png,other,other/fyc-00_3-030.png,other,agreement,AF58BF3328453AC87D50C22EA62E13A86838C7056DFA325C9BB50863EC570C2C
Legacy classified,Gait Phase Classification/Gait_classified_legacy/other/fyc-00_3-031.png,other,other/fyc-00_3-031.png,other,agreement,709383A1865A1D9F8B6F561D7FD04F1A5B7B80D58D575C0A29EC8843F42204AB
Legacy classified,Gait Phase Classification/Gait_classified_legacy/other/fyc-00_3-032.png,other,other/fyc-00_3-032.png,other,agreement,78D788916CC616AAE87AF5FD64FAC33518E2FA7AA3A7A9DF2950F7AB7D3F160C
Legacy classified,Gait Phase Classification/Gait_classified_legacy/other/fyc-00_3-033.png,other,other/fyc-00_3-033.png,other,agreement,E8DAE176938A19FD694D12E7DC596407BAEDAE90C5CF89FBE4BC4D13F9D02A51
Legacy classified,Gait Phase Classification/Gait_classified_legacy/other/fyc-00_3-035.png,other,other/fyc-00_3-035.png,other,agreement,E99F76FECAA4D2C239CBCFA20B4B11F9D16FF43F59E4A81FB89D6347C3C4223F
Legacy classified,Gait Phase Classification/Gait_classified_legacy/other/fyc-00_3-036.png,other,other/fyc-00_3-036.png,other,agreement,12E13FACCD74DB6523F587BB7C4ADED9614087406F1470B2EE471B328A756DD8
Legacy classified,Gait Phase Classification/Gait_classified_legacy/other/fyc-00_3-039.png,other,other/fyc-00_3-039.png,other,agreement,85D3F095E96E02A4419F4FDA2787EB5F5474FA0A8C3042EB781134A12F4AEC35
Legacy classified,Gait Phase Classification/Gait_classified_legacy/other/fyc-00_3-040.png,other,other/fyc-00_3-040.png,other,agreement,90DDF9AD18AD4E635640F83F56DF650DCB5D5B34A6B766C34A87C2FA4115BCC9
Legacy classified,Gait Phase Classification/Gait_classified_legacy/other/fyc-00_3-041.png,other,other/fyc-00_3-041.png,other,agreement,D25F7F178C20A2F885BE2098B69DEBCD565386206272BD93D6E936551E43B434
Legacy classified,Gait Phase Classification/Gait_classified_legacy/other/fyc-00_3-042.png,other,other/fyc-00_3-042.png,other,agreement,6AEAB20483DA23D33D589E6C877C8725875361089758AE129F2F90584979F486
Legacy classified,Gait Phase Classification/Gait_classified_legacy/other/fyc-00_3-043.png,other,other/fyc-00_3-043.png,other,agreement,69519E55060A1B5723169FA80EC70FB1598CFA67C1537604526445C7497399FE
Legacy classified,Gait Phase Classification/Gait_classified_legacy/other/fyc-00_3-044.png,other,other/fyc-00_3-044.png,other,agreement,C1272E79E6558BDFBB679DCEC233989E00A4B00388AE441457F68138A1870FC7
Legacy classified,Gait Phase Classification/Gait_classified_legacy/other/fyc-00_3-045.png,other,other/fyc-00_3-045.png,other,agreement,15F8FFE8EDD29BABFC4B24D94E0476C6001469224F7483A330EC9063BED315C5
Legacy classified,Gait Phase Classification/Gait_classified_legacy/other/fyc-00_3-047.png,other,other/fyc-00_3-047.png,other,agreement,750346F860FD4D4E4BD62DC2AAD824D66A42F557141B3C0A30C4133982410BB8
Legacy classified,Gait Phase Classification/Gait_classified_legacy/other/fyc-00_3-048.png,other,other/fyc-00_3-048.png,other,agreement,08FE0EB45492A43B71C909FD11D19B104EB195112C32146FBB01DC02CFD91A5A
Legacy classified,Gait Phase Classification/Gait_classified_legacy/other/fyc-00_3-050.png,other,other/fyc-00_3-050.png,other,agreement,C90F0F74D363F2D06A2ECF0552BAB69E48C08B5491DFB082663902DFD0071AEB
Legacy classified,Gait Phase Classification/Gait_classified_legacy/other/fyc-00_3-051.png,other,other/fyc-00_3-051.png,other,agreement,3167AE7E3B4BC19AFE3286D33E7813411AE43E7BDA51E252C3D5343824E29710
Legacy classified,Gait Phase Classification/Gait_classified_legacy/other/fyc-00_3-052.png,other,other/fyc-00_3-052.png,other,agreement,FCF96B0EDCC008FDCD4838021D8541611E0F741BE74CBE3F28AAFA6611700942
Legacy classified,Gait Phase Classification/Gait_classified_legacy/other/fyc-00_3-053.png,other,other/fyc-00_3-053.png,other,agreement,1A9A114BD2B147FA6C6EE2D8AD1F434F0B6CC756A5AAB2503843EC6588A4CC93
Legacy classified,Gait Phase Classification/Gait_classified_legacy/other/fyc-00_3-054.png,other,other/fyc-00_3-054.png,other,agreement,D393F20AC51A844BF5F11C7FD39AE23A88BEDC1CF9F9ADD8AF6D8537409B9CD6
Legacy classified,Gait Phase Classification/Gait_classified_legacy/other/fyc-00_3-055.png,other,other/fyc-00_3-055.png,other,agreement,446AF8EFD73DCBA79BEFC67E6B403A8F28B458670BB51769B10EAC628980B364
Legacy classified,Gait Phase Classification/Gait_classified_legacy/other/fyc-00_3-058.png,other,other/fyc-00_3-058.png,other,agreement,C22D40DECECAB26A06B44A3E5E539A7CAE6461B58DA210E9BD80BB8880FC8B08
Legacy classified,Gait Phase Classification/Gait_classified_legacy/other/fyc-00_3-059.png,other,other/fyc-00_3-059.png,other,agreement,5089D7588A55C653DE216DD5F8E05489C8289BC6D827312599A8A2E97417C5F9
Legacy classified,Gait Phase Classification/Gait_classified_legacy/other/fyc-00_3-060.png,other,other/fyc-00_3-060.png,other,agreement,6252910CB68419DA3E648D393C6B5F81FE688ABEB525C40B8065113A9181877F
Legacy classified,Gait Phase Classification/Gait_classified_legacy/other/fyc-00_3-063.png,other,other/fyc-00_3-063.png,other,agreement,D906375B1084C23F6B384E1A21AB6D7310DB8B3EF44A43998F69E417567F8A97
Legacy classified,Gait Phase Classification/Gait_classified_legacy/other/fyc-00_3-064.png,other,other/fyc-00_3-064.png,other,agreement,A4C04B21107C2D3B9F854C3A30713D6E972D3F39A5AE821259C26157EA931DD0
Legacy classified,Gait Phase Classification/Gait_classified_legacy/other/fyc-00_3-065.png,other,other/fyc-00_3-065.png,other,agreement,F2A2E01D73F4B686C390E1716DFCECC15590DCE3498DDF31D5D31A9D411B40AE
Legacy classified,Gait Phase Classification/Gait_classified_legacy/other/fyc-00_3-066.png,other,other/fyc-00_3-066.png,other,agreement,8F9BE4874FB60F42C94B5B30B29D902B1432ABC519EE36C09305BB757E797CF5
Legacy classified,Gait Phase Classification/Gait_classified_legacy/other/fyc-00_3-067.png,other,other/fyc-00_3-067.png,other,agreement,B524FD0E5EC736064A111FDB6EDC50EBC373EA0DDBD13CCD963FCE42E79B7317
Legacy classified,Gait Phase Classification/Gait_classified_legacy/other/fyc-00_3-068.png,other,other/fyc-00_3-068.png,other,agreement,DE8E9AFC72B292F812951A4F374A2EAB5E579619A7AF0476389BAB1143DE43AA
Legacy classified,Gait Phase Classification/Gait_classified_legacy/other/fyc-00_3-069.png,other,other/fyc-00_3-069.png,other,agreement,E65411D69D3EFECDF6B5AB1F39A4196B09751C8D15459B38E226A36E624874C4
Legacy classified,Gait Phase Classification/Gait_classified_legacy/other/fyc-00_4-003.png,other,other/fyc-00_4-003.png,other,agreement,7F55BAF5CE57B4D6D3711EBBD25F6283DAE41416B420B1483E6441D8861DE159
Legacy classified,Gait Phase Classification/Gait_classified_legacy/other/fyc-00_4-004.png,other,other/fyc-00_4-004.png,other,agreement,06A5A496ECBB86535AF42E5FB2E0D3C4A2CE2AB1A4C58ED78A2CCF1280B95913
Legacy classified,Gait Phase Classification/Gait_classified_legacy/other/fyc-00_4-005.png,other,other/fyc-00_4-005.png,other,agreement,6439C3079C6758241FCD91F4A693D978589CECC4C10414C3607B517E793B61DD
Legacy classified,Gait Phase Classification/Gait_classified_legacy/other/fyc-00_4-007.png,other,other/fyc-00_4-007.png,other,agreement,51BC682D04557B515AB5EFAC37AEB5B8FE75B17E6A211EC816FC663CF008A695
Legacy classified,Gait Phase Classification/Gait_classified_legacy/other/fyc-00_4-008.png,other,other/fyc-00_4-008.png,other,agreement,8C59B92C59B9EAFF6BE66441BC86E08E6B75910232E3434388CB3E17A272ABD5
Legacy classified,Gait Phase Classification/Gait_classified_legacy/other/fyc-00_4-009.png,other,other/fyc-00_4-009.png,other,agreement,07E6C4E1E56E2A848DC4B0B0C97BA1575096BA1A013AC8842ADA57FA7706A792
Legacy classified,Gait Phase Classification/Gait_classified_legacy/other/fyc-00_4-010.png,other,other/fyc-00_4-010.png,other,agreement,3839A338FD5E226666651E334BFC6D1352DBC7DABCFDDD20310ED5B521433638
Legacy classified,Gait Phase Classification/Gait_classified_legacy/other/fyc-00_4-011.png,other,other/fyc-00_4-011.png,other,agreement,1128F54177092D131ECFD7489079E8C456600F5FCC9BF12F33B95E89BB9FA3F2
Legacy classified,Gait Phase Classification/Gait_classified_legacy/other/fyc-00_4-012.png,other,other/fyc-00_4-012.png,other,agreement,54FEC9491409CC223F87EA371CFE9E930B9DB15D1EBF66035F88CEEC493603A8
Legacy classified,Gait Phase Classification/Gait_classified_legacy/other/fyc-00_4-015.png,other,other/fyc-00_4-015.png,other,agreement,161C11AA3473DF6780F3C3877E66B9F39C02BBF3B919498E44C560898B929F01
Legacy classified,Gait Phase Classification/Gait_classified_legacy/other/fyc-00_4-016.png,other,other/fyc-00_4-016.png,other,agreement,3608F22A144F9D0927780C2E56B8077A1FEEFE0C936B54363578C690291A39E0
Legacy classified,Gait Phase Classification/Gait_classified_legacy/other/fyc-00_4-017.png,other,other/fyc-00_4-017.png,other,agreement,12500AFB441E62A637A243B7892B522B5E752A6ACE4E3331FED06539D3E20D5F
Legacy classified,Gait Phase Classification/Gait_classified_legacy/other/fyc-00_4-019.png,other,other/fyc-00_4-019.png,other,agreement,1012C3349A64ADBB833CB5A461A3C9AC11A5C5AD2883884834A12347B066F58A
Legacy classified,Gait Phase Classification/Gait_classified_legacy/other/fyc-00_4-020.png,other,other/fyc-00_4-020.png,other,agreement,A49F580F9E07A3BC8370D46022A48AEF4A183DF795137C786EA3FAA720362941
Legacy classified,Gait Phase Classification/Gait_classified_legacy/other/fyc-00_4-021.png,other,other/fyc-00_4-021.png,other,agreement,7FEA0849B91E6EC27BFD23E8A702553CC4B91F0D80CED3E9F8BC0CC31608D462
Legacy classified,Gait Phase Classification/Gait_classified_legacy/other/fyc-00_4-022.png,other,other/fyc-00_4-022.png,other,agreement,3CA9FB194336E7E98EBE85D38C7191C0555BC15FD6B39DAA764FA621C519E90D
Legacy classified,Gait Phase Classification/Gait_classified_legacy/other/fyc-00_4-023.png,other,other/fyc-00_4-023.png,other,agreement,136135FA8BADF74790288BFC5A916F3F8BD6EC4C38A6A45F2AC7788A8FF63D62
Legacy classified,Gait Phase Classification/Gait_classified_legacy/other/fyc-00_4-024.png,other,other/fyc-00_4-024.png,other,agreement,20A9358FC4ED3C78001C02275AC329252FCCD226733587C126C37FCA3AA25EA8
Legacy classified,Gait Phase Classification/Gait_classified_legacy/other/fyc-00_4-025.png,other,other/fyc-00_4-025.png,other,agreement,D50F2B2B920AD8E4AB32E833E5A6A10149CC30042193AD932CA25E3A3FD98DC7
Legacy classified,Gait Phase Classification/Gait_classified_legacy/other/fyc-00_4-026.png,other,other/fyc-00_4-026.png,other,agreement,6FA4F200262DBAA176B4EF360C31333A3E2AB22B3F6F9B4C710F5A5EFBCA0281
Legacy classified,Gait Phase Classification/Gait_classified_legacy/other/fyc-00_4-028.png,other,other/fyc-00_4-028.png,other,agreement,CCEEE6BAAE2BE9DEA825E7DF6FEA63F493DA9E60B50C6EFC63FC6BE509BB7DFF
Legacy classified,Gait Phase Classification/Gait_classified_legacy/other/fyc-00_4-029.png,other,other/fyc-00_4-029.png,other,agreement,DA8C0A6FED03458F6549B63877173CF5B0D635FFB27E9399A6A0B0969527E0D7
Legacy classified,Gait Phase Classification/Gait_classified_legacy/other/fyc-00_4-030.png,other,other/fyc-00_4-030.png,other,agreement,0325B976CE1E30BBD1946BF5DC7983B188930C720624B26FD17A16B2997E71EF
Legacy classified,Gait Phase Classification/Gait_classified_legacy/other/fyc-00_4-032.png,other,other/fyc-00_4-032.png,other,agreement,4DA87D6E784EB79DDCF761D3A6647F03CB8B52B06C0BB8CAC52F7635C32A187B
Legacy classified,Gait Phase Classification/Gait_classified_legacy/other/fyc-00_4-033.png,other,other/fyc-00_4-033.png,other,agreement,41CE5540996E14A0AA4AD708945B51B137AF6802343BF43F49EF0E123A94047F
Legacy classified,Gait Phase Classification/Gait_classified_legacy/other/fyc-00_4-034.png,other,other/fyc-00_4-034.png,other,agreement,065983935ED5C0D99EF9CA4F742F35CABEE8C670E4313B292463DE48981A7568
Legacy classified,Gait Phase Classification/Gait_classified_legacy/other/fyc-00_4-035.png,other,other/fyc-00_4-035.png,other,agreement,0D1DD0AE901A8F70D8E2AAA98156065719418482A052112FFA5E774A111DD840
Legacy classified,Gait Phase Classification/Gait_classified_legacy/other/fyc-00_4-036.png,other,other/fyc-00_4-036.png,other,agreement,BD91A2CB965ED5A24DC8555439E48D769FB6D4FAF75EEF5F94C95438A5BFAEE0
Legacy classified,Gait Phase Classification/Gait_classified_legacy/other/fyc-00_4-037.png,other,other/fyc-00_4-037.png,other,agreement,0B3A84D3AA5440AB2E292BFAB694BE77741EFFFA2848AE76480FD083C032FAC1
Legacy classified,Gait Phase Classification/Gait_classified_legacy/other/fyc-00_4-038.png,other,other/fyc-00_4-038.png,other,agreement,D296A82B1A1D97E2DF4A02ADA50B08A267291672B8E309BFF21B1617F00DA490
Legacy classified,Gait Phase Classification/Gait_classified_legacy/other/fyc-00_4-039.png,other,other/fyc-00_4-039.png,other,agreement,FF86688AC0984C7FF32D95C5A3EC1ECDDB5319F852462C524F8FB7B254FC3C80
Legacy classified,Gait Phase Classification/Gait_classified_legacy/other/fyc-00_4-041.png,other,other/fyc-00_4-041.png,other,agreement,3A26DE53E6540FD381D5D17B62645382112E820D397C4A63ADBBDF6A77694BCE
Legacy classified,Gait Phase Classification/Gait_classified_legacy/other/fyc-00_4-042.png,other,other/fyc-00_4-042.png,other,agreement,6F28AED3015D6C93A8D74C6EF5F76A3C33ACDACC2E2C43E312A56609130CB552
Legacy classified,Gait Phase Classification/Gait_classified_legacy/other/fyc-00_4-044.png,other,other/fyc-00_4-044.png,other,agreement,1CB8B98572E098A1AF772AA5F3C85E7AE88216105AA68E339E29E87E327B04E2
Legacy classified,Gait Phase Classification/Gait_classified_legacy/other/fyc-00_4-045.png,other,other/fyc-00_4-045.png,other,agreement,D493006B0E92615906A027FCBFEE1785588D45F2DAB9C2C9199F494EBBEB5B04
Legacy classified,Gait Phase Classification/Gait_classified_legacy/other/fyc-00_4-046.png,other,other/fyc-00_4-046.png,other,agreement,67E2C18E8225B6D892C0D7731E82D62A1E86311D0E2283DA719CB743B17FFAD4
Legacy classified,Gait Phase Classification/Gait_classified_legacy/other/fyc-00_4-047.png,other,other/fyc-00_4-047.png,other,agreement,3644C75CED3B17A7E6864C415DDB4254E0EE38B81EA8F1132DCDBC7889709101
Legacy classified,Gait Phase Classification/Gait_classified_legacy/other/fyc-00_4-048.png,other,other/fyc-00_4-048.png,other,agreement,CED0E7B2DAAD5F1DA170D75A6DD8B16E2A7FE764D3992AC191A5530B65EAB529
Legacy classified,Gait Phase Classification/Gait_classified_legacy/other/fyc-00_4-049.png,other,other/fyc-00_4-049.png,other,agreement,6C33ED9A1A659E4CF7C54ACD0FFD02DDBEE50B1EEF120A6165E5EC641D0FCFB1
Legacy classified,Gait Phase Classification/Gait_classified_legacy/other/fyc-00_4-050.png,other,other/fyc-00_4-050.png,other,agreement,7D8393A2FD11BED0BE7D58A4DB1C764BE9D4D681F54512255435A7A7211502BC
Legacy classified,Gait Phase Classification/Gait_classified_legacy/other/fyc-00_4-052.png,other,other/fyc-00_4-052.png,other,agreement,F4545D5A959DD1C61114AD57BCE7DF59491B4AEBB70AE4D8832D5814CDA17EA7
Legacy classified,Gait Phase Classification/Gait_classified_legacy/other/fyc-00_4-053.png,other,other/fyc-00_4-053.png,other,agreement,A9D6FB05382F441EFE275FFB7B75A9A0488DE1EBDD185FED28F40F2B111FC688
Legacy classified,Gait Phase Classification/Gait_classified_legacy/other/fyc-00_4-054.png,other,other/fyc-00_4-054.png,other,agreement,747251B05702A09D59C632748B22499F1639481D0C355302DC2EDF8F011FF03D
Legacy classified,Gait Phase Classification/Gait_classified_legacy/other/fyc-00_4-057.png,other,other/fyc-00_4-057.png,other,agreement,92799F20D47C5DBD0480732698ED3FE07D106A8407E2E0B97EA9F772CBFBE0AA
Legacy classified,Gait Phase Classification/Gait_classified_legacy/other/fyc-00_4-058.png,other,other/fyc-00_4-058.png,other,agreement,1D42405D22EEB0A6CB5C59EAF0668B1E7DF1CAA45B2370CFC97BD5473D086B0E
Legacy classified,Gait Phase Classification/Gait_classified_legacy/other/fyc-00_4-059.png,other,other/fyc-00_4-059.png,other,agreement,8FC1C9833AF0DF14841B80B24BFB31D9323B7709DF7D78BF451F21E2EE03FD93
Legacy classified,Gait Phase Classification/Gait_classified_legacy/other/fyc-00_4-060.png,other,other/fyc-00_4-060.png,other,agreement,3AB20D03C9FDF7A26C5F7DE832EAF17F2D9AA01720460FB916BDC231785483CB
Legacy classified,Gait Phase Classification/Gait_classified_legacy/other/fyc-00_4-061.png,other,other/fyc-00_4-061.png,other,agreement,C73FDD7AD75D719C38A5EE5F4D3A02395AEEE5BC50FE29EB9726823E1641B8CA
Legacy classified,Gait Phase Classification/Gait_classified_legacy/other/fyc-00_4-062.png,other,other/fyc-00_4-062.png,other,agreement,8AC4C7401843715E984B73ED506D24F5BA388EA482BB7F9ADCBA3E4080633337
Legacy classified,Gait Phase Classification/Gait_classified_legacy/other/fyc-00_4-063.png,other,other/fyc-00_4-063.png,other,agreement,75F1855177F3E9E4A5CADDD35E7D9AA42B28D98DC9432FA5773CD97B82656216
Legacy classified,Gait Phase Classification/Gait_classified_legacy/other/fyc-00_4-064.png,other,other/fyc-00_4-064.png,other,agreement,0B274C4BE96A263F91D1585C425C056220E320944A11839EB4332AA7D1F93355
Legacy classified,Gait Phase Classification/Gait_classified_legacy/other/fyc-00_4-066.png,other,other/fyc-00_4-066.png,other,agreement,A04BF9BA4CC9A61F784498450F9A22FB63F44243F87792E3CEC945D92199BEB7
Legacy classified,Gait Phase Classification/Gait_classified_legacy/other/fyc-00_4-067.png,other,other/fyc-00_4-067.png,other,agreement,CB321ECBFFBFD0E7C0BE1A6E62A570AEDA4C2EDFE8045B30F4E77729DD549D7C
Legacy classified,Gait Phase Classification/Gait_classified_legacy/other/fyc-00_4-068.png,other,other/fyc-00_4-068.png,other,agreement,3746CD010B74A2C47359CFDFAFF4D2F5C8CBCF99BB62634210284A606C954A01
Legacy classified,Gait Phase Classification/Gait_classified_legacy/other/fyc-00_4-070.png,other,other/fyc-00_4-070.png,other,agreement,731B5D9D1D73BB383C0B73D197339E65EA1D5D0170E8C0183CB3DA9D666F76F2
Legacy classified,Gait Phase Classification/Gait_classified_legacy/other/fyc-00_4-071.png,other,other/fyc-00_4-071.png,other,agreement,82C0DEDCFF70A3EF463D44C5BD91D78860D6607DD231068FD25CEEAC018AEAE6
Legacy classified,Gait Phase Classification/Gait_classified_legacy/other/fyc-00_4-072.png,other,other/fyc-00_4-072.png,other,agreement,B922728A2DAE8AEF4A7FBC0D779105E9D21117D858BDC36DDF053051106A993C
Legacy classified,Gait Phase Classification/Gait_classified_legacy/other/fyc-00_4-073.png,other,other/fyc-00_4-073.png,other,agreement,68EFE6090E396CC89DDFCE1B35EB972FD907223ECD42553D6737792BF57E065C
Legacy classified,Gait Phase Classification/Gait_classified_legacy/other/fyc-00_4-074.png,other,other/fyc-00_4-074.png,other,agreement,3EA503DF8B4C552BCA2E280ECF1BE7092011D3DCA180CB9077E56BDB5D8EF1AB
Legacy classified,Gait Phase Classification/Gait_classified_legacy/other/fyc-00_4-075.png,other,other/fyc-00_4-075.png,other,agreement,B8A06D6BF73E45E29C168BABC904B105E0FB424A95EF0B33554BD9F0C5B2A47E
Legacy classified,Gait Phase Classification/Gait_classified_legacy/other/hy-00_1-008.png,other,other/hy-00_1-008.png,other,agreement,26C3C3C67DB76A33200939E5E04F1984BA5A867DBE411BA4B7B2205145ACC5FC
Legacy classified,Gait Phase Classification/Gait_classified_legacy/other/hy-00_1-009.png,other,other/hy-00_1-009.png,other,agreement,BFC9EBC1727FC03B9DC7637B2235F81E0D13AC05AF5D6F98801A9BC94257D49E
Legacy classified,Gait Phase Classification/Gait_classified_legacy/other/hy-00_1-010.png,other,other/hy-00_1-010.png,other,agreement,89F742F97623CBF5E3BCCF7B47998DD6DD853BD66BCF9F67CCA098DDE379C25D
Legacy classified,Gait Phase Classification/Gait_classified_legacy/other/hy-00_1-011.png,other,other/hy-00_1-011.png,other,agreement,9E156651D9C503648242E6071B12CC407C8035A0694A804AB6B4BA260BF1383C
Legacy classified,Gait Phase Classification/Gait_classified_legacy/other/hy-00_1-012.png,other,other/hy-00_1-012.png,other,agreement,1D739E22ECD98D5317CD91B1E0AD24D3308FD99E93083FEE47B4936965202CF5
Legacy classified,Gait Phase Classification/Gait_classified_legacy/other/hy-00_1-013.png,other,other/hy-00_1-013.png,other,agreement,78B5D157657C6DE6D981748B7CE9E6A30F383C17B3BE585631F7595EB21B6713
Legacy classified,Gait Phase Classification/Gait_classified_legacy/other/hy-00_1-018.png,other,other/hy-00_1-018.png,other,agreement,06F77956834028005993CC662189A86C1D626C9F255C33552448E7F9A44F480C
Legacy classified,Gait Phase Classification/Gait_classified_legacy/other/hy-00_1-019.png,other,other/hy-00_1-019.png,other,agreement,B3080D0ED9D595A810AA5CCDBE7779B97993610E1513E4C925EAA165E74E6D35
Legacy classified,Gait Phase Classification/Gait_classified_legacy/other/hy-00_1-020.png,other,other/hy-00_1-020.png,other,agreement,9C8E75E0C8A119B0B16EB9A23202DE5BE8D2B859CECB4DE612A40BE27FE87BB1
Legacy classified,Gait Phase Classification/Gait_classified_legacy/other/hy-00_1-021.png,other,other/hy-00_1-021.png,other,agreement,00A684E4E754140EADC2A8E955433082B0F0FAE5BA0097CCC2D2AD0B2CE383F7
Legacy classified,Gait Phase Classification/Gait_classified_legacy/other/hy-00_1-022.png,other,other/hy-00_1-022.png,other,agreement,E8B8DFE02D283A00F3ED6D0E19CD3471F3431BBACE2FECA59DBEE7469F720D2C
Legacy classified,Gait Phase Classification/Gait_classified_legacy/other/hy-00_1-023.png,other,other/hy-00_1-023.png,other,agreement,62F09A78A82F9C361535735B4A016D7404DF2F3A1714CE33D79961054680458C
Legacy classified,Gait Phase Classification/Gait_classified_legacy/other/hy-00_1-024.png,other,other/hy-00_1-024.png,other,agreement,BC735CA3EC4625D3D9E32F4FE15318338B469414A4EC6EE07D34A6E9B7F42DB2
Legacy classified,Gait Phase Classification/Gait_classified_legacy/other/hy-00_1-025.png,other,other/hy-00_1-025.png,other,agreement,ADA4A5361D8D60A34C854F08868557F86A8D035EC1EE1506CF49D57D1F9FA1D2
Legacy classified,Gait Phase Classification/Gait_classified_legacy/other/hy-00_1-027.png,other,other/hy-00_1-027.png,other,agreement,9831B2B90EA0B7D6F5700D59F1C8ABC80DE09D6C046C1517A8746CE7D6D01C3E
Legacy classified,Gait Phase Classification/Gait_classified_legacy/other/hy-00_1-033.png,other,other/hy-00_1-033.png,other,agreement,0CAF8C9F3CDF3501BA7728EC7B187C653BD07B34BA2DB98206C809ED5B97AAB9
Legacy classified,Gait Phase Classification/Gait_classified_legacy/other/hy-00_1-034.png,other,other/hy-00_1-034.png,other,agreement,7EA63AE0976B485607D97604EC779280A9C6A8C432C7757FE0BBBAD3BFE91FED
Legacy classified,Gait Phase Classification/Gait_classified_legacy/other/hy-00_1-035.png,other,other/hy-00_1-035.png,other,agreement,73BE4DFF9B1C1BF88AFA195335FADB3CA53E2223A78E255C688F2713D113BF89
Legacy classified,Gait Phase Classification/Gait_classified_legacy/other/hy-00_1-036.png,other,other/hy-00_1-036.png,other,agreement,37F8C416AFDA6AD34217C5CD5F30B304385C98F095336F55256C92E0E876BF2C
Legacy classified,Gait Phase Classification/Gait_classified_legacy/other/hy-00_1-037.png,other,other/hy-00_1-037.png,other,agreement,DD235F81AC3ABABFD84A82F7B387E49B4D6491FE4236996752C56A075325D0AC
Legacy classified,Gait Phase Classification/Gait_classified_legacy/other/hy-00_1-038.png,other,other/hy-00_1-038.png,other,agreement,AD39983108E2FA7E3CFE62B04EDC00A90A6025BD918A31A4189DDEB43EE6399E
Legacy classified,Gait Phase Classification/Gait_classified_legacy/other/hy-00_1-043.png,other,other/hy-00_1-043.png,other,agreement,B3C85DF7670754484F714CB2E25DD028EFCC4F258917C90FE4696BA8003A1238
Legacy classified,Gait Phase Classification/Gait_classified_legacy/other/hy-00_1-044.png,other,other/hy-00_1-044.png,other,agreement,13F8A402CCFCE137B3405B085395AAE8470364E108AA1E4784B4D61132744F69
Legacy classified,Gait Phase Classification/Gait_classified_legacy/other/hy-00_1-045.png,other,other/hy-00_1-045.png,other,agreement,93BD940C26C76D58297E75BA8B7A43ED7948B9943C90DFFD153BA095DFD6AF99
Legacy classified,Gait Phase Classification/Gait_classified_legacy/other/hy-00_1-046.png,other,other/hy-00_1-046.png,other,agreement,D111FAA94C02E61EF722FE53B62C8FB8DC470A3879E2B30B77F0708DAEEDCACA
Legacy classified,Gait Phase Classification/Gait_classified_legacy/other/hy-00_1-047.png,other,other/hy-00_1-047.png,other,agreement,1C18C9D757D54B99BD26082567617E0FF2CDEF10776C8C929E44EFB8D34589EB
Legacy classified,Gait Phase Classification/Gait_classified_legacy/other/hy-00_1-048.png,other,other/hy-00_1-048.png,other,agreement,2BF3BF104CCA9EDF871A49B2FB9000AE24A363281FF3C479A9D1C1D39E633E8A
Legacy classified,Gait Phase Classification/Gait_classified_legacy/other/hy-00_1-049.png,other,other/hy-00_1-049.png,other,agreement,70684C33670DE8775927353272604E31EB8EEEA33E70EC86528C213373447E54
Legacy classified,Gait Phase Classification/Gait_classified_legacy/other/hy-00_1-050.png,other,other/hy-00_1-050.png,other,agreement,2B1C44271F1BEDB95A8E3F3F660C43C2E744AD31B19117A8E113B87FF0B6F15E
Legacy classified,Gait Phase Classification/Gait_classified_legacy/other/hy-00_1-051.png,other,other/hy-00_1-051.png,other,agreement,CA7A398695957CC736A1AFB94C175F816655501AF3F6495EAC10DB0599D59D30
Legacy classified,Gait Phase Classification/Gait_classified_legacy/other/hy-00_1-057.png,other,other/hy-00_1-057.png,other,agreement,F0B1388394BD3FCCC66912B37FE3E0C3AE918DF56775EB3D6558D617E0DEC58A
Legacy classified,Gait Phase Classification/Gait_classified_legacy/other/hy-00_1-058.png,other,other/hy-00_1-058.png,other,agreement,E943C5F9F68E2F10D271EA0580826E6A9EFAD961742E4ADBBA9882D4BD04E6ED
Legacy classified,Gait Phase Classification/Gait_classified_legacy/other/hy-00_1-059.png,other,other/hy-00_1-059.png,other,agreement,590ADC7007D1453821E4FFA8DB16CB7ED5C4B289E68A50F3AE29543006EB3C16
Legacy classified,Gait Phase Classification/Gait_classified_legacy/other/hy-00_2-001.png,other,other/hy-00_2-001.png,other,agreement,2EACCBD6F33225ACCD7AC04F88A89C4F11D887DE7C896DFE883D02AC923890B2
Legacy classified,Gait Phase Classification/Gait_classified_legacy/other/hy-00_2-002.png,other,other/hy-00_2-002.png,other,agreement,CCBA772912D96205117EA8AA2AE83E23B461C6AAD6309B26C9CF6F1E0D9546B0
Legacy classified,Gait Phase Classification/Gait_classified_legacy/other/hy-00_2-003.png,other,other/hy-00_2-003.png,other,agreement,9ED541CB7D6A15C8134A0E12026BCDC3C0FD5D2F0C368CAF86ACF6123314950E
Legacy classified,Gait Phase Classification/Gait_classified_legacy/other/hy-00_2-004.png,other,other/hy-00_2-004.png,other,agreement,017C619E5BD948D11B76E7E0FF48B53426459153BBFC2169B362D2877C1AADB9
Legacy classified,Gait Phase Classification/Gait_classified_legacy/other/hy-00_2-010.png,other,other/hy-00_2-010.png,other,agreement,5F14AB6902A963BAE93395E553E329740C8999B0886F811F69E24B5B35865E99
Legacy classified,Gait Phase Classification/Gait_classified_legacy/other/hy-00_2-011.png,other,other/hy-00_2-011.png,other,agreement,A8CDAEF926E9D5BBE8F0BB20703F8C522C52BD830F718EB8B998044671BC4AC0
Legacy classified,Gait Phase Classification/Gait_classified_legacy/other/hy-00_2-013.png,other,other/hy-00_2-013.png,other,agreement,80ACBBDF1004CD5B963B5B8AAEF0746CB99365758A80F93A38647C9C152420B0
Legacy classified,Gait Phase Classification/Gait_classified_legacy/other/hy-00_2-014.png,other,other/hy-00_2-014.png,other,agreement,2048EC6FA6E0E56266BAB1A9E69DD3BBAAFCE1B5FEF06C83805B4B8988AA7503
Legacy classified,Gait Phase Classification/Gait_classified_legacy/other/hy-00_2-015.png,other,other/hy-00_2-015.png,other,agreement,67F660325F8781B53CE5AB25003D99957A1A5AAC7E0283AE32EAEF7912B563D5
Legacy classified,Gait Phase Classification/Gait_classified_legacy/other/hy-00_2-016.png,other,other/hy-00_2-016.png,other,agreement,917810E92DD230CE5F001B3345C5DB98AC3C1C7FAFE70E1E2697065A5321E4FE
Legacy classified,Gait Phase Classification/Gait_classified_legacy/other/hy-00_2-017.png,other,other/hy-00_2-017.png,other,agreement,B2C42F74CA58F19EB7F268297E77E32379FAF91F0C13C6BD1A715D7E7A835470
Legacy classified,Gait Phase Classification/Gait_classified_legacy/other/hy-00_2-018.png,other,other/hy-00_2-018.png,other,agreement,E9AAC1281C80803C57E4B902FB7284F566B1B85705925D4FD718528157C3213E
Legacy classified,Gait Phase Classification/Gait_classified_legacy/other/hy-00_2-021.png,other,other/hy-00_2-021.png,other,agreement,D7E906472333350C497E216D9AC30284C2213EDEBDE5B97A852182B5996B681F
Legacy classified,Gait Phase Classification/Gait_classified_legacy/other/hy-00_2-023.png,other,other/hy-00_2-023.png,other,agreement,4373F12B1E3ABB811CF13E074782EEB986E92932E64D14F6098CB8C51CCBE599
Legacy classified,Gait Phase Classification/Gait_classified_legacy/other/hy-00_2-026.png,other,other/hy-00_2-026.png,other,agreement,64474A58A7B153106DFF3A38DD6AD88DF905BDE3E61F29528CA76193E6D606D2
Legacy classified,Gait Phase Classification/Gait_classified_legacy/other/hy-00_2-027.png,other,other/hy-00_2-027.png,other,agreement,831707F95562058607DDDC20A33EF806306BDCEEE1AF9B95177470A6750D6917
Legacy classified,Gait Phase Classification/Gait_classified_legacy/other/hy-00_2-028.png,other,other/hy-00_2-028.png,other,agreement,A6AE7B412111A3113EA784AB818C989C257250014F9784816AD6444AFA50EEE6
Legacy classified,Gait Phase Classification/Gait_classified_legacy/other/hy-00_2-029.png,other,other/hy-00_2-029.png,other,agreement,A1BAA7B458C07B22DA75B1BC16BBBA8F5050CBDCAA63008C14DDA8E905B5A96F
Legacy classified,Gait Phase Classification/Gait_classified_legacy/other/hy-00_2-030.png,other,other/hy-00_2-030.png,other,agreement,8151F3A0DE75C0C9645395DCC61F7D52D4CFCF4731A652E89CF44984AE5FD0DF
Legacy classified,Gait Phase Classification/Gait_classified_legacy/other/hy-00_2-031.png,other,other/hy-00_2-031.png,other,agreement,3B8DB7CAFFF7ABF6D475A96768CE9B38B05C04B6867CD7268C57872042125B83
Legacy classified,Gait Phase Classification/Gait_classified_legacy/other/hy-00_2-032.png,other,other/hy-00_2-032.png,other,agreement,18D1BD59C7D32F3EF90291B1AAF6D0DC8F9D813ABB46CC7E40F7AC053B0D5D3E
Legacy classified,Gait Phase Classification/Gait_classified_legacy/other/hy-00_2-033.png,other,other/hy-00_2-033.png,other,agreement,992613590243E78AD7A7B2424C421CF406370CE3866B8192626DFDCD16F3D1C8
Legacy classified,Gait Phase Classification/Gait_classified_legacy/other/hy-00_2-037.png,other,other/hy-00_2-037.png,other,agreement,39BEBAD525DCE00EE5B214E2024D72823733E63B8A7F9B23BA91C81B34BCD4BE
Legacy classified,Gait Phase Classification/Gait_classified_legacy/other/hy-00_2-038.png,other,other/hy-00_2-038.png,other,agreement,ED2740AE4E5BBD577757443BA7B2404ED4DF7F8169D7CFC559D7027F3C11F85D
Legacy classified,Gait Phase Classification/Gait_classified_legacy/other/hy-00_2-039.png,other,other/hy-00_2-039.png,other,agreement,D53D6F4013E5B23E5C1E0514376D6C7C1252E37DB88E5E44C14D9D6776CA45BA
Legacy classified,Gait Phase Classification/Gait_classified_legacy/other/hy-00_2-040.png,other,other/hy-00_2-040.png,other,agreement,2A776676B7C18F76600D365410A3DFACEA070FF1DF8098924A6DD3F7145B73A3
Legacy classified,Gait Phase Classification/Gait_classified_legacy/other/hy-00_2-041.png,other,other/hy-00_2-041.png,other,agreement,DBA171AAF679E66C6996EFEA3A84A66223BA7E2BA2E0CACE35124287F59BD71C
Legacy classified,Gait Phase Classification/Gait_classified_legacy/other/hy-00_2-042.png,other,other/hy-00_2-042.png,other,agreement,3337B2AD4F188B339A3D5E785429D05101FA76A034E7F23E93FEDE44A28F99E1
Legacy classified,Gait Phase Classification/Gait_classified_legacy/other/hy-00_2-043.png,other,other/hy-00_2-043.png,other,agreement,C051997CB5F9E5E752244A7D15905C0B8E7FB9F0A02842F38D7014CAF3CA6B47
Legacy classified,Gait Phase Classification/Gait_classified_legacy/other/hy-00_2-044.png,other,other/hy-00_2-044.png,other,agreement,EE9EC9862B19248689106581F0AF7DE76F01BA84D04BF313ABCAEEFDC8E850DE
Legacy classified,Gait Phase Classification/Gait_classified_legacy/other/hy-00_2-045.png,other,other/hy-00_2-045.png,other,agreement,BEF19FA67FA18FEEFA0C34530D3C2232438F5E2A5D1B85F46C3E35B25B669E9F
Legacy classified,Gait Phase Classification/Gait_classified_legacy/other/hy-00_2-046.png,other,other/hy-00_2-046.png,other,agreement,225C40C1DF1F5D3A6B0386B96AA549B87069CE88B62F8CBB6C1B2B8E73D8DF40
Legacy classified,Gait Phase Classification/Gait_classified_legacy/other/hy-00_2-048.png,other,other/hy-00_2-048.png,other,agreement,C0E3E805FE1B924A7F79B61E44B5FD7329553D4AA804CDCD1CF9E53B68DF0076
Legacy classified,Gait Phase Classification/Gait_classified_legacy/other/hy-00_2-050.png,other,other/hy-00_2-050.png,other,agreement,709428CEAAD9CEAFCB950B354B0DF2A588DE25F54C383DE77FF25EB8D53C02DB
Legacy classified,Gait Phase Classification/Gait_classified_legacy/other/hy-00_2-051.png,other,other/hy-00_2-051.png,other,agreement,FD29FE1E69977FAEF83BBE6DD3CCB443D1211F1EADE41C55896AAD4C27297216
Legacy classified,Gait Phase Classification/Gait_classified_legacy/other/hy-00_2-052.png,other,other/hy-00_2-052.png,other,agreement,7EFCB37FF84C45B56DCD09BF6455D8F258D4589B695B0EDFDF7748A4DA4F2D74
Legacy classified,Gait Phase Classification/Gait_classified_legacy/other/hy-00_2-053.png,other,other/hy-00_2-053.png,other,agreement,D482B47BBC16F478C2CF35980F08370BC343EB701415E13D35DFF60C9A20EAC6
Legacy classified,Gait Phase Classification/Gait_classified_legacy/other/hy-00_2-054.png,other,other/hy-00_2-054.png,other,agreement,FC8FD7C8D6C27CF94124E4315669610F293938F3F9B17A69CD0269B7AF9A8F4E
Legacy classified,Gait Phase Classification/Gait_classified_legacy/other/hy-00_2-055.png,other,other/hy-00_2-055.png,other,agreement,C539060C4A99D23FE4E9406C331D83A076EC36370B2133AA315F21BD980CF177
Legacy classified,Gait Phase Classification/Gait_classified_legacy/other/hy-00_2-056.png,other,other/hy-00_2-056.png,other,agreement,32E637C9303B757E6AA8C004BF6BBE604B243F4BEC88CB3492CF99021EDB589E
Legacy classified,Gait Phase Classification/Gait_classified_legacy/other/hy-00_2-058.png,other,other/hy-00_2-058.png,other,agreement,D55663B5A5FEC87E0F87BDEF2C621CA43845B690E1E1C1400337BF1FFAA9B49A
Legacy classified,Gait Phase Classification/Gait_classified_legacy/other/hy-00_2-062.png,other,other/hy-00_2-062.png,other,agreement,094F73F144EDD78F177D266FA9047C99C95A48C5FB903E094F504BD296CB9E2C
Legacy classified,Gait Phase Classification/Gait_classified_legacy/other/hy-00_2-063.png,other,other/hy-00_2-063.png,other,agreement,7DB90C3D353AD096163B015F8D43900FD1791D824C067D435FDC8ACCFB029AB9
Legacy classified,Gait Phase Classification/Gait_classified_legacy/other/hy-00_2-064.png,other,other/hy-00_2-064.png,other,agreement,25A1C41BDEF8D9F25BCE82B955D375095BFD797AE9E521121641641F73BFDA67
Legacy classified,Gait Phase Classification/Gait_classified_legacy/other/hy-00_2-065.png,other,other/hy-00_2-065.png,other,agreement,F36957CFF9B907E7E4CA06EB718B973FF17EB97F5483BADE364C84C8421197C6
Legacy classified,Gait Phase Classification/Gait_classified_legacy/other/hy-00_2-066.png,other,other/hy-00_2-066.png,other,agreement,AC19BE52D5EC02F06C6898C6E9A4F613A4DB7E695E4D378AB3BB57D3991AF44B
Legacy classified,Gait Phase Classification/Gait_classified_legacy/other/hy-00_2-067.png,other,other/hy-00_2-067.png,other,agreement,353E39E5B4BC4B9A05D100BF5529A8FF4C601E6D68E3F2BEC8BEDEDB81771DA7
Legacy classified,Gait Phase Classification/Gait_classified_legacy/other/hy-00_3-001.png,other,other/hy-00_3-001.png,other,agreement,231E29BFEC02C88B67C72E15A192CFDDC804DA57AA288AC7386E25C18973E13C
Legacy classified,Gait Phase Classification/Gait_classified_legacy/other/hy-00_3-002.png,other,other/hy-00_3-002.png,other,agreement,ED2EC274825E19B2920EA5ED1440860A51360B4CA92A0C877000C2CED866E9D8
Legacy classified,Gait Phase Classification/Gait_classified_legacy/other/hy-00_3-003.png,other,other/hy-00_3-003.png,other,agreement,085A71ED41C46EC1F71A5BE877BC001CD6AA1A38C661415765CDC1B228F27153
Legacy classified,Gait Phase Classification/Gait_classified_legacy/other/hy-00_3-004.png,other,other/hy-00_3-004.png,other,agreement,317CEF8E06AE8DCF618D7B4EE19B39FFD99ADEBA223AC3971B052A06F818E27A
Legacy classified,Gait Phase Classification/Gait_classified_legacy/other/hy-00_3-005.png,other,other/hy-00_3-005.png,other,agreement,3D647EA3C6C3C86D65CE3E9087A74CA1671FCAD1CC34C76689BFBAC89A7687E4
Legacy classified,Gait Phase Classification/Gait_classified_legacy/other/hy-00_3-006.png,other,other/hy-00_3-006.png,other,agreement,E79CD76C741921D1F4318A552E3A442BE765A97AAFE35475437B3773AF221718
Legacy classified,Gait Phase Classification/Gait_classified_legacy/other/hy-00_3-007.png,other,other/hy-00_3-007.png,other,agreement,BAB46CB188F7F5A58EB95FCC4224995DCCF1DC3FCA9CB970B8A72306ED8F3936
Legacy classified,Gait Phase Classification/Gait_classified_legacy/other/hy-00_3-012.png,other,other/hy-00_3-012.png,other,agreement,16E1DA8B15243175971D7156C346E1B461C88077C48A8066808D82CB6A2BF5E2
Legacy classified,Gait Phase Classification/Gait_classified_legacy/other/hy-00_3-015.png,other,other/hy-00_3-015.png,other,agreement,578EEA7664B178FCB167880B7052F72F481A695A92078E2FE903BACF3E929D44
Legacy classified,Gait Phase Classification/Gait_classified_legacy/other/hy-00_3-016.png,other,other/hy-00_3-016.png,other,agreement,15860DA61D4D1B0EF96660C2714C09CD67CF4E71BD708832DB8256D8D533CA18
Legacy classified,Gait Phase Classification/Gait_classified_legacy/other/hy-00_3-017.png,other,other/hy-00_3-017.png,other,agreement,F6D27365E46B0F01ED1ABF18FEF7DBB9491637F3CA14A5D6DE12BEF164EFAD78
Legacy classified,Gait Phase Classification/Gait_classified_legacy/other/hy-00_3-018.png,other,other/hy-00_3-018.png,other,agreement,6FFE27F2FA43336CE49ED52C45CB50860360E6EB7A6E3B67F186C8AA488F2792
Legacy classified,Gait Phase Classification/Gait_classified_legacy/other/hy-00_3-019.png,other,other/hy-00_3-019.png,other,agreement,BBD8B7D3ECFD950F4371ACB4BAA5E2032984B97BD716512960DFAFD80C2E49BD
Legacy classified,Gait Phase Classification/Gait_classified_legacy/other/hy-00_3-020.png,other,other/hy-00_3-020.png,other,agreement,2CB5B6CCC14DFF770FB03CD3410B490C9E502CE7BF458BB5748891FA8F914E4C
Legacy classified,Gait Phase Classification/Gait_classified_legacy/other/hy-00_3-021.png,other,other/hy-00_3-021.png,other,agreement,D7D7D4D391D3C87261138EA8D0F5D3AB4327F59AB49D15AB4545C00F63D4B2C2
Legacy classified,Gait Phase Classification/Gait_classified_legacy/other/hy-00_3-022.png,other,other/hy-00_3-022.png,other,agreement,BBD6CFF55ED746B224F0E5DA1549F846D2FC748CB336BFC82D898ADC03859CEC
Legacy classified,Gait Phase Classification/Gait_classified_legacy/other/hy-00_3-025.png,other,other/hy-00_3-025.png,other,agreement,A42F30215469A8AE9ED25F11E5EA17121BD97742D934A128A0304CBEBE4F7364
Legacy classified,Gait Phase Classification/Gait_classified_legacy/other/hy-00_3-027.png,other,other/hy-00_3-027.png,other,agreement,D061C59A3F084F0DA30ACDC7036B69065D3C18E4BD1B995C706F702430C5E3F3
Legacy classified,Gait Phase Classification/Gait_classified_legacy/other/hy-00_3-028.png,other,other/hy-00_3-028.png,other,agreement,47808F7EDADA6B32FC06C07BCB10B2CDE78FC3326304BA7A5786D018520D7006
Legacy classified,Gait Phase Classification/Gait_classified_legacy/other/hy-00_3-029.png,other,other/hy-00_3-029.png,other,agreement,62039E920969F09005B7A2338BBFB8DCAC46C778520F18F38A856CA6F93D598B
Legacy classified,Gait Phase Classification/Gait_classified_legacy/other/hy-00_3-030.png,other,other/hy-00_3-030.png,other,agreement,516732E88D65C029D9D07E044127B84C0A5F830B275B5CF32F0068BDB73C3333
Legacy classified,Gait Phase Classification/Gait_classified_legacy/other/hy-00_3-031.png,other,other/hy-00_3-031.png,other,agreement,1F94A559D9AE7F821E9426EB712AB90BE505D1A895C3E9CF6491CA1FACCCEAB6
Legacy classified,Gait Phase Classification/Gait_classified_legacy/other/hy-00_3-032.png,other,other/hy-00_3-032.png,other,agreement,88E20FF86746A1A7E4BD44E58BE8B32D761C24458205579FBCC32E87A1328CD5
Legacy classified,Gait Phase Classification/Gait_classified_legacy/other/hy-00_3-033.png,other,other/hy-00_3-033.png,other,agreement,4FAF1FECAE17B79DD64030C7A93D3EF4E42B2339A4C8FAED1FE3A7212D09EA73
Legacy classified,Gait Phase Classification/Gait_classified_legacy/other/hy-00_3-034.png,other,other/hy-00_3-034.png,other,agreement,97C7D80DAA220D09681B718465347BB938AC68EA773A4E7EB9348DA0C95CDE5D
Legacy classified,Gait Phase Classification/Gait_classified_legacy/other/hy-00_3-037.png,other,other/hy-00_3-037.png,other,agreement,6BD4021FCD38245EF7259289B2074C1B3DF4453F0C4A08EBC803F99D6BAF076F
Legacy classified,Gait Phase Classification/Gait_classified_legacy/other/hy-00_3-038.png,other,other/hy-00_3-038.png,other,agreement,7A60363B9601C712F2EA661BF871BEEDD1C6846446B8FB943F1B9B4CFC12F548
Legacy classified,Gait Phase Classification/Gait_classified_legacy/other/hy-00_3-041.png,other,other/hy-00_3-041.png,other,agreement,6741AB5345938406DAE0521335E61C20C5E62103EF8794F575668D9466E984C3
Legacy classified,Gait Phase Classification/Gait_classified_legacy/other/hy-00_3-042.png,other,other/hy-00_3-042.png,other,agreement,957252838C8EBC61AFAB1B1EBEAF7DA1A52F04BA06CC774E3218EC4C1BA9EAB2
Legacy classified,Gait Phase Classification/Gait_classified_legacy/other/hy-00_3-043.png,other,other/hy-00_3-043.png,other,agreement,FFA57A530D7946C589C95E7CC6FAFFD54C250B608D7E4AB6A7821A9CFC2A8B4B
Legacy classified,Gait Phase Classification/Gait_classified_legacy/other/hy-00_3-044.png,other,other/hy-00_3-044.png,other,agreement,B67505E9802D0A86DFA13C208E23BD51DA13E74A9CCE3605F7DD20B58FFED8C9
Legacy classified,Gait Phase Classification/Gait_classified_legacy/other/hy-00_3-045.png,other,other/hy-00_3-045.png,other,agreement,51B29E2CF0B3A1EDA45608F8E5C399B6F73C9FEF4FBCC157C2F985C761F84979
Legacy classified,Gait Phase Classification/Gait_classified_legacy/other/hy-00_3-046.png,other,other/hy-00_3-046.png,other,agreement,CAFF768476BD7DFF8145462682EC17A523E09F4FBDA425755E644626D5541EC4
Legacy classified,Gait Phase Classification/Gait_classified_legacy/other/hy-00_3-047.png,other,other/hy-00_3-047.png,other,agreement,DC1D4AE291085F5AF67F1C23D48517B43AD05CF7E6E3DB2ACF3A4CE9A4F24C02
Legacy classified,Gait Phase Classification/Gait_classified_legacy/other/hy-00_3-050.png,other,other/hy-00_3-050.png,other,agreement,BAD427D9D5D2FA918130BB710B5C185F6F262BF1F7B9618766C97BC8FDD39B4A
Legacy classified,Gait Phase Classification/Gait_classified_legacy/other/hy-00_3-053.png,other,other/hy-00_3-053.png,other,agreement,9796033EA40B5BABCBCB549DFBA4D62F09E531A6C9DEC47AA62815BF4075E5D2
Legacy classified,Gait Phase Classification/Gait_classified_legacy/other/hy-00_3-054.png,other,other/hy-00_3-054.png,other,agreement,6A1038507703D5B1860D7378C2D4E44C28E9D90D35886818407606A0D9EFF131
Legacy classified,Gait Phase Classification/Gait_classified_legacy/other/hy-00_3-055.png,other,other/hy-00_3-055.png,other,agreement,B617C7762FC4BC3E469DA981346474259915B0F566E93BAE8B3093699C9562E5
Legacy classified,Gait Phase Classification/Gait_classified_legacy/other/hy-00_3-056.png,other,other/hy-00_3-056.png,other,agreement,4BA966D9AE69EC854AD4A4A62F47E0897858D868547F985A9817B66779036DAD
Legacy classified,Gait Phase Classification/Gait_classified_legacy/other/hy-00_3-057.png,other,other/hy-00_3-057.png,other,agreement,7907417FA696DA9FBC6ACF00966CC73C7C15FE2D44818FA5A4408C5F8E307B35
Legacy classified,Gait Phase Classification/Gait_classified_legacy/other/hy-00_3-058.png,other,other/hy-00_3-058.png,other,agreement,F28C5756823BF7E2C70BD0D0644459BBCCAD3801B16BC5A1AB7D94856B0D27FD
Legacy classified,Gait Phase Classification/Gait_classified_legacy/other/hy-00_3-059.png,other,other/hy-00_3-059.png,other,agreement,C6C8F1BCFF0927E50AF84D903945A92C2985143A13A90374738386F792A0DDD0
Legacy classified,Gait Phase Classification/Gait_classified_legacy/other/hy-00_3-060.png,other,other/hy-00_3-060.png,other,agreement,4C6959655D041A61EE50F3751F6AF04E18A135B3D2385D516E63B5190302D2B5
Legacy classified,Gait Phase Classification/Gait_classified_legacy/other/hy-00_4-001.png,other,other/hy-00_4-001.png,other,agreement,012453809A39121920DE955F37916B4E66CE5CCB3C436F334174FAF2D08F6E07
Legacy classified,Gait Phase Classification/Gait_classified_legacy/other/hy-00_4-002.png,other,other/hy-00_4-002.png,other,agreement,879A178B3BEDF70304CAF0F9941B4147A8E948625AED2EF1E761C484C4020633
Legacy classified,Gait Phase Classification/Gait_classified_legacy/other/hy-00_4-003.png,other,other/hy-00_4-003.png,other,agreement,52A47A1473D80FC93ACB47BD91D03C71E1C1750F9E4E74154BFEACE0970E9F3C
Legacy classified,Gait Phase Classification/Gait_classified_legacy/other/hy-00_4-004.png,other,other/hy-00_4-004.png,other,agreement,51E46278B1EA2CE5DE6BC364D2DA4E74F19991D07E9866F3BC2B03B88853F3EA
Legacy classified,Gait Phase Classification/Gait_classified_legacy/other/hy-00_4-007.png,other,other/hy-00_4-007.png,other,agreement,1C00957CB3E569A7E0ED0C1A46F7D91DB84E9025B4CB054738DC199742A44249
Legacy classified,Gait Phase Classification/Gait_classified_legacy/other/hy-00_4-008.png,other,other/hy-00_4-008.png,other,agreement,D2E16E706070C618F12360A0A03D9EAD699B076871D159BD87E632C7F757F354
Legacy classified,Gait Phase Classification/Gait_classified_legacy/other/hy-00_4-010.png,other,other/hy-00_4-010.png,other,agreement,3A179133DB87751CEB5581E1E2DE28CC3F5679FD3BDFB0438816E89E1D7ADABA
Legacy classified,Gait Phase Classification/Gait_classified_legacy/other/hy-00_4-011.png,other,other/hy-00_4-011.png,other,agreement,8CFA0A096F6D9A604F1C056624159DBA073DC28C24D7C696B31D0CC4ABD421AC
Legacy classified,Gait Phase Classification/Gait_classified_legacy/other/hy-00_4-012.png,other,other/hy-00_4-012.png,other,agreement,8AE0E045F2AC30231055CDF0A568CC8D9BC18286A81C38D4C5424D75DE400AF9
Legacy classified,Gait Phase Classification/Gait_classified_legacy/other/hy-00_4-013.png,other,other/hy-00_4-013.png,other,agreement,C8852CC0C2E7117B737603FD6B6F4986D134233BF40525BB7F1C3799DC3E3298
Legacy classified,Gait Phase Classification/Gait_classified_legacy/other/hy-00_4-014.png,other,other/hy-00_4-014.png,other,agreement,1FEEC0027A17ACA5BE3691D74EF8EAE7A7981450492CE690DE13F214EB11EBAC
Legacy classified,Gait Phase Classification/Gait_classified_legacy/other/hy-00_4-015.png,other,other/hy-00_4-015.png,other,agreement,F18DD17F4AF272390740ED2B7218182C90DAA3A61CB9574D1ED4A65F4354FE36
Legacy classified,Gait Phase Classification/Gait_classified_legacy/other/hy-00_4-016.png,other,other/hy-00_4-016.png,other,agreement,199C9053E0C7FF64CE4901D0DC3F255E06D6D70DC583C46B7921D1C8F29D7B61
Legacy classified,Gait Phase Classification/Gait_classified_legacy/other/hy-00_4-017.png,other,other/hy-00_4-017.png,other,agreement,C88D806A5941F2143083A3B49A60F87FDB8B53CF463EAE8B76BA39CBF9EC703D
Legacy classified,Gait Phase Classification/Gait_classified_legacy/other/hy-00_4-018.png,other,other/hy-00_4-018.png,other,agreement,4D7402C749BA333D984A9294E9278EA96243BCC61FF4CA8FFE36E1F57FAD6909
Legacy classified,Gait Phase Classification/Gait_classified_legacy/other/hy-00_4-023.png,other,other/hy-00_4-023.png,other,agreement,3D3A683521CA30F26A7EADD2FA56CF49381DFC9A835BC47E67EB7CBEF5264DF0
Legacy classified,Gait Phase Classification/Gait_classified_legacy/other/hy-00_4-024.png,other,other/hy-00_4-024.png,other,agreement,48A5BFFA1EE2528275462B3A33ADE6C2D0CCD60258BE863E736A22C1528540A1
Legacy classified,Gait Phase Classification/Gait_classified_legacy/other/hy-00_4-025.png,other,other/hy-00_4-025.png,other,agreement,8EF996CB8096DB16C7792717BB9108BC0020E079FE777C736ACE02C03E9B6E45
Legacy classified,Gait Phase Classification/Gait_classified_legacy/other/hy-00_4-026.png,other,other/hy-00_4-026.png,other,agreement,55BCD499474DEE1C32AC062B15636BF63957892B4D7BB19CFFD5DC846FD81441
Legacy classified,Gait Phase Classification/Gait_classified_legacy/other/hy-00_4-027.png,other,other/hy-00_4-027.png,other,agreement,9366141F13E22B90B577F9FD5A2FD65E58AA24AC59262A6D817EEC9D04ACFAFF
Legacy classified,Gait Phase Classification/Gait_classified_legacy/other/hy-00_4-028.png,other,other/hy-00_4-028.png,other,agreement,D22E36BF1260E9C22C2C399AA806BEEA9D77D09E4100445E65257CE392866475
Legacy classified,Gait Phase Classification/Gait_classified_legacy/other/hy-00_4-029.png,other,other/hy-00_4-029.png,other,agreement,CA6F0141663C9734E9E6888768C2478F01733A1F2A624B33373AF466B99D8AC6
Legacy classified,Gait Phase Classification/Gait_classified_legacy/other/hy-00_4-030.png,other,other/hy-00_4-030.png,other,agreement,7B6C2FC06D7325480912356FA38DCDC774E9B48BC9A8C55646E0EDE719C499C2
Legacy classified,Gait Phase Classification/Gait_classified_legacy/other/hy-00_4-034.png,other,other/hy-00_4-034.png,other,agreement,5830E4A5B5A7411B0A0403961145CE5E8E83A98DE04160728F466B0CFD4208B9
Legacy classified,Gait Phase Classification/Gait_classified_legacy/other/hy-00_4-035.png,other,other/hy-00_4-035.png,other,agreement,AFCABE66D3E9A4A28851140609DB69833EF5B4B61A5F2BE9C95F360D4AF26C3E
Legacy classified,Gait Phase Classification/Gait_classified_legacy/other/hy-00_4-036.png,other,other/hy-00_4-036.png,other,agreement,B7408A0C0CBB916CFD70FFD6405055D539AE495FDF6D2834E75854A64D13F169
Legacy classified,Gait Phase Classification/Gait_classified_legacy/other/hy-00_4-037.png,other,other/hy-00_4-037.png,other,agreement,18BBE7EFB8921A639A568D851ABA234E0E3336469B46CB359F82A5BE2DB2C8A1
Legacy classified,Gait Phase Classification/Gait_classified_legacy/other/hy-00_4-038.png,other,other/hy-00_4-038.png,other,agreement,EB44F4BB1F1FB63C5013341B95E09639D057F469F2751574CAB62E6917E1B187
Legacy classified,Gait Phase Classification/Gait_classified_legacy/other/hy-00_4-039.png,other,other/hy-00_4-039.png,other,agreement,E814C8F6126A68578B61D87F9DC1DF9256B532CFEC5FCD196E436007F32EB6DE
Legacy classified,Gait Phase Classification/Gait_classified_legacy/other/hy-00_4-040.png,other,other/hy-00_4-040.png,other,agreement,7723A1DC15EA29DDF13062D23A7A583B15D48F59AEA172800839B7ED2A71D8A8
Legacy classified,Gait Phase Classification/Gait_classified_legacy/other/hy-00_4-041.png,other,other/hy-00_4-041.png,other,agreement,C5A98E3111DA58843F2D8A7C2C0B60F0EA9FF11657B47EA5244D8B11EE24058D
Legacy classified,Gait Phase Classification/Gait_classified_legacy/other/hy-00_4-042.png,other,other/hy-00_4-042.png,other,agreement,223B32FED8F89C33B318786CD6DE06016C5B835A1CEE63A8187D0282770E4924
Legacy classified,Gait Phase Classification/Gait_classified_legacy/other/hy-00_4-043.png,other,other/hy-00_4-043.png,other,agreement,C6ACB701C7F4E43877DCC157043D20FA4B03302C93366683460158AEAF55CE65
Legacy classified,Gait Phase Classification/Gait_classified_legacy/other/hy-00_4-045.png,other,other/hy-00_4-045.png,other,agreement,EC0B2C9AB5AF07743B5424B6F7508869A983EFC12F082E89F4BD077F2A7FCFF0
Legacy classified,Gait Phase Classification/Gait_classified_legacy/other/hy-00_4-046.png,other,other/hy-00_4-046.png,other,agreement,8B6D74DBAEEE4495783574127018414A72ADF53F73F8FEF8CC67350B7B97EFFA
Legacy classified,Gait Phase Classification/Gait_classified_legacy/other/hy-00_4-048.png,other,other/hy-00_4-048.png,other,agreement,C8161D6602D8D2823386B683E0E65CACC3977AB6639DEABBBBCCE723EDF87C12
Legacy classified,Gait Phase Classification/Gait_classified_legacy/other/hy-00_4-049.png,other,other/hy-00_4-049.png,other,agreement,C5BBC3F479771B41D06143B3B266AB7F076EE5B230A85E272AAC3B8F7AD0A806
Legacy classified,Gait Phase Classification/Gait_classified_legacy/other/hy-00_4-050.png,other,other/hy-00_4-050.png,other,agreement,EA4E96FFE32165717A3520277CB6DA2FE8F3271DC6005C29D6C6EFB9E64C8C6C
Legacy classified,Gait Phase Classification/Gait_classified_legacy/other/hy-00_4-051.png,other,other/hy-00_4-051.png,other,agreement,6C2199C0936D4EC466E1B140B436ED93A31B7E76C1A56CB96F7ACB20332710B3
Legacy classified,Gait Phase Classification/Gait_classified_legacy/other/hy-00_4-052.png,other,other/hy-00_4-052.png,other,agreement,F3E2944727A820E3C83AD3F153D4DFED6EBD909FE59DC43D2EE446864FA578D1
Legacy classified,Gait Phase Classification/Gait_classified_legacy/other/hy-00_4-053.png,other,other/hy-00_4-053.png,other,agreement,EC0A3E82F172AC33D00B2FC4F2C69F213D58DB69665C3E1E64C10849BAC785B9
Legacy classified,Gait Phase Classification/Gait_classified_legacy/other/hy-00_4-054.png,other,other/hy-00_4-054.png,other,agreement,DC43A20FABBB150C4B9E2C6C2332D5F483313465F44F35C3B400923793D39A30
Legacy classified,Gait Phase Classification/Gait_classified_legacy/other/hy-00_4-055.png,other,other/hy-00_4-055.png,other,agreement,313A1470151F59FC6A068A2F103547A22695FFDEC0654234770438DBA0C43801
Legacy classified,Gait Phase Classification/Gait_classified_legacy/other/hy-00_4-056.png,other,other/hy-00_4-056.png,other,agreement,8F8A7D2373F7693A6D0C7F98A175427FACF332EF065912059BB160D984644DC2
Legacy classified,Gait Phase Classification/Gait_classified_legacy/other/hy-00_4-060.png,other,other/hy-00_4-060.png,other,agreement,30B174291A8DF04AE900FBE26D1E5E3EDC3F5E0B193DA8DEF147AECEAAD66AB3
Legacy classified,Gait Phase Classification/Gait_classified_legacy/other/hy-00_4-061.png,other,other/hy-00_4-061.png,other,agreement,4206BCCE9927A2BEDF49DE3B1CD89F45573A1814AD2B4EE5F738640C31C9E77D
Legacy classified,Gait Phase Classification/Gait_classified_legacy/other/hy-00_4-062.png,other,other/hy-00_4-062.png,other,agreement,C706E4E81959C88170D141B0E5D542BC0EA8FB492DDAD8DBFFF6E66911916A16
Legacy classified,Gait Phase Classification/Gait_classified_legacy/other/hy-00_4-063.png,other,other/hy-00_4-063.png,other,agreement,3BFA26327D8B62BACA5EA11D0D4982E12BF72D59652167049E00476DB95D0B8D
Legacy classified,Gait Phase Classification/Gait_classified_legacy/other/ljg-00_1-001.png,other,other/ljg-00_1-001.png,other,agreement,BEF60EDF9E10249C99725B90427267030E1E5707A72A47E5002369C5830B26DB
Legacy classified,Gait Phase Classification/Gait_classified_legacy/other/ljg-00_1-002.png,other,other/ljg-00_1-002.png,other,agreement,3C6A1DC71EF9988400B7079D8874AF10A3A324CA9D5751F1BEC165E3F99E4213
Legacy classified,Gait Phase Classification/Gait_classified_legacy/other/ljg-00_1-003.png,other,other/ljg-00_1-003.png,other,agreement,BCBF187D33AB4B680B0183BEF1F406205933BD4C2C7C6C1E409C6E20E7DCAEF6
Legacy classified,Gait Phase Classification/Gait_classified_legacy/other/ljg-00_1-004.png,other,other/ljg-00_1-004.png,other,agreement,BB0A52655EA4C8D443721C6CE1B154A59104462CEB6D747827F0A93FF60FBBBD
Legacy classified,Gait Phase Classification/Gait_classified_legacy/other/ljg-00_1-005.png,other,other/ljg-00_1-005.png,other,agreement,9AE629E1D326EBF43084FEF09891D01603D0F91588D88CB7AB5D910154D5BDEA
Legacy classified,Gait Phase Classification/Gait_classified_legacy/other/ljg-00_1-006.png,other,other/ljg-00_1-006.png,other,agreement,F615394075D10163378BBEA0A1536DC50430F29A7F7D15D5B33955A8B1CBC93A
Legacy classified,Gait Phase Classification/Gait_classified_legacy/other/ljg-00_1-007.png,other,other/ljg-00_1-007.png,other,agreement,F5C4A80FCDCAE56137303E0137163665A84B5A5C3D6298E23724D32CD724D7E5
Legacy classified,Gait Phase Classification/Gait_classified_legacy/other/ljg-00_1-008.png,other,other/ljg-00_1-008.png,other,agreement,0CC5B09B7EA8F5C68E038B9EE2E8A6AFFC705ED35FC34B02C5AA4890DF396193
Legacy classified,Gait Phase Classification/Gait_classified_legacy/other/ljg-00_1-009.png,other,other/ljg-00_1-009.png,other,agreement,EFDE4A24000946D0D219E94612C77EF122942E9E0298C6BA6415566605BCC0A6
Legacy classified,Gait Phase Classification/Gait_classified_legacy/other/ljg-00_1-012.png,other,other/ljg-00_1-012.png,other,agreement,BD9785E583C09CF66C5D0D42AB9BAED14961816DDBF4EC88E981E3F8BCB49FB8
Legacy classified,Gait Phase Classification/Gait_classified_legacy/other/ljg-00_1-013.png,other,other/ljg-00_1-013.png,other,agreement,53D737181BDA567C44D615797F45C76C9E8CB699723E03D0B96FA8E2E161A73A
Legacy classified,Gait Phase Classification/Gait_classified_legacy/other/ljg-00_1-014.png,other,other/ljg-00_1-014.png,other,agreement,FAD67C8E1DDDE2F331CFD62BA0C64377EA845FBC1EC3A49BD292B5F5267BFF1F
Legacy classified,Gait Phase Classification/Gait_classified_legacy/other/ljg-00_1-017.png,other,other/ljg-00_1-017.png,other,agreement,2FC429069C44CCD4C21E94F1B30A73D9298CB8078575AB6FBAD4F5829E1F19B0
Legacy classified,Gait Phase Classification/Gait_classified_legacy/other/ljg-00_1-018.png,other,other/ljg-00_1-018.png,other,agreement,16209294F7B81E49BE74FDEC6796F12A66C8061FAE6B553FD8A6823E8940FDF3
Legacy classified,Gait Phase Classification/Gait_classified_legacy/other/ljg-00_1-019.png,other,other/ljg-00_1-019.png,other,agreement,8455D9AE7E5A0B313F41AC86CC9179E629E754198A6CD55DDC519F42E44103CB
Legacy classified,Gait Phase Classification/Gait_classified_legacy/other/ljg-00_1-020.png,other,other/ljg-00_1-020.png,other,agreement,62264D95FAB3E544481225DC8D08B2A61DE805BB93D6E5FAA002F47820999643
Legacy classified,Gait Phase Classification/Gait_classified_legacy/other/ljg-00_1-021.png,other,other/ljg-00_1-021.png,other,agreement,A207FF19525FF1ED82B8C388B99F82104E5B60772ADC895EEE2FC94E4D78735B
Legacy classified,Gait Phase Classification/Gait_classified_legacy/other/ljg-00_1-022.png,other,other/ljg-00_1-022.png,other,agreement,78EFB29542BB4A3E2CC6CA72384A18DB6913F55F3F9BF9277C4457DBA5532F3E
Legacy classified,Gait Phase Classification/Gait_classified_legacy/other/ljg-00_1-023.png,other,other/ljg-00_1-023.png,other,agreement,5E8E1B7E009586E908EE997499F748D0FFE1CBDF5CBF1A253B3E8282B2611CF0
Legacy classified,Gait Phase Classification/Gait_classified_legacy/other/ljg-00_1-024.png,other,other/ljg-00_1-024.png,other,agreement,F1DD005D9087DD0D72F00B34C5438D89213DBC35668C92520DC210B7C9DB1E07
Legacy classified,Gait Phase Classification/Gait_classified_legacy/other/ljg-00_1-027.png,other,other/ljg-00_1-027.png,other,agreement,45D8CE83250A9550CDE30A9232AF5D0F7FB3D98749C52EEAAA7931A04F467F32
Legacy classified,Gait Phase Classification/Gait_classified_legacy/other/ljg-00_1-028.png,other,other/ljg-00_1-028.png,other,agreement,3AB430AC61305937A865BF11CCB04839C8B8175CF8351A5A1E02FD28295DCCCA
Legacy classified,Gait Phase Classification/Gait_classified_legacy/other/ljg-00_1-031.png,other,other/ljg-00_1-031.png,other,agreement,54ADB3EBB7C8A0F98722B6B93A0C65115E0C041D48337C30E91EA308546B4A05
Legacy classified,Gait Phase Classification/Gait_classified_legacy/other/ljg-00_1-032.png,other,other/ljg-00_1-032.png,other,agreement,84F60794F0DEF474934DDD793CA8B779E35846BF9CB21F8E15A0543094C863D5
Legacy classified,Gait Phase Classification/Gait_classified_legacy/other/ljg-00_1-033.png,other,other/ljg-00_1-033.png,other,agreement,5AE26FCBED75398867C68BB5F32ECC1DC1AEDEB68746708C55674D63EDBB27EE
Legacy classified,Gait Phase Classification/Gait_classified_legacy/other/ljg-00_1-034.png,other,other/ljg-00_1-034.png,other,agreement,BCCADD39E64F2DB6BC3056270831F0ED04341F95F83D158510A30E61B560B094
Legacy classified,Gait Phase Classification/Gait_classified_legacy/other/ljg-00_1-035.png,other,other/ljg-00_1-035.png,other,agreement,65F9FEFA80DDC7A2CE9D897672B031CC3CA9D4A8B95A5F56DF1C508C07A4441F
Legacy classified,Gait Phase Classification/Gait_classified_legacy/other/ljg-00_1-036.png,other,other/ljg-00_1-036.png,other,agreement,4FE461C7814DAC7D32E204343D7048A7D9CF987E76D7D78754B834D7D7CFDC89
Legacy classified,Gait Phase Classification/Gait_classified_legacy/other/ljg-00_1-037.png,other,other/ljg-00_1-037.png,other,agreement,BF282EC1BBA996AB13F4A49DF376E2454BAB8817751EAF6D611389F027F14C81
Legacy classified,Gait Phase Classification/Gait_classified_legacy/other/ljg-00_1-038.png,other,other/ljg-00_1-038.png,other,agreement,0A257DF548FB1D90D124E1877C20CDA46B7E061994418E22E8C7A70185734E06
Legacy classified,Gait Phase Classification/Gait_classified_legacy/other/ljg-00_1-042.png,other,other/ljg-00_1-042.png,other,agreement,D3A89678A81FC0B99A3BC5CE82F51BABC59FBA431230CDC8695A079F73E492DC
Legacy classified,Gait Phase Classification/Gait_classified_legacy/other/ljg-00_1-043.png,other,other/ljg-00_1-043.png,other,agreement,129CD10FA353613B2025729E1B9ECC59225A3A8ED76E438981AE360F3C7F2AA6
Legacy classified,Gait Phase Classification/Gait_classified_legacy/other/ljg-00_1-046.png,other,other/ljg-00_1-046.png,other,agreement,E4F3CA538C0E9E18EEDC0FEBBA3CFB439242A5164C37F91AD194530872D65943
Legacy classified,Gait Phase Classification/Gait_classified_legacy/other/ljg-00_1-047.png,other,other/ljg-00_1-047.png,other,agreement,E18CD3540B627BA35FB1DD5A3D946EE04BC7E9BB75F895A73043D389BABBC163
Legacy classified,Gait Phase Classification/Gait_classified_legacy/other/ljg-00_1-048.png,other,other/ljg-00_1-048.png,other,agreement,9FA3BF7A82E662E54FC60E1C70AB8F6263B7CD04CB0E4C0B2B9942FC980906EF
Legacy classified,Gait Phase Classification/Gait_classified_legacy/other/ljg-00_1-049.png,other,other/ljg-00_1-049.png,other,agreement,6D9CBC6C76291603BC14D227AD7A85F4615E7A8A092EF24731F7C165A7CCFC21
Legacy classified,Gait Phase Classification/Gait_classified_legacy/other/ljg-00_1-050.png,other,other/ljg-00_1-050.png,other,agreement,DAFF2CB393A4D91BA6C1AC180458ED64A76F2B591DD1A59C288DECE6B0C24E11
Legacy classified,Gait Phase Classification/Gait_classified_legacy/other/ljg-00_1-051.png,other,heel_strike/ljg-00_1-053.png,heel_strike,conflict,FEF0E66AB06AE93CF75E28155B89B40A3E8F866BC091D365968F341A283C2B7F
Legacy classified,Gait Phase Classification/Gait_classified_legacy/other/ljg-00_1-051.png,other,other/ljg-00_1-051.png,other,agreement,FEF0E66AB06AE93CF75E28155B89B40A3E8F866BC091D365968F341A283C2B7F
Legacy classified,Gait Phase Classification/Gait_classified_legacy/other/ljg-00_1-056.png,other,other/ljg-00_1-056.png,other,agreement,1FDB93393F28CF6A3005125E3E84AA24CB827A31DF57DC045F9131E854A008F1
Legacy classified,Gait Phase Classification/Gait_classified_legacy/other/ljg-00_1-057.png,other,other/ljg-00_1-057.png,other,agreement,FA92BE72B5B87C488D3256AEB61383668EEF2A614217A1D0ED0D93E5471673D1
Legacy classified,Gait Phase Classification/Gait_classified_legacy/other/ljg-00_1-059.png,other,other/ljg-00_1-059.png,other,agreement,CB041062E89057D7FC0B08E7C90A4FA7B68E73275AE3743AE09E35CA47F1D228
Legacy classified,Gait Phase Classification/Gait_classified_legacy/other/ljg-00_1-060.png,other,other/ljg-00_1-060.png,other,agreement,F6A57662DCF6C1EB607862C91DE4915FD1604969F4523C33DE824B013B2A037C
Legacy classified,Gait Phase Classification/Gait_classified_legacy/other/ljg-00_1-061.png,other,other/ljg-00_1-061.png,other,agreement,A92E7655064400F30DF333E1BE40BE5B796A2EA50132ADBA26C0DF33D97189F3
Legacy classified,Gait Phase Classification/Gait_classified_legacy/other/ljg-00_1-062.png,other,other/ljg-00_1-062.png,other,agreement,F998DE453C036B396DA270F2C6F2668A99558B5F4538C47A3A088C7185E12222
Legacy classified,Gait Phase Classification/Gait_classified_legacy/other/ljg-00_1-063.png,other,other/ljg-00_1-063.png,other,agreement,BAA443F33AAE46904CCF8C1E6AAB4E5D4849AEC65DB0A0D465669DD69DC4C31B
Legacy classified,Gait Phase Classification/Gait_classified_legacy/other/ljg-00_1-064.png,other,other/ljg-00_1-064.png,other,agreement,C4C5EBBB275BD647551A3EF2407F350941EE499E1889CCEE7EBFFF2746422183
Legacy classified,Gait Phase Classification/Gait_classified_legacy/other/ljg-00_2-003.png,other,other/ljg-00_2-003.png,other,agreement,37A68D6676696E3DAACEA65EA43098D20AB8C51E82CBBA1D99E46511466778ED
Legacy classified,Gait Phase Classification/Gait_classified_legacy/other/ljg-00_2-004.png,other,other/ljg-00_2-004.png,other,agreement,C451025B1DBCB9579A4F572DC3BEFA9FB2E0B8E06CA5A77D4BBADD31919E0F75
Legacy classified,Gait Phase Classification/Gait_classified_legacy/other/ljg-00_2-005.png,other,other/ljg-00_2-005.png,other,agreement,B88981DDF4AA584BE9B31FE9364AA08D58B921CBA933123AF4DE2FA61ECCBEDC
Legacy classified,Gait Phase Classification/Gait_classified_legacy/other/ljg-00_2-006.png,other,other/ljg-00_2-006.png,other,agreement,75A777311FA8C3BB1B0E682CC433AAC27A3B96BCDEA92A58275DF1DB4C65A3B0
Legacy classified,Gait Phase Classification/Gait_classified_legacy/other/ljg-00_2-009.png,other,other/ljg-00_2-009.png,other,agreement,D3CF5EBFC070DF54813A1A3C316B635BE0D389E7A6626C2EA73CA21B2F3C9708
Legacy classified,Gait Phase Classification/Gait_classified_legacy/other/ljg-00_2-010.png,other,other/ljg-00_2-010.png,other,agreement,F091EA316B3D6A7251693D2CC75F8AE11B5EC11D05E4F326A5355FA790F16929
Legacy classified,Gait Phase Classification/Gait_classified_legacy/other/ljg-00_2-011.png,other,other/ljg-00_2-011.png,other,agreement,CA41F55A8E0CB57BA6C242336A5C3B7B626A0BF825C39ED66F5BB94A6ED479D9
Legacy classified,Gait Phase Classification/Gait_classified_legacy/other/ljg-00_2-012.png,other,other/ljg-00_2-012.png,other,agreement,7234B859742C4B0B261C0D1ABD2DFBE7322EB163B9EB3BA9AC35A25927871B05
Legacy classified,Gait Phase Classification/Gait_classified_legacy/other/ljg-00_2-013.png,other,other/ljg-00_2-013.png,other,agreement,FB95F6C9963C0F45A5D5BBCC181EEDFC7BC55AB0BAA01B5CFE5EB35A89E740C9
Legacy classified,Gait Phase Classification/Gait_classified_legacy/other/ljg-00_2-014.png,other,other/ljg-00_2-014.png,other,agreement,BD0DFAED0BC46A7C0DBBA0C8A372913629609FC70544B666D228E48214FD765B
Legacy classified,Gait Phase Classification/Gait_classified_legacy/other/ljg-00_2-015.png,other,other/ljg-00_2-015.png,other,agreement,F2C06534E6DA17BCACAFAC662A0B98C9A511938B30DFB97E0A35343E2EBF6E15
Legacy classified,Gait Phase Classification/Gait_classified_legacy/other/ljg-00_2-016.png,other,other/ljg-00_2-016.png,other,agreement,1FC038A14533F96D6C4C57832972464E05043D57F5189177E084F6DCA269F26E
Legacy classified,Gait Phase Classification/Gait_classified_legacy/other/ljg-00_2-019.png,other,other/ljg-00_2-019.png,other,agreement,54926B2D63184A27D2031083565B627936F314F57EF98550D67B2EFDDF06B01D
Legacy classified,Gait Phase Classification/Gait_classified_legacy/other/ljg-00_2-020.png,other,other/ljg-00_2-020.png,other,agreement,3270A618B3E462C2626DECB70B236C5D56EB8C832C016E3CCE11E6E78D45DD10
Legacy classified,Gait Phase Classification/Gait_classified_legacy/other/ljg-00_2-022.png,other,other/ljg-00_2-022.png,other,agreement,51CD9E72C263472DED70C691D55174A901430E16DF1200D3DCF31D091906E11A
Legacy classified,Gait Phase Classification/Gait_classified_legacy/other/ljg-00_2-023.png,other,other/ljg-00_2-023.png,other,agreement,7958A293EEFB40FC226D8E546E1F31ACEB9D1EC965D832C161D5FC644E84C717
Legacy classified,Gait Phase Classification/Gait_classified_legacy/other/ljg-00_2-024.png,other,other/ljg-00_2-024.png,other,agreement,9B233556F5212D7722AAE692ACAD91F1A4D973FB6F5C3CABB36816133A5DB9B8
Legacy classified,Gait Phase Classification/Gait_classified_legacy/other/ljg-00_2-025.png,other,other/ljg-00_2-025.png,other,agreement,68D2936E7449DAA89CC95CD41F323A951EE7DEE547C9FD9824556AC4B6D29328
Legacy classified,Gait Phase Classification/Gait_classified_legacy/other/ljg-00_2-026.png,other,other/ljg-00_2-026.png,other,agreement,097A472ABBB19FA91FD699D8F91DEF685FBE2E85021593F0660ADCC4915FC87F
Legacy classified,Gait Phase Classification/Gait_classified_legacy/other/ljg-00_2-027.png,other,other/ljg-00_2-027.png,other,agreement,3A0BB7229B8E1C8BB6DAE8936EC458A06E94C75A79FF1E8E5EEE1A4E439A75CB
Legacy classified,Gait Phase Classification/Gait_classified_legacy/other/ljg-00_2-028.png,other,other/ljg-00_2-028.png,other,agreement,782C5444958DCB29F7F6E3A96771FA64616E3C196F2EB099338F1B6A29B79F72
Legacy classified,Gait Phase Classification/Gait_classified_legacy/other/ljg-00_2-029.png,other,other/ljg-00_2-029.png,other,agreement,34C141996A8BCCA35B24DFDC9E3A74B60DA09BD035D67CDBE9A74C26AEDD0444
Legacy classified,Gait Phase Classification/Gait_classified_legacy/other/ljg-00_2-030.png,other,other/ljg-00_2-030.png,other,agreement,BBC366A1C8640D953743E6F7E58298F86B138A647EBA13F021B7C9606AC9D332
Legacy classified,Gait Phase Classification/Gait_classified_legacy/other/ljg-00_2-032.png,other,other/ljg-00_2-032.png,other,agreement,E1393CE34BAFE516338CC518D6878ECE62C23592FD4F25F7A25DA63CCEC9C2C7
Legacy classified,Gait Phase Classification/Gait_classified_legacy/other/ljg-00_2-033.png,other,other/ljg-00_2-033.png,other,agreement,EF1976F45EAFD88209DF10A5ADD10DDB42307522FC823A7F154368A67307B774
Legacy classified,Gait Phase Classification/Gait_classified_legacy/other/ljg-00_2-034.png,other,other/ljg-00_2-034.png,other,agreement,535D64388036B15535D5AFD89822BA0D855B5F2FE7EBE34A8C162359340BA1A1
Legacy classified,Gait Phase Classification/Gait_classified_legacy/other/ljg-00_2-036.png,other,other/ljg-00_2-036.png,other,agreement,D8C933AC3B91CA3CD0A6BADB6BBB4B465DF1489B6781C10D94F4534C4AAF768C
Legacy classified,Gait Phase Classification/Gait_classified_legacy/other/ljg-00_2-037.png,other,other/ljg-00_2-037.png,other,agreement,9E18610B7DF82622A484E016D179CC7CF255C9FEC9E273254491B9930D84D2C4
Legacy classified,Gait Phase Classification/Gait_classified_legacy/other/ljg-00_2-038.png,other,other/ljg-00_2-038.png,other,agreement,897F70B8E9EA4631E667CFD3DA511BEDCDA3004C20A1AA8221777E46113CB9B9
Legacy classified,Gait Phase Classification/Gait_classified_legacy/other/ljg-00_2-039.png,other,other/ljg-00_2-039.png,other,agreement,F85A94CEE6BC35A8E01727E1380EBAA153DCC8CDC56025CFC0235436B7904D6F
Legacy classified,Gait Phase Classification/Gait_classified_legacy/other/ljg-00_2-040.png,other,other/ljg-00_2-040.png,other,agreement,D40075DDDBCF043676CED603D81AD29F69A3922C2CB29B39D61880ED508E5A5B
Legacy classified,Gait Phase Classification/Gait_classified_legacy/other/ljg-00_2-041.png,other,other/ljg-00_2-041.png,other,agreement,9B61E2F4FECCA1A775607222D0F7999CECFE135998F36C840B7A6E2A763C2649
Legacy classified,Gait Phase Classification/Gait_classified_legacy/other/ljg-00_2-042.png,other,other/ljg-00_2-042.png,other,agreement,ED8541D786E56FC0FEF2B5D399E17784C4932E73DFDD68AE0FE8EBAF8B902DE2
Legacy classified,Gait Phase Classification/Gait_classified_legacy/other/ljg-00_2-043.png,other,other/ljg-00_2-043.png,other,agreement,28DBAD2CE5406587E9D921F2AE3B68339182A7FA86B0B0ACBA3B6B95C95A47F7
Legacy classified,Gait Phase Classification/Gait_classified_legacy/other/ljg-00_2-044.png,other,other/ljg-00_2-044.png,other,agreement,42BBD52CEBC53B7B30301C399034652468CCEC0B58908656257F86AC74EA8354
Legacy classified,Gait Phase Classification/Gait_classified_legacy/other/ljg-00_2-045.png,other,other/ljg-00_2-045.png,other,agreement,1D5F609BADB1D6F74CEBB5E296B4409A6E682D22B63717F5390618675F528A84
Legacy classified,Gait Phase Classification/Gait_classified_legacy/other/ljg-00_2-048.png,other,other/ljg-00_2-048.png,other,agreement,36651AEA7C226CC90902B061B579DFD5E836723CAF1148B58E2F35BBD1EFB21B
Legacy classified,Gait Phase Classification/Gait_classified_legacy/other/ljg-00_2-049.png,other,other/ljg-00_2-049.png,other,agreement,AE48E7C705A5260B2015535E149C4A55715768D1001FEB2842BBF6B8D9011413
Legacy classified,Gait Phase Classification/Gait_classified_legacy/other/ljg-00_2-051.png,other,other/ljg-00_2-051.png,other,agreement,F13457A5664AC57D74CAF2D39A78DB23F6C8E7690867989B118B65D679F67B65
Legacy classified,Gait Phase Classification/Gait_classified_legacy/other/ljg-00_2-052.png,other,other/ljg-00_2-052.png,other,agreement,0FA9F5B5F1269F82F01F7B726E70B14303F9FB1590A7EB6EC5F6610496B3C387
Legacy classified,Gait Phase Classification/Gait_classified_legacy/other/ljg-00_2-053.png,other,other/ljg-00_2-053.png,other,agreement,2A9843178DB74B635EB1815BDBB31AF869EBF8E01F1BAB439EEA600FECEA2C1B
Legacy classified,Gait Phase Classification/Gait_classified_legacy/other/ljg-00_2-054.png,other,other/ljg-00_2-054.png,other,agreement,D5C00ADD43DE094DACEA5D6E5509FDD185FBC550A8251C4DAB1FEC5142B136FE
Legacy classified,Gait Phase Classification/Gait_classified_legacy/other/ljg-00_2-055.png,other,other/ljg-00_2-055.png,other,agreement,C13180EA27B5CAC0A986CF6CDC34C2D5CFC19E6D316AF38554413107265EA287
Legacy classified,Gait Phase Classification/Gait_classified_legacy/other/ljg-00_2-056.png,other,other/ljg-00_2-056.png,other,agreement,1461205DED174BD83240618357148CB266AD80A1DEC90E40F9FE80B5E13A976B
Legacy classified,Gait Phase Classification/Gait_classified_legacy/other/ljg-00_2-057.png,other,other/ljg-00_2-057.png,other,agreement,6BA56DC5B0093674B13D61115A12CD7522833F88AAA7F3EC569E799E0F373469
Legacy classified,Gait Phase Classification/Gait_classified_legacy/other/ljg-00_2-058.png,other,other/ljg-00_2-058.png,other,agreement,5236BF90F1A2B473A6D9BCF77DC65FD7E6565568427436C4EF4EFBC7E6E46E46
Legacy classified,Gait Phase Classification/Gait_classified_legacy/other/ljg-00_2-059.png,other,other/ljg-00_2-059.png,other,agreement,6A9E2CD847F5AC029ADF47CCC52236C5FCB91A9C1087DFD3AE9A083BC235B693
Legacy classified,Gait Phase Classification/Gait_classified_legacy/other/ljg-00_2-062.png,other,other/ljg-00_2-062.png,other,agreement,EF34E93698DB26B6F170925B906E36BA514226AE98623F9742821ADEC2D28465
Legacy classified,Gait Phase Classification/Gait_classified_legacy/other/ljg-00_2-063.png,other,other/ljg-00_2-063.png,other,agreement,440BCA6C39EF03007932B118E1B0DFC496C67C31F45555330BD7274A0BD2CDA6
Legacy classified,Gait Phase Classification/Gait_classified_legacy/other/ljg-00_2-064.png,other,other/ljg-00_2-064.png,other,agreement,61081016B5470861841512151664363C0637A4CD76A7F69FBFEC0AFE977D7993
Legacy classified,Gait Phase Classification/Gait_classified_legacy/other/ljg-00_2-066.png,other,other/ljg-00_2-066.png,other,agreement,C8CB6F20322E008B666762C5D2DCE03411BC144647E2FBC27BCCF39976A41C25
Legacy classified,Gait Phase Classification/Gait_classified_legacy/other/ljg-00_2-067.png,other,other/ljg-00_2-067.png,other,agreement,325473053FE49F21D20FE353C97FE51955BC018E89AC50AE94ADB2E59BA00B0B
Legacy classified,Gait Phase Classification/Gait_classified_legacy/other/ljg-00_2-068.png,other,other/ljg-00_2-068.png,other,agreement,57842A8B61BA74126D9C5F8764D04AB8B1FB8E9229D4A503DE5CE6EE3ED0958B
Legacy classified,Gait Phase Classification/Gait_classified_legacy/other/ljg-00_3-001.png,other,other/ljg-00_3-001.png,other,agreement,BE5CB3240F0DDCD5553341A71C5A76D71766DBDEB9CE96C799F55155C38AB753
Legacy classified,Gait Phase Classification/Gait_classified_legacy/other/ljg-00_3-002.png,other,other/ljg-00_3-002.png,other,agreement,2C1DEFFE2C46D9795F4899A245CA3FD11BEF011FB7B549EE34DBA0A909F4B74B
Legacy classified,Gait Phase Classification/Gait_classified_legacy/other/ljg-00_3-003.png,other,other/ljg-00_3-003.png,other,agreement,FB3CDD3C2CE7FBFDF8B49CACC878CC957742B9D255789B5CCD6D97FA413FEBEA
Legacy classified,Gait Phase Classification/Gait_classified_legacy/other/ljg-00_3-005.png,other,other/ljg-00_3-005.png,other,agreement,A8E5E0626AAF9DBB38887A68C26ED0627A5E759DF1AB17FABC683FD2620BE224
Legacy classified,Gait Phase Classification/Gait_classified_legacy/other/ljg-00_3-006.png,other,other/ljg-00_3-006.png,other,agreement,FF6472E0A03577359B67D7555BE387498E794AC5837437DBD0F7BA0F20816B02
Legacy classified,Gait Phase Classification/Gait_classified_legacy/other/ljg-00_3-007.png,other,other/ljg-00_3-007.png,other,agreement,A348C99ABA59D590C1E66D5C6F81FC03806291E7C2ED6B4F0D1594530BC5D878
Legacy classified,Gait Phase Classification/Gait_classified_legacy/other/ljg-00_3-010.png,other,other/ljg-00_3-010.png,other,agreement,8294BD11F5BC425BCC476E1B626CC1127CD45887A695FE8E105676F33C0941FF
Legacy classified,Gait Phase Classification/Gait_classified_legacy/other/ljg-00_3-011.png,other,other/ljg-00_3-011.png,other,agreement,518B75FA1C5AB1B1B220E76E6FC452AE6DAC5EE50DBC614324DB1AD56266E88D
Legacy classified,Gait Phase Classification/Gait_classified_legacy/other/ljg-00_3-012.png,other,other/ljg-00_3-012.png,other,agreement,0376227FD7BE66D21BD652426A92078CC3AEBD6702FE99BDF1F20C10A6DD0741
Legacy classified,Gait Phase Classification/Gait_classified_legacy/other/ljg-00_3-013.png,other,other/ljg-00_3-013.png,other,agreement,450458E85642336939F351545D666214B72C257EAF4294F0B75E05BFC509DF38
Legacy classified,Gait Phase Classification/Gait_classified_legacy/other/ljg-00_3-014.png,other,other/ljg-00_3-014.png,other,agreement,4E582003158538EF0B6C30F997EE6D154A2969A9389D8AF8846C980E9E0BA376
Legacy classified,Gait Phase Classification/Gait_classified_legacy/other/ljg-00_3-015.png,other,other/ljg-00_3-015.png,other,agreement,8119B8491256A3DDBCE66F6C7FE990D14653B84A5422913B98CA85D41F0EB891
Legacy classified,Gait Phase Classification/Gait_classified_legacy/other/ljg-00_3-016.png,other,other/ljg-00_3-016.png,other,agreement,03C8704FF87AA1A63CFB28B9B8DE7C81AA6E3BBC347587855DD421E470982DB9
Legacy classified,Gait Phase Classification/Gait_classified_legacy/other/ljg-00_3-020.png,other,other/ljg-00_3-020.png,other,agreement,A18019099A658D010EB380C814C3668D276C7E0A535B3C4441C768D0AA8684A9
Legacy classified,Gait Phase Classification/Gait_classified_legacy/other/ljg-00_3-021.png,other,other/ljg-00_3-021.png,other,agreement,914235F111DFA36F5214F904FF0322264A7914DD2E9E402032D6B1828C0C15BC
Legacy classified,Gait Phase Classification/Gait_classified_legacy/other/ljg-00_3-022.png,other,other/ljg-00_3-022.png,other,agreement,361672F15ECB2199A56790D6CB7427D8C83E7DF31596D0FE55E8044F6AFA47E9
Legacy classified,Gait Phase Classification/Gait_classified_legacy/other/ljg-00_3-025.png,other,other/ljg-00_3-025.png,other,agreement,83D392A82D7650648E09BDB6E4EFC08FE10066CA304DF45253A42E4D2AFE1E82
Legacy classified,Gait Phase Classification/Gait_classified_legacy/other/ljg-00_3-026.png,other,other/ljg-00_3-026.png,other,agreement,3DEBC9E38FF0E379EB16D0DE5A9C9B412BDA74A6923D86DC69E8AB24841FF9DE
Legacy classified,Gait Phase Classification/Gait_classified_legacy/other/ljg-00_3-027.png,other,other/ljg-00_3-027.png,other,agreement,3D6E22742A432238D2B311CB16C4844AEFFE7F36288C7C1304A3F4B285A1A25C
Legacy classified,Gait Phase Classification/Gait_classified_legacy/other/ljg-00_3-028.png,other,other/ljg-00_3-028.png,other,agreement,86D18474A6EBA94A4586BBB60577C0DE234690049F37E56BF285FB09BDADB98D
Legacy classified,Gait Phase Classification/Gait_classified_legacy/other/ljg-00_3-029.png,other,other/ljg-00_3-029.png,other,agreement,B58BD4D9A07D6642AE399B1F48E81E78B50FF5941646C33338B4F1165D5957DF
Legacy classified,Gait Phase Classification/Gait_classified_legacy/other/ljg-00_3-030.png,other,other/ljg-00_3-030.png,other,agreement,3A43B2DF602048ECB250BF1579C8770BB55E5EE6D098DFAA25F161EC979B810D
Legacy classified,Gait Phase Classification/Gait_classified_legacy/other/ljg-00_3-031.png,other,other/ljg-00_3-031.png,other,agreement,B3535D1344BFCAFF71480D7507A4A722E4687F0593396EB604338535D62516F1
Legacy classified,Gait Phase Classification/Gait_classified_legacy/other/ljg-00_3-034.png,other,other/ljg-00_3-034.png,other,agreement,EEC4BAB6085237872500BBBD76B2252717F0914B959BAC0A1913F73C97AFAE30
Legacy classified,Gait Phase Classification/Gait_classified_legacy/other/ljg-00_3-035.png,other,other/ljg-00_3-035.png,other,agreement,13102C39E4C014D077382C6A6587A7132381C3D2A6AD2146C9A17F98FCC33010
Legacy classified,Gait Phase Classification/Gait_classified_legacy/other/ljg-00_3-038.png,other,other/ljg-00_3-038.png,other,agreement,2CC8067D03AAC95A1586127C08C765F7C578DB40320B8274C015B3C527C9521D
