"duplicate_group","sha256","size_bytes","copies","potential_reclaim_bytes","paths"
"DUP-0001","FEF0E66AB06AE93CF75E28155B89B40A3E8F866BC091D365968F341A283C2B7F","776","6","3880","Gait Phase Classification\Gait_classified_legacy\heel_strike\ljg-00_1-053.png | Gait Phase Classification\Gait_classified_legacy\other\ljg-00_1-051.png | Gait_classified\heel_strike\ljg-00_1-053.png | Gait_classified\other\ljg-00_1-051.png | Gait\Train\heel_strike\ljg-00_1-053.png | Gait\Train\other\ljg-00_1-051.png"
"DUP-0002","00FBB1DE3D6B030C085211C06DC920989CF0BE3854038F120959292087F20B9F","960","5","3840","Gait Phase Classification\Gait_classified_legacy\heel_strike\lqf-00_3-030.png | Gait_classified\heel_strike\lqf-00_3-030.png | Gait_classified\other\lqf-00_3-029.png | Gait\Train\heel_strike\lqf-00_3-030.png | Gait\Train\other\lqf-00_3-029.png"
"DUP-0003","0A7A009738E6B5D89D8CFAA1FDE3D2299A37F20831EA0F27A045A2556A5985E9","869","5","3476","Gait Phase Classification\Gait_classified_legacy\heel_strike\lqf-00_3-012.png | Gait_classified\heel_strike\lqf-00_3-012.png | Gait_classified\other\lqf-00_3-011.png | Gait\Train\heel_strike\lqf-00_3-012.png | Gait\Train\other\lqf-00_3-011.png"
"DUP-0004","0020B4E1E3CF4261BE0479C21613E294890AF8EB12C3B6AA42059514B10EDD27","662","3","1324","Gait Phase Classification\Gait_classified_legacy\other\fyc-00_3-002.png | Gait_classified\other\fyc-00_3-002.png | Gait\Train\other\fyc-00_3-002.png"
"DUP-0005","9FA3BF7A82E662E54FC60E1C70AB8F6263B7CD04CB0E4C0B2B9942FC980906EF","750","3","1500","Gait Phase Classification\Gait_classified_legacy\other\ljg-00_1-048.png | Gait_classified\other\ljg-00_1-048.png | Gait\Train\other\ljg-00_1-048.png"
"DUP-0006","A030DC38FCF87E371173148D14CD8379DDCAB8025681849A3AC9C59A6FA69758","924","3","1848","Gait Phase Classification\Gait_classified_legacy\heel_strike\ljg-00_3-032.png | Gait_classified\heel_strike\ljg-00_3-032.png | Gait\Train\heel_strike\ljg-00_3-032.png"
"DUP-0007","A04BF9BA4CC9A61F784498450F9A22FB63F44243F87792E3CEC945D92199BEB7","727","3","1454","Gait Phase Classification\Gait_classified_legacy\other\fyc-00_4-066.png | Gait_classified\other\fyc-00_4-066.png | Gait\Train\other\fyc-00_4-066.png"
"DUP-0008","A18019099A658D010EB380C814C3668D276C7E0A535B3C4441C768D0AA8684A9","811","3","1622","Gait Phase Classification\Gait_classified_legacy\other\ljg-00_3-020.png | Gait_classified\other\ljg-00_3-020.png | Gait\Train\other\ljg-00_3-020.png"
"DUP-0009","A1BAA7B458C07B22DA75B1BC16BBBA8F5050CBDCAA63008C14DDA8E905B5A96F","784","3","1568","Gait Phase Classification\Gait_classified_legacy\other\hy-00_2-029.png | Gait_classified\other\hy-00_2-029.png | Gait\Train\other\hy-00_2-029.png"
"DUP-0010","A1DCE3FCCF7CAE6E1C0E78B22DB8378BE37021FF4CFCE033E85E7886E9B7F778","763","3","1526","Gait Phase Classification\Gait_classified_legacy\other\fyc-00_2-033.png | Gait_classified\other\fyc-00_2-033.png | Gait\Train\other\fyc-00_2-033.png"
"DUP-0011","A207FF19525FF1ED82B8C388B99F82104E5B60772ADC895EEE2FC94E4D78735B","748","3","1496","Gait Phase Classification\Gait_classified_legacy\other\ljg-00_1-021.png | Gait_classified\other\ljg-00_1-021.png | Gait\Train\other\ljg-00_1-021.png"
"DUP-0012","A28592B737BE6449F0E18A96CCFDE4A5EA91E90009A9B1CAE10AA34A6BD7042A","634","3","1268","Gait Phase Classification\Gait_classified_legacy\other\fyc-00_3-015.png | Gait_classified\other\fyc-00_3-015.png | Gait\Train\other\fyc-00_3-015.png"
"DUP-0013","A348C99ABA59D590C1E66D5C6F81FC03806291E7C2ED6B4F0D1594530BC5D878","781","3","1562","Gait Phase Classification\Gait_classified_legacy\other\ljg-00_3-007.png | Gait_classified\other\ljg-00_3-007.png | Gait\Train\other\ljg-00_3-007.png"
"DUP-0014","9ED541CB7D6A15C8134A0E12026BCDC3C0FD5D2F0C368CAF86ACF6123314950E","689","3","1378","Gait Phase Classification\Gait_classified_legacy\other\hy-00_2-003.png | Gait_classified\other\hy-00_2-003.png | Gait\Train\other\hy-00_2-003.png"
"DUP-0015","A3A318ACDC3D41FDBD38A1E3A80A5AFDB16AD015E9D13C4D17C16F0730A372FE","934","3","1868","Gait Phase Classification\Gait_classified_legacy\heel_strike\lqf-00_3-014.png | Gait_classified\heel_strike\lqf-00_3-014.png | Gait\Train\heel_strike\lqf-00_3-014.png"
"DUP-0016","A3A319749E3AD9BAF5E05405BED5A03156F37BA0B3E2142FFF3F0C86E45388A9","892","3","1784","Gait Phase Classification\Gait_classified_legacy\heel_strike\lqf-00_2-047.png | Gait_classified\heel_strike\lqf-00_2-047.png | Gait\Train\heel_strike\lqf-00_2-047.png"
"DUP-0017","A42F30215469A8AE9ED25F11E5EA17121BD97742D934A128A0304CBEBE4F7364","926","3","1852","Gait Phase Classification\Gait_classified_legacy\other\hy-00_3-025.png | Gait_classified\other\hy-00_3-025.png | Gait\Train\other\hy-00_3-025.png"
"DUP-0018","A49F580F9E07A3BC8370D46022A48AEF4A183DF795137C786EA3FAA720362941","685","3","1370","Gait Phase Classification\Gait_classified_legacy\other\fyc-00_4-020.png | Gait_classified\other\fyc-00_4-020.png | Gait\Train\other\fyc-00_4-020.png"
"DUP-0019","A4C04B21107C2D3B9F854C3A30713D6E972D3F39A5AE821259C26157EA931DD0","649","3","1298","Gait Phase Classification\Gait_classified_legacy\other\fyc-00_3-064.png | Gait_classified\other\fyc-00_3-064.png | Gait\Train\other\fyc-00_3-064.png"
"DUP-0020","A583245232008DD4381186D0D9BBC42B4F780B7EFE6762C303DCD1EC14E3DFE5","780","3","1560","Gait Phase Classification\Gait_classified_legacy\other\fyc-00_3-022.png | Gait_classified\other\fyc-00_3-022.png | Gait\Train\other\fyc-00_3-022.png"
"DUP-0021","A65821C9EC3FD389F8F7E4BA7A70412897894E6DBDC7F8ED719B5306D4E15BA4","917","3","1834","Gait Phase Classification\Gait_classified_legacy\heel_strike\hy-00_3-035.png | Gait_classified\heel_strike\hy-00_3-035.png | Gait\Train\heel_strike\hy-00_3-035.png"
"DUP-0022","A32160B0774647A406D8AAD2295AEDC7ECE186E703834A81569BC424DF32E928","682","3","1364","Gait Phase Classification\Gait_classified_legacy\other\fyc-00_1-013.png | Gait_classified\other\fyc-00_1-013.png | Gait\Train\other\fyc-00_1-013.png"
"DUP-0023","9E7988890B224107532888ED327F4315591349C6226380BC6CE89AD80FE5DC46","719","3","1438","Gait Phase Classification\Gait_classified_legacy\other\fyc-00_3-026.png | Gait_classified\other\fyc-00_3-026.png | Gait\Train\other\fyc-00_3-026.png"
"DUP-0024","9E156651D9C503648242E6071B12CC407C8035A0694A804AB6B4BA260BF1383C","661","3","1322","Gait Phase Classification\Gait_classified_legacy\other\hy-00_1-011.png | Gait_classified\other\hy-00_1-011.png | Gait\Train\other\hy-00_1-011.png"
"DUP-0025","A6AE7B412111A3113EA784AB818C989C257250014F9784816AD6444AFA50EEE6","733","3","1466","Gait Phase Classification\Gait_classified_legacy\other\hy-00_2-028.png | Gait_classified\other\hy-00_2-028.png | Gait\Train\other\hy-00_2-028.png"
"DUP-0026","93BD940C26C76D58297E75BA8B7A43ED7948B9943C90DFFD153BA095DFD6AF99","718","3","1436","Gait Phase Classification\Gait_classified_legacy\other\hy-00_1-045.png | Gait_classified\other\hy-00_1-045.png | Gait\Train\other\hy-00_1-045.png"
"DUP-0027","942891DCA6743C388CA9F69408FA6F70E5C80F77AC93770AAFB651A018F48837","681","3","1362","Gait Phase Classification\Gait_classified_legacy\other\fyc-00_1-025.png | Gait_classified\other\fyc-00_1-025.png | Gait\Train\other\fyc-00_1-025.png"
"DUP-0028","957252838C8EBC61AFAB1B1EBEAF7DA1A52F04BA06CC774E3218EC4C1BA9EAB2","693","3","1386","Gait Phase Classification\Gait_classified_legacy\other\hy-00_3-042.png | Gait_classified\other\hy-00_3-042.png | Gait\Train\other\hy-00_3-042.png"
"DUP-0029","978349D780AC886A33C778E8FF1E611479F76FA779F504450BED40B80727DBC3","817","3","1634","Gait Phase Classification\Gait_classified_legacy\other\fyc-00_2-026.png | Gait_classified\other\fyc-00_2-026.png | Gait\Train\other\fyc-00_2-026.png"
"DUP-0030","9796033EA40B5BABCBCB549DFBA4D62F09E531A6C9DEC47AA62815BF4075E5D2","711","3","1422","Gait Phase Classification\Gait_classified_legacy\other\hy-00_3-053.png | Gait_classified\other\hy-00_3-053.png | Gait\Train\other\hy-00_3-053.png"
"DUP-0031","97C7D80DAA220D09681B718465347BB938AC68EA773A4E7EB9348DA0C95CDE5D","887","3","1774","Gait Phase Classification\Gait_classified_legacy\other\hy-00_3-034.png | Gait_classified\other\hy-00_3-034.png | Gait\Train\other\hy-00_3-034.png"
"DUP-0032","9831B2B90EA0B7D6F5700D59F1C8ABC80DE09D6C046C1517A8746CE7D6D01C3E","902","3","1804","Gait Phase Classification\Gait_classified_legacy\other\hy-00_1-027.png | Gait_classified\other\hy-00_1-027.png | Gait\Train\other\hy-00_1-027.png"
"DUP-0033","98C7468DD082974E39078CD63E0EEEBD9B9C22CE5FB25587A58BE4047164F654","1060","3","2120","Gait Phase Classification\Gait_classified_legacy\heel_strike\lqf-00_2-033.png | Gait_classified\heel_strike\lqf-00_2-033.png | Gait\Train\heel_strike\lqf-00_2-033.png"
"DUP-0034","992613590243E78AD7A7B2424C421CF406370CE3866B8192626DFDCD16F3D1C8","880","3","1760","Gait Phase Classification\Gait_classified_legacy\other\hy-00_2-033.png | Gait_classified\other\hy-00_2-033.png | Gait\Train\other\hy-00_2-033.png"
"DUP-0035","999AA7745DA334D528AE3CE50BB79AEF54B80FE19E1FA890E610D342B6374AF3","631","3","1262","Gait Phase Classification\Gait_classified_legacy\other\fyc-00_2-004.png | Gait_classified\other\fyc-00_2-004.png | Gait\Train\other\fyc-00_2-004.png"
"DUP-0036","9A3F227B572267366981AB3C719006EBAF557C7C487C953606DB2B65F3314DAF","911","3","1822","Gait Phase Classification\Gait_classified_legacy\heel_strike\ljg-00_2-002.png | Gait_classified\heel_strike\ljg-00_2-002.png | Gait\Train\heel_strike\ljg-00_2-002.png"
"DUP-0037","9ABF1B95BACC90FF31F538853F027A4063F71F258F574376054DF87D3FBEE336","649","3","1298","Gait Phase Classification\Gait_classified_legacy\other\fyc-00_3-017.png | Gait_classified\other\fyc-00_3-017.png | Gait\Train\other\fyc-00_3-017.png"
"DUP-0038","9AE629E1D326EBF43084FEF09891D01603D0F91588D88CB7AB5D910154D5BDEA","681","3","1362","Gait Phase Classification\Gait_classified_legacy\other\ljg-00_1-005.png | Gait_classified\other\ljg-00_1-005.png | Gait\Train\other\ljg-00_1-005.png"
"DUP-0039","9B233556F5212D7722AAE692ACAD91F1A4D973FB6F5C3CABB36816133A5DB9B8","794","3","1588","Gait Phase Classification\Gait_classified_legacy\other\ljg-00_2-024.png | Gait_classified\other\ljg-00_2-024.png | Gait\Train\other\ljg-00_2-024.png"
"DUP-0040","9B61E2F4FECCA1A775607222D0F7999CECFE135998F36C840B7A6E2A763C2649","808","3","1616","Gait Phase Classification\Gait_classified_legacy\other\ljg-00_2-041.png | Gait_classified\other\ljg-00_2-041.png | Gait\Train\other\ljg-00_2-041.png"
"DUP-0041","9C19E9686642FEA039101E0A8DE08559C2CF5FC10302F52F3F9A3B726A2FA6B8","722","3","1444","Gait Phase Classification\Gait_classified_legacy\other\fyc-00_2-042.png | Gait_classified\other\fyc-00_2-042.png | Gait\Train\other\fyc-00_2-042.png"
"DUP-0042","9C462D9799802EDD3E1DAB822DED2C321DF60F5EE22C5BCE508FD4F6713547EF","642","3","1284","Gait Phase Classification\Gait_classified_legacy\other\fyc-00_3-016.png | Gait_classified\other\fyc-00_3-016.png | Gait\Train\other\fyc-00_3-016.png"
"DUP-0043","9C8E75E0C8A119B0B16EB9A23202DE5BE8D2B859CECB4DE612A40BE27FE87BB1","790","3","1580","Gait Phase Classification\Gait_classified_legacy\other\hy-00_1-020.png | Gait_classified\other\hy-00_1-020.png | Gait\Train\other\hy-00_1-020.png"
"DUP-0044","9C9516269903E2911C90C69B7AED843DECA0A5C8B266B766D4C4141002ED648C","816","3","1632","Gait Phase Classification\Gait_classified_legacy\heel_strike\hy-00_3-009.png | Gait_classified\heel_strike\hy-00_3-009.png | Gait\Train\heel_strike\hy-00_3-009.png"
"DUP-0045","9E18610B7DF82622A484E016D179CC7CF255C9FEC9E273254491B9930D84D2C4","843","3","1686","Gait Phase Classification\Gait_classified_legacy\other\ljg-00_2-037.png | Gait_classified\other\ljg-00_2-037.png | Gait\Train\other\ljg-00_2-037.png"
"DUP-0046","A701A15CDEF71E0A099B769B33B987DE4DCA550A3399D09228842FD4CCBF030D","793","3","1586","Gait Phase Classification\Gait_classified_legacy\other\fyc-00_2-034.png | Gait_classified\other\fyc-00_2-034.png | Gait\Train\other\fyc-00_2-034.png"
"DUP-0047","A8E5E0626AAF9DBB38887A68C26ED0627A5E759DF1AB17FABC683FD2620BE224","811","3","1622","Gait Phase Classification\Gait_classified_legacy\other\ljg-00_3-005.png | Gait_classified\other\ljg-00_3-005.png | Gait\Train\other\ljg-00_3-005.png"
"DUP-0048","936E1B9F862F62B3108D9326E896CE1B6A2C04250F2B7285528A706148757830","783","3","1566","Gait Phase Classification\Gait_classified_legacy\other\fyc-00_1-042.png | Gait_classified\other\fyc-00_1-042.png | Gait\Train\other\fyc-00_1-042.png"
"DUP-0049","B67505E9802D0A86DFA13C208E23BD51DA13E74A9CCE3605F7DD20B58FFED8C9","698","3","1396","Gait Phase Classification\Gait_classified_legacy\other\hy-00_3-044.png | Gait_classified\other\hy-00_3-044.png | Gait\Train\other\hy-00_3-044.png"
"DUP-0050","B6F72C2B7884545B844DC111AEF364CADA15D9B83C8AD09A6687A1ED6D97B14C","749","3","1498","Gait Phase Classification\Gait_classified_legacy\other\fyc-00_1-023.png | Gait_classified\other\fyc-00_1-023.png | Gait\Train\other\fyc-00_1-023.png"
"DUP-0051","B6FB99200EB9A8CFC18EEDAD8E277BF9B038AF7D68580B8E3E123DB99C51A948","839","3","1678","Gait Phase Classification\Gait_classified_legacy\other\fyc-00_1-029.png | Gait_classified\other\fyc-00_1-029.png | Gait\Train\other\fyc-00_1-029.png"
"DUP-0052","B73DB25DF66042461E8DB70FB15D78FEF8440F874D75D142B8340BB530304300","700","3","1400","Gait Phase Classification\Gait_classified_legacy\other\fyc-00_2-072.png | Gait_classified\other\fyc-00_2-072.png | Gait\Train\other\fyc-00_2-072.png"
"DUP-0053","B7408A0C0CBB916CFD70FFD6405055D539AE495FDF6D2834E75854A64D13F169","766","3","1532","Gait Phase Classification\Gait_classified_legacy\other\hy-00_4-036.png | Gait_classified\other\hy-00_4-036.png | Gait\Train\other\hy-00_4-036.png"
"DUP-0054","B845DD25874873C373FF9FEF56DAB902039ADB559BF6973A2FC00AE7D4A9A071","723","3","1446","Gait Phase Classification\Gait_classified_legacy\other\fyc-00_2-040.png | Gait_classified\other\fyc-00_2-040.png | Gait\Train\other\fyc-00_2-040.png"
"DUP-0055","B88981DDF4AA584BE9B31FE9364AA08D58B921CBA933123AF4DE2FA61ECCBEDC","862","3","1724","Gait Phase Classification\Gait_classified_legacy\other\ljg-00_2-005.png | Gait_classified\other\ljg-00_2-005.png | Gait\Train\other\ljg-00_2-005.png"
"DUP-0056","B892F35A54BA7E20930DD129B86036C6165BA9F0F1D7B54CFD6DCD235E3B3FD4","643","3","1286","Gait Phase Classification\Gait_classified_legacy\other\fyc-00_1-014.png | Gait_classified\other\fyc-00_1-014.png | Gait\Train\other\fyc-00_1-014.png"
"DUP-0057","B617C7762FC4BC3E469DA981346474259915B0F566E93BAE8B3093699C9562E5","672","3","1344","Gait Phase Classification\Gait_classified_legacy\other\hy-00_3-055.png | Gait_classified\other\hy-00_3-055.png | Gait\Train\other\hy-00_3-055.png"
"DUP-0058","B8A06D6BF73E45E29C168BABC904B105E0FB424A95EF0B33554BD9F0C5B2A47E","633","3","1266","Gait Phase Classification\Gait_classified_legacy\other\fyc-00_4-075.png | Gait_classified\other\fyc-00_4-075.png | Gait\Train\other\fyc-00_4-075.png"
"DUP-0059","B922728A2DAE8AEF4A7FBC0D779105E9D21117D858BDC36DDF053051106A993C","659","3","1318","Gait Phase Classification\Gait_classified_legacy\other\fyc-00_4-072.png | Gait_classified\other\fyc-00_4-072.png | Gait\Train\other\fyc-00_4-072.png"
"DUP-0060","BA2E7EB01921D923C1CA40CCA09DEA685E210B03A5458D942FCF9BB3E6E0E128","882","3","1764","Gait Phase Classification\Gait_classified_legacy\heel_strike\ljg-00_4-001.png | Gait_classified\heel_strike\ljg-00_4-001.png | Gait\Train\heel_strike\ljg-00_4-001.png"
"DUP-0061","BAA443F33AAE46904CCF8C1E6AAB4E5D4849AEC65DB0A0D465669DD69DC4C31B","743","3","1486","Gait Phase Classification\Gait_classified_legacy\other\ljg-00_1-063.png | Gait_classified\other\ljg-00_1-063.png | Gait\Train\other\ljg-00_1-063.png"
"DUP-0062","BAB46CB188F7F5A58EB95FCC4224995DCCF1DC3FCA9CB970B8A72306ED8F3936","716","3","1432","Gait Phase Classification\Gait_classified_legacy\other\hy-00_3-007.png | Gait_classified\other\hy-00_3-007.png | Gait\Train\other\hy-00_3-007.png"
"DUP-0063","BAD427D9D5D2FA918130BB710B5C185F6F262BF1F7B9618766C97BC8FDD39B4A","819","3","1638","Gait Phase Classification\Gait_classified_legacy\other\hy-00_3-050.png | Gait_classified\other\hy-00_3-050.png | Gait\Train\other\hy-00_3-050.png"
"DUP-0064","BAE3408A16C6DA210520DCCDFBEA49C7E8C1811839D998A36BA87EA0EE81061F","773","3","1546","Gait Phase Classification\Gait_classified_legacy\heel_strike\hy-00_2-005.png | Gait_classified\heel_strike\hy-00_2-005.png | Gait\Train\heel_strike\hy-00_2-005.png"
"DUP-0065","BB0A52655EA4C8D443721C6CE1B154A59104462CEB6D747827F0A93FF60FBBBD","707","3","1414","Gait Phase Classification\Gait_classified_legacy\other\ljg-00_1-004.png | Gait_classified\other\ljg-00_1-004.png | Gait\Train\other\ljg-00_1-004.png"
"DUP-0066","BBC366A1C8640D953743E6F7E58298F86B138A647EBA13F021B7C9606AC9D332","959","3","1918","Gait Phase Classification\Gait_classified_legacy\other\ljg-00_2-030.png | Gait_classified\other\ljg-00_2-030.png | Gait\Train\other\ljg-00_2-030.png"
"DUP-0067","B8E67D734F7642797B89D1F4D5AF3247F3165B6D0D9984FCA2F62878CA70808D","944","3","1888","Gait Phase Classification\Gait_classified_legacy\heel_strike\lqf-00_1-009.png | Gait_classified\heel_strike\lqf-00_1-009.png | Gait\Train\heel_strike\lqf-00_1-009.png"
"DUP-0068","B58BD4D9A07D6642AE399B1F48E81E78B50FF5941646C33338B4F1165D5957DF","853","3","1706","Gait Phase Classification\Gait_classified_legacy\other\ljg-00_3-029.png | Gait_classified\other\ljg-00_3-029.png | Gait\Train\other\ljg-00_3-029.png"
"DUP-0069","B524FD0E5EC736064A111FDB6EDC50EBC373EA0DDBD13CCD963FCE42E79B7317","657","3","1314","Gait Phase Classification\Gait_classified_legacy\other\fyc-00_3-067.png | Gait_classified\other\fyc-00_3-067.png | Gait\Train\other\fyc-00_3-067.png"
"DUP-0070","B4DD5584CCD63750BF43CCBB15DBBCD4B0B8B3C285BA5F1D294090825F17E417","731","3","1462","Gait Phase Classification\Gait_classified_legacy\other\fyc-00_3-012.png | Gait_classified\other\fyc-00_3-012.png | Gait\Train\other\fyc-00_3-012.png"
"DUP-0071","A90C4D6BF79FBAF8801906058ED0FFF37A1B747DC202BA376646CF2E528E6C2F","756","3","1512","Gait Phase Classification\Gait_classified_legacy\other\fyc-00_2-030.png | Gait_classified\other\fyc-00_2-030.png | Gait\Train\other\fyc-00_2-030.png"
"DUP-0072","A92E7655064400F30DF333E1BE40BE5B796A2EA50132ADBA26C0DF33D97189F3","754","3","1508","Gait Phase Classification\Gait_classified_legacy\other\ljg-00_1-061.png | Gait_classified\other\ljg-00_1-061.png | Gait\Train\other\ljg-00_1-061.png"
"DUP-0073","A9D6FB05382F441EFE275FFB7B75A9A0488DE1EBDD185FED28F40F2B111FC688","761","3","1522","Gait Phase Classification\Gait_classified_legacy\other\fyc-00_4-053.png | Gait_classified\other\fyc-00_4-053.png | Gait\Train\other\fyc-00_4-053.png"
"DUP-0074","AA35B4FB2F317769416ACF3312105FA6BCA2036BF1E314B2113D545DCC034AD9","766","3","1532","Gait Phase Classification\Gait_classified_legacy\other\fyc-00_3-020.png | Gait_classified\other\fyc-00_3-020.png | Gait\Train\other\fyc-00_3-020.png"
"DUP-0075","AA95F1E08D2C96F122C0B71D471BD7CCCFB6733D2F83A5C4B259397D67D6DF7F","785","3","1570","Gait Phase Classification\Gait_classified_legacy\heel_strike\hy-00_4-006.png | Gait_classified\heel_strike\hy-00_4-006.png | Gait\Train\heel_strike\hy-00_4-006.png"
"DUP-0076","ABD9C4A9B04DC8A3F57078A4E155627636D2DF6F2E459250B40DB8F9ABD28755","599","3","1198","Gait Phase Classification\Gait_classified_legacy\other\fyc-00_2-056.png | Gait_classified\other\fyc-00_2-056.png | Gait\Train\other\fyc-00_2-056.png"
"DUP-0077","AC19BE52D5EC02F06C6898C6E9A4F613A4DB7E695E4D378AB3BB57D3991AF44B","636","3","1272","Gait Phase Classification\Gait_classified_legacy\other\hy-00_2-066.png | Gait_classified\other\hy-00_2-066.png | Gait\Train\other\hy-00_2-066.png"
"DUP-0078","AD39983108E2FA7E3CFE62B04EDC00A90A6025BD918A31A4189DDEB43EE6399E","854","3","1708","Gait Phase Classification\Gait_classified_legacy\other\hy-00_1-038.png | Gait_classified\other\hy-00_1-038.png | Gait\Train\other\hy-00_1-038.png"
"DUP-0079","ADA4A5361D8D60A34C854F08868557F86A8D035EC1EE1506CF49D57D1F9FA1D2","783","3","1566","Gait Phase Classification\Gait_classified_legacy\other\hy-00_1-025.png | Gait_classified\other\hy-00_1-025.png | Gait\Train\other\hy-00_1-025.png"
"DUP-0080","AE35FCEBFCF067208299034F9219CD39985365286A7AFB23A507365F82A73A9A","764","3","1528","Gait Phase Classification\Gait_classified_legacy\heel_strike\fyc-00_4-013.png | Gait_classified\heel_strike\fyc-00_4-013.png | Gait\Test\Heal_Strike\fyc-00_4-013.png"
"DUP-0081","AE48E7C705A5260B2015535E149C4A55715768D1001FEB2842BBF6B8D9011413","894","3","1788","Gait Phase Classification\Gait_classified_legacy\other\ljg-00_2-049.png | Gait_classified\other\ljg-00_2-049.png | Gait\Train\other\ljg-00_2-049.png"
"DUP-0082","AF58BF3328453AC87D50C22EA62E13A86838C7056DFA325C9BB50863EC570C2C","755","3","1510","Gait Phase Classification\Gait_classified_legacy\other\fyc-00_3-030.png | Gait_classified\other\fyc-00_3-030.png | Gait\Train\other\fyc-00_3-030.png"
"DUP-0083","AFCABE66D3E9A4A28851140609DB69833EF5B4B61A5F2BE9C95F360D4AF26C3E","768","3","1536","Gait Phase Classification\Gait_classified_legacy\other\hy-00_4-035.png | Gait_classified\other\hy-00_4-035.png | Gait\Train\other\hy-00_4-035.png"
"DUP-0084","AFF62A894923400D775F03E3D08E78E32B919024092359B9EB400C9D50A496BB","725","3","1450","Gait Phase Classification\Gait_classified_legacy\heel_strike\fyc-00_3-056.png | Gait_classified\heel_strike\fyc-00_3-056.png | Gait\Train\heel_strike\fyc-00_3-056.png"
"DUP-0085","B2C42F74CA58F19EB7F268297E77E32379FAF91F0C13C6BD1A715D7E7A835470","724","3","1448","Gait Phase Classification\Gait_classified_legacy\other\hy-00_2-017.png | Gait_classified\other\hy-00_2-017.png | Gait\Train\other\hy-00_2-017.png"
"DUP-0086","B3080D0ED9D595A810AA5CCDBE7779B97993610E1513E4C925EAA165E74E6D35","840","3","1680","Gait Phase Classification\Gait_classified_legacy\other\hy-00_1-019.png | Gait_classified\other\hy-00_1-019.png | Gait\Train\other\hy-00_1-019.png"
"DUP-0087","B3535D1344BFCAFF71480D7507A4A722E4687F0593396EB604338535D62516F1","894","3","1788","Gait Phase Classification\Gait_classified_legacy\other\ljg-00_3-031.png | Gait_classified\other\ljg-00_3-031.png | Gait\Train\other\ljg-00_3-031.png"
"DUP-0088","B393FA3A691A7FE54D9611723CA62D07FEB894665C80942872903870A343BD5D","638","3","1276","Gait Phase Classification\Gait_classified_legacy\other\fyc-00_2-005.png | Gait_classified\other\fyc-00_2-005.png | Gait\Train\other\fyc-00_2-005.png"
"DUP-0089","B3C85DF7670754484F714CB2E25DD028EFCC4F258917C90FE4696BA8003A1238","760","3","1520","Gait Phase Classification\Gait_classified_legacy\other\hy-00_1-043.png | Gait_classified\other\hy-00_1-043.png | Gait\Train\other\hy-00_1-043.png"
"DUP-0090","A8CDAEF926E9D5BBE8F0BB20703F8C522C52BD830F718EB8B998044671BC4AC0","735","3","1470","Gait Phase Classification\Gait_classified_legacy\other\hy-00_2-011.png | Gait_classified\other\hy-00_2-011.png | Gait\Train\other\hy-00_2-011.png"
"DUP-0091","9366141F13E22B90B577F9FD5A2FD65E58AA24AC59262A6D817EEC9D04ACFAFF","812","3","1624","Gait Phase Classification\Gait_classified_legacy\other\hy-00_4-027.png | Gait_classified\other\hy-00_4-027.png | Gait\Train\other\hy-00_4-027.png"
"DUP-0092","917810E92DD230CE5F001B3345C5DB98AC3C1C7FAFE70E1E2697065A5321E4FE","670","3","1340","Gait Phase Classification\Gait_classified_legacy\other\hy-00_2-016.png | Gait_classified\other\hy-00_2-016.png | Gait\Train\other\hy-00_2-016.png"
"DUP-0093","BBD6CFF55ED746B224F0E5DA1549F846D2FC748CB336BFC82D898ADC03859CEC","913","3","1826","Gait Phase Classification\Gait_classified_legacy\other\hy-00_3-022.png | Gait_classified\other\hy-00_3-022.png | Gait\Train\other\hy-00_3-022.png"
"DUP-0094","760CCA67E84EDABEE8ECF7DB5DAF6E8267C8D167572961B990ECC711C19F8CF8","663","3","1326","Gait Phase Classification\Gait_classified_legacy\other\fyc-00_2-069.png | Gait_classified\other\fyc-00_2-069.png | Gait\Train\other\fyc-00_2-069.png"
"DUP-0095","7723A1DC15EA29DDF13062D23A7A583B15D48F59AEA172800839B7ED2A71D8A8","799","3","1598","Gait Phase Classification\Gait_classified_legacy\other\hy-00_4-040.png | Gait_classified\other\hy-00_4-040.png | Gait\Train\other\hy-00_4-040.png"
"DUP-0096","782C5444958DCB29F7F6E3A96771FA64616E3C196F2EB099338F1B6A29B79F72","887","3","1774","Gait Phase Classification\Gait_classified_legacy\other\ljg-00_2-028.png | Gait_classified\other\ljg-00_2-028.png | Gait\Train\other\ljg-00_2-028.png"
"DUP-0097","78B5D157657C6DE6D981748B7CE9E6A30F383C17B3BE585631F7595EB21B6713","772","3","1544","Gait Phase Classification\Gait_classified_legacy\other\hy-00_1-013.png | Gait_classified\other\hy-00_1-013.png | Gait\Train\other\hy-00_1-013.png"
"DUP-0098","78D788916CC616AAE87AF5FD64FAC33518E2FA7AA3A7A9DF2950F7AB7D3F160C","832","3","1664","Gait Phase Classification\Gait_classified_legacy\other\fyc-00_3-032.png | Gait_classified\other\fyc-00_3-032.png | Gait\Train\other\fyc-00_3-032.png"
"DUP-0099","78EFB29542BB4A3E2CC6CA72384A18DB6913F55F3F9BF9277C4457DBA5532F3E","802","3","1604","Gait Phase Classification\Gait_classified_legacy\other\ljg-00_1-022.png | Gait_classified\other\ljg-00_1-022.png | Gait\Train\other\ljg-00_1-022.png"
"DUP-0100","7907417FA696DA9FBC6ACF00966CC73C7C15FE2D44818FA5A4408C5F8E307B35","686","3","1372","Gait Phase Classification\Gait_classified_legacy\other\hy-00_3-057.png | Gait_classified\other\hy-00_3-057.png | Gait\Train\other\hy-00_3-057.png"
"DUP-0101","7958A293EEFB40FC226D8E546E1F31ACEB9D1EC965D832C161D5FC644E84C717","811","3","1622","Gait Phase Classification\Gait_classified_legacy\other\ljg-00_2-023.png | Gait_classified\other\ljg-00_2-023.png | Gait\Train\other\ljg-00_2-023.png"
"DUP-0102","75F1855177F3E9E4A5CADDD35E7D9AA42B28D98DC9432FA5773CD97B82656216","666","3","1332","Gait Phase Classification\Gait_classified_legacy\other\fyc-00_4-063.png | Gait_classified\other\fyc-00_4-063.png | Gait\Train\other\fyc-00_4-063.png"
"DUP-0103","7A60363B9601C712F2EA661BF871BEEDD1C6846446B8FB943F1B9B4CFC12F548","864","3","1728","Gait Phase Classification\Gait_classified_legacy\other\hy-00_3-038.png | Gait_classified\other\hy-00_3-038.png | Gait\Train\other\hy-00_3-038.png"
"DUP-0104","7B6C2FC06D7325480912356FA38DCDC774E9B48BC9A8C55646E0EDE719C499C2","861","3","1722","Gait Phase Classification\Gait_classified_legacy\other\hy-00_4-030.png | Gait_classified\other\hy-00_4-030.png | Gait\Train\other\hy-00_4-030.png"
"DUP-0105","7B707B414B339B9E6FAD3F52B9DBA917D00C2B1205F06917EF5C3EB17B1679C7","746","3","1492","Gait Phase Classification\Gait_classified_legacy\heel_strike\fyc-00_4-014.png | Gait_classified\heel_strike\fyc-00_4-014.png | Gait\Test\Heal_Strike\fyc-00_4-014.png"
"DUP-0106","7C45B64737B37F8896E07259122A30E22BC5AF1572D00F1E6DC4D347E7C7C6CF","815","3","1630","Gait Phase Classification\Gait_classified_legacy\other\fyc-00_2-024.png | Gait_classified\other\fyc-00_2-024.png | Gait\Train\other\fyc-00_2-024.png"
"DUP-0107","7D8393A2FD11BED0BE7D58A4DB1C764BE9D4D681F54512255435A7A7211502BC","721","3","1442","Gait Phase Classification\Gait_classified_legacy\other\fyc-00_4-050.png | Gait_classified\other\fyc-00_4-050.png | Gait\Train\other\fyc-00_4-050.png"
"DUP-0108","7DB90C3D353AD096163B015F8D43900FD1791D824C067D435FDC8ACCFB029AB9","663","3","1326","Gait Phase Classification\Gait_classified_legacy\other\hy-00_2-063.png | Gait_classified\other\hy-00_2-063.png | Gait\Train\other\hy-00_2-063.png"
"DUP-0109","7EA63AE0976B485607D97604EC779280A9C6A8C432C7757FE0BBBAD3BFE91FED","759","3","1518","Gait Phase Classification\Gait_classified_legacy\other\hy-00_1-034.png | Gait_classified\other\hy-00_1-034.png | Gait\Train\other\hy-00_1-034.png"
"DUP-0110","7EFCB37FF84C45B56DCD09BF6455D8F258D4589B695B0EDFDF7748A4DA4F2D74","708","3","1416","Gait Phase Classification\Gait_classified_legacy\other\hy-00_2-052.png | Gait_classified\other\hy-00_2-052.png | Gait\Train\other\hy-00_2-052.png"
"DUP-0111","7F279B8E3647C6238B3C05061968C2C7032507EC6133E80EE084AC55DA6244B0","778","3","1556","Gait Phase Classification\Gait_classified_legacy\heel_strike\ljg-00_1-052.png | Gait_classified\heel_strike\ljg-00_1-052.png | Gait\Train\heel_strike\ljg-00_1-052.png"
"DUP-0112","7AF5D9E8E616961725A95EFA791AA5282915C819F5A1901DD514EC13F58E0603","753","3","1506","Gait Phase Classification\Gait_classified_legacy\other\fyc-00_1-040.png | Gait_classified\other\fyc-00_1-040.png | Gait\Train\other\fyc-00_1-040.png"
"DUP-0113","7F52F102C80C9126DA1BDCCBE83281311A500F38B6EE75A27B14E1EBFBA13308","715","3","1430","Gait Phase Classification\Gait_classified_legacy\other\fyc-00_2-060.png | Gait_classified\other\fyc-00_2-060.png | Gait\Train\other\fyc-00_2-060.png"
"DUP-0114","75A777311FA8C3BB1B0E682CC433AAC27A3B96BCDEA92A58275DF1DB4C65A3B0","820","3","1640","Gait Phase Classification\Gait_classified_legacy\other\ljg-00_2-006.png | Gait_classified\other\ljg-00_2-006.png | Gait\Train\other\ljg-00_2-006.png"
"DUP-0115","747251B05702A09D59C632748B22499F1639481D0C355302DC2EDF8F011FF03D","763","3","1526","Gait Phase Classification\Gait_classified_legacy\other\fyc-00_4-054.png | Gait_classified\other\fyc-00_4-054.png | Gait\Train\other\fyc-00_4-054.png"
"DUP-0116","6AEAB20483DA23D33D589E6C877C8725875361089758AE129F2F90584979F486","761","3","1522","Gait Phase Classification\Gait_classified_legacy\other\fyc-00_3-042.png | Gait_classified\other\fyc-00_3-042.png | Gait\Train\other\fyc-00_3-042.png"
"DUP-0117","6B7FCE5A64943D026923665EDB9A00C0DE80DC9B7A96C511B3D6A5B5C3C889DB","945","3","1890","Gait Phase Classification\Gait_classified_legacy\heel_strike\ljg-00_2-047.png | Gait_classified\heel_strike\ljg-00_2-047.png | Gait\Train\heel_strike\ljg-00_2-047.png"
"DUP-0118","6BA56DC5B0093674B13D61115A12CD7522833F88AAA7F3EC569E799E0F373469","734","3","1468","Gait Phase Classification\Gait_classified_legacy\other\ljg-00_2-057.png | Gait_classified\other\ljg-00_2-057.png | Gait\Train\other\ljg-00_2-057.png"
"DUP-0119","6BC98130F32444331991774723B35CC31313C45049FAF58CAE30ABAE01EB2DB2","827","3","1654","Gait Phase Classification\Gait_classified_legacy\heel_strike\ljg-00_2-061.png | Gait_classified\heel_strike\ljg-00_2-061.png | Gait\Train\heel_strike\ljg-00_2-061.png"
"DUP-0120","6BD4021FCD38245EF7259289B2074C1B3DF4453F0C4A08EBC803F99D6BAF076F","871","3","1742","Gait Phase Classification\Gait_classified_legacy\other\hy-00_3-037.png | Gait_classified\other\hy-00_3-037.png | Gait\Train\other\hy-00_3-037.png"
"DUP-0121","6C2199C0936D4EC466E1B140B436ED93A31B7E76C1A56CB96F7ACB20332710B3","685","3","1370","Gait Phase Classification\Gait_classified_legacy\other\hy-00_4-051.png | Gait_classified\other\hy-00_4-051.png | Gait\Train\other\hy-00_4-051.png"
"DUP-0122","6C33ED9A1A659E4CF7C54ACD0FFD02DDBEE50B1EEF120A6165E5EC641D0FCFB1","707","3","1414","Gait Phase Classification\Gait_classified_legacy\other\fyc-00_4-049.png | Gait_classified\other\fyc-00_4-049.png | Gait\Train\other\fyc-00_4-049.png"
"DUP-0123","6D169E44992BC9897450CBAE50F3385AD2D83F9171818CDD8A6543E3F886CFD4","691","3","1382","Gait Phase Classification\Gait_classified_legacy\other\fyc-00_1-055.png | Gait_classified\other\fyc-00_1-055.png | Gait\Train\other\fyc-00_1-055.png"
"DUP-0124","750346F860FD4D4E4BD62DC2AAD824D66A42F557141B3C0A30C4133982410BB8","820","3","1640","Gait Phase Classification\Gait_classified_legacy\other\fyc-00_3-047.png | Gait_classified\other\fyc-00_3-047.png | Gait\Train\other\fyc-00_3-047.png"
"DUP-0125","6D9CBC6C76291603BC14D227AD7A85F4615E7A8A092EF24731F7C165A7CCFC21","716","3","1432","Gait Phase Classification\Gait_classified_legacy\other\ljg-00_1-049.png | Gait_classified\other\ljg-00_1-049.png | Gait\Train\other\ljg-00_1-049.png"
"DUP-0126","6FA4F200262DBAA176B4EF360C31333A3E2AB22B3F6F9B4C710F5A5EFBCA0281","812","3","1624","Gait Phase Classification\Gait_classified_legacy\other\fyc-00_4-026.png | Gait_classified\other\fyc-00_4-026.png | Gait\Train\other\fyc-00_4-026.png"
"DUP-0127","6FFE27F2FA43336CE49ED52C45CB50860360E6EB7A6E3B67F186C8AA488F2792","706","3","1412","Gait Phase Classification\Gait_classified_legacy\other\hy-00_3-018.png | Gait_classified\other\hy-00_3-018.png | Gait\Train\other\hy-00_3-018.png"
"DUP-0128","70684C33670DE8775927353272604E31EB8EEEA33E70EC86528C213373447E54","726","3","1452","Gait Phase Classification\Gait_classified_legacy\other\hy-00_1-049.png | Gait_classified\other\hy-00_1-049.png | Gait\Train\other\hy-00_1-049.png"
"DUP-0129","709383A1865A1D9F8B6F561D7FD04F1A5B7B80D58D575C0A29EC8843F42204AB","776","3","1552","Gait Phase Classification\Gait_classified_legacy\other\fyc-00_3-031.png | Gait_classified\other\fyc-00_3-031.png | Gait\Train\other\fyc-00_3-031.png"
"DUP-0130","709428CEAAD9CEAFCB950B354B0DF2A588DE25F54C383DE77FF25EB8D53C02DB","750","3","1500","Gait Phase Classification\Gait_classified_legacy\other\hy-00_2-050.png | Gait_classified\other\hy-00_2-050.png | Gait\Train\other\hy-00_2-050.png"
"DUP-0131","7234B859742C4B0B261C0D1ABD2DFBE7322EB163B9EB3BA9AC35A25927871B05","702","3","1404","Gait Phase Classification\Gait_classified_legacy\other\ljg-00_2-012.png | Gait_classified\other\ljg-00_2-012.png | Gait\Train\other\ljg-00_2-012.png"
"DUP-0132","731B5D9D1D73BB383C0B73D197339E65EA1D5D0170E8C0183CB3DA9D666F76F2","689","3","1378","Gait Phase Classification\Gait_classified_legacy\other\fyc-00_4-070.png | Gait_classified\other\fyc-00_4-070.png | Gait\Train\other\fyc-00_4-070.png"
"DUP-0133","73BE4DFF9B1C1BF88AFA195335FADB3CA53E2223A78E255C688F2713D113BF89","726","3","1452","Gait Phase Classification\Gait_classified_legacy\other\hy-00_1-035.png | Gait_classified\other\hy-00_1-035.png | Gait\Train\other\hy-00_1-035.png"
"DUP-0134","6F28AED3015D6C93A8D74C6EF5F76A3C33ACDACC2E2C43E312A56609130CB552","818","3","1636","Gait Phase Classification\Gait_classified_legacy\other\fyc-00_4-042.png | Gait_classified\other\fyc-00_4-042.png | Gait\Train\other\fyc-00_4-042.png"
"DUP-0135","7F55BAF5CE57B4D6D3711EBBD25F6283DAE41416B420B1483E6441D8861DE159","744","3","1488","Gait Phase Classification\Gait_classified_legacy\other\fyc-00_4-003.png | Gait_classified\other\fyc-00_4-003.png | Gait\Train\other\fyc-00_4-003.png"
"DUP-0136","7FEA0849B91E6EC27BFD23E8A702553CC4B91F0D80CED3E9F8BC0CC31608D462","681","3","1362","Gait Phase Classification\Gait_classified_legacy\other\fyc-00_4-021.png | Gait_classified\other\fyc-00_4-021.png | Gait\Train\other\fyc-00_4-021.png"
"DUP-0137","8045E24070C74CC418DF6825763C2F13D1A1C4DC5CBDDB382C54219BE5E55CD7","776","3","1552","Gait Phase Classification\Gait_classified_legacy\other\fyc-00_3-010.png | Gait_classified\other\fyc-00_3-010.png | Gait\Train\other\fyc-00_3-010.png"
"DUP-0138","8AC4C7401843715E984B73ED506D24F5BA388EA482BB7F9ADCBA3E4080633337","636","3","1272","Gait Phase Classification\Gait_classified_legacy\other\fyc-00_4-062.png | Gait_classified\other\fyc-00_4-062.png | Gait\Train\other\fyc-00_4-062.png"
"DUP-0139","8AE0E045F2AC30231055CDF0A568CC8D9BC18286A81C38D4C5424D75DE400AF9","680","3","1360","Gait Phase Classification\Gait_classified_legacy\other\hy-00_4-012.png | Gait_classified\other\hy-00_4-012.png | Gait\Train\other\hy-00_4-012.png"
"DUP-0140","8B44670788C5DBF384658FD3F3FCB77346F5C9E38AF0DBB400B4B31C0159A9A9","863","3","1726","Gait Phase Classification\Gait_classified_legacy\heel_strike\fyc-00_4-040.png | Gait_classified\heel_strike\fyc-00_4-040.png | Gait\Test\Heal_Strike\fyc-00_4-040.png"
"DUP-0141","8B6D74DBAEEE4495783574127018414A72ADF53F73F8FEF8CC67350B7B97EFFA","890","3","1780","Gait Phase Classification\Gait_classified_legacy\other\hy-00_4-046.png | Gait_classified\other\hy-00_4-046.png | Gait\Train\other\hy-00_4-046.png"
"DUP-0142","8BE25AE9A6A36F2536489E1B90E5487652DFACFF3C8357AFDCBDF90D3A42336F","675","3","1350","Gait Phase Classification\Gait_classified_legacy\other\fyc-00_2-071.png | Gait_classified\other\fyc-00_2-071.png | Gait\Train\other\fyc-00_2-071.png"
"DUP-0143","8C208A0D3D784881E9B6206907AFD888CD2F7304885DB8BF375F6A72E2CD4D81","680","3","1360","Gait Phase Classification\Gait_classified_legacy\other\fyc-00_1-053.png | Gait_classified\other\fyc-00_1-053.png | Gait\Train\other\fyc-00_1-053.png"
"DUP-0144","8C59B92C59B9EAFF6BE66441BC86E08E6B75910232E3434388CB3E17A272ABD5","656","3","1312","Gait Phase Classification\Gait_classified_legacy\other\fyc-00_4-008.png | Gait_classified\other\fyc-00_4-008.png | Gait\Train\other\fyc-00_4-008.png"
"DUP-0145","8CC2C80918136E4152C3EBB633EDDFA0BE69BCE63E83F76E396D4CF07B79F899","673","3","1346","Gait Phase Classification\Gait_classified_legacy\other\fyc-00_2-006.png | Gait_classified\other\fyc-00_2-006.png | Gait\Train\other\fyc-00_2-006.png"
"DUP-0146","89F742F97623CBF5E3BCCF7B47998DD6DD853BD66BCF9F67CCA098DDE379C25D","639","3","1278","Gait Phase Classification\Gait_classified_legacy\other\hy-00_1-010.png | Gait_classified\other\hy-00_1-010.png | Gait\Train\other\hy-00_1-010.png"
"DUP-0147","8CFA0A096F6D9A604F1C056624159DBA073DC28C24D7C696B31D0CC4ABD421AC","701","3","1402","Gait Phase Classification\Gait_classified_legacy\other\hy-00_4-011.png | Gait_classified\other\hy-00_4-011.png | Gait\Train\other\hy-00_4-011.png"
"DUP-0148","8E5754C556A2C1F2FB04883DF0351CAE51CC5947F54676DDE775795B7508D0AC","782","3","1564","Gait Phase Classification\Gait_classified_legacy\other\fyc-00_2-050.png | Gait_classified\other\fyc-00_2-050.png | Gait\Train\other\fyc-00_2-050.png"
"DUP-0149","8EF996CB8096DB16C7792717BB9108BC0020E079FE777C736ACE02C03E9B6E45","726","3","1452","Gait Phase Classification\Gait_classified_legacy\other\hy-00_4-025.png | Gait_classified\other\hy-00_4-025.png | Gait\Train\other\hy-00_4-025.png"
"DUP-0150","8F8A7D2373F7693A6D0C7F98A175427FACF332EF065912059BB160D984644DC2","734","3","1468","Gait Phase Classification\Gait_classified_legacy\other\hy-00_4-056.png | Gait_classified\other\hy-00_4-056.png | Gait\Train\other\hy-00_4-056.png"
"DUP-0151","8F9BE4874FB60F42C94B5B30B29D902B1432ABC519EE36C09305BB757E797CF5","617","3","1234","Gait Phase Classification\Gait_classified_legacy\other\fyc-00_3-066.png | Gait_classified\other\fyc-00_3-066.png | Gait\Train\other\fyc-00_3-066.png"
"DUP-0152","8FBC833BBD807EEF3C4E78CB1E391EC99F19979456AAF6F098DA19D8877666DC","723","3","1446","Gait Phase Classification\Gait_classified_legacy\other\fyc-00_2-063.png | Gait_classified\other\fyc-00_2-063.png | Gait\Train\other\fyc-00_2-063.png"
"DUP-0153","8FC1C9833AF0DF14841B80B24BFB31D9323B7709DF7D78BF451F21E2EE03FD93","609","3","1218","Gait Phase Classification\Gait_classified_legacy\other\fyc-00_4-059.png | Gait_classified\other\fyc-00_4-059.png | Gait\Train\other\fyc-00_4-059.png"
"DUP-0154","90DDF9AD18AD4E635640F83F56DF650DCB5D5B34A6B766C34A87C2FA4115BCC9","703","3","1406","Gait Phase Classification\Gait_classified_legacy\other\fyc-00_3-040.png | Gait_classified\other\fyc-00_3-040.png | Gait\Train\other\fyc-00_3-040.png"
"DUP-0155","914235F111DFA36F5214F904FF0322264A7914DD2E9E402032D6B1828C0C15BC","848","3","1696","Gait Phase Classification\Gait_classified_legacy\other\ljg-00_3-021.png | Gait_classified\other\ljg-00_3-021.png | Gait\Train\other\ljg-00_3-021.png"
"DUP-0156","8D3985E5E7ABC93800099D2D6189B4F529D568CCFEA7A914263AB0F103EDD648","866","3","1732","Gait Phase Classification\Gait_classified_legacy\heel_strike\lqf-00_2-007.png | Gait_classified\heel_strike\lqf-00_2-007.png | Gait\Train\heel_strike\lqf-00_2-007.png"
"DUP-0157","897F70B8E9EA4631E667CFD3DA511BEDCDA3004C20A1AA8221777E46113CB9B9","854","3","1708","Gait Phase Classification\Gait_classified_legacy\other\ljg-00_2-038.png | Gait_classified\other\ljg-00_2-038.png | Gait\Train\other\ljg-00_2-038.png"
"DUP-0158","88E20FF86746A1A7E4BD44E58BE8B32D761C24458205579FBCC32E87A1328CD5","784","3","1568","Gait Phase Classification\Gait_classified_legacy\other\hy-00_3-032.png | Gait_classified\other\hy-00_3-032.png | Gait\Train\other\hy-00_3-032.png"
"DUP-0159","88B45CC2BBAA517AE1455B3726E61190967F128BE3B59B1100FE67176A6DAC3D","970","3","1940","Gait Phase Classification\Gait_classified_legacy\heel_strike\lqf-00_3-031.png | Gait_classified\heel_strike\lqf-00_3-031.png | Gait\Train\heel_strike\lqf-00_3-031.png"
"DUP-0160","FFA57A530D7946C589C95E7CC6FAFFD54C250B608D7E4AB6A7821A9CFC2A8B4B","717","3","1434","Gait Phase Classification\Gait_classified_legacy\other\hy-00_3-043.png | Gait_classified\other\hy-00_3-043.png | Gait\Train\other\hy-00_3-043.png"
"DUP-0161","80ACBBDF1004CD5B963B5B8AAEF0746CB99365758A80F93A38647C9C152420B0","666","3","1332","Gait Phase Classification\Gait_classified_legacy\other\hy-00_2-013.png | Gait_classified\other\hy-00_2-013.png | Gait\Train\other\hy-00_2-013.png"
"DUP-0162","8119B8491256A3DDBCE66F6C7FE990D14653B84A5422913B98CA85D41F0EB891","698","3","1396","Gait Phase Classification\Gait_classified_legacy\other\ljg-00_3-015.png | Gait_classified\other\ljg-00_3-015.png | Gait\Train\other\ljg-00_3-015.png"
"DUP-0163","811E5233631397110C689F1BB396A55852B028CA820A3095D1CE2892419FFF45","969","3","1938","Gait Phase Classification\Gait_classified_legacy\heel_strike\ljg-00_4-029.png | Gait_classified\heel_strike\ljg-00_4-029.png | Gait\Train\heel_strike\ljg-00_4-029.png"
"DUP-0164","813225C3C0F3C15D5AE430CF50BDC1335D4A4FF9E277FA08452EC1051BF5CC8D","831","3","1662","Gait Phase Classification\Gait_classified_legacy\heel_strike\lqf-00_2-061.png | Gait_classified\heel_strike\lqf-00_2-061.png | Gait\Train\heel_strike\lqf-00_2-061.png"
"DUP-0165","8151F3A0DE75C0C9645395DCC61F7D52D4CFCF4731A652E89CF44984AE5FD0DF","793","3","1586","Gait Phase Classification\Gait_classified_legacy\other\hy-00_2-030.png | Gait_classified\other\hy-00_2-030.png | Gait\Train\other\hy-00_2-030.png"
"DUP-0166","8294BD11F5BC425BCC476E1B626CC1127CD45887A695FE8E105676F33C0941FF","777","3","1554","Gait Phase Classification\Gait_classified_legacy\other\ljg-00_3-010.png | Gait_classified\other\ljg-00_3-010.png | Gait\Train\other\ljg-00_3-010.png"
"DUP-0167","82B458A0179A2ECC204F650148C63E45DAFB92F4B8A9C7CE118CB40A689B6A65","929","3","1858","Gait Phase Classification\Gait_classified_legacy\heel_strike\lqf-00_3-013.png | Gait_classified\heel_strike\lqf-00_3-013.png | Gait\Train\heel_strike\lqf-00_3-013.png"
"DUP-0168","82C0DEDCFF70A3EF463D44C5BD91D78860D6607DD231068FD25CEEAC018AEAE6","654","3","1308","Gait Phase Classification\Gait_classified_legacy\other\fyc-00_4-071.png | Gait_classified\other\fyc-00_4-071.png | Gait\Train\other\fyc-00_4-071.png"
"DUP-0169","831707F95562058607DDDC20A33EF806306BDCEEE1AF9B95177470A6750D6917","737","3","1474","Gait Phase Classification\Gait_classified_legacy\other\hy-00_2-027.png | Gait_classified\other\hy-00_2-027.png | Gait\Train\other\hy-00_2-027.png"
"DUP-0170","83D392A82D7650648E09BDB6E4EFC08FE10066CA304DF45253A42E4D2AFE1E82","824","3","1648","Gait Phase Classification\Gait_classified_legacy\other\ljg-00_3-025.png | Gait_classified\other\ljg-00_3-025.png | Gait\Train\other\ljg-00_3-025.png"
"DUP-0171","8455D9AE7E5A0B313F41AC86CC9179E629E754198A6CD55DDC519F42E44103CB","734","3","1468","Gait Phase Classification\Gait_classified_legacy\other\ljg-00_1-019.png | Gait_classified\other\ljg-00_1-019.png | Gait\Train\other\ljg-00_1-019.png"
"DUP-0172","84F60794F0DEF474934DDD793CA8B779E35846BF9CB21F8E15A0543094C863D5","845","3","1690","Gait Phase Classification\Gait_classified_legacy\other\ljg-00_1-032.png | Gait_classified\other\ljg-00_1-032.png | Gait\Train\other\ljg-00_1-032.png"
"DUP-0173","85289553B314AE166DBC2E4BC255E4E47E0450EFC13C7FC00A76FED25B76D054","1041","3","2082","Gait Phase Classification\Gait_classified_legacy\heel_strike\lqf-00_2-034.png | Gait_classified\heel_strike\lqf-00_2-034.png | Gait\Train\heel_strike\lqf-00_2-034.png"
"DUP-0174","85D3F095E96E02A4419F4FDA2787EB5F5474FA0A8C3042EB781134A12F4AEC35","724","3","1448","Gait Phase Classification\Gait_classified_legacy\other\fyc-00_3-039.png | Gait_classified\other\fyc-00_3-039.png | Gait\Train\other\fyc-00_3-039.png"
"DUP-0175","8657428E6F5FCAF17741A09A955E0E024FBAC3F24BA6555C1F7BB2C5A933A6AF","769","3","1538","Gait Phase Classification\Gait_classified_legacy\other\fyc-00_2-046.png | Gait_classified\other\fyc-00_2-046.png | Gait\Train\other\fyc-00_2-046.png"
"DUP-0176","86D18474A6EBA94A4586BBB60577C0DE234690049F37E56BF285FB09BDADB98D","812","3","1624","Gait Phase Classification\Gait_classified_legacy\other\ljg-00_3-028.png | Gait_classified\other\ljg-00_3-028.png | Gait\Train\other\ljg-00_3-028.png"
"DUP-0177","878B3A75850AAA74507805041F37EDB1DAFF7B0A83A95B8DAB28C974CB6B691E","942","3","1884","Gait Phase Classification\Gait_classified_legacy\heel_strike\lqf-00_1-048.png | Gait_classified\heel_strike\lqf-00_1-048.png | Gait\Train\heel_strike\lqf-00_1-048.png"
"DUP-0178","879A178B3BEDF70304CAF0F9941B4147A8E948625AED2EF1E761C484C4020633","675","3","1350","Gait Phase Classification\Gait_classified_legacy\other\hy-00_4-002.png | Gait_classified\other\hy-00_4-002.png | Gait\Train\other\hy-00_4-002.png"
"DUP-0179","92799F20D47C5DBD0480732698ED3FE07D106A8407E2E0B97EA9F772CBFBE0AA","675","3","1350","Gait Phase Classification\Gait_classified_legacy\other\fyc-00_4-057.png | Gait_classified\other\fyc-00_4-057.png | Gait\Train\other\fyc-00_4-057.png"
"DUP-0180","BBD8B7D3ECFD950F4371ACB4BAA5E2032984B97BD716512960DFAFD80C2E49BD","789","3","1578","Gait Phase Classification\Gait_classified_legacy\other\hy-00_3-019.png | Gait_classified\other\hy-00_3-019.png | Gait\Train\other\hy-00_3-019.png"
"DUP-0181","BC49F31AC3ABB8850B68BF89D3C84C5E1A11815D35A300A87BF51E759DEA79A0","681","3","1362","Gait Phase Classification\Gait_classified_legacy\other\fyc-00_3-006.png | Gait_classified\other\fyc-00_3-006.png | Gait\Train\other\fyc-00_3-006.png"
"DUP-0182","6A9E2CD847F5AC029ADF47CCC52236C5FCB91A9C1087DFD3AE9A083BC235B693","777","3","1554","Gait Phase Classification\Gait_classified_legacy\other\ljg-00_2-059.png | Gait_classified\other\ljg-00_2-059.png | Gait\Train\other\ljg-00_2-059.png"
"DUP-0183","E65411D69D3EFECDF6B5AB1F39A4196B09751C8D15459B38E226A36E624874C4","706","3","1412","Gait Phase Classification\Gait_classified_legacy\other\fyc-00_3-069.png | Gait_classified\other\fyc-00_3-069.png | Gait\Train\other\fyc-00_3-069.png"
"DUP-0184","E784DADDF0DB023162DBC47CB7B9E3E137994686A0C0158E2F940B2D89F25E37","690","3","1380","Gait Phase Classification\Gait_classified_legacy\other\fyc-00_1-009.png | Gait_classified\other\fyc-00_1-009.png | Gait\Train\other\fyc-00_1-009.png"
"DUP-0185","E79CD76C741921D1F4318A552E3A442BE765A97AAFE35475437B3773AF221718","708","3","1416","Gait Phase Classification\Gait_classified_legacy\other\hy-00_3-006.png | Gait_classified\other\hy-00_3-006.png | Gait\Train\other\hy-00_3-006.png"
"DUP-0186","E814C8F6126A68578B61D87F9DC1DF9256B532CFEC5FCD196E436007F32EB6DE","724","3","1448","Gait Phase Classification\Gait_classified_legacy\other\hy-00_4-039.png | Gait_classified\other\hy-00_4-039.png | Gait\Train\other\hy-00_4-039.png"
"DUP-0187","E84CF3E0BDB3E32D132A6A90E5F5B00C7527CF116D800957AFDC8383D95FA5BF","646","3","1292","Gait Phase Classification\Gait_classified_legacy\other\fyc-00_3-005.png | Gait_classified\other\fyc-00_3-005.png | Gait\Train\other\fyc-00_3-005.png"
"DUP-0188","E8B8DFE02D283A00F3ED6D0E19CD3471F3431BBACE2FECA59DBEE7469F720D2C","753","3","1506","Gait Phase Classification\Gait_classified_legacy\other\hy-00_1-022.png | Gait_classified\other\hy-00_1-022.png | Gait\Train\other\hy-00_1-022.png"
"DUP-0189","E8DAE176938A19FD694D12E7DC596407BAEDAE90C5CF89FBE4BC4D13F9D02A51","803","3","1606","Gait Phase Classification\Gait_classified_legacy\other\fyc-00_3-033.png | Gait_classified\other\fyc-00_3-033.png | Gait\Train\other\fyc-00_3-033.png"
"DUP-0190","E938DC6FE196C43C22E51DDE4F09266BA00F409422A596C4311B48A8FB925B3E","895","3","1790","Gait Phase Classification\Gait_classified_legacy\heel_strike\ljg-00_4-003.png | Gait_classified\heel_strike\ljg-00_4-003.png | Gait\Train\heel_strike\ljg-00_4-003.png"
"DUP-0191","E4F3CA538C0E9E18EEDC0FEBBA3CFB439242A5164C37F91AD194530872D65943","764","3","1528","Gait Phase Classification\Gait_classified_legacy\other\ljg-00_1-046.png | Gait_classified\other\ljg-00_1-046.png | Gait\Train\other\ljg-00_1-046.png"
"DUP-0192","E943C5F9F68E2F10D271EA0580826E6A9EFAD961742E4ADBBA9882D4BD04E6ED","669","3","1338","Gait Phase Classification\Gait_classified_legacy\other\hy-00_1-058.png | Gait_classified\other\hy-00_1-058.png | Gait\Train\other\hy-00_1-058.png"
"DUP-0193","E9A4E64A2CB9C9F135A5A8FEEBEF4F2F54E3F07E7F7C99F20FF358F86B2ECEB4","779","3","1558","Gait Phase Classification\Gait_classified_legacy\other\fyc-00_1-047.png | Gait_classified\other\fyc-00_1-047.png | Gait\Train\other\fyc-00_1-047.png"
"DUP-0194","E9AAC1281C80803C57E4B902FB7284F566B1B85705925D4FD718528157C3213E","759","3","1518","Gait Phase Classification\Gait_classified_legacy\other\hy-00_2-018.png | Gait_classified\other\hy-00_2-018.png | Gait\Train\other\hy-00_2-018.png"
"DUP-0195","EA4E96FFE32165717A3520277CB6DA2FE8F3271DC6005C29D6C6EFB9E64C8C6C","702","3","1404","Gait Phase Classification\Gait_classified_legacy\other\hy-00_4-050.png | Gait_classified\other\hy-00_4-050.png | Gait\Train\other\hy-00_4-050.png"
"DUP-0196","EAE0BC73070F3309EBC8D5D56581CF049CB5DBBFBE23B234BBA6400538C26F0D","709","3","1418","Gait Phase Classification\Gait_classified_legacy\other\fyc-00_2-031.png | Gait_classified\other\fyc-00_2-031.png | Gait\Train\other\fyc-00_2-031.png"
"DUP-0197","EB44F4BB1F1FB63C5013341B95E09639D057F469F2751574CAB62E6917E1B187","744","3","1488","Gait Phase Classification\Gait_classified_legacy\other\hy-00_4-038.png | Gait_classified\other\hy-00_4-038.png | Gait\Train\other\hy-00_4-038.png"
"DUP-0198","EBD7FE40725BC68921F09D1AA6BB3518FAA0E1365FD9CF140FD9216D369781D4","640","3","1280","Gait Phase Classification\Gait_classified_legacy\other\fyc-00_1-064.png | Gait_classified\other\fyc-00_1-064.png | Gait\Train\other\fyc-00_1-064.png"
"DUP-0199","EC0A3E82F172AC33D00B2FC4F2C69F213D58DB69665C3E1E64C10849BAC785B9","716","3","1432","Gait Phase Classification\Gait_classified_legacy\other\hy-00_4-053.png | Gait_classified\other\hy-00_4-053.png | Gait\Train\other\hy-00_4-053.png"
"DUP-0200","EC0B2C9AB5AF07743B5424B6F7508869A983EFC12F082E89F4BD077F2A7FCFF0","889","3","1778","Gait Phase Classification\Gait_classified_legacy\other\hy-00_4-045.png | Gait_classified\other\hy-00_4-045.png | Gait\Train\other\hy-00_4-045.png"
"DUP-0201","E99F76FECAA4D2C239CBCFA20B4B11F9D16FF43F59E4A81FB89D6347C3C4223F","814","3","1628","Gait Phase Classification\Gait_classified_legacy\other\fyc-00_3-035.png | Gait_classified\other\fyc-00_3-035.png | Gait\Train\other\fyc-00_3-035.png"
"DUP-0202","ED2740AE4E5BBD577757443BA7B2404ED4DF7F8169D7CFC559D7027F3C11F85D","722","3","1444","Gait Phase Classification\Gait_classified_legacy\other\hy-00_2-038.png | Gait_classified\other\hy-00_2-038.png | Gait\Train\other\hy-00_2-038.png"
"DUP-0203","E4EC1188FE8972D26E288F137833CB5E4AC7494DF047374C216B073B6292CA77","667","3","1334","Gait Phase Classification\Gait_classified_legacy\other\fyc-00_1-052.png | Gait_classified\other\fyc-00_1-052.png | Gait\Train\other\fyc-00_1-052.png"
"DUP-0204","E1393CE34BAFE516338CC518D6878ECE62C23592FD4F25F7A25DA63CCEC9C2C7","976","3","1952","Gait Phase Classification\Gait_classified_legacy\other\ljg-00_2-032.png | Gait_classified\other\ljg-00_2-032.png | Gait\Train\other\ljg-00_2-032.png"
"DUP-0205","D7D7D4D391D3C87261138EA8D0F5D3AB4327F59AB49D15AB4545C00F63D4B2C2","866","3","1732","Gait Phase Classification\Gait_classified_legacy\other\hy-00_3-021.png | Gait_classified\other\hy-00_3-021.png | Gait\Train\other\hy-00_3-021.png"
"DUP-0206","D7E906472333350C497E216D9AC30284C2213EDEBDE5B97A852182B5996B681F","882","3","1764","Gait Phase Classification\Gait_classified_legacy\other\hy-00_2-021.png | Gait_classified\other\hy-00_2-021.png | Gait\Train\other\hy-00_2-021.png"
"DUP-0207","D8C933AC3B91CA3CD0A6BADB6BBB4B465DF1489B6781C10D94F4534C4AAF768C","865","3","1730","Gait Phase Classification\Gait_classified_legacy\other\ljg-00_2-036.png | Gait_classified\other\ljg-00_2-036.png | Gait\Train\other\ljg-00_2-036.png"
"DUP-0208","D8F9A0546923B0CEB2050206B3C52691302E6756C3D86AA4BF970AD63930C62E","824","3","1648","Gait Phase Classification\Gait_classified_legacy\heel_strike\hy-00_3-010.png | Gait_classified\heel_strike\hy-00_3-010.png | Gait\Train\heel_strike\hy-00_3-010.png"
"DUP-0209","D906375B1084C23F6B384E1A21AB6D7310DB8B3EF44A43998F69E417567F8A97","665","3","1330","Gait Phase Classification\Gait_classified_legacy\other\fyc-00_3-063.png | Gait_classified\other\fyc-00_3-063.png | Gait\Train\other\fyc-00_3-063.png"
"DUP-0210","DA125ACB0B14CCA4792DCABC921D55846AC2064A7CA4239A0B39104A2147D1EA","892","3","1784","Gait Phase Classification\Gait_classified_legacy\heel_strike\hy-00_4-032.png | Gait_classified\heel_strike\hy-00_4-032.png | Gait\Train\heel_strike\hy-00_4-032.png"
"DUP-0211","DA8C0A6FED03458F6549B63877173CF5B0D635FFB27E9399A6A0B0969527E0D7","831","3","1662","Gait Phase Classification\Gait_classified_legacy\other\fyc-00_4-029.png | Gait_classified\other\fyc-00_4-029.png | Gait\Train\other\fyc-00_4-029.png"
"DUP-0212","DAFF2CB393A4D91BA6C1AC180458ED64A76F2B591DD1A59C288DECE6B0C24E11","668","3","1336","Gait Phase Classification\Gait_classified_legacy\other\ljg-00_1-050.png | Gait_classified\other\ljg-00_1-050.png | Gait\Train\other\ljg-00_1-050.png"
"DUP-0213","E18CD3540B627BA35FB1DD5A3D946EE04BC7E9BB75F895A73043D389BABBC163","789","3","1578","Gait Phase Classification\Gait_classified_legacy\other\ljg-00_1-047.png | Gait_classified\other\ljg-00_1-047.png | Gait\Train\other\ljg-00_1-047.png"
"DUP-0214","DBA171AAF679E66C6996EFEA3A84A66223BA7E2BA2E0CACE35124287F59BD71C","753","3","1506","Gait Phase Classification\Gait_classified_legacy\other\hy-00_2-041.png | Gait_classified\other\hy-00_2-041.png | Gait\Train\other\hy-00_2-041.png"
"DUP-0215","DC1D4AE291085F5AF67F1C23D48517B43AD05CF7E6E3DB2ACF3A4CE9A4F24C02","778","3","1556","Gait Phase Classification\Gait_classified_legacy\other\hy-00_3-047.png | Gait_classified\other\hy-00_3-047.png | Gait\Train\other\hy-00_3-047.png"
"DUP-0216","DC43A20FABBB150C4B9E2C6C2332D5F483313465F44F35C3B400923793D39A30","726","3","1452","Gait Phase Classification\Gait_classified_legacy\other\hy-00_4-054.png | Gait_classified\other\hy-00_4-054.png | Gait\Train\other\hy-00_4-054.png"
"DUP-0217","DD235F81AC3ABABFD84A82F7B387E49B4D6491FE4236996752C56A075325D0AC","809","3","1618","Gait Phase Classification\Gait_classified_legacy\other\hy-00_1-037.png | Gait_classified\other\hy-00_1-037.png | Gait\Train\other\hy-00_1-037.png"
"DUP-0218","DE8E9AFC72B292F812951A4F374A2EAB5E579619A7AF0476389BAB1143DE43AA","691","3","1382","Gait Phase Classification\Gait_classified_legacy\other\fyc-00_3-068.png | Gait_classified\other\fyc-00_3-068.png | Gait\Train\other\fyc-00_3-068.png"
"DUP-0219","DFFCB692AFAB470CD6F723CAC65F02B79288D70C4FB22FA53876786F710A2E76","922","3","1844","Gait Phase Classification\Gait_classified_legacy\heel_strike\hy-00_2-047.png | Gait_classified\heel_strike\hy-00_2-047.png | Gait\Train\heel_strike\hy-00_2-047.png"
"DUP-0220","E012B0757BC283797459B8C7D6AA182F24881B4602F2FB50F40582C66D2ADD4D","645","3","1290","Gait Phase Classification\Gait_classified_legacy\other\fyc-00_2-017.png | Gait_classified\other\fyc-00_2-017.png | Gait\Train\other\fyc-00_2-017.png"
"DUP-0221","E0C66BB4BBDEBB8F88E578074846DF1340D150E8A5457ADC0A915A452293D00E","755","3","1510","Gait Phase Classification\Gait_classified_legacy\heel_strike\fyc-00_2-062.png | Gait_classified\heel_strike\fyc-00_2-062.png | Gait\Test\Heal_Strike\fyc-00_2-062.png"
"DUP-0222","E0CE8B9F9A6C37D7CBDA4FA312E0C284CF95B3DB075C2C3291138C792B4FC082","901","3","1802","Gait Phase Classification\Gait_classified_legacy\heel_strike\hy-00_3-024.png | Gait_classified\heel_strike\hy-00_3-024.png | Gait\Train\heel_strike\hy-00_3-024.png"
"DUP-0223","DBDE81FC10F383335CEA275210E27CE34E401BCF9E785557544410F6E9CE5DF1","937","3","1874","Gait Phase Classification\Gait_classified_legacy\heel_strike\lqf-00_3-064.png | Gait_classified\heel_strike\lqf-00_3-064.png | Gait\Train\heel_strike\lqf-00_3-064.png"
"DUP-0224","ED2EC274825E19B2920EA5ED1440860A51360B4CA92A0C877000C2CED866E9D8","662","3","1324","Gait Phase Classification\Gait_classified_legacy\other\hy-00_3-002.png | Gait_classified\other\hy-00_3-002.png | Gait\Train\other\hy-00_3-002.png"
"DUP-0225","ED8541D786E56FC0FEF2B5D399E17784C4932E73DFDD68AE0FE8EBAF8B902DE2","861","3","1722","Gait Phase Classification\Gait_classified_legacy\other\ljg-00_2-042.png | Gait_classified\other\ljg-00_2-042.png | Gait\Train\other\ljg-00_2-042.png"
"DUP-0226","EE64F6F6A430E7456DE54E10CC9AF47D4A8B8C1730E334B4F8C142E29BA17A42","729","3","1458","Gait Phase Classification\Gait_classified_legacy\other\fyc-00_1-072.png | Gait_classified\other\fyc-00_1-072.png | Gait\Train\other\fyc-00_1-072.png"
"DUP-0227","F6A57662DCF6C1EB607862C91DE4915FD1604969F4523C33DE824B013B2A037C","765","3","1530","Gait Phase Classification\Gait_classified_legacy\other\ljg-00_1-060.png | Gait_classified\other\ljg-00_1-060.png | Gait\Train\other\ljg-00_1-060.png"
"DUP-0228","F6D27365E46B0F01ED1ABF18FEF7DBB9491637F3CA14A5D6DE12BEF164EFAD78","692","3","1384","Gait Phase Classification\Gait_classified_legacy\other\hy-00_3-017.png | Gait_classified\other\hy-00_3-017.png | Gait\Train\other\hy-00_3-017.png"
"DUP-0229","F7914278FC0ED2400787CFE851FEB76D455FE029E09D792DDD816173950BF7E1","669","3","1338","Gait Phase Classification\Gait_classified_legacy\other\fyc-00_2-007.png | Gait_classified\other\fyc-00_2-007.png | Gait\Train\other\fyc-00_2-007.png"
"DUP-0230","F85A94CEE6BC35A8E01727E1380EBAA153DCC8CDC56025CFC0235436B7904D6F","820","3","1640","Gait Phase Classification\Gait_classified_legacy\other\ljg-00_2-039.png | Gait_classified\other\ljg-00_2-039.png | Gait\Train\other\ljg-00_2-039.png"
"DUP-0231","F998DE453C036B396DA270F2C6F2668A99558B5F4538C47A3A088C7185E12222","731","3","1462","Gait Phase Classification\Gait_classified_legacy\other\ljg-00_1-062.png | Gait_classified\other\ljg-00_1-062.png | Gait\Train\other\ljg-00_1-062.png"
"DUP-0232","FA5C75C6AC1BB47144F76A42B2CA9CAB3810A0FB81EAA2681B329A4DE02E8CB0","788","3","1576","Gait Phase Classification\Gait_classified_legacy\other\fyc-00_2-027.png | Gait_classified\other\fyc-00_2-027.png | Gait\Train\other\fyc-00_2-027.png"
"DUP-0233","FA92BE72B5B87C488D3256AEB61383668EEF2A614217A1D0ED0D93E5471673D1","791","3","1582","Gait Phase Classification\Gait_classified_legacy\other\ljg-00_1-057.png | Gait_classified\other\ljg-00_1-057.png | Gait\Train\other\ljg-00_1-057.png"
"DUP-0234","FAD67C8E1DDDE2F331CFD62BA0C64377EA845FBC1EC3A49BD292B5F5267BFF1F","841","3","1682","Gait Phase Classification\Gait_classified_legacy\other\ljg-00_1-014.png | Gait_classified\other\ljg-00_1-014.png | Gait\Train\other\ljg-00_1-014.png"
"DUP-0235","F615394075D10163378BBEA0A1536DC50430F29A7F7D15D5B33955A8B1CBC93A","663","3","1326","Gait Phase Classification\Gait_classified_legacy\other\ljg-00_1-006.png | Gait_classified\other\ljg-00_1-006.png | Gait\Train\other\ljg-00_1-006.png"
"DUP-0236","FB3CDD3C2CE7FBFDF8B49CACC878CC957742B9D255789B5CCD6D97FA413FEBEA","793","3","1586","Gait Phase Classification\Gait_classified_legacy\other\ljg-00_3-003.png | Gait_classified\other\ljg-00_3-003.png | Gait\Train\other\ljg-00_3-003.png"
"DUP-0237","FC748D4F262F860F7113D55B683D0F2B39158C0B88D9F6CAF117E4C1EF40F065","738","3","1476","Gait Phase Classification\Gait_classified_legacy\other\fyc-00_2-043.png | Gait_classified\other\fyc-00_2-043.png | Gait\Train\other\fyc-00_2-043.png"
"DUP-0238","FC8FD7C8D6C27CF94124E4315669610F293938F3F9B17A69CD0269B7AF9A8F4E","691","3","1382","Gait Phase Classification\Gait_classified_legacy\other\hy-00_2-054.png | Gait_classified\other\hy-00_2-054.png | Gait\Train\other\hy-00_2-054.png"
"DUP-0239","FCF96B0EDCC008FDCD4838021D8541611E0F741BE74CBE3F28AAFA6611700942","683","3","1366","Gait Phase Classification\Gait_classified_legacy\other\fyc-00_3-052.png | Gait_classified\other\fyc-00_3-052.png | Gait\Train\other\fyc-00_3-052.png"
"DUP-0240","FD29FE1E69977FAEF83BBE6DD3CCB443D1211F1EADE41C55896AAD4C27297216","740","3","1480","Gait Phase Classification\Gait_classified_legacy\other\hy-00_2-051.png | Gait_classified\other\hy-00_2-051.png | Gait\Train\other\hy-00_2-051.png"
"DUP-0241","FDC753CB9201F50FC5E50C2897AA80EF78BA4C528CE1E3481F913981A90DE3D4","682","3","1364","Gait Phase Classification\Gait_classified_legacy\other\fyc-00_2-020.png | Gait_classified\other\fyc-00_2-020.png | Gait\Train\other\fyc-00_2-020.png"
"DUP-0242","FF21132625E923201230CA3E2FDAFD43C5B3A3ACC8EE72D4E1576D2DB1E21C5D","624","3","1248","Gait Phase Classification\Gait_classified_legacy\other\fyc-00_2-019.png | Gait_classified\other\fyc-00_2-019.png | Gait\Train\other\fyc-00_2-019.png"
"DUP-0243","FF6472E0A03577359B67D7555BE387498E794AC5837437DBD0F7BA0F20816B02","789","3","1578","Gait Phase Classification\Gait_classified_legacy\other\ljg-00_3-006.png | Gait_classified\other\ljg-00_3-006.png | Gait\Train\other\ljg-00_3-006.png"
"DUP-0244","FF86688AC0984C7FF32D95C5A3EC1ECDDB5319F852462C524F8FB7B254FC3C80","829","3","1658","Gait Phase Classification\Gait_classified_legacy\other\fyc-00_4-039.png | Gait_classified\other\fyc-00_4-039.png | Gait\Train\other\fyc-00_4-039.png"
"DUP-0245","FB95F6C9963C0F45A5D5BBCC181EEDFC7BC55AB0BAA01B5CFE5EB35A89E740C9","781","3","1562","Gait Phase Classification\Gait_classified_legacy\other\ljg-00_2-013.png | Gait_classified\other\ljg-00_2-013.png | Gait\Train\other\ljg-00_2-013.png"
"DUP-0246","F5C4A80FCDCAE56137303E0137163665A84B5A5C3D6298E23724D32CD724D7E5","685","3","1370","Gait Phase Classification\Gait_classified_legacy\other\ljg-00_1-007.png | Gait_classified\other\ljg-00_1-007.png | Gait\Train\other\ljg-00_1-007.png"
"DUP-0247","F590A784C8AE6EF093E0CE20AE3CE2C7E04BC55AB5D6F8E587501206EB596B8B","724","3","1448","Gait Phase Classification\Gait_classified_legacy\other\fyc-00_2-002.png | Gait_classified\other\fyc-00_2-002.png | Gait\Train\other\fyc-00_2-002.png"
"DUP-0248","F4982233AB0A64517CFBAF2C067055AB6945CFE57581B8061C7B1C876A2C8A85","798","3","1596","Gait Phase Classification\Gait_classified_legacy\other\fyc-00_2-029.png | Gait_classified\other\fyc-00_2-029.png | Gait\Train\other\fyc-00_2-029.png"
"DUP-0249","EE9EC9862B19248689106581F0AF7DE76F01BA84D04BF313ABCAEEFDC8E850DE","823","3","1646","Gait Phase Classification\Gait_classified_legacy\other\hy-00_2-044.png | Gait_classified\other\hy-00_2-044.png | Gait\Train\other\hy-00_2-044.png"
"DUP-0250","EEC4BAB6085237872500BBBD76B2252717F0914B959BAC0A1913F73C97AFAE30","933","3","1866","Gait Phase Classification\Gait_classified_legacy\other\ljg-00_3-034.png | Gait_classified\other\ljg-00_3-034.png | Gait\Train\other\ljg-00_3-034.png"
"DUP-0251","EF1976F45EAFD88209DF10A5ADD10DDB42307522FC823A7F154368A67307B774","924","3","1848","Gait Phase Classification\Gait_classified_legacy\other\ljg-00_2-033.png | Gait_classified\other\ljg-00_2-033.png | Gait\Train\other\ljg-00_2-033.png"
"DUP-0252","EF34E93698DB26B6F170925B906E36BA514226AE98623F9742821ADEC2D28465","806","3","1612","Gait Phase Classification\Gait_classified_legacy\other\ljg-00_2-062.png | Gait_classified\other\ljg-00_2-062.png | Gait\Train\other\ljg-00_2-062.png"
"DUP-0253","EFDCEF4273D8CE718B2959081A5BCC33E8D84ED3B46CDA08859513BDF7C9CBAB","787","3","1574","Gait Phase Classification\Gait_classified_legacy\other\fyc-00_1-020.png | Gait_classified\other\fyc-00_1-020.png | Gait\Train\other\fyc-00_1-020.png"
"DUP-0254","EFDE4A24000946D0D219E94612C77EF122942E9E0298C6BA6415566605BCC0A6","765","3","1530","Gait Phase Classification\Gait_classified_legacy\other\ljg-00_1-009.png | Gait_classified\other\ljg-00_1-009.png | Gait\Train\other\ljg-00_1-009.png"
"DUP-0255","F091EA316B3D6A7251693D2CC75F8AE11B5EC11D05E4F326A5355FA790F16929","751","3","1502","Gait Phase Classification\Gait_classified_legacy\other\ljg-00_2-010.png | Gait_classified\other\ljg-00_2-010.png | Gait\Train\other\ljg-00_2-010.png"
"DUP-0256","F0B1388394BD3FCCC66912B37FE3E0C3AE918DF56775EB3D6558D617E0DEC58A","710","3","1420","Gait Phase Classification\Gait_classified_legacy\other\hy-00_1-057.png | Gait_classified\other\hy-00_1-057.png | Gait\Train\other\hy-00_1-057.png"
"DUP-0257","F13457A5664AC57D74CAF2D39A78DB23F6C8E7690867989B118B65D679F67B65","816","3","1632","Gait Phase Classification\Gait_classified_legacy\other\ljg-00_2-051.png | Gait_classified\other\ljg-00_2-051.png | Gait\Train\other\ljg-00_2-051.png"
"DUP-0258","F18DD17F4AF272390740ED2B7218182C90DAA3A61CB9574D1ED4A65F4354FE36","739","3","1478","Gait Phase Classification\Gait_classified_legacy\other\hy-00_4-015.png | Gait_classified\other\hy-00_4-015.png | Gait\Train\other\hy-00_4-015.png"
"DUP-0259","F1DD005D9087DD0D72F00B34C5438D89213DBC35668C92520DC210B7C9DB1E07","921","3","1842","Gait Phase Classification\Gait_classified_legacy\other\ljg-00_1-024.png | Gait_classified\other\ljg-00_1-024.png | Gait\Train\other\ljg-00_1-024.png"
"DUP-0260","F1FE05DD14C26AB252CFD97E7B545863F4DCC55C7B02E12477ED1DA55759345C","733","3","1466","Gait Phase Classification\Gait_classified_legacy\other\fyc-00_2-061.png | Gait_classified\other\fyc-00_2-061.png | Gait\Train\other\fyc-00_2-061.png"
"DUP-0261","F28C5756823BF7E2C70BD0D0644459BBCCAD3801B16BC5A1AB7D94856B0D27FD","697","3","1394","Gait Phase Classification\Gait_classified_legacy\other\hy-00_3-058.png | Gait_classified\other\hy-00_3-058.png | Gait\Train\other\hy-00_3-058.png"
"DUP-0262","F2A2E01D73F4B686C390E1716DFCECC15590DCE3498DDF31D5D31A9D411B40AE","634","3","1268","Gait Phase Classification\Gait_classified_legacy\other\fyc-00_3-065.png | Gait_classified\other\fyc-00_3-065.png | Gait\Train\other\fyc-00_3-065.png"
"DUP-0263","F2C06534E6DA17BCACAFAC662A0B98C9A511938B30DFB97E0A35343E2EBF6E15","820","3","1640","Gait Phase Classification\Gait_classified_legacy\other\ljg-00_2-015.png | Gait_classified\other\ljg-00_2-015.png | Gait\Train\other\ljg-00_2-015.png"
"DUP-0264","F36957CFF9B907E7E4CA06EB718B973FF17EB97F5483BADE364C84C8421197C6","668","3","1336","Gait Phase Classification\Gait_classified_legacy\other\hy-00_2-065.png | Gait_classified\other\hy-00_2-065.png | Gait\Train\other\hy-00_2-065.png"
"DUP-0265","F3E2944727A820E3C83AD3F153D4DFED6EBD909FE59DC43D2EE446864FA578D1","676","3","1352","Gait Phase Classification\Gait_classified_legacy\other\hy-00_4-052.png | Gait_classified\other\hy-00_4-052.png | Gait\Train\other\hy-00_4-052.png"
"DUP-0266","F43214BEED44ECD74251303D685971A5CFDD6C5188E60F8E389C0D0C5A43567D","735","3","1470","Gait Phase Classification\Gait_classified_legacy\other\fyc-00_2-044.png | Gait_classified\other\fyc-00_2-044.png | Gait\Train\other\fyc-00_2-044.png"
"DUP-0267","F4545D5A959DD1C61114AD57BCE7DF59491B4AEBB70AE4D8832D5814CDA17EA7","746","3","1492","Gait Phase Classification\Gait_classified_legacy\other\fyc-00_4-052.png | Gait_classified\other\fyc-00_4-052.png | Gait\Train\other\fyc-00_4-052.png"
"DUP-0268","D6DFC8AC9FB19E87B3DC5A204279EBEFE8E27298863BE64D96EEA0CDF58FEC73","772","3","1544","Gait Phase Classification\Gait_classified_legacy\heel_strike\fyc-00_4-001.png | Gait_classified\heel_strike\fyc-00_4-001.png | Gait\Test\Heal_Strike\fyc-00_4-001.png"
"DUP-0269","D6C4E3C3588DBDE0DEC46089A049CDA0F0657FC17C7044A12C6FE27C6458C306","761","3","1522","Gait Phase Classification\Gait_classified_legacy\other\fyc-00_3-023.png | Gait_classified\other\fyc-00_3-023.png | Gait\Train\other\fyc-00_3-023.png"
"DUP-0270","D681A8971629FD5A3E49A74A5C7A0AA174FB5AF76A4F3E426A8B1F3BE87E9BB6","814","3","1628","Gait Phase Classification\Gait_classified_legacy\heel_strike\ljg-00_4-057.png | Gait_classified\heel_strike\ljg-00_4-057.png | Gait\Train\heel_strike\ljg-00_4-057.png"
"DUP-0271","D67CFF8CB3C99F3064BE7B325B1FDAA9B4AFC264C5F01B1EBC7280F2C5F5FB99","806","3","1612","Gait Phase Classification\Gait_classified_legacy\other\fyc-00_1-043.png | Gait_classified\other\fyc-00_1-043.png | Gait\Train\other\fyc-00_1-043.png"
"DUP-0272","C22D40DECECAB26A06B44A3E5E539A7CAE6461B58DA210E9BD80BB8880FC8B08","741","3","1482","Gait Phase Classification\Gait_classified_legacy\other\fyc-00_3-058.png | Gait_classified\other\fyc-00_3-058.png | Gait\Train\other\fyc-00_3-058.png"
"DUP-0273","C2EF5062AE55C03221FC211E601A448C15BD91021F0479C0DDDE8FF2D031DA9A","829","3","1658","Gait Phase Classification\Gait_classified_legacy\heel_strike\ljg-00_3-017.png | Gait_classified\heel_strike\ljg-00_3-017.png | Gait\Train\heel_strike\ljg-00_3-017.png"
"DUP-0274","C325727AD9864408B24DF4D763012CCDB19FB937280ABDCEA47C76053F65518B","922","3","1844","Gait Phase Classification\Gait_classified_legacy\heel_strike\ljg-00_2-017.png | Gait_classified\heel_strike\ljg-00_2-017.png | Gait\Train\heel_strike\ljg-00_2-017.png"
"DUP-0275","C39B8CBE8DAC62666FE47E57515AB3D3ED1D40D1795428667599EE8EBF608FFE","757","3","1514","Gait Phase Classification\Gait_classified_legacy\other\fyc-00_1-022.png | Gait_classified\other\fyc-00_1-022.png | Gait\Train\other\fyc-00_1-022.png"
"DUP-0276","C451025B1DBCB9579A4F572DC3BEFA9FB2E0B8E06CA5A77D4BBADD31919E0F75","892","3","1784","Gait Phase Classification\Gait_classified_legacy\other\ljg-00_2-004.png | Gait_classified\other\ljg-00_2-004.png | Gait\Train\other\ljg-00_2-004.png"
"DUP-0277","C471A1FA4CD82702FE54E6BECDD8120715B8BD838D4C181E79FCCAA89F98B6F1","702","3","1404","Gait Phase Classification\Gait_classified_legacy\other\fyc-00_1-050.png | Gait_classified\other\fyc-00_1-050.png | Gait\Train\other\fyc-00_1-050.png"
"DUP-0278","C4753CC1CE7D3639AE0B21469A119D19376EC060D350E8B34269CD29B4712A77","959","3","1918","Gait Phase Classification\Gait_classified_legacy\heel_strike\lqf-00_1-010.png | Gait_classified\heel_strike\lqf-00_1-010.png | Gait\Train\heel_strike\lqf-00_1-010.png"
"DUP-0279","C4C5EBBB275BD647551A3EF2407F350941EE499E1889CCEE7EBFFF2746422183","732","3","1464","Gait Phase Classification\Gait_classified_legacy\other\ljg-00_1-064.png | Gait_classified\other\ljg-00_1-064.png | Gait\Train\other\ljg-00_1-064.png"
"DUP-0280","C13180EA27B5CAC0A986CF6CDC34C2D5CFC19E6D316AF38554413107265EA287","660","3","1320","Gait Phase Classification\Gait_classified_legacy\other\ljg-00_2-055.png | Gait_classified\other\ljg-00_2-055.png | Gait\Train\other\ljg-00_2-055.png"
"DUP-0281","C539060C4A99D23FE4E9406C331D83A076EC36370B2133AA315F21BD980CF177","698","3","1396","Gait Phase Classification\Gait_classified_legacy\other\hy-00_2-055.png | Gait_classified\other\hy-00_2-055.png | Gait\Train\other\hy-00_2-055.png"
"DUP-0282","C5BBC3F479771B41D06143B3B266AB7F076EE5B230A85E272AAC3B8F7AD0A806","752","3","1504","Gait Phase Classification\Gait_classified_legacy\other\hy-00_4-049.png | Gait_classified\other\hy-00_4-049.png | Gait\Train\other\hy-00_4-049.png"
"DUP-0283","C6682A08B14EBFCE9DF48E897C40D485CBED1078031971C84E7BC095A8BADD7B","753","3","1506","Gait Phase Classification\Gait_classified_legacy\other\fyc-00_3-007.png | Gait_classified\other\fyc-00_3-007.png | Gait\Train\other\fyc-00_3-007.png"
"DUP-0284","C6ACB701C7F4E43877DCC157043D20FA4B03302C93366683460158AEAF55CE65","874","3","1748","Gait Phase Classification\Gait_classified_legacy\other\hy-00_4-043.png | Gait_classified\other\hy-00_4-043.png | Gait\Train\other\hy-00_4-043.png"
"DUP-0285","C6C8F1BCFF0927E50AF84D903945A92C2985143A13A90374738386F792A0DDD0","823","3","1646","Gait Phase Classification\Gait_classified_legacy\other\hy-00_3-059.png | Gait_classified\other\hy-00_3-059.png | Gait\Train\other\hy-00_3-059.png"
"DUP-0286","C706E4E81959C88170D141B0E5D542BC0EA8FB492DDAD8DBFFF6E66911916A16","672","3","1344","Gait Phase Classification\Gait_classified_legacy\other\hy-00_4-062.png | Gait_classified\other\hy-00_4-062.png | Gait\Train\other\hy-00_4-062.png"
"DUP-0287","C73FDD7AD75D719C38A5EE5F4D3A02395AEEE5BC50FE29EB9726823E1641B8CA","598","3","1196","Gait Phase Classification\Gait_classified_legacy\other\fyc-00_4-061.png | Gait_classified\other\fyc-00_4-061.png | Gait\Train\other\fyc-00_4-061.png"
"DUP-0288","C7D7A90D28C64E43A36CE61F2CE16E1A8860DE43D1B3CEBD1BD237CE6A4D1DFE","639","3","1278","Gait Phase Classification\Gait_classified_legacy\other\fyc-00_2-070.png | Gait_classified\other\fyc-00_2-070.png | Gait\Train\other\fyc-00_2-070.png"
"DUP-0289","C8161D6602D8D2823386B683E0E65CACC3977AB6639DEABBBBCCE723EDF87C12","770","3","1540","Gait Phase Classification\Gait_classified_legacy\other\hy-00_4-048.png | Gait_classified\other\hy-00_4-048.png | Gait\Train\other\hy-00_4-048.png"
"DUP-0290","C5A98E3111DA58843F2D8A7C2C0B60F0EA9FF11657B47EA5244D8B11EE24058D","803","3","1606","Gait Phase Classification\Gait_classified_legacy\other\hy-00_4-041.png | Gait_classified\other\hy-00_4-041.png | Gait\Train\other\hy-00_4-041.png"
"DUP-0291","C1272E79E6558BDFBB679DCEC233989E00A4B00388AE441457F68138A1870FC7","792","3","1584","Gait Phase Classification\Gait_classified_legacy\other\fyc-00_3-044.png | Gait_classified\other\fyc-00_3-044.png | Gait\Train\other\fyc-00_3-044.png"
"DUP-0292","C0E3E805FE1B924A7F79B61E44B5FD7329553D4AA804CDCD1CF9E53B68DF0076","887","3","1774","Gait Phase Classification\Gait_classified_legacy\other\hy-00_2-048.png | Gait_classified\other\hy-00_2-048.png | Gait\Train\other\hy-00_2-048.png"
"DUP-0293","C08BDE958333E6D4E50B747765DC9F54AFCA2257254ECDD378E3666A43A42F92","693","3","1386","Gait Phase Classification\Gait_classified_legacy\other\fyc-00_2-067.png | Gait_classified\other\fyc-00_2-067.png | Gait\Train\other\fyc-00_2-067.png"
"DUP-0294","BC735CA3EC4625D3D9E32F4FE15318338B469414A4EC6EE07D34A6E9B7F42DB2","809","3","1618","Gait Phase Classification\Gait_classified_legacy\other\hy-00_1-024.png | Gait_classified\other\hy-00_1-024.png | Gait\Train\other\hy-00_1-024.png"
"DUP-0295","BCBF187D33AB4B680B0183BEF1F406205933BD4C2C7C6C1E409C6E20E7DCAEF6","764","3","1528","Gait Phase Classification\Gait_classified_legacy\other\ljg-00_1-003.png | Gait_classified\other\ljg-00_1-003.png | Gait\Train\other\ljg-00_1-003.png"
"DUP-0296","BCCADD39E64F2DB6BC3056270831F0ED04341F95F83D158510A30E61B560B094","772","3","1544","Gait Phase Classification\Gait_classified_legacy\other\ljg-00_1-034.png | Gait_classified\other\ljg-00_1-034.png | Gait\Train\other\ljg-00_1-034.png"
"DUP-0297","BD0DFAED0BC46A7C0DBBA0C8A372913629609FC70544B666D228E48214FD765B","804","3","1608","Gait Phase Classification\Gait_classified_legacy\other\ljg-00_2-014.png | Gait_classified\other\ljg-00_2-014.png | Gait\Train\other\ljg-00_2-014.png"
"DUP-0298","BD1E83FD9F6F4DBAD1E0AA9001186EB6CF0566D26F305C3B4480F89410525850","746","3","1492","Gait Phase Classification\Gait_classified_legacy\heel_strike\fyc-00_3-021.png | Gait_classified\heel_strike\fyc-00_3-021.png | Gait\Test\Heal_Strike\fyc-00_3-021.png"
"DUP-0299","BD91A2CB965ED5A24DC8555439E48D769FB6D4FAF75EEF5F94C95438A5BFAEE0","697","3","1394","Gait Phase Classification\Gait_classified_legacy\other\fyc-00_4-036.png | Gait_classified\other\fyc-00_4-036.png | Gait\Train\other\fyc-00_4-036.png"
"DUP-0300","BD9785E583C09CF66C5D0D42AB9BAED14961816DDBF4EC88E981E3F8BCB49FB8","841","3","1682","Gait Phase Classification\Gait_classified_legacy\other\ljg-00_1-012.png | Gait_classified\other\ljg-00_1-012.png | Gait\Train\other\ljg-00_1-012.png"
"DUP-0301","BE5CB3240F0DDCD5553341A71C5A76D71766DBDEB9CE96C799F55155C38AB753","721","3","1442","Gait Phase Classification\Gait_classified_legacy\other\ljg-00_3-001.png | Gait_classified\other\ljg-00_3-001.png | Gait\Train\other\ljg-00_3-001.png"
"DUP-0302","BEC3F67D6A56C07F0281D1813F81116EFD79F33CC6A57EE497AF43432FAA8DB5","974","3","1948","Gait Phase Classification\Gait_classified_legacy\heel_strike\lqf-00_1-022.png | Gait_classified\heel_strike\lqf-00_1-022.png | Gait\Train\heel_strike\lqf-00_1-022.png"
"DUP-0303","BEDE33EAD3E9CFEE7C871FEFC0AA9DB457C135B43516A47627CB8D17BFE7660D","742","3","1484","Gait Phase Classification\Gait_classified_legacy\other\fyc-00_1-049.png | Gait_classified\other\fyc-00_1-049.png | Gait\Train\other\fyc-00_1-049.png"
"DUP-0304","BEF19FA67FA18FEEFA0C34530D3C2232438F5E2A5D1B85F46C3E35B25B669E9F","881","3","1762","Gait Phase Classification\Gait_classified_legacy\other\hy-00_2-045.png | Gait_classified\other\hy-00_2-045.png | Gait\Train\other\hy-00_2-045.png"
"DUP-0305","BEF60EDF9E10249C99725B90427267030E1E5707A72A47E5002369C5830B26DB","783","3","1566","Gait Phase Classification\Gait_classified_legacy\other\ljg-00_1-001.png | Gait_classified\other\ljg-00_1-001.png | Gait\Train\other\ljg-00_1-001.png"
"DUP-0306","BF282EC1BBA996AB13F4A49DF376E2454BAB8817751EAF6D611389F027F14C81","880","3","1760","Gait Phase Classification\Gait_classified_legacy\other\ljg-00_1-037.png | Gait_classified\other\ljg-00_1-037.png | Gait\Train\other\ljg-00_1-037.png"
"DUP-0307","BF3F4C99DF22A1D5FF9EC3885DE5594B680B82E592786BD368AA79E7B9E7D312","686","3","1372","Gait Phase Classification\Gait_classified_legacy\other\fyc-00_2-003.png | Gait_classified\other\fyc-00_2-003.png | Gait\Train\other\fyc-00_2-003.png"
"DUP-0308","BF6A73F9755D33026F004CF91A7D9A2C984F2884A5AB87A7648A28EFDE96E1FD","839","3","1678","Gait Phase Classification\Gait_classified_legacy\other\fyc-00_2-035.png | Gait_classified\other\fyc-00_2-035.png | Gait\Train\other\fyc-00_2-035.png"
"DUP-0309","BFC9EBC1727FC03B9DC7637B2235F81E0D13AC05AF5D6F98801A9BC94257D49E","662","3","1324","Gait Phase Classification\Gait_classified_legacy\other\hy-00_1-009.png | Gait_classified\other\hy-00_1-009.png | Gait\Train\other\hy-00_1-009.png"
"DUP-0310","C051997CB5F9E5E752244A7D15905C0B8E7FB9F0A02842F38D7014CAF3CA6B47","794","3","1588","Gait Phase Classification\Gait_classified_legacy\other\hy-00_2-043.png | Gait_classified\other\hy-00_2-043.png | Gait\Train\other\hy-00_2-043.png"
"DUP-0311","C05C3C179327F9F6A7B2CE43C455F650D96D6EDC3398A6DF16E9E6EEA41B9F45","611","3","1222","Gait Phase Classification\Gait_classified_legacy\other\fyc-00_2-018.png | Gait_classified\other\fyc-00_2-018.png | Gait\Train\other\fyc-00_2-018.png"
"DUP-0312","C08AC169D947515A0A3A1A8E1BA8EB607921C48224F9E53E41D46933A34F9CFC","726","3","1452","Gait Phase Classification\Gait_classified_legacy\other\fyc-00_3-011.png | Gait_classified\other\fyc-00_3-011.png | Gait\Train\other\fyc-00_3-011.png"
"DUP-0313","C8852CC0C2E7117B737603FD6B6F4986D134233BF40525BB7F1C3799DC3E3298","645","3","1290","Gait Phase Classification\Gait_classified_legacy\other\hy-00_4-013.png | Gait_classified\other\hy-00_4-013.png | Gait\Train\other\hy-00_4-013.png"
"DUP-0314","BBD9675D7B6FD49DEA9F364FF4F3E1ECF94251DB1B2349316DAC87E8FB23EE94","679","3","1358","Gait Phase Classification\Gait_classified_legacy\other\fyc-00_1-051.png | Gait_classified\other\fyc-00_1-051.png | Gait\Train\other\fyc-00_1-051.png"
"DUP-0315","C88D806A5941F2143083A3B49A60F87FDB8B53CF463EAE8B76BA39CBF9EC703D","849","3","1698","Gait Phase Classification\Gait_classified_legacy\other\hy-00_4-017.png | Gait_classified\other\hy-00_4-017.png | Gait\Train\other\hy-00_4-017.png"
"DUP-0316","C90F0F74D363F2D06A2ECF0552BAB69E48C08B5491DFB082663902DFD0071AEB","735","3","1470","Gait Phase Classification\Gait_classified_legacy\other\fyc-00_3-050.png | Gait_classified\other\fyc-00_3-050.png | Gait\Train\other\fyc-00_3-050.png"
"DUP-0317","D239461204AE56AB1F463065D3EE1E7AFF5547FD07117265C0CBF0FE19E76C88","795","3","1590","Gait Phase Classification\Gait_classified_legacy\heel_strike\fyc-00_3-046.png | Gait_classified\heel_strike\fyc-00_3-046.png | Gait\Test\Heal_Strike\fyc-00_3-046.png"
"DUP-0318","D25F7F178C20A2F885BE2098B69DEBCD565386206272BD93D6E936551E43B434","680","3","1360","Gait Phase Classification\Gait_classified_legacy\other\fyc-00_3-041.png | Gait_classified\other\fyc-00_3-041.png | Gait\Train\other\fyc-00_3-041.png"
"DUP-0319","D296A82B1A1D97E2DF4A02ADA50B08A267291672B8E309BFF21B1617F00DA490","808","3","1616","Gait Phase Classification\Gait_classified_legacy\other\fyc-00_4-038.png | Gait_classified\other\fyc-00_4-038.png | Gait\Train\other\fyc-00_4-038.png"
"DUP-0320","D2BD496F92CD94BBD4CFC0A55DEFAD97CA42CE9A3DAF1F015F30579B78C96128","923","3","1846","Gait Phase Classification\Gait_classified_legacy\heel_strike\hy-00_3-036.png | Gait_classified\heel_strike\hy-00_3-036.png | Gait\Train\heel_strike\hy-00_3-036.png"
"DUP-0321","D2E16E706070C618F12360A0A03D9EAD699B076871D159BD87E632C7F757F354","791","3","1582","Gait Phase Classification\Gait_classified_legacy\other\hy-00_4-008.png | Gait_classified\other\hy-00_4-008.png | Gait\Train\other\hy-00_4-008.png"
"DUP-0322","D2F0308557F87749CAEEA897476D30F5AFE6E5235493FB760B8421794E0C6516","841","3","1682","Gait Phase Classification\Gait_classified_legacy\heel_strike\fyc-00_4-027.png | Gait_classified\heel_strike\fyc-00_4-027.png | Gait\Test\Heal_Strike\fyc-00_4-027.png"
"DUP-0323","D393F20AC51A844BF5F11C7FD39AE23A88BEDC1CF9F9ADD8AF6D8537409B9CD6","616","3","1232","Gait Phase Classification\Gait_classified_legacy\other\fyc-00_3-054.png | Gait_classified\other\fyc-00_3-054.png | Gait\Train\other\fyc-00_3-054.png"
"DUP-0324","D3A89678A81FC0B99A3BC5CE82F51BABC59FBA431230CDC8695A079F73E492DC","923","3","1846","Gait Phase Classification\Gait_classified_legacy\other\ljg-00_1-042.png | Gait_classified\other\ljg-00_1-042.png | Gait\Train\other\ljg-00_1-042.png"
"DUP-0325","D22E36BF1260E9C22C2C399AA806BEEA9D77D09E4100445E65257CE392866475","812","3","1624","Gait Phase Classification\Gait_classified_legacy\other\hy-00_4-028.png | Gait_classified\other\hy-00_4-028.png | Gait\Train\other\hy-00_4-028.png"
"DUP-0326","D3CF5EBFC070DF54813A1A3C316B635BE0D389E7A6626C2EA73CA21B2F3C9708","755","3","1510","Gait Phase Classification\Gait_classified_legacy\other\ljg-00_2-009.png | Gait_classified\other\ljg-00_2-009.png | Gait\Train\other\ljg-00_2-009.png"
"DUP-0327","D4551FB695A28692A4F720E5CC209387A6D8C8D09662991D9BBAE88C2C777905","947","3","1894","Gait Phase Classification\Gait_classified_legacy\heel_strike\ljg-00_1-041.png | Gait_classified\heel_strike\ljg-00_1-041.png | Gait\Train\heel_strike\ljg-00_1-041.png"
"DUP-0328","D482B47BBC16F478C2CF35980F08370BC343EB701415E13D35DFF60C9A20EAC6","656","3","1312","Gait Phase Classification\Gait_classified_legacy\other\hy-00_2-053.png | Gait_classified\other\hy-00_2-053.png | Gait\Train\other\hy-00_2-053.png"
"DUP-0329","D493006B0E92615906A027FCBFEE1785588D45F2DAB9C2C9199F494EBBEB5B04","745","3","1490","Gait Phase Classification\Gait_classified_legacy\other\fyc-00_4-045.png | Gait_classified\other\fyc-00_4-045.png | Gait\Train\other\fyc-00_4-045.png"
"DUP-0330","D4CF57E0187FFAF8ACB836047DEA66B06308AF555850F3376A38269B722A1451","954","3","1908","Gait Phase Classification\Gait_classified_legacy\heel_strike\ljg-00_2-046.png | Gait_classified\heel_strike\ljg-00_2-046.png | Gait\Train\heel_strike\ljg-00_2-046.png"
"DUP-0331","D50F2B2B920AD8E4AB32E833E5A6A10149CC30042193AD932CA25E3A3FD98DC7","785","3","1570","Gait Phase Classification\Gait_classified_legacy\other\fyc-00_4-025.png | Gait_classified\other\fyc-00_4-025.png | Gait\Train\other\fyc-00_4-025.png"
"DUP-0332","D53D6F4013E5B23E5C1E0514376D6C7C1252E37DB88E5E44C14D9D6776CA45BA","748","3","1496","Gait Phase Classification\Gait_classified_legacy\other\hy-00_2-039.png | Gait_classified\other\hy-00_2-039.png | Gait\Train\other\hy-00_2-039.png"
"DUP-0333","D55663B5A5FEC87E0F87BDEF2C621CA43845B690E1E1C1400337BF1FFAA9B49A","777","3","1554","Gait Phase Classification\Gait_classified_legacy\other\hy-00_2-058.png | Gait_classified\other\hy-00_2-058.png | Gait\Train\other\hy-00_2-058.png"
"DUP-0334","D5C00ADD43DE094DACEA5D6E5509FDD185FBC550A8251C4DAB1FEC5142B136FE","698","3","1396","Gait Phase Classification\Gait_classified_legacy\other\ljg-00_2-054.png | Gait_classified\other\ljg-00_2-054.png | Gait\Train\other\ljg-00_2-054.png"
"DUP-0335","D40075DDDBCF043676CED603D81AD29F69A3922C2CB29B39D61880ED508E5A5B","821","3","1642","Gait Phase Classification\Gait_classified_legacy\other\ljg-00_2-040.png | Gait_classified\other\ljg-00_2-040.png | Gait\Train\other\ljg-00_2-040.png"
"DUP-0336","D1787994B162B24DC30A083FF4EC81608A10EBAA13A3901C986D10A031136583","937","3","1874","Gait Phase Classification\Gait_classified_legacy\heel_strike\ljg-00_4-044.png | Gait_classified\heel_strike\ljg-00_4-044.png | Gait\Train\heel_strike\ljg-00_4-044.png"
"DUP-0337","D13CA69774F1E911422EC51EDAE775E4B6BDE578F7CA9CD9D4A263CADDD932D0","835","3","1670","Gait Phase Classification\Gait_classified_legacy\heel_strike\hy-00_3-011.png | Gait_classified\heel_strike\hy-00_3-011.png | Gait\Train\heel_strike\hy-00_3-011.png"
"DUP-0338","D111FAA94C02E61EF722FE53B62C8FB8DC470A3879E2B30B77F0708DAEEDCACA","651","3","1302","Gait Phase Classification\Gait_classified_legacy\other\hy-00_1-046.png | Gait_classified\other\hy-00_1-046.png | Gait\Train\other\hy-00_1-046.png"
"DUP-0339","C9380DE3C188FBA32698AB1E1B5C63BD32F06F0726210A346E127680817A76AF","721","3","1442","Gait Phase Classification\Gait_classified_legacy\other\fyc-00_1-074.png | Gait_classified\other\fyc-00_1-074.png | Gait\Train\other\fyc-00_1-074.png"
"DUP-0340","C962361D4CDE8A73D6BE6AFA024E52AFB4C56E73D82062A1C69D7251D50D2215","917","3","1834","Gait Phase Classification\Gait_classified_legacy\heel_strike\ljg-00_4-002.png | Gait_classified\heel_strike\ljg-00_4-002.png | Gait\Train\heel_strike\ljg-00_4-002.png"
"DUP-0341","CA41F55A8E0CB57BA6C242336A5C3B7B626A0BF825C39ED66F5BB94A6ED479D9","716","3","1432","Gait Phase Classification\Gait_classified_legacy\other\ljg-00_2-011.png | Gait_classified\other\ljg-00_2-011.png | Gait\Train\other\ljg-00_2-011.png"
"DUP-0342","CA6F0141663C9734E9E6888768C2478F01733A1F2A624B33373AF466B99D8AC6","855","3","1710","Gait Phase Classification\Gait_classified_legacy\other\hy-00_4-029.png | Gait_classified\other\hy-00_4-029.png | Gait\Train\other\hy-00_4-029.png"
"DUP-0343","CA7A398695957CC736A1AFB94C175F816655501AF3F6495EAC10DB0599D59D30","808","3","1616","Gait Phase Classification\Gait_classified_legacy\other\hy-00_1-051.png | Gait_classified\other\hy-00_1-051.png | Gait\Train\other\hy-00_1-051.png"
"DUP-0344","CA85C58BA4C401E3F01971C88993EEAB5E1B133715D9D1F3929F5F3CED839053","680","3","1360","Gait Phase Classification\Gait_classified_legacy\other\fyc-00_1-054.png | Gait_classified\other\fyc-00_1-054.png | Gait\Train\other\fyc-00_1-054.png"
"DUP-0345","CAC319386697B574949882EAF9361655775EAECE1A55CCDF8CF42D4CD4D3D666","779","3","1558","Gait Phase Classification\Gait_classified_legacy\other\fyc-00_2-028.png | Gait_classified\other\fyc-00_2-028.png | Gait\Train\other\fyc-00_2-028.png"
"DUP-0346","CAFF768476BD7DFF8145462682EC17A523E09F4FBDA425755E644626D5541EC4","750","3","1500","Gait Phase Classification\Gait_classified_legacy\other\hy-00_3-046.png | Gait_classified\other\hy-00_3-046.png | Gait\Train\other\hy-00_3-046.png"
"DUP-0347","CB041062E89057D7FC0B08E7C90A4FA7B68E73275AE3743AE09E35CA47F1D228","755","3","1510","Gait Phase Classification\Gait_classified_legacy\other\ljg-00_1-059.png | Gait_classified\other\ljg-00_1-059.png | Gait\Train\other\ljg-00_1-059.png"
"DUP-0348","CB11A2BD42AC2BADAD0CD62C368B2D2453984216BCC29CF9108C349488B9B225","846","3","1692","Gait Phase Classification\Gait_classified_legacy\other\fyc-00_1-044.png | Gait_classified\other\fyc-00_1-044.png | Gait\Train\other\fyc-00_1-044.png"
"DUP-0349","CB321ECBFFBFD0E7C0BE1A6E62A570AEDA4C2EDFE8045B30F4E77729DD549D7C","765","3","1530","Gait Phase Classification\Gait_classified_legacy\other\fyc-00_4-067.png | Gait_classified\other\fyc-00_4-067.png | Gait\Train\other\fyc-00_4-067.png"
"DUP-0350","CBE0B082A691D6924D85F4DA119E8667CBB2EBCA4CD3EC05D754B18581F9B2C5","730","3","1460","Gait Phase Classification\Gait_classified_legacy\other\fyc-00_1-073.png | Gait_classified\other\fyc-00_1-073.png | Gait\Train\other\fyc-00_1-073.png"
"DUP-0351","CBEF7D9A952B3F81ECEA54E01F37710C82F54C3EF870F9BCE5EC1BD5D22E0454","769","3","1538","Gait Phase Classification\Gait_classified_legacy\other\fyc-00_1-016.png | Gait_classified\other\fyc-00_1-016.png | Gait\Train\other\fyc-00_1-016.png"
"DUP-0352","CCBA772912D96205117EA8AA2AE83E23B461C6AAD6309B26C9CF6F1E0D9546B0","661","3","1322","Gait Phase Classification\Gait_classified_legacy\other\hy-00_2-002.png | Gait_classified\other\hy-00_2-002.png | Gait\Train\other\hy-00_2-002.png"
"DUP-0353","CCEEE6BAAE2BE9DEA825E7DF6FEA63F493DA9E60B50C6EFC63FC6BE509BB7DFF","860","3","1720","Gait Phase Classification\Gait_classified_legacy\other\fyc-00_4-028.png | Gait_classified\other\fyc-00_4-028.png | Gait\Train\other\fyc-00_4-028.png"
"DUP-0354","CED0E7B2DAAD5F1DA170D75A6DD8B16E2A7FE764D3992AC191A5530B65EAB529","649","3","1298","Gait Phase Classification\Gait_classified_legacy\other\fyc-00_4-048.png | Gait_classified\other\fyc-00_4-048.png | Gait\Train\other\fyc-00_4-048.png"
"DUP-0355","CF634648EF90402AEEB2771DEA32296148E1261E1DD9F88256C1B66686BB83CA","872","3","1744","Gait Phase Classification\Gait_classified_legacy\heel_strike\hy-00_2-035.png | Gait_classified\heel_strike\hy-00_2-035.png | Gait\Train\heel_strike\hy-00_2-035.png"
"DUP-0356","CF6C8B2F43689EA67737E95FE95364CD67870BE675A288CB736126D3CB80953A","662","3","1324","Gait Phase Classification\Gait_classified_legacy\other\fyc-00_1-010.png | Gait_classified\other\fyc-00_1-010.png | Gait\Train\other\fyc-00_1-010.png"
"DUP-0357","D061C59A3F084F0DA30ACDC7036B69065D3C18E4BD1B995C706F702430C5E3F3","881","3","1762","Gait Phase Classification\Gait_classified_legacy\other\hy-00_3-027.png | Gait_classified\other\hy-00_3-027.png | Gait\Train\other\hy-00_3-027.png"
"DUP-0358","C8CB6F20322E008B666762C5D2DCE03411BC144647E2FBC27BCCF39976A41C25","731","3","1462","Gait Phase Classification\Gait_classified_legacy\other\ljg-00_2-066.png | Gait_classified\other\ljg-00_2-066.png | Gait\Train\other\ljg-00_2-066.png"
"DUP-0359","6A1038507703D5B1860D7378C2D4E44C28E9D90D35886818407606A0D9EFF131","675","3","1350","Gait Phase Classification\Gait_classified_legacy\other\hy-00_3-054.png | Gait_classified\other\hy-00_3-054.png | Gait\Train\other\hy-00_3-054.png"
"DUP-0360","807E0E5C04CC0B42A1F0EDBC4F7B1EE69DEFE97426848CF073A2BB7B9CC61620","716","3","1432","Gait Phase Classification\Gait_classified_legacy\other\fyc-00_2-053.png | Gait_classified\other\fyc-00_2-053.png | Gait\Train\other\fyc-00_2-053.png"
"DUP-0361","361672F15ECB2199A56790D6CB7427D8C83E7DF31596D0FE55E8044F6AFA47E9","813","3","1626","Gait Phase Classification\Gait_classified_legacy\other\ljg-00_3-022.png | Gait_classified\other\ljg-00_3-022.png | Gait\Train\other\ljg-00_3-022.png"
"DUP-0362","30068FEC0800FD65444F239D85CF7558BEC426BE22E1FEE81205E1F4E7E1DF26","648","3","1296","Gait Phase Classification\Gait_classified_legacy\other\fyc-00_2-016.png | Gait_classified\other\fyc-00_2-016.png | Gait\Train\other\fyc-00_2-016.png"
"DUP-0363","30B174291A8DF04AE900FBE26D1E5E3EDC3F5E0B193DA8DEF147AECEAAD66AB3","685","3","1370","Gait Phase Classification\Gait_classified_legacy\other\hy-00_4-060.png | Gait_classified\other\hy-00_4-060.png | Gait\Train\other\hy-00_4-060.png"
"DUP-0364","312B393AE4376D52B77298085EE11FEF27D1ADA839F9249921616238D8192C2B","689","3","1378","Gait Phase Classification\Gait_classified_legacy\other\fyc-00_1-039.png | Gait_classified\other\fyc-00_1-039.png | Gait\Train\other\fyc-00_1-039.png"
"DUP-0365","313A1470151F59FC6A068A2F103547A22695FFDEC0654234770438DBA0C43801","760","3","1520","Gait Phase Classification\Gait_classified_legacy\other\hy-00_4-055.png | Gait_classified\other\hy-00_4-055.png | Gait\Train\other\hy-00_4-055.png"
"DUP-0366","3167AE7E3B4BC19AFE3286D33E7813411AE43E7BDA51E252C3D5343824E29710","740","3","1480","Gait Phase Classification\Gait_classified_legacy\other\fyc-00_3-051.png | Gait_classified\other\fyc-00_3-051.png | Gait\Train\other\fyc-00_3-051.png"
"DUP-0367","317CEF8E06AE8DCF618D7B4EE19B39FFD99ADEBA223AC3971B052A06F818E27A","671","3","1342","Gait Phase Classification\Gait_classified_legacy\other\hy-00_3-004.png | Gait_classified\other\hy-00_3-004.png | Gait\Train\other\hy-00_3-004.png"
"DUP-0368","31881C319D78127ECAAF2362A41390990F31ED278FFC195767BFD9CB5E95320C","854","3","1708","Gait Phase Classification\Gait_classified_legacy\heel_strike\lqf-00_2-060.png | Gait_classified\heel_strike\lqf-00_2-060.png | Gait\Train\heel_strike\lqf-00_2-060.png"
"DUP-0369","3240441EAFD2D6C3D6F70954314B056148A745B46824C8A05E0C44E5DAEB3F0D","819","3","1638","Gait Phase Classification\Gait_classified_legacy\heel_strike\fyc-00_2-048.png | Gait_classified\heel_strike\fyc-00_2-048.png | Gait\Test\Heal_Strike\fyc-00_2-048.png"
"DUP-0370","325473053FE49F21D20FE353C97FE51955BC018E89AC50AE94ADB2E59BA00B0B","719","3","1438","Gait Phase Classification\Gait_classified_legacy\other\ljg-00_2-067.png | Gait_classified\other\ljg-00_2-067.png | Gait\Train\other\ljg-00_2-067.png"
"DUP-0371","3270A618B3E462C2626DECB70B236C5D56EB8C832C016E3CCE11E6E78D45DD10","885","3","1770","Gait Phase Classification\Gait_classified_legacy\other\ljg-00_2-020.png | Gait_classified\other\ljg-00_2-020.png | Gait\Train\other\ljg-00_2-020.png"
"DUP-0372","32AEB0C883A087BC4037F0C7D91BD62722B1951883554394E8F2BACE8A8F4CA4","867","3","1734","Gait Phase Classification\Gait_classified_legacy\heel_strike\ljg-00_3-018.png | Gait_classified\heel_strike\ljg-00_3-018.png | Gait\Train\heel_strike\ljg-00_3-018.png"
"DUP-0373","32E637C9303B757E6AA8C004BF6BBE604B243F4BEC88CB3492CF99021EDB589E","735","3","1470","Gait Phase Classification\Gait_classified_legacy\other\hy-00_2-056.png | Gait_classified\other\hy-00_2-056.png | Gait\Train\other\hy-00_2-056.png"
"DUP-0374","3337B2AD4F188B339A3D5E785429D05101FA76A034E7F23E93FEDE44A28F99E1","766","3","1532","Gait Phase Classification\Gait_classified_legacy\other\hy-00_2-042.png | Gait_classified\other\hy-00_2-042.png | Gait\Train\other\hy-00_2-042.png"
"DUP-0375","335375AC094AA771C98BAC53A260F128A3C61635302B31A13552003C705CAB57","749","3","1498","Gait Phase Classification\Gait_classified_legacy\other\fyc-00_1-048.png | Gait_classified\other\fyc-00_1-048.png | Gait\Train\other\fyc-00_1-048.png"
"DUP-0376","347686B062E3833D8E8D7D1F64724442D8E270E0FC8ABC69C7BF46A19196DDFA","741","3","1482","Gait Phase Classification\Gait_classified_legacy\other\fyc-00_1-057.png | Gait_classified\other\fyc-00_1-057.png | Gait\Train\other\fyc-00_1-057.png"
"DUP-0377","34C141996A8BCCA35B24DFDC9E3A74B60DA09BD035D67CDBE9A74C26AEDD0444","935","3","1870","Gait Phase Classification\Gait_classified_legacy\other\ljg-00_2-029.png | Gait_classified\other\ljg-00_2-029.png | Gait\Train\other\ljg-00_2-029.png"
"DUP-0378","34DF83A140197CC100F1CF5EF81119A192B679ABF4DAF164E57BA92C34ED2632","625","3","1250","Gait Phase Classification\Gait_classified_legacy\other\fyc-00_2-057.png | Gait_classified\other\fyc-00_2-057.png | Gait\Train\other\fyc-00_2-057.png"
"DUP-0379","2FC429069C44CCD4C21E94F1B30A73D9298CB8078575AB6FBAD4F5829E1F19B0","798","3","1596","Gait Phase Classification\Gait_classified_legacy\other\ljg-00_1-017.png | Gait_classified\other\ljg-00_1-017.png | Gait\Train\other\ljg-00_1-017.png"
"DUP-0380","2EACCBD6F33225ACCD7AC04F88A89C4F11D887DE7C896DFE883D02AC923890B2","635","3","1270","Gait Phase Classification\Gait_classified_legacy\other\hy-00_2-001.png | Gait_classified\other\hy-00_2-001.png | Gait\Train\other\hy-00_2-001.png"
"DUP-0381","2CC8067D03AAC95A1586127C08C765F7C578DB40320B8274C015B3C527C9521D","841","3","1682","Gait Phase Classification\Gait_classified_legacy\other\ljg-00_3-038.png | Gait_classified\other\ljg-00_3-038.png | Gait\Train\other\ljg-00_3-038.png"
"DUP-0382","2CB5B6CCC14DFF770FB03CD3410B490C9E502CE7BF458BB5748891FA8F914E4C","775","3","1550","Gait Phase Classification\Gait_classified_legacy\other\hy-00_3-020.png | Gait_classified\other\hy-00_3-020.png | Gait\Train\other\hy-00_3-020.png"
"DUP-0383","2427B38171FACECAD35577129CCDE6783E45CE6F14A5A2A2F261D5FE58401E36","915","3","1830","Gait_classified\other\lqf-00_3-017.png | Gait_classified\toe_off\lqf-00_3-018.png | Gait\Train\other\lqf-00_3-017.png"
"DUP-0384","243B24D37F1DB09D73FD7B1E56239C3EDDEE2B9D14AAF337C1C1AC92F64D5A8A","879","3","1758","Gait Phase Classification\Gait_classified_legacy\heel_strike\lqf-00_2-005.png | Gait_classified\heel_strike\lqf-00_2-005.png | Gait\Train\heel_strike\lqf-00_2-005.png"
"DUP-0385","254E095AD417C86E289BEE46DDC4113FBBAB52443AA6A9289705CB7DF75F001E","947","3","1894","Gait Phase Classification\Gait_classified_legacy\heel_strike\ljg-00_3-033.png | Gait_classified\heel_strike\ljg-00_3-033.png | Gait\Train\heel_strike\ljg-00_3-033.png"
"DUP-0386","25A1C41BDEF8D9F25BCE82B955D375095BFD797AE9E521121641641F73BFDA67","662","3","1324","Gait Phase Classification\Gait_classified_legacy\other\hy-00_2-064.png | Gait_classified\other\hy-00_2-064.png | Gait\Train\other\hy-00_2-064.png"
"DUP-0387","26C3C3C67DB76A33200939E5E04F1984BA5A867DBE411BA4B7B2205145ACC5FC","688","3","1376","Gait Phase Classification\Gait_classified_legacy\other\hy-00_1-008.png | Gait_classified\other\hy-00_1-008.png | Gait\Train\other\hy-00_1-008.png"
"DUP-0388","2722C6A06CCC1AA28C9F3D7E65F1EB74D866B7B9CE9F6C428B17776A9F97D559","703","3","1406","Gait Phase Classification\Gait_classified_legacy\other\fyc-00_2-059.png | Gait_classified\other\fyc-00_2-059.png | Gait\Train\other\fyc-00_2-059.png"
"DUP-0389","28A04AE4ED1DEA167C69C689B95FC442C32A810A5E5550D1E546CA1E1CD7ECCE","763","3","1526","Gait Phase Classification\Gait_classified_legacy\other\fyc-00_1-028.png | Gait_classified\other\fyc-00_1-028.png | Gait\Train\other\fyc-00_1-028.png"
"DUP-0390","28DBAD2CE5406587E9D921F2AE3B68339182A7FA86B0B0ACBA3B6B95C95A47F7","871","3","1742","Gait Phase Classification\Gait_classified_legacy\other\ljg-00_2-043.png | Gait_classified\other\ljg-00_2-043.png | Gait\Train\other\ljg-00_2-043.png"
"DUP-0391","34E1ED843E75A7438D706B0C2ADB57D5EA8AC14D7228C3C6019315A137B95473","696","3","1392","Gait Phase Classification\Gait_classified_legacy\other\fyc-00_3-001.png | Gait_classified\other\fyc-00_3-001.png | Gait\Train\other\fyc-00_3-001.png"
"DUP-0392","29EC8D428242E91210FF25C61CE105F7D327343B5C21D05CCFB8BD97FBDAC9D1","742","3","1484","Gait Phase Classification\Gait_classified_legacy\other\fyc-00_1-024.png | Gait_classified\other\fyc-00_1-024.png | Gait\Train\other\fyc-00_1-024.png"
"DUP-0393","2A9843178DB74B635EB1815BDBB31AF869EBF8E01F1BAB439EEA600FECEA2C1B","719","3","1438","Gait Phase Classification\Gait_classified_legacy\other\ljg-00_2-053.png | Gait_classified\other\ljg-00_2-053.png | Gait\Train\other\ljg-00_2-053.png"
"DUP-0394","2ABC8937AB0D214023FF05C685BCA1D17FE449EB637C9C8A246099791808840D","680","3","1360","Gait Phase Classification\Gait_classified_legacy\other\fyc-00_2-015.png | Gait_classified\other\fyc-00_2-015.png | Gait\Train\other\fyc-00_2-015.png"
"DUP-0395","2B1C44271F1BEDB95A8E3F3F660C43C2E744AD31B19117A8E113B87FF0B6F15E","769","3","1538","Gait Phase Classification\Gait_classified_legacy\other\hy-00_1-050.png | Gait_classified\other\hy-00_1-050.png | Gait\Train\other\hy-00_1-050.png"
"DUP-0396","2B27CA7B1C76AF4EEDB5B1CDF07EE3F62C5338D27E2F9B0F5BD0A888E7A454C9","940","3","1880","Gait Phase Classification\Gait_classified_legacy\heel_strike\hy-00_3-023.png | Gait_classified\heel_strike\hy-00_3-023.png | Gait\Train\heel_strike\hy-00_3-023.png"
"DUP-0397","2BF3BF104CCA9EDF871A49B2FB9000AE24A363281FF3C479A9D1C1D39E633E8A","661","3","1322","Gait Phase Classification\Gait_classified_legacy\other\hy-00_1-048.png | Gait_classified\other\hy-00_1-048.png | Gait\Train\other\hy-00_1-048.png"
"DUP-0398","2BF9E7A89F28478F0B35622B1FCC68E862A9F434D124E0F2785A168D02DFD1C5","895","3","1790","Gait Phase Classification\Gait_classified_legacy\heel_strike\lqf-00_3-063.png | Gait_classified\heel_strike\lqf-00_3-063.png | Gait\Train\heel_strike\lqf-00_3-063.png"
"DUP-0399","2C1DEFFE2C46D9795F4899A245CA3FD11BEF011FB7B549EE34DBA0A909F4B74B","771","3","1542","Gait Phase Classification\Gait_classified_legacy\other\ljg-00_3-002.png | Gait_classified\other\ljg-00_3-002.png | Gait\Train\other\ljg-00_3-002.png"
"DUP-0400","2C2AFAD16990BAD6BCCEAA325FEC858DDE82A596BB54224C5BBE5339A3EC2CD3","796","3","1592","Gait Phase Classification\Gait_classified_legacy\heel_strike\ljg-00_2-060.png | Gait_classified\heel_strike\ljg-00_2-060.png | Gait\Train\heel_strike\ljg-00_2-060.png"
"DUP-0401","2A776676B7C18F76600D365410A3DFACEA070FF1DF8098924A6DD3F7145B73A3","738","3","1476","Gait Phase Classification\Gait_classified_legacy\other\hy-00_2-040.png | Gait_classified\other\hy-00_2-040.png | Gait\Train\other\hy-00_2-040.png"
"DUP-0402","231E29BFEC02C88B67C72E15A192CFDDC804DA57AA288AC7386E25C18973E13C","704","3","1408","Gait Phase Classification\Gait_classified_legacy\other\hy-00_3-001.png | Gait_classified\other\hy-00_3-001.png | Gait\Train\other\hy-00_3-001.png"
"DUP-0403","351B4DE27B17BA3D2D258D9AFF5A85790444CEF5616E4E2BDFE1220B70E6A10F","742","3","1484","Gait Phase Classification\Gait_classified_legacy\other\fyc-00_1-075.png | Gait_classified\other\fyc-00_1-075.png | Gait\Train\other\fyc-00_1-075.png"
"DUP-0404","3608F22A144F9D0927780C2E56B8077A1FEEFE0C936B54363578C690291A39E0","725","3","1450","Gait Phase Classification\Gait_classified_legacy\other\fyc-00_4-016.png | Gait_classified\other\fyc-00_4-016.png | Gait\Train\other\fyc-00_4-016.png"
"DUP-0405","3C6A1DC71EF9988400B7079D8874AF10A3A324CA9D5751F1BEC165E3F99E4213","778","3","1556","Gait Phase Classification\Gait_classified_legacy\other\ljg-00_1-002.png | Gait_classified\other\ljg-00_1-002.png | Gait\Train\other\ljg-00_1-002.png"
"DUP-0406","3CA9FB194336E7E98EBE85D38C7191C0555BC15FD6B39DAA764FA621C519E90D","679","3","1358","Gait Phase Classification\Gait_classified_legacy\other\fyc-00_4-022.png | Gait_classified\other\fyc-00_4-022.png | Gait\Train\other\fyc-00_4-022.png"
"DUP-0407","3D1DCF00F7933212E0FDBF4D7F5178CC0E177EA990ADE3AEE52A10260BF5E06B","752","3","1504","Gait Phase Classification\Gait_classified_legacy\heel_strike\hy-00_2-059.png | Gait_classified\heel_strike\hy-00_2-059.png | Gait\Train\heel_strike\hy-00_2-059.png"
"DUP-0408","3D3A683521CA30F26A7EADD2FA56CF49381DFC9A835BC47E67EB7CBEF5264DF0","785","3","1570","Gait Phase Classification\Gait_classified_legacy\other\hy-00_4-023.png | Gait_classified\other\hy-00_4-023.png | Gait\Train\other\hy-00_4-023.png"
"DUP-0409","3D647EA3C6C3C86D65CE3E9087A74CA1671FCAD1CC34C76689BFBAC89A7687E4","647","3","1294","Gait Phase Classification\Gait_classified_legacy\other\hy-00_3-005.png | Gait_classified\other\hy-00_3-005.png | Gait\Train\other\hy-00_3-005.png"
"DUP-0410","3D656D2364A1456AD94D3F8F6908AE7C5949C310AB3C4F856881576411BA8E8B","714","3","1428","Gait Phase Classification\Gait_classified_legacy\other\fyc-00_1-002.png | Gait_classified\other\fyc-00_1-002.png | Gait\Train\other\fyc-00_1-002.png"
"DUP-0411","3D6E22742A432238D2B311CB16C4844AEFFE7F36288C7C1304A3F4B285A1A25C","807","3","1614","Gait Phase Classification\Gait_classified_legacy\other\ljg-00_3-027.png | Gait_classified\other\ljg-00_3-027.png | Gait\Train\other\ljg-00_3-027.png"
"DUP-0412","3DEBC9E38FF0E379EB16D0DE5A9C9B412BDA74A6923D86DC69E8AB24841FF9DE","798","3","1596","Gait Phase Classification\Gait_classified_legacy\other\ljg-00_3-026.png | Gait_classified\other\ljg-00_3-026.png | Gait\Train\other\ljg-00_3-026.png"
"DUP-0413","3EA503DF8B4C552BCA2E280ECF1BE7092011D3DCA180CB9077E56BDB5D8EF1AB","639","3","1278","Gait Phase Classification\Gait_classified_legacy\other\fyc-00_4-074.png | Gait_classified\other\fyc-00_4-074.png | Gait\Train\other\fyc-00_4-074.png"
"DUP-0414","3F570950357206CC1309E4AC3C5CF64BA02F4670CF78AA4C68615836301C4BE8","860","3","1720","Gait Phase Classification\Gait_classified_legacy\heel_strike\ljg-00_3-061.png | Gait_classified\heel_strike\ljg-00_3-061.png | Gait\Train\heel_strike\ljg-00_3-061.png"
"DUP-0415","41CE5540996E14A0AA4AD708945B51B137AF6802343BF43F49EF0E123A94047F","737","3","1474","Gait Phase Classification\Gait_classified_legacy\other\fyc-00_4-033.png | Gait_classified\other\fyc-00_4-033.png | Gait\Train\other\fyc-00_4-033.png"
"DUP-0416","4206BCCE9927A2BEDF49DE3B1CD89F45573A1814AD2B4EE5F738640C31C9E77D","661","3","1322","Gait Phase Classification\Gait_classified_legacy\other\hy-00_4-061.png | Gait_classified\other\hy-00_4-061.png | Gait\Train\other\hy-00_4-061.png"
"DUP-0417","42BBD52CEBC53B7B30301C399034652468CCEC0B58908656257F86AC74EA8354","948","3","1896","Gait Phase Classification\Gait_classified_legacy\other\ljg-00_2-044.png | Gait_classified\other\ljg-00_2-044.png | Gait\Train\other\ljg-00_2-044.png"
"DUP-0418","4373F12B1E3ABB811CF13E074782EEB986E92932E64D14F6098CB8C51CCBE599","857","3","1714","Gait Phase Classification\Gait_classified_legacy\other\hy-00_2-023.png | Gait_classified\other\hy-00_2-023.png | Gait\Train\other\hy-00_2-023.png"
"DUP-0419","43C53E3A8BD871EFD64754103D7EE28CF8356FED3092BD55C7BF2FA2340D072F","699","3","1398","Gait Phase Classification\Gait_classified_legacy\other\fyc-00_2-014.png | Gait_classified\other\fyc-00_2-014.png | Gait\Train\other\fyc-00_2-014.png"
"DUP-0420","440BCA6C39EF03007932B118E1B0DFC496C67C31F45555330BD7274A0BD2CDA6","771","3","1542","Gait Phase Classification\Gait_classified_legacy\other\ljg-00_2-063.png | Gait_classified\other\ljg-00_2-063.png | Gait\Train\other\ljg-00_2-063.png"
"DUP-0421","446AF8EFD73DCBA79BEFC67E6B403A8F28B458670BB51769B10EAC628980B364","643","3","1286","Gait Phase Classification\Gait_classified_legacy\other\fyc-00_3-055.png | Gait_classified\other\fyc-00_3-055.png | Gait\Train\other\fyc-00_3-055.png"
"DUP-0422","3BFA26327D8B62BACA5EA11D0D4982E12BF72D59652167049E00476DB95D0B8D","660","3","1320","Gait Phase Classification\Gait_classified_legacy\other\hy-00_4-063.png | Gait_classified\other\hy-00_4-063.png | Gait\Train\other\hy-00_4-063.png"
"DUP-0423","3B8DB7CAFFF7ABF6D475A96768CE9B38B05C04B6867CD7268C57872042125B83","796","3","1592","Gait Phase Classification\Gait_classified_legacy\other\hy-00_2-031.png | Gait_classified\other\hy-00_2-031.png | Gait\Train\other\hy-00_2-031.png"
"DUP-0424","3AB430AC61305937A865BF11CCB04839C8B8175CF8351A5A1E02FD28295DCCCA","893","3","1786","Gait Phase Classification\Gait_classified_legacy\other\ljg-00_1-028.png | Gait_classified\other\ljg-00_1-028.png | Gait\Train\other\ljg-00_1-028.png"
"DUP-0425","3AB20D03C9FDF7A26C5F7DE832EAF17F2D9AA01720460FB916BDC231785483CB","597","3","1194","Gait Phase Classification\Gait_classified_legacy\other\fyc-00_4-060.png | Gait_classified\other\fyc-00_4-060.png | Gait\Train\other\fyc-00_4-060.png"
"DUP-0426","6A02925E4D822F4FFF2BCCD4A7B6C894139AB72DDF3A35C82AB906D5068CECA9","928","3","1856","Gait Phase Classification\Gait_classified_legacy\heel_strike\ljg-00_4-017.png | Gait_classified\heel_strike\ljg-00_4-017.png | Gait\Train\heel_strike\ljg-00_4-017.png"
"DUP-0427","3644C75CED3B17A7E6864C415DDB4254E0EE38B81EA8F1132DCDBC7889709101","679","3","1358","Gait Phase Classification\Gait_classified_legacy\other\fyc-00_4-047.png | Gait_classified\other\fyc-00_4-047.png | Gait\Train\other\fyc-00_4-047.png"
"DUP-0428","36553A85B8EB08ED61344C192FBEFB3112F34186CDF54F980BB62C2C6EA9CE66","679","3","1358","Gait Phase Classification\Gait_classified_legacy\other\fyc-00_1-011.png | Gait_classified\other\fyc-00_1-011.png | Gait\Train\other\fyc-00_1-011.png"
"DUP-0429","36651AEA7C226CC90902B061B579DFD5E836723CAF1148B58E2F35BBD1EFB21B","886","3","1772","Gait Phase Classification\Gait_classified_legacy\other\ljg-00_2-048.png | Gait_classified\other\ljg-00_2-048.png | Gait\Train\other\ljg-00_2-048.png"
"DUP-0430","372A4852D7BB190F979A91D3DCE6E7CA7FB2126A9632A609B1ECE5418E98F7EA","937","3","1874","Gait Phase Classification\Gait_classified_legacy\heel_strike\ljg-00_1-026.png | Gait_classified\heel_strike\ljg-00_1-026.png | Gait\Train\heel_strike\ljg-00_1-026.png"
"DUP-0431","373D62D0C9CA372C59496F60EBC6E7EBD888D966D6E64CCC4427222124D12065","651","3","1302","Gait Phase Classification\Gait_classified_legacy\other\fyc-00_1-061.png | Gait_classified\other\fyc-00_1-061.png | Gait\Train\other\fyc-00_1-061.png"
"DUP-0432","3746CD010B74A2C47359CFDFAFF4D2F5C8CBCF99BB62634210284A606C954A01","732","3","1464","Gait Phase Classification\Gait_classified_legacy\other\fyc-00_4-068.png | Gait_classified\other\fyc-00_4-068.png | Gait\Train\other\fyc-00_4-068.png"
"DUP-0433","37A68D6676696E3DAACEA65EA43098D20AB8C51E82CBBA1D99E46511466778ED","851","3","1702","Gait Phase Classification\Gait_classified_legacy\other\ljg-00_2-003.png | Gait_classified\other\ljg-00_2-003.png | Gait\Train\other\ljg-00_2-003.png"
"DUP-0434","353E39E5B4BC4B9A05D100BF5529A8FF4C601E6D68E3F2BEC8BEDEDB81771DA7","631","3","1262","Gait Phase Classification\Gait_classified_legacy\other\hy-00_2-067.png | Gait_classified\other\hy-00_2-067.png | Gait\Train\other\hy-00_2-067.png"
"DUP-0435","37F8C416AFDA6AD34217C5CD5F30B304385C98F095336F55256C92E0E876BF2C","787","3","1574","Gait Phase Classification\Gait_classified_legacy\other\hy-00_1-036.png | Gait_classified\other\hy-00_1-036.png | Gait\Train\other\hy-00_1-036.png"
"DUP-0436","391DF731BDC7B994BDE9EF8E84EA6027C69B6B702391AF7B5435A5A8A1C0ED61","744","3","1488","Gait Phase Classification\Gait_classified_legacy\heel_strike\fyc-00_3-057.png | Gait_classified\heel_strike\fyc-00_3-057.png | Gait\Test\Heal_Strike\fyc-00_3-057.png"
"DUP-0437","39BEBAD525DCE00EE5B214E2024D72823733E63B8A7F9B23BA91C81B34BCD4BE","793","3","1586","Gait Phase Classification\Gait_classified_legacy\other\hy-00_2-037.png | Gait_classified\other\hy-00_2-037.png | Gait\Train\other\hy-00_2-037.png"
"DUP-0438","39C3BC0F2A3B9DE3C50086A251AEC4E5E6F8A6CA3CCD2BEA53B9731CF4FAC08F","791","3","1582","Gait Phase Classification\Gait_classified_legacy\other\fyc-00_2-047.png | Gait_classified\other\fyc-00_2-047.png | Gait\Train\other\fyc-00_2-047.png"
"DUP-0439","39F2D76BFFA4D77653F87FFFDC4C9F3C544F5A16A51E8C2A9236CF8BE75E5670","878","3","1756","Gait Phase Classification\Gait_classified_legacy\heel_strike\lqf-00_2-006.png | Gait_classified\heel_strike\lqf-00_2-006.png | Gait\Train\heel_strike\lqf-00_2-006.png"
"DUP-0440","3A0BB7229B8E1C8BB6DAE8936EC458A06E94C75A79FF1E8E5EEE1A4E439A75CB","817","3","1634","Gait Phase Classification\Gait_classified_legacy\other\ljg-00_2-027.png | Gait_classified\other\ljg-00_2-027.png | Gait\Train\other\ljg-00_2-027.png"
"DUP-0441","3A179133DB87751CEB5581E1E2DE28CC3F5679FD3BDFB0438816E89E1D7ADABA","711","3","1422","Gait Phase Classification\Gait_classified_legacy\other\hy-00_4-010.png | Gait_classified\other\hy-00_4-010.png | Gait\Train\other\hy-00_4-010.png"
"DUP-0442","3A26DE53E6540FD381D5D17B62645382112E820D397C4A63ADBBDF6A77694BCE","819","3","1638","Gait Phase Classification\Gait_classified_legacy\other\fyc-00_4-041.png | Gait_classified\other\fyc-00_4-041.png | Gait\Train\other\fyc-00_4-041.png"
"DUP-0443","3A43B2DF602048ECB250BF1579C8770BB55E5EE6D098DFAA25F161EC979B810D","856","3","1712","Gait Phase Classification\Gait_classified_legacy\other\ljg-00_3-030.png | Gait_classified\other\ljg-00_3-030.png | Gait\Train\other\ljg-00_3-030.png"
"DUP-0444","3839A338FD5E226666651E334BFC6D1352DBC7DABCFDDD20310ED5B521433638","597","3","1194","Gait Phase Classification\Gait_classified_legacy\other\fyc-00_4-010.png | Gait_classified\other\fyc-00_4-010.png | Gait\Train\other\fyc-00_4-010.png"
"DUP-0445","44E63EA9B43BD80E89A302E166238D45BB94054D81FA66226A29D6606956EEC0","1016","3","2032","Gait Phase Classification\Gait_classified_legacy\heel_strike\lqf-00_2-020.png | Gait_classified\heel_strike\lqf-00_2-020.png | Gait\Train\heel_strike\lqf-00_2-020.png"
"DUP-0446","225C40C1DF1F5D3A6B0386B96AA549B87069CE88B62F8CBB6C1B2B8E73D8DF40","898","3","1796","Gait Phase Classification\Gait_classified_legacy\other\hy-00_2-046.png | Gait_classified\other\hy-00_2-046.png | Gait\Train\other\hy-00_2-046.png"
"DUP-0447","223B32FED8F89C33B318786CD6DE06016C5B835A1CEE63A8187D0282770E4924","858","3","1716","Gait Phase Classification\Gait_classified_legacy\other\hy-00_4-042.png | Gait_classified\other\hy-00_4-042.png | Gait\Train\other\hy-00_4-042.png"
"DUP-0448","097A472ABBB19FA91FD699D8F91DEF685FBE2E85021593F0660ADCC4915FC87F","759","3","1518","Gait Phase Classification\Gait_classified_legacy\other\ljg-00_2-026.png | Gait_classified\other\ljg-00_2-026.png | Gait\Train\other\ljg-00_2-026.png"
"DUP-0449","09C30842539D320456D0ECBAD319A10B291EC099784F46AF988BD8D319472814","793","3","1586","Gait Phase Classification\Gait_classified_legacy\other\fyc-00_2-049.png | Gait_classified\other\fyc-00_2-049.png | Gait\Train\other\fyc-00_2-049.png"
"DUP-0450","0A0DADF477751BCB884CABFB9325B36E2550F4422177D8DCD14B2284258B197D","874","3","1748","Gait Phase Classification\Gait_classified_legacy\heel_strike\hy-00_4-031.png | Gait_classified\heel_strike\hy-00_4-031.png | Gait\Train\heel_strike\hy-00_4-031.png"
"DUP-0451","0A257DF548FB1D90D124E1877C20CDA46B7E061994418E22E8C7A70185734E06","918","3","1836","Gait Phase Classification\Gait_classified_legacy\other\ljg-00_1-038.png | Gait_classified\other\ljg-00_1-038.png | Gait\Train\other\ljg-00_1-038.png"
"DUP-0452","0B0FB77347D21670D008B84B1B6772C2D9D11AA2A741E51E71A294C094940B70","648","3","1296","Gait Phase Classification\Gait_classified_legacy\other\fyc-00_3-003.png | Gait_classified\other\fyc-00_3-003.png | Gait\Train\other\fyc-00_3-003.png"
"DUP-0453","0B274C4BE96A263F91D1585C425C056220E320944A11839EB4332AA7D1F93355","687","3","1374","Gait Phase Classification\Gait_classified_legacy\other\fyc-00_4-064.png | Gait_classified\other\fyc-00_4-064.png | Gait\Train\other\fyc-00_4-064.png"
"DUP-0454","0B3A84D3AA5440AB2E292BFAB694BE77741EFFFA2848AE76480FD083C032FAC1","760","3","1520","Gait Phase Classification\Gait_classified_legacy\other\fyc-00_4-037.png | Gait_classified\other\fyc-00_4-037.png | Gait\Train\other\fyc-00_4-037.png"
"DUP-0455","0CAF8C9F3CDF3501BA7728EC7B187C653BD07B34BA2DB98206C809ED5B97AAB9","769","3","1538","Gait Phase Classification\Gait_classified_legacy\other\hy-00_1-033.png | Gait_classified\other\hy-00_1-033.png | Gait\Train\other\hy-00_1-033.png"
"DUP-0456","0CC5B09B7EA8F5C68E038B9EE2E8A6AFFC705ED35FC34B02C5AA4890DF396193","739","3","1478","Gait Phase Classification\Gait_classified_legacy\other\ljg-00_1-008.png | Gait_classified\other\ljg-00_1-008.png | Gait\Train\other\ljg-00_1-008.png"
"DUP-0457","0CF17C4955E93A50DFF9501F06C05D526E9836FF563D831188DD2451510ABE88","652","3","1304","Gait Phase Classification\Gait_classified_legacy\other\fyc-00_1-062.png | Gait_classified\other\fyc-00_1-062.png | Gait\Train\other\fyc-00_1-062.png"
"DUP-0458","0D1DD0AE901A8F70D8E2AAA98156065719418482A052112FFA5E774A111DD840","689","3","1378","Gait Phase Classification\Gait_classified_legacy\other\fyc-00_4-035.png | Gait_classified\other\fyc-00_4-035.png | Gait\Train\other\fyc-00_4-035.png"
"DUP-0459","0DFFCC2F38F92A1423044D463D01091FBC179E25140C788455B781EE99BA5450","729","3","1458","Gait Phase Classification\Gait_classified_legacy\other\fyc-00_1-015.png | Gait_classified\other\fyc-00_1-015.png | Gait\Train\other\fyc-00_1-015.png"
"DUP-0460","0E3C7C58951D1FDB185CBB0EA30D0051B9CB49E20B0E8EB5BA311495D5562D7C","685","3","1370","Gait Phase Classification\Gait_classified_legacy\other\fyc-00_1-068.png | Gait_classified\other\fyc-00_1-068.png | Gait\Train\other\fyc-00_1-068.png"
"DUP-0461","0FA9F5B5F1269F82F01F7B726E70B14303F9FB1590A7EB6EC5F6610496B3C387","784","3","1568","Gait Phase Classification\Gait_classified_legacy\other\ljg-00_2-052.png | Gait_classified\other\ljg-00_2-052.png | Gait\Train\other\ljg-00_2-052.png"
"DUP-0462","1012C3349A64ADBB833CB5A461A3C9AC11A5C5AD2883884834A12347B066F58A","707","3","1414","Gait Phase Classification\Gait_classified_legacy\other\fyc-00_4-019.png | Gait_classified\other\fyc-00_4-019.png | Gait\Train\other\fyc-00_4-019.png"
"DUP-0463","1034BE7F449D84F1E6900B6DCDFBDA45573EC7F3C63194FD3AB1F0B47A46986B","902","3","1804","Gait Phase Classification\Gait_classified_legacy\heel_strike\hy-00_4-044.png | Gait_classified\heel_strike\hy-00_4-044.png | Gait\Train\heel_strike\hy-00_4-044.png"
"DUP-0464","10B4B4332DAF86194AB1346635FD0BA605454F5AD092A0A117EFA74190C6042C","831","3","1662","Gait Phase Classification\Gait_classified_legacy\heel_strike\fyc-00_3-034.png | Gait_classified\heel_strike\fyc-00_3-034.png | Gait\Test\Heal_Strike\fyc-00_3-034.png"
"DUP-0465","094F73F144EDD78F177D266FA9047C99C95A48C5FB903E094F504BD296CB9E2C","707","3","1414","Gait Phase Classification\Gait_classified_legacy\other\hy-00_2-062.png | Gait_classified\other\hy-00_2-062.png | Gait\Train\other\hy-00_2-062.png"
"DUP-0466","08FE0EB45492A43B71C909FD11D19B104EB195112C32146FBB01DC02CFD91A5A","810","3","1620","Gait Phase Classification\Gait_classified_legacy\other\fyc-00_3-048.png | Gait_classified\other\fyc-00_3-048.png | Gait\Train\other\fyc-00_3-048.png"
"DUP-0467","085A71ED41C46EC1F71A5BE877BC001CD6AA1A38C661415765CDC1B228F27153","686","3","1372","Gait Phase Classification\Gait_classified_legacy\other\hy-00_3-003.png | Gait_classified\other\hy-00_3-003.png | Gait\Train\other\hy-00_3-003.png"
"DUP-0468","07E6C4E1E56E2A848DC4B0B0C97BA1575096BA1A013AC8842ADA57FA7706A792","616","3","1232","Gait Phase Classification\Gait_classified_legacy\other\fyc-00_4-009.png | Gait_classified\other\fyc-00_4-009.png | Gait\Train\other\fyc-00_4-009.png"
"DUP-0469","0036F8582F955A6D23CB005787D55241CC2AF58F154796C9218635099B7139D2","780","3","1560","Gait Phase Classification\Gait_classified_legacy\heel_strike\hy-00_3-008.png | Gait_classified\heel_strike\hy-00_3-008.png | Gait\Train\heel_strike\hy-00_3-008.png"
"DUP-0470","00A684E4E754140EADC2A8E955433082B0F0FAE5BA0097CCC2D2AD0B2CE383F7","771","3","1542","Gait Phase Classification\Gait_classified_legacy\other\hy-00_1-021.png | Gait_classified\other\hy-00_1-021.png | Gait\Train\other\hy-00_1-021.png"
"DUP-0471","00AC986E18434D5CFC885CC5BAFD5B0854E3B66D17D02CFA90D408AF794B198F","735","3","1470","Gait Phase Classification\Gait_classified_legacy\other\fyc-00_2-012.png | Gait_classified\other\fyc-00_2-012.png | Gait\Train\other\fyc-00_2-012.png"
"DUP-0472","00DA3BDD39F17976C640430D91B8DED0B5FD55970B8C2A133E0FC5F79A0285F2","699","3","1398","Gait Phase Classification\Gait_classified_legacy\other\fyc-00_1-027.png | Gait_classified\other\fyc-00_1-027.png | Gait\Train\other\fyc-00_1-027.png"
"DUP-0473","012453809A39121920DE955F37916B4E66CE5CCB3C436F334174FAF2D08F6E07","632","3","1264","Gait Phase Classification\Gait_classified_legacy\other\hy-00_4-001.png | Gait_classified\other\hy-00_4-001.png | Gait\Train\other\hy-00_4-001.png"
"DUP-0474","017C619E5BD948D11B76E7E0FF48B53426459153BBFC2169B362D2877C1AADB9","710","3","1420","Gait Phase Classification\Gait_classified_legacy\other\hy-00_2-004.png | Gait_classified\other\hy-00_2-004.png | Gait\Train\other\hy-00_2-004.png"
"DUP-0475","020C727711A6B513AE481F2D83B499B89FA3D496F0830C41F67CF82F1EBE087B","677","3","1354","Gait Phase Classification\Gait_classified_legacy\other\fyc-00_1-038.png | Gait_classified\other\fyc-00_1-038.png | Gait\Train\other\fyc-00_1-038.png"
"DUP-0476","02856C557DB58439A1D53A794118151A2974B616E3CE2983B5CDB8BE39541E2F","874","3","1748","Gait Phase Classification\Gait_classified_legacy\heel_strike\ljg-00_3-019.png | Gait_classified\heel_strike\ljg-00_3-019.png | Gait\Train\heel_strike\ljg-00_3-019.png"
"DUP-0477","1128F54177092D131ECFD7489079E8C456600F5FCC9BF12F33B95E89BB9FA3F2","661","3","1322","Gait Phase Classification\Gait_classified_legacy\other\fyc-00_4-011.png | Gait_classified\other\fyc-00_4-011.png | Gait\Train\other\fyc-00_4-011.png"
"DUP-0478","0325B976CE1E30BBD1946BF5DC7983B188930C720624B26FD17A16B2997E71EF","841","3","1682","Gait Phase Classification\Gait_classified_legacy\other\fyc-00_4-030.png | Gait_classified\other\fyc-00_4-030.png | Gait\Train\other\fyc-00_4-030.png"
"DUP-0479","0376227FD7BE66D21BD652426A92078CC3AEBD6702FE99BDF1F20C10A6DD0741","687","3","1374","Gait Phase Classification\Gait_classified_legacy\other\ljg-00_3-012.png | Gait_classified\other\ljg-00_3-012.png | Gait\Train\other\ljg-00_3-012.png"
"DUP-0480","03C8704FF87AA1A63CFB28B9B8DE7C81AA6E3BBC347587855DD421E470982DB9","758","3","1516","Gait Phase Classification\Gait_classified_legacy\other\ljg-00_3-016.png | Gait_classified\other\ljg-00_3-016.png | Gait\Train\other\ljg-00_3-016.png"
"DUP-0481","047E74B647FEAD21F2270B281CE1128FCCCC26D4CC40A8F9BBDE26707E3F91B2","634","3","1268","Gait Phase Classification\Gait_classified_legacy\other\fyc-00_1-066.png | Gait_classified\other\fyc-00_1-066.png | Gait\Train\other\fyc-00_1-066.png"
"DUP-0482","054285752B3BADCE830D2C323DC8F9C3AD814472775A2891F5761646F8CCBEEE","693","3","1386","Gait Phase Classification\Gait_classified_legacy\other\fyc-00_2-054.png | Gait_classified\other\fyc-00_2-054.png | Gait\Train\other\fyc-00_2-054.png"
"DUP-0483","065983935ED5C0D99EF9CA4F742F35CABEE8C670E4313B292463DE48981A7568","686","3","1372","Gait Phase Classification\Gait_classified_legacy\other\fyc-00_4-034.png | Gait_classified\other\fyc-00_4-034.png | Gait\Train\other\fyc-00_4-034.png"
"DUP-0484","06A5A496ECBB86535AF42E5FB2E0D3C4A2CE2AB1A4C58ED78A2CCF1280B95913","728","3","1456","Gait Phase Classification\Gait_classified_legacy\other\fyc-00_4-004.png | Gait_classified\other\fyc-00_4-004.png | Gait\Train\other\fyc-00_4-004.png"
"DUP-0485","06F77956834028005993CC662189A86C1D626C9F255C33552448E7F9A44F480C","870","3","1740","Gait Phase Classification\Gait_classified_legacy\other\hy-00_1-018.png | Gait_classified\other\hy-00_1-018.png | Gait\Train\other\hy-00_1-018.png"
"DUP-0486","0761023DAC42FB272D7B53C56479276914D52E283C7C41F9AA87FEE1B947E856","725","3","1450","Gait Phase Classification\Gait_classified_legacy\other\fyc-00_3-019.png | Gait_classified\other\fyc-00_3-019.png | Gait\Train\other\fyc-00_3-019.png"
"DUP-0487","032674DD14DF89127250E5CDACB611FEA351778CB6843A1EA97D840C1BC07952","983","3","1966","Gait Phase Classification\Gait_classified_legacy\heel_strike\ljg-00_2-031.png | Gait_classified\heel_strike\ljg-00_2-031.png | Gait\Train\heel_strike\ljg-00_2-031.png"
"DUP-0488","2251DC8DB570F25FB63C72E67E2CAAAC2D84AB7669895F4C4B646351F9083BD4","772","3","1544","Gait Phase Classification\Gait_classified_legacy\heel_strike\hy-00_4-057.png | Gait_classified\heel_strike\hy-00_4-057.png | Gait\Train\heel_strike\hy-00_4-057.png"
"DUP-0489","119B1F9A30FD3C7620A4236450D66B13C0C7187F0589F2A7228A5DA5FD3F3107","703","3","1406","Gait Phase Classification\Gait_classified_legacy\other\fyc-00_2-073.png | Gait_classified\other\fyc-00_2-073.png | Gait\Train\other\fyc-00_2-073.png"
"DUP-0490","12500AFB441E62A637A243B7892B522B5E752A6ACE4E3331FED06539D3E20D5F","754","3","1508","Gait Phase Classification\Gait_classified_legacy\other\fyc-00_4-017.png | Gait_classified\other\fyc-00_4-017.png | Gait\Train\other\fyc-00_4-017.png"
"DUP-0491","1C18C9D757D54B99BD26082567617E0FF2CDEF10776C8C929E44EFB8D34589EB","646","3","1292","Gait Phase Classification\Gait_classified_legacy\other\hy-00_1-047.png | Gait_classified\other\hy-00_1-047.png | Gait\Train\other\hy-00_1-047.png"
"DUP-0492","1C3E1C0A905AAE39680E234CEC0AB653FCC2AE02F80836BEBD0B108402158BA8","1031","3","2062","Gait Phase Classification\Gait_classified_legacy\heel_strike\lqf-00_1-036.png | Gait_classified\heel_strike\lqf-00_1-036.png | Gait\Train\heel_strike\lqf-00_1-036.png"
"DUP-0493","1CB8B98572E098A1AF772AA5F3C85E7AE88216105AA68E339E29E87E327B04E2","751","3","1502","Gait Phase Classification\Gait_classified_legacy\other\fyc-00_4-044.png | Gait_classified\other\fyc-00_4-044.png | Gait\Train\other\fyc-00_4-044.png"
"DUP-0494","1D42405D22EEB0A6CB5C59EAF0668B1E7DF1CAA45B2370CFC97BD5473D086B0E","617","3","1234","Gait Phase Classification\Gait_classified_legacy\other\fyc-00_4-058.png | Gait_classified\other\fyc-00_4-058.png | Gait\Train\other\fyc-00_4-058.png"
"DUP-0495","1D5F609BADB1D6F74CEBB5E296B4409A6E682D22B63717F5390618675F528A84","972","3","1944","Gait Phase Classification\Gait_classified_legacy\other\ljg-00_2-045.png | Gait_classified\other\ljg-00_2-045.png | Gait\Train\other\ljg-00_2-045.png"
"DUP-0496","1D739E22ECD98D5317CD91B1E0AD24D3308FD99E93083FEE47B4936965202CF5","722","3","1444","Gait Phase Classification\Gait_classified_legacy\other\hy-00_1-012.png | Gait_classified\other\hy-00_1-012.png | Gait\Train\other\hy-00_1-012.png"
"DUP-0497","1E4F10545DD6379AF877CF022640FDFE09AA68F4529A1014DAE7F621845E7E77","714","3","1428","Gait Phase Classification\Gait_classified_legacy\other\fyc-00_2-008.png | Gait_classified\other\fyc-00_2-008.png | Gait\Train\other\fyc-00_2-008.png"
"DUP-0498","1EA1F1159C1BE36BE945E9323370308EE43ECBC2443F43DC304C46BD2365AE0A","695","3","1390","Gait Phase Classification\Gait_classified_legacy\other\fyc-00_1-001.png | Gait_classified\other\fyc-00_1-001.png | Gait\Train\other\fyc-00_1-001.png"
"DUP-0499","1F0A1CC94FF01F67E6D95167231CBA5470C6A2C2E8ADA8AEFC77F982CDDF4A20","626","3","1252","Gait Phase Classification\Gait_classified_legacy\other\fyc-00_1-065.png | Gait_classified\other\fyc-00_1-065.png | Gait\Train\other\fyc-00_1-065.png"
"DUP-0500","1F3D3C7A34B89527B649765BB7BA7F9BDB2957D34B4C120995366D536D849922","955","3","1910","Gait Phase Classification\Gait_classified_legacy\heel_strike\lqf-00_1-049.png | Gait_classified\heel_strike\lqf-00_1-049.png | Gait\Train\heel_strike\lqf-00_1-049.png"
"DUP-0501","1F94A559D9AE7F821E9426EB712AB90BE505D1A895C3E9CF6491CA1FACCCEAB6","719","3","1438","Gait Phase Classification\Gait_classified_legacy\other\hy-00_3-031.png | Gait_classified\other\hy-00_3-031.png | Gait\Train\other\hy-00_3-031.png"
"DUP-0502","1FC038A14533F96D6C4C57832972464E05043D57F5189177E084F6DCA269F26E","905","3","1810","Gait Phase Classification\Gait_classified_legacy\other\ljg-00_2-016.png | Gait_classified\other\ljg-00_2-016.png | Gait\Train\other\ljg-00_2-016.png"
"DUP-0503","1FDB93393F28CF6A3005125E3E84AA24CB827A31DF57DC045F9131E854A008F1","803","3","1606","Gait Phase Classification\Gait_classified_legacy\other\ljg-00_1-056.png | Gait_classified\other\ljg-00_1-056.png | Gait\Train\other\ljg-00_1-056.png"
"DUP-0504","1FEEC0027A17ACA5BE3691D74EF8EAE7A7981450492CE690DE13F214EB11EBAC","682","3","1364","Gait Phase Classification\Gait_classified_legacy\other\hy-00_4-014.png | Gait_classified\other\hy-00_4-014.png | Gait\Train\other\hy-00_4-014.png"
"DUP-0505","2048EC6FA6E0E56266BAB1A9E69DD3BBAAFCE1B5FEF06C83805B4B8988AA7503","663","3","1326","Gait Phase Classification\Gait_classified_legacy\other\hy-00_2-014.png | Gait_classified\other\hy-00_2-014.png | Gait\Train\other\hy-00_2-014.png"
"DUP-0506","207BD7DE28BDF6537BB337060443C9B7609E7FFE8B3DC6EEF2410F1DECA910B8","827","3","1654","Gait Phase Classification\Gait_classified_legacy\heel_strike\hy-00_3-049.png | Gait_classified\heel_strike\hy-00_3-049.png | Gait\Train\heel_strike\hy-00_3-049.png"
"DUP-0507","20A9358FC4ED3C78001C02275AC329252FCCD226733587C126C37FCA3AA25EA8","734","3","1468","Gait Phase Classification\Gait_classified_legacy\other\fyc-00_4-024.png | Gait_classified\other\fyc-00_4-024.png | Gait\Train\other\fyc-00_4-024.png"
"DUP-0508","1C00957CB3E569A7E0ED0C1A46F7D91DB84E9025B4CB054738DC199742A44249","795","3","1590","Gait Phase Classification\Gait_classified_legacy\other\hy-00_4-007.png | Gait_classified\other\hy-00_4-007.png | Gait\Train\other\hy-00_4-007.png"
"DUP-0509","1B846F8073605C9FD2A4EBC77857A7C9412B67F986E9382D1F08DCD66E72F186","671","3","1342","Gait Phase Classification\Gait_classified_legacy\other\fyc-00_2-068.png | Gait_classified\other\fyc-00_2-068.png | Gait\Train\other\fyc-00_2-068.png"
"DUP-0510","1B30BD94DE5D7B6E09E1ABDCBB1830470FA9380CA6BD3622F4FB0753D205B703","887","3","1774","Gait Phase Classification\Gait_classified_legacy\heel_strike\ljg-00_2-001.png | Gait_classified\heel_strike\ljg-00_2-001.png | Gait\Train\heel_strike\ljg-00_2-001.png"
"DUP-0511","1A9A114BD2B147FA6C6EE2D8AD1F434F0B6CC756A5AAB2503843EC6588A4CC93","636","3","1272","Gait Phase Classification\Gait_classified_legacy\other\fyc-00_3-053.png | Gait_classified\other\fyc-00_3-053.png | Gait\Train\other\fyc-00_3-053.png"
"DUP-0512","129CD10FA353613B2025729E1B9ECC59225A3A8ED76E438981AE360F3C7F2AA6","949","3","1898","Gait Phase Classification\Gait_classified_legacy\other\ljg-00_1-043.png | Gait_classified\other\ljg-00_1-043.png | Gait\Train\other\ljg-00_1-043.png"
"DUP-0513","12E13FACCD74DB6523F587BB7C4ADED9614087406F1470B2EE471B328A756DD8","791","3","1582","Gait Phase Classification\Gait_classified_legacy\other\fyc-00_3-036.png | Gait_classified\other\fyc-00_3-036.png | Gait\Train\other\fyc-00_3-036.png"
"DUP-0514","13102C39E4C014D077382C6A6587A7132381C3D2A6AD2146C9A17F98FCC33010","904","3","1808","Gait Phase Classification\Gait_classified_legacy\other\ljg-00_3-035.png | Gait_classified\other\ljg-00_3-035.png | Gait\Train\other\ljg-00_3-035.png"
"DUP-0515","136135FA8BADF74790288BFC5A916F3F8BD6EC4C38A6A45F2AC7788A8FF63D62","688","3","1376","Gait Phase Classification\Gait_classified_legacy\other\fyc-00_4-023.png | Gait_classified\other\fyc-00_4-023.png | Gait\Train\other\fyc-00_4-023.png"
"DUP-0516","13F8A402CCFCE137B3405B085395AAE8470364E108AA1E4784B4D61132744F69","740","3","1480","Gait Phase Classification\Gait_classified_legacy\other\hy-00_1-044.png | Gait_classified\other\hy-00_1-044.png | Gait\Train\other\hy-00_1-044.png"
"DUP-0517","1461205DED174BD83240618357148CB266AD80A1DEC90E40F9FE80B5E13A976B","717","3","1434","Gait Phase Classification\Gait_classified_legacy\other\ljg-00_2-056.png | Gait_classified\other\ljg-00_2-056.png | Gait\Train\other\ljg-00_2-056.png"
"DUP-0518","15860DA61D4D1B0EF96660C2714C09CD67CF4E71BD708832DB8256D8D533CA18","711","3","1422","Gait Phase Classification\Gait_classified_legacy\other\hy-00_3-016.png | Gait_classified\other\hy-00_3-016.png | Gait\Train\other\hy-00_3-016.png"
"DUP-0519","15F8FFE8EDD29BABFC4B24D94E0476C6001469224F7483A330EC9063BED315C5","828","3","1656","Gait Phase Classification\Gait_classified_legacy\other\fyc-00_3-045.png | Gait_classified\other\fyc-00_3-045.png | Gait\Train\other\fyc-00_3-045.png"
"DUP-0520","119F39A0308B506E4791AB6F90B94F71D32BE099A5D9BE287DB08022021996B2","672","3","1344","Gait Phase Classification\Gait_classified_legacy\other\fyc-00_3-027.png | Gait_classified\other\fyc-00_3-027.png | Gait\Train\other\fyc-00_3-027.png"
"DUP-0521","161C11AA3473DF6780F3C3877E66B9F39C02BBF3B919498E44C560898B929F01","765","3","1530","Gait Phase Classification\Gait_classified_legacy\other\fyc-00_4-015.png | Gait_classified\other\fyc-00_4-015.png | Gait\Train\other\fyc-00_4-015.png"
"DUP-0522","168935F5DE26E976BFDCE1D15302F4319668E850B5E02998CA9B2E0C5E7B1428","769","3","1538","Gait Phase Classification\Gait_classified_legacy\heel_strike\fyc-00_3-008.png | Gait_classified\heel_strike\fyc-00_3-008.png | Gait\Test\Heal_Strike\fyc-00_3-008.png"
"DUP-0523","16A20C63C53D74250A8ECD070B673164B429364BBE358FAE8B49F586A409480E","784","3","1568","Gait Phase Classification\Gait_classified_legacy\other\fyc-00_2-032.png | Gait_classified\other\fyc-00_2-032.png | Gait\Train\other\fyc-00_2-032.png"
"DUP-0524","16E1DA8B15243175971D7156C346E1B461C88077C48A8066808D82CB6A2BF5E2","811","3","1622","Gait Phase Classification\Gait_classified_legacy\other\hy-00_3-012.png | Gait_classified\other\hy-00_3-012.png | Gait\Train\other\hy-00_3-012.png"
"DUP-0525","17692F0D697DB2A5A6DC3C1B00FF09012B99623D9A282DDB93D93F5E20971645","835","3","1670","Gait Phase Classification\Gait_classified_legacy\heel_strike\ljg-00_3-062.png | Gait_classified\heel_strike\ljg-00_3-062.png | Gait\Train\heel_strike\ljg-00_3-062.png"
"DUP-0526","18BBE7EFB8921A639A568D851ABA234E0E3336469B46CB359F82A5BE2DB2C8A1","739","3","1478","Gait Phase Classification\Gait_classified_legacy\other\hy-00_4-037.png | Gait_classified\other\hy-00_4-037.png | Gait\Train\other\hy-00_4-037.png"
"DUP-0527","18D1BD59C7D32F3EF90291B1AAF6D0DC8F9D813ABB46CC7E40F7AC053B0D5D3E","886","3","1772","Gait Phase Classification\Gait_classified_legacy\other\hy-00_2-032.png | Gait_classified\other\hy-00_2-032.png | Gait\Train\other\hy-00_2-032.png"
"DUP-0528","18ECF9FCE961A2C1DDF8F8E9230BA6BDBEE95FAEF0D7DA07F2209CBC8CBB66AE","698","3","1396","Gait Phase Classification\Gait_classified_legacy\heel_strike\fyc-00_4-065.png | Gait_classified\heel_strike\fyc-00_4-065.png | Gait\Train\heel_strike\fyc-00_4-065.png"
"DUP-0529","199C9053E0C7FF64CE4901D0DC3F255E06D6D70DC583C46B7921D1C8F29D7B61","746","3","1492","Gait Phase Classification\Gait_classified_legacy\other\hy-00_4-016.png | Gait_classified\other\hy-00_4-016.png | Gait\Train\other\hy-00_4-016.png"
"DUP-0530","16209294F7B81E49BE74FDEC6796F12A66C8061FAE6B553FD8A6823E8940FDF3","785","3","1570","Gait Phase Classification\Gait_classified_legacy\other\ljg-00_1-018.png | Gait_classified\other\ljg-00_1-018.png | Gait\Train\other\ljg-00_1-018.png"
"DUP-0531","450458E85642336939F351545D666214B72C257EAF4294F0B75E05BFC509DF38","663","3","1326","Gait Phase Classification\Gait_classified_legacy\other\ljg-00_3-013.png | Gait_classified\other\ljg-00_3-013.png | Gait\Train\other\ljg-00_3-013.png"
"DUP-0532","FFB98F1DBFE524393B6B58F9324E2A0C679D16D52969581E9C036892CD5B7C61","935","3","1870","Gait Phase Classification\Gait_classified_legacy\heel_strike\ljg-00_3-046.png | Gait_classified\heel_strike\ljg-00_3-046.png | Gait\Train\heel_strike\ljg-00_3-046.png"
"DUP-0533","5202CFE77B988846C97B701BB637F9D9DE66D4A1765208C9CAC5ADE2625EDDBF","766","3","1532","Gait Phase Classification\Gait_classified_legacy\heel_strike\fyc-00_4-002.png | Gait_classified\heel_strike\fyc-00_4-002.png | Gait\Test\Heal_Strike\fyc-00_4-002.png"
"DUP-0534","5CF2B7D996AFF10BC0750A846FAC70730BA52B3BC9EF9557827F42143C65DA3F","1001","3","2002","Gait Phase Classification\Gait_classified_legacy\heel_strike\lqf-00_3-047.png | Gait_classified\heel_strike\lqf-00_3-047.png | Gait\Train\heel_strike\lqf-00_3-047.png"
"DUP-0535","5D9322D39F61032BB74CFFBF08BCF35EA0C07684A38494764BED75E37B22BCA4","887","3","1774","Gait Phase Classification\Gait_classified_legacy\heel_strike\ljg-00_1-040.png | Gait_classified\heel_strike\ljg-00_1-040.png | Gait\Train\heel_strike\ljg-00_1-040.png"
"DUP-0536","5E2493587202D216CA9F03AEAA1C76E246E4B02C65632AD5DD95717B42376CE4","654","3","1308","Gait Phase Classification\Gait_classified_legacy\other\fyc-00_1-026.png | Gait_classified\other\fyc-00_1-026.png | Gait\Train\other\fyc-00_1-026.png"
"DUP-0537","5E8E1B7E009586E908EE997499F748D0FFE1CBDF5CBF1A253B3E8282B2611CF0","858","3","1716","Gait Phase Classification\Gait_classified_legacy\other\ljg-00_1-023.png | Gait_classified\other\ljg-00_1-023.png | Gait\Train\other\ljg-00_1-023.png"
"DUP-0538","535D64388036B15535D5AFD89822BA0D855B5F2FE7EBE34A8C162359340BA1A1","898","3","1796","Gait Phase Classification\Gait_classified_legacy\other\ljg-00_2-034.png | Gait_classified\other\ljg-00_2-034.png | Gait\Train\other\ljg-00_2-034.png"
"DUP-0539","52A47A1473D80FC93ACB47BD91D03C71E1C1750F9E4E74154BFEACE0970E9F3C","718","3","1436","Gait Phase Classification\Gait_classified_legacy\other\hy-00_4-003.png | Gait_classified\other\hy-00_4-003.png | Gait\Train\other\hy-00_4-003.png"
"DUP-0540","5F0709ADCCC324FAE419BFE8EE22839E491E0842F283D5C8DB2CF9BD9F8409AD","704","3","1408","Gait Phase Classification\Gait_classified_legacy\other\fyc-00_2-066.png | Gait_classified\other\fyc-00_2-066.png | Gait\Train\other\fyc-00_2-066.png"
"DUP-0541","5F14AB6902A963BAE93395E553E329740C8999B0886F811F69E24B5B35865E99","760","3","1520","Gait Phase Classification\Gait_classified_legacy\other\hy-00_2-010.png | Gait_classified\other\hy-00_2-010.png | Gait\Train\other\hy-00_2-010.png"
"DUP-0542","5236BF90F1A2B473A6D9BCF77DC65FD7E6565568427436C4EF4EFBC7E6E46E46","743","3","1486","Gait Phase Classification\Gait_classified_legacy\other\ljg-00_2-058.png | Gait_classified\other\ljg-00_2-058.png | Gait\Train\other\ljg-00_2-058.png"
"DUP-0543","5FEA08125CDCA21E552E2D316A2BE90F2BEB3D4A7D6001648EEE82422E267419","789","3","1578","Gait Phase Classification\Gait_classified_legacy\heel_strike\hy-00_4-005.png | Gait_classified\heel_strike\hy-00_4-005.png | Gait\Train\heel_strike\hy-00_4-005.png"
"DUP-0544","51E46278B1EA2CE5DE6BC364D2DA4E74F19991D07E9866F3BC2B03B88853F3EA","763","3","1526","Gait Phase Classification\Gait_classified_legacy\other\hy-00_4-004.png | Gait_classified\other\hy-00_4-004.png | Gait\Train\other\hy-00_4-004.png"
"DUP-0545","51CD9E72C263472DED70C691D55174A901430E16DF1200D3DCF31D091906E11A","849","3","1698","Gait Phase Classification\Gait_classified_legacy\other\ljg-00_2-022.png | Gait_classified\other\ljg-00_2-022.png | Gait\Train\other\ljg-00_2-022.png"
"DUP-0546","51BC682D04557B515AB5EFAC37AEB5B8FE75B17E6A211EC816FC663CF008A695","658","3","1316","Gait Phase Classification\Gait_classified_legacy\other\fyc-00_4-007.png | Gait_classified\other\fyc-00_4-007.png | Gait\Train\other\fyc-00_4-007.png"
"DUP-0547","51B29E2CF0B3A1EDA45608F8E5C399B6F73C9FEF4FBCC157C2F985C761F84979","693","3","1386","Gait Phase Classification\Gait_classified_legacy\other\hy-00_3-045.png | Gait_classified\other\hy-00_3-045.png | Gait\Train\other\hy-00_3-045.png"
"DUP-0548","61081016B5470861841512151664363C0637A4CD76A7F69FBFEC0AFE977D7993","767","3","1534","Gait Phase Classification\Gait_classified_legacy\other\ljg-00_2-064.png | Gait_classified\other\ljg-00_2-064.png | Gait\Train\other\ljg-00_2-064.png"
"DUP-0549","519125A525F92D42D92FCFDC5A19742F3ECEDE66652716697309771C359F6832","663","3","1326","Gait Phase Classification\Gait_classified_legacy\other\fyc-00_1-067.png | Gait_classified\other\fyc-00_1-067.png | Gait\Train\other\fyc-00_1-067.png"
"DUP-0550","518B75FA1C5AB1B1B220E76E6FC452AE6DAC5EE50DBC614324DB1AD56266E88D","718","3","1436","Gait Phase Classification\Gait_classified_legacy\other\ljg-00_3-011.png | Gait_classified\other\ljg-00_3-011.png | Gait\Train\other\ljg-00_3-011.png"
"DUP-0551","516732E88D65C029D9D07E044127B84C0A5F830B275B5CF32F0068BDB73C3333","752","3","1504","Gait Phase Classification\Gait_classified_legacy\other\hy-00_3-030.png | Gait_classified\other\hy-00_3-030.png | Gait\Train\other\hy-00_3-030.png"
"DUP-0552","6128C8AA984A9DF3B5AF7E81EA27E300CA105C08C40EC7F0EE779A041344B232","913","3","1826","Gait Phase Classification\Gait_classified_legacy\heel_strike\ljg-00_3-047.png | Gait_classified\heel_strike\ljg-00_3-047.png | Gait\Train\heel_strike\ljg-00_3-047.png"
"DUP-0553","62039E920969F09005B7A2338BBFB8DCAC46C778520F18F38A856CA6F93D598B","786","3","1572","Gait Phase Classification\Gait_classified_legacy\other\hy-00_3-029.png | Gait_classified\other\hy-00_3-029.png | Gait\Train\other\hy-00_3-029.png"
"DUP-0554","5089D7588A55C653DE216DD5F8E05489C8289BC6D827312599A8A2E97417C5F9","750","3","1500","Gait Phase Classification\Gait_classified_legacy\other\fyc-00_3-059.png | Gait_classified\other\fyc-00_3-059.png | Gait\Train\other\fyc-00_3-059.png"
"DUP-0555","62264D95FAB3E544481225DC8D08B2A61DE805BB93D6E5FAA002F47820999643","746","3","1492","Gait Phase Classification\Gait_classified_legacy\other\ljg-00_1-020.png | Gait_classified\other\ljg-00_1-020.png | Gait\Train\other\ljg-00_1-020.png"
"DUP-0556","6252910CB68419DA3E648D393C6B5F81FE688ABEB525C40B8065113A9181877F","709","3","1418","Gait Phase Classification\Gait_classified_legacy\other\fyc-00_3-060.png | Gait_classified\other\fyc-00_3-060.png | Gait\Train\other\fyc-00_3-060.png"
"DUP-0557","62F09A78A82F9C361535735B4A016D7404DF2F3A1714CE33D79961054680458C","702","3","1404","Gait Phase Classification\Gait_classified_legacy\other\hy-00_1-023.png | Gait_classified\other\hy-00_1-023.png | Gait\Train\other\hy-00_1-023.png"
"DUP-0558","5062253168AE80EE9FEA1C66E34A9C0DAC0A368F521E2BDC664681BC17B7DE55","819","3","1638","Gait Phase Classification\Gait_classified_legacy\heel_strike\hy-00_2-019.png | Gait_classified\heel_strike\hy-00_2-019.png | Gait\Train\heel_strike\hy-00_2-019.png"
"DUP-0559","53D737181BDA567C44D615797F45C76C9E8CB699723E03D0B96FA8E2E161A73A","851","3","1702","Gait Phase Classification\Gait_classified_legacy\other\ljg-00_1-013.png | Gait_classified\other\ljg-00_1-013.png | Gait\Train\other\ljg-00_1-013.png"
"DUP-0560","4FE461C7814DAC7D32E204343D7048A7D9CF987E76D7D78754B834D7D7CFDC89","775","3","1550","Gait Phase Classification\Gait_classified_legacy\other\ljg-00_1-036.png | Gait_classified\other\ljg-00_1-036.png | Gait\Train\other\ljg-00_1-036.png"
"DUP-0561","5409E3C4F893DBE74650B91932E84FE47AE12404EBB887871A0A752CFEC85C2D","924","3","1848","Gait Phase Classification\Gait_classified_legacy\heel_strike\ljg-00_1-039.png | Gait_classified\heel_strike\ljg-00_1-039.png | Gait\Train\heel_strike\ljg-00_1-039.png"
"DUP-0562","548C717B9F1ADDAF99FA4E8D987765B0155CDFCBA6FA14592C2CD0DB3B1D5A93","837","3","1674","Gait Phase Classification\Gait_classified_legacy\other\fyc-00_1-030.png | Gait_classified\other\fyc-00_1-030.png | Gait\Train\other\fyc-00_1-030.png"
"DUP-0563","590ADC7007D1453821E4FFA8DB16CB7ED5C4B289E68A50F3AE29543006EB3C16","669","3","1338","Gait Phase Classification\Gait_classified_legacy\other\hy-00_1-059.png | Gait_classified\other\hy-00_1-059.png | Gait\Train\other\hy-00_1-059.png"
"DUP-0564","587B20C6F38BDD6E0D8180683EB5677A32C778860D215A47ADA65613C9603E92","700","3","1400","Gait Phase Classification\Gait_classified_legacy\other\fyc-00_2-013.png | Gait_classified\other\fyc-00_2-013.png | Gait\Train\other\fyc-00_2-013.png"
"DUP-0565","5AAF1AE0429C4813DCC8B1D5422BE6E49BD2473CC9A14DE0BC05D5F47EE98BAC","856","3","1712","Gait Phase Classification\Gait_classified_legacy\heel_strike\ljg-00_1-010.png | Gait_classified\heel_strike\ljg-00_1-010.png | Gait\Train\heel_strike\ljg-00_1-010.png"
"DUP-0566","5AE26FCBED75398867C68BB5F32ECC1DC1AEDEB68746708C55674D63EDBB27EE","777","3","1554","Gait Phase Classification\Gait_classified_legacy\other\ljg-00_1-033.png | Gait_classified\other\ljg-00_1-033.png | Gait\Train\other\ljg-00_1-033.png"
"DUP-0567","5AFC5A1E6642F30997E9F65B465D987889C608E34E7A7C3B30A1C6E4C4FD961C","832","3","1664","Gait Phase Classification\Gait_classified_legacy\other\fyc-00_2-025.png | Gait_classified\other\fyc-00_2-025.png | Gait\Train\other\fyc-00_2-025.png"
"DUP-0568","5830E4A5B5A7411B0A0403961145CE5E8E83A98DE04160728F466B0CFD4208B9","837","3","1674","Gait Phase Classification\Gait_classified_legacy\other\hy-00_4-034.png | Gait_classified\other\hy-00_4-034.png | Gait\Train\other\hy-00_4-034.png"
"DUP-0569","582BB243E7A432057A4ADDA2A569A0766CE8E96888FF153DB467F0AC7AFB8A52","909","3","1818","Gait Phase Classification\Gait_classified_legacy\heel_strike\ljg-00_2-018.png | Gait_classified\heel_strike\ljg-00_2-018.png | Gait\Train\heel_strike\ljg-00_2-018.png"
"DUP-0570","580748C888D0BD36E754F2AD41A1465ACF7389C2E129B5903102BBFC1B50B7B8","773","3","1546","Gait Phase Classification\Gait_classified_legacy\other\fyc-00_2-045.png | Gait_classified\other\fyc-00_2-045.png | Gait\Train\other\fyc-00_2-045.png"
"DUP-0571","578EEA7664B178FCB167880B7052F72F481A695A92078E2FE903BACF3E929D44","713","3","1426","Gait Phase Classification\Gait_classified_legacy\other\hy-00_3-015.png | Gait_classified\other\hy-00_3-015.png | Gait\Train\other\hy-00_3-015.png"
"DUP-0572","57881059CA92A0306EC4E64A51F49FDF72A866365B2929108E105B81BB6AE8E3","795","3","1590","Gait Phase Classification\Gait_classified_legacy\other\fyc-00_1-017.png | Gait_classified\other\fyc-00_1-017.png | Gait\Train\other\fyc-00_1-017.png"
"DUP-0573","57842A8B61BA74126D9C5F8764D04AB8B1FB8E9229D4A503DE5CE6EE3ED0958B","730","3","1460","Gait Phase Classification\Gait_classified_legacy\other\ljg-00_2-068.png | Gait_classified\other\ljg-00_2-068.png | Gait\Train\other\ljg-00_2-068.png"
"DUP-0574","576D26B0B35CC9B26289F9045D1105A344B1CC58E9BF918DEB27CA4F749FD5A9","821","3","1642","Gait Phase Classification\Gait_classified_legacy\heel_strike\hy-00_3-048.png | Gait_classified\heel_strike\hy-00_3-048.png | Gait\Train\heel_strike\hy-00_3-048.png"
"DUP-0575","45D8CE83250A9550CDE30A9232AF5D0F7FB3D98749C52EEAAA7931A04F467F32","944","3","1888","Gait Phase Classification\Gait_classified_legacy\other\ljg-00_1-027.png | Gait_classified\other\ljg-00_1-027.png | Gait\Train\other\ljg-00_1-027.png"
"DUP-0576","5C1459829D54F93B7883D67A5420C6C476F56F2524D83FD7EE127907CBB29222","672","3","1344","Gait Phase Classification\Gait_classified_legacy\other\fyc-00_3-028.png | Gait_classified\other\fyc-00_3-028.png | Gait\Train\other\fyc-00_3-028.png"
"DUP-0577","576C377A11F2A0B49368BD771AFB5A17958068943D972A838A14BDE8D8808F37","762","3","1524","Gait Phase Classification\Gait_classified_legacy\heel_strike\fyc-00_4-051.png | Gait_classified\heel_strike\fyc-00_4-051.png | Gait\Train\heel_strike\fyc-00_4-051.png"
"DUP-0578","5C4C781F97D51B77EEB106DF799A1C5DA9BC310FD35BC517663E61CB361E139F","603","3","1206","Gait Phase Classification\Gait_classified_legacy\other\fyc-00_1-063.png | Gait_classified\other\fyc-00_1-063.png | Gait\Train\other\fyc-00_1-063.png"
"DUP-0579","55BCD499474DEE1C32AC062B15636BF63957892B4D7BB19CFFD5DC846FD81441","733","3","1466","Gait Phase Classification\Gait_classified_legacy\other\hy-00_4-026.png | Gait_classified\other\hy-00_4-026.png | Gait\Train\other\hy-00_4-026.png"
"DUP-0580","55BB2E3A616CA1D66AF78B564F93DE193E05E3C627EA29B306425406B3050FFB","674","3","1348","Gait Phase Classification\Gait_classified_legacy\other\fyc-00_2-055.png | Gait_classified\other\fyc-00_2-055.png | Gait\Train\other\fyc-00_2-055.png"
"DUP-0581","556543DA300AFD58B3E7056FB9D9B0AA01D517D6D4090B929121B9644D280C68","760","3","1520","Gait Phase Classification\Gait_classified_legacy\other\fyc-00_1-036.png | Gait_classified\other\fyc-00_1-036.png | Gait\Train\other\fyc-00_1-036.png"
"DUP-0582","5C772909CD9FA45565C9E1C6B05C2DD7382C8AEB05C0DAED90AAB8C593D26E26","733","3","1466","Gait Phase Classification\Gait_classified_legacy\other\fyc-00_1-037.png | Gait_classified\other\fyc-00_1-037.png | Gait\Train\other\fyc-00_1-037.png"
"DUP-0583","5CC50277719185C4E4745D2DA9A8123295AB84B75B9C2F1CDDF84FB06A3C6A4F","739","3","1478","Gait Phase Classification\Gait_classified_legacy\other\fyc-00_1-056.png | Gait_classified\other\fyc-00_1-056.png | Gait\Train\other\fyc-00_1-056.png"
"DUP-0584","54FEC9491409CC223F87EA371CFE9E930B9DB15D1EBF66035F88CEEC493603A8","713","3","1426","Gait Phase Classification\Gait_classified_legacy\other\fyc-00_4-012.png | Gait_classified\other\fyc-00_4-012.png | Gait\Train\other\fyc-00_4-012.png"
"DUP-0585","54ADB3EBB7C8A0F98722B6B93A0C65115E0C041D48337C30E91EA308546B4A05","859","3","1718","Gait Phase Classification\Gait_classified_legacy\other\ljg-00_1-031.png | Gait_classified\other\ljg-00_1-031.png | Gait\Train\other\ljg-00_1-031.png"
"DUP-0586","54926B2D63184A27D2031083565B627936F314F57EF98550D67B2EFDDF06B01D","885","3","1770","Gait Phase Classification\Gait_classified_legacy\other\ljg-00_2-019.png | Gait_classified\other\ljg-00_2-019.png | Gait\Train\other\ljg-00_2-019.png"
"DUP-0587","5CE9C8FDCCD68121ACF371983FBEE8991DAF746F9FD0DE92E397EF0513B316E5","716","3","1432","Gait Phase Classification\Gait_classified_legacy\other\fyc-00_2-001.png | Gait_classified\other\fyc-00_2-001.png | Gait\Train\other\fyc-00_2-001.png"
"DUP-0588","545369430D8CA9AB712B260CF2436040DC0433E8932FD5B868189F47217D887C","810","3","1620","Gait Phase Classification\Gait_classified_legacy\other\fyc-00_1-021.png | Gait_classified\other\fyc-00_1-021.png | Gait\Train\other\fyc-00_1-021.png"
"DUP-0589","4FB1EFFFDC496BC3AB368265FC0DBFB19344011894B34665934CA44D7ABE5373","866","3","1732","Gait Phase Classification\Gait_classified_legacy\heel_strike\lqf-00_3-062.png | Gait_classified\heel_strike\lqf-00_3-062.png | Gait\Train\heel_strike\lqf-00_3-062.png"
"DUP-0590","5A4DD92F37CABC13E7507178CE427BCE9E0A062C9FC1455F488BF1591138F96F","893","3","1786","Gait Phase Classification\Gait_classified_legacy\heel_strike\hy-00_4-020.png | Gait_classified\heel_strike\hy-00_4-020.png | Gait\Train\heel_strike\hy-00_4-020.png"
"DUP-0591","68D2936E7449DAA89CC95CD41F323A951EE7DEE547C9FD9824556AC4B6D29328","757","3","1514","Gait Phase Classification\Gait_classified_legacy\other\ljg-00_2-025.png | Gait_classified\other\ljg-00_2-025.png | Gait\Train\other\ljg-00_2-025.png"
"DUP-0592","65F9FEFA80DDC7A2CE9D897672B031CC3CA9D4A8B95A5F56DF1C508C07A4441F","763","3","1526","Gait Phase Classification\Gait_classified_legacy\other\ljg-00_1-035.png | Gait_classified\other\ljg-00_1-035.png | Gait\Train\other\ljg-00_1-035.png"
"DUP-0593","4FAF1FECAE17B79DD64030C7A93D3EF4E42B2339A4C8FAED1FE3A7212D09EA73","848","3","1696","Gait Phase Classification\Gait_classified_legacy\other\hy-00_3-033.png | Gait_classified\other\hy-00_3-033.png | Gait\Train\other\hy-00_3-033.png"
"DUP-0594","4C962F30EF38C8269CC4BC254E1337F4E2D2167D637D778AF7A4CB9CA8C2AEA4","816","3","1632","Gait Phase Classification\Gait_classified_legacy\heel_strike\ljg-00_1-054.png | Gait_classified\heel_strike\ljg-00_1-054.png | Gait\Train\heel_strike\ljg-00_1-054.png"
"DUP-0595","67F660325F8781B53CE5AB25003D99957A1A5AAC7E0283AE32EAEF7912B563D5","635","3","1270","Gait Phase Classification\Gait_classified_legacy\other\hy-00_2-015.png | Gait_classified\other\hy-00_2-015.png | Gait\Train\other\hy-00_2-015.png"
"DUP-0596","4C6959655D041A61EE50F3751F6AF04E18A135B3D2385D516E63B5190302D2B5","789","3","1578","Gait Phase Classification\Gait_classified_legacy\other\hy-00_3-060.png | Gait_classified\other\hy-00_3-060.png | Gait\Train\other\hy-00_3-060.png"
"DUP-0597","687D63EA5C9A907E1C0C096D08019715631EFA5454988778EBEC90CBC59F2731","750","3","1500","Gait Phase Classification\Gait_classified_legacy\other\fyc-00_2-011.png | Gait_classified\other\fyc-00_2-011.png | Gait\Train\other\fyc-00_2-011.png"
"DUP-0598","68EFE6090E396CC89DDFCE1B35EB972FD907223ECD42553D6737792BF57E065C","626","3","1252","Gait Phase Classification\Gait_classified_legacy\other\fyc-00_4-073.png | Gait_classified\other\fyc-00_4-073.png | Gait\Train\other\fyc-00_4-073.png"
"DUP-0599","48A5BFFA1EE2528275462B3A33ADE6C2D0CCD60258BE863E736A22C1528540A1","777","3","1554","Gait Phase Classification\Gait_classified_legacy\other\hy-00_4-024.png | Gait_classified\other\hy-00_4-024.png | Gait\Train\other\hy-00_4-024.png"
"DUP-0600","4981FD4A1C4902753B4A7C6439C98904B16EF81C2AFF41063C5AEB1D89A4CF21","735","3","1470","Gait Phase Classification\Gait_classified_legacy\other\fyc-00_1-041.png | Gait_classified\other\fyc-00_1-041.png | Gait\Train\other\fyc-00_1-041.png"
"DUP-0601","47F8648856916C0AAE82A3CC8268A19708FA72FF04C0C1F02E46047C7D0E0408","1008","3","2016","Gait Phase Classification\Gait_classified_legacy\heel_strike\lqf-00_2-021.png | Gait_classified\heel_strike\lqf-00_2-021.png | Gait\Train\heel_strike\lqf-00_2-021.png"
"DUP-0602","66A9EB85680FEACF62B3C1BD66DE2FAF0C75A3A1B4BC7BCF029AE60D6AB43EAA","764","3","1528","Gait Phase Classification\Gait_classified_legacy\heel_strike\fyc-00_3-009.png | Gait_classified\heel_strike\fyc-00_3-009.png | Gait\Test\Heal_Strike\fyc-00_3-009.png"
"DUP-0603","4BA966D9AE69EC854AD4A4A62F47E0897858D868547F985A9817B66779036DAD","681","3","1362","Gait Phase Classification\Gait_classified_legacy\other\hy-00_3-056.png | Gait_classified\other\hy-00_3-056.png | Gait\Train\other\hy-00_3-056.png"
"DUP-0604","4837E8F6D1748AB8744EA9F9222CBFC2E283C95BA8FFAE74A5309648AD245DD7","859","3","1718","Gait Phase Classification\Gait_classified_legacy\heel_strike\ljg-00_1-011.png | Gait_classified\heel_strike\ljg-00_1-011.png | Gait\Train\heel_strike\ljg-00_1-011.png"
"DUP-0605","4884AF6BB5E44C25F11DBB6DA7DB619E34B80BAC7CFCAB34F1CF4928CEB1827C","651","3","1302","Gait Phase Classification\Gait_classified_legacy\other\fyc-00_3-018.png | Gait_classified\other\fyc-00_3-018.png | Gait\Train\other\fyc-00_3-018.png"
"DUP-0606","66D112E8CC1853708254E89F8452A1B64B6F6024887041095DB260414238DAF0","657","3","1314","Gait Phase Classification\Gait_classified_legacy\other\fyc-00_3-029.png | Gait_classified\other\fyc-00_3-029.png | Gait\Train\other\fyc-00_3-029.png"
"DUP-0607","67E2C18E8225B6D892C0D7731E82D62A1E86311D0E2283DA719CB743B17FFAD4","689","3","1378","Gait Phase Classification\Gait_classified_legacy\other\fyc-00_4-046.png | Gait_classified\other\fyc-00_4-046.png | Gait\Train\other\fyc-00_4-046.png"
"DUP-0608","6741AB5345938406DAE0521335E61C20C5E62103EF8794F575668D9466E984C3","733","3","1466","Gait Phase Classification\Gait_classified_legacy\other\hy-00_3-041.png | Gait_classified\other\hy-00_3-041.png | Gait\Train\other\hy-00_3-041.png"
"DUP-0609","68F19A90AC81987B3C6FC126CCF0DE4448BCB46B3E419EA6228B0BD28A2F1A9A","636","3","1272","Gait Phase Classification\Gait_classified_legacy\other\fyc-00_2-058.png | Gait_classified\other\fyc-00_2-058.png | Gait\Train\other\fyc-00_2-058.png"
"DUP-0610","47808F7EDADA6B32FC06C07BCB10B2CDE78FC3326304BA7A5786D018520D7006","840","3","1680","Gait Phase Classification\Gait_classified_legacy\other\hy-00_3-028.png | Gait_classified\other\hy-00_3-028.png | Gait\Train\other\hy-00_3-028.png"
"DUP-0611","4A0AAD2EE7C5F2B30BB607AECE33489D89539B4CE0DB22C9A9CF6E0D8A899B25","716","3","1432","Gait Phase Classification\Gait_classified_legacy\other\fyc-00_2-041.png | Gait_classified\other\fyc-00_2-041.png | Gait\Train\other\fyc-00_2-041.png"
"DUP-0612","64474A58A7B153106DFF3A38DD6AD88DF905BDE3E61F29528CA76193E6D606D2","738","3","1476","Gait Phase Classification\Gait_classified_legacy\other\hy-00_2-026.png | Gait_classified\other\hy-00_2-026.png | Gait\Train\other\hy-00_2-026.png"
"DUP-0613","4E582003158538EF0B6C30F997EE6D154A2969A9389D8AF8846C980E9E0BA376","660","3","1320","Gait Phase Classification\Gait_classified_legacy\other\ljg-00_3-014.png | Gait_classified\other\ljg-00_3-014.png | Gait\Train\other\ljg-00_3-014.png"
"DUP-0614","6439C3079C6758241FCD91F4A693D978589CECC4C10414C3607B517E793B61DD","707","3","1414","Gait Phase Classification\Gait_classified_legacy\other\fyc-00_4-005.png | Gait_classified\other\fyc-00_4-005.png | Gait\Train\other\fyc-00_4-005.png"
"DUP-0615","69BD06756D3868F76F73DA8B0BC72AA50B1A1EFE5A002000C516E58543C08F24","812","3","1624","Gait Phase Classification\Gait_classified_legacy\heel_strike\ljg-00_1-055.png | Gait_classified\heel_strike\ljg-00_1-055.png | Gait\Train\heel_strike\ljg-00_1-055.png"
"DUP-0616","4DBFF1174E4A64423D26205F153E3B23970925921302088372769BA4AB6DCE9E","943","3","1886","Gait Phase Classification\Gait_classified_legacy\heel_strike\lqf-00_1-021.png | Gait_classified\heel_strike\lqf-00_1-021.png | Gait\Train\heel_strike\lqf-00_1-021.png"
"DUP-0617","4DA87D6E784EB79DDCF761D3A6647F03CB8B52B06C0BB8CAC52F7635C32A187B","767","3","1534","Gait Phase Classification\Gait_classified_legacy\other\fyc-00_4-032.png | Gait_classified\other\fyc-00_4-032.png | Gait\Train\other\fyc-00_4-032.png"
"DUP-0618","4D7402C749BA333D984A9294E9278EA96243BCC61FF4CA8FFE36E1F57FAD6909","840","3","1680","Gait Phase Classification\Gait_classified_legacy\other\hy-00_4-018.png | Gait_classified\other\hy-00_4-018.png | Gait\Train\other\hy-00_4-018.png"
"DUP-0619","4CDDF33E01B9E9F8694800D961CE21942AD09233E70668E9AD2E514794924774","629","3","1258","Gait Phase Classification\Gait_classified_legacy\other\fyc-00_3-004.png | Gait_classified\other\fyc-00_3-004.png | Gait\Train\other\fyc-00_3-004.png"
"DUP-0620","46089053B54EF1B94B365270E8C72C30416F1E0968EE2B6202CDC5BA8ABF444C","808","3","1616","Gait Phase Classification\Gait_classified_legacy\heel_strike\ljg-00_3-004.png | Gait_classified\heel_strike\ljg-00_3-004.png | Gait\Train\heel_strike\ljg-00_3-004.png"
"DUP-0621","4933245E74F1DA9E237DFEB3F76F1AF2F3AB01F370743F42572B68CDD232D099","754","3","1508","Gait Phase Classification\Gait_classified_legacy\other\fyc-00_3-024.png | Gait_classified\other\fyc-00_3-024.png | Gait\Train\other\fyc-00_3-024.png"
"DUP-0622","4CB62A5EC43054EA6B00284B4CB81884C025F680A0FEE0D306358479C54F78CC","667","3","1334","Gait Phase Classification\Gait_classified_legacy\other\fyc-00_1-012.png | Gait_classified\other\fyc-00_1-012.png | Gait\Train\other\fyc-00_1-012.png"
"DUP-0623","69519E55060A1B5723169FA80EC70FB1598CFA67C1537604526445C7497399FE","765","3","1530","Gait Phase Classification\Gait_classified_legacy\other\fyc-00_3-043.png | Gait_classified\other\fyc-00_3-043.png | Gait\Train\other\fyc-00_3-043.png"
"DUP-0624","4CD88F6066D4C214D640EF6E7EFB0BAD2E0E68C1F9AE105E018F2D4B63B961AC","873","3","1746","Gait Phase Classification\Gait_classified_legacy\heel_strike\hy-00_4-019.png | Gait_classified\heel_strike\hy-00_4-019.png | Gait\Train\heel_strike\hy-00_4-019.png"
"DUP-0625","69600416653B88B9214D55F8DDD7F0B14366A96DF6D8EB9BDA999A959EA45F81","923","3","1846","Gait Phase Classification\Gait_classified_legacy\heel_strike\ljg-00_1-025.png | Gait_classified\heel_strike\ljg-00_1-025.png | Gait\Train\heel_strike\ljg-00_1-025.png"
"DUP-0626","DF17F053F39E58B473D5B2FC6506C3F3DD98543091B8BE7114CA48084E870292","890","2","890","Gait_classified\other\ljg-00_4-018.png | Gait\Train\other\ljg-00_4-018.png"
"DUP-0627","DD73A7C89430F682BF33B151DADAEE9BCD77CA424F5658B4D534969B0114BCB0","843","2","843","Gait_classified\other\lqf-00_2-059.png | Gait\Train\other\lqf-00_2-059.png"
"DUP-0628","DBB67D37DECF90E28FD30F2C9D28F29CCE6FA3D248A617F0E92552EB5D396DC8","796","2","796","Gait_classified\other\lqf-00_3-039.png | Gait\Train\other\lqf-00_3-039.png"
"DUP-0629","DEFEA1873914BEE3B0562DC72B853B2D02490BCF5F19D1F2FAA1B712B10E7157","789","2","789","Gait_classified\toe_off\fyc-00_4-043.png | Gait\Test\Toe\fyc-00_4-043.png"
"DUP-0630","DEBEE1E44AC2DD9A0D795664E81DC0011C7261EC09C7D98845EAB0FA2C673C73","808","2","808","Gait_classified\other\lqf-00_3-026.png | Gait\Train\other\lqf-00_3-026.png"
"DUP-0631","17E5A647D1702FACF0E42DD5AEE3107D95AA0D052161693626986ED8F8605941","948","2","948","Gait_classified\other\ljg-00_4-043.png | Gait\Train\other\ljg-00_4-043.png"
"DUP-0632","177B0715274D70926DFE718D0D9360A303A97B916C3501E25CD7B040A3D2B34B","765","2","765","Gait_classified\other\lqf-00_3-020.png | Gait\Train\other\lqf-00_3-020.png"
"DUP-0633","DEB27B85CAA582ED1BE477A330034344355427E77290C0D7A64EECA8858F4171","913","2","913","Gait_classified\other\lqf-00_3-034.png | Gait\Train\other\lqf-00_3-034.png"
"DUP-0634","DD1270669BB20BC233CAE7FC59DFF7DCAFEE65F34C37A6D31DC2D2E4C07652C4","996","2","996","Gait_classified\other\lqf-00_2-022.png | Gait\Train\other\lqf-00_2-022.png"
"DUP-0635","035FDC197BF3BCD1824A5828BB77B6A0C19B9FBA47B7874979853134DCB35DFC","765","2","765","Gait_classified\other\ljg-00_4-049.png | Gait\Train\other\ljg-00_4-049.png"
"DUP-0636","17ACA8D25E0CFB5FB8859F7B931B8E9BE4B9FCEF0B54C199A0712F7EF7517B51","735","2","735","Gait_classified\toe_off\fyc-00_2-065.png | Gait\Test\Toe\fyc-00_2-065.png"
"DUP-0637","7DCF966A1C6A5AA99EBC3F3B8D3E3016535E4D95BA33FAA0E082D4D21D17F84B","935","2","935","Gait_classified\other\lqf-00_3-033.png | Gait\Train\other\lqf-00_3-033.png"
"DUP-0638","FB3E3E4309BD44034FB8EA44EA5D217E3CA3681F4B37736FDC47A5B4FB10C43B","854","2","854","Gait_classified\other\lqf-00_3-027.png | Gait\Train\other\lqf-00_3-027.png"
"DUP-0639","DD22074ECCACE2E6B442952FE45621BC2D83F49485278DB26A4F6CCB2DD040FA","920","2","920","Gait_classified\other\lqf-00_1-033.png | Gait\Train\other\lqf-00_1-033.png"
"DUP-0640","7E0A62632DBF84C8E8622466ADA5554BCE3313B96152F25F84E2942C3AF2F056","735","2","735","Gait_classified\other\lqf-00_2-053.png | Gait\Train\other\lqf-00_2-053.png"
"DUP-0641","70F934783AE1016E31F5E1CF44E6F7C4F50CF0B743BB455DEF2FE82A58B2FFB9","707","2","707","Gait_classified\other\lqf-00_2-056.png | Gait\Train\other\lqf-00_2-056.png"
"DUP-0642","180AC4085494DAD39D8F31C058A1294290BFC0EAD174D981338FC8E75EC32E62","814","2","814","Gait_classified\other\lqf-00_1-054.png | Gait\Train\other\lqf-00_1-054.png"
"DUP-0643","D51F9824A69439D29448C7EB72D5A23A5C2417C13A5DA6D87CD68861FE57D6D8","903","2","903","Gait_classified\other\lqf-00_3-065.png | Gait\Train\other\lqf-00_3-065.png"
"DUP-0644","D52D07FDA4A4F9D46084CB0CFD4AC44EFC515EA62A65FAD262D0800CDA79E1AB","766","2","766","Gait_classified\other\lqf-00_1-001.png | Gait\Train\other\lqf-00_1-001.png"
"DUP-0645","1C3AAA641648691C605FD94EC36569ABECB8C4DD944A2F60453B627C769D19B1","770","2","770","Gait_classified\toe_off\fyc-00_4-031.png | Gait\Test\Toe\fyc-00_4-031.png"
"DUP-0646","0082897AC131C1917FB9BAFA39E2F307908DCD7B4AA2A4F0048F40FE967B44E9","831","2","831","Gait_classified\other\lqf-00_3-060.png | Gait\Train\other\lqf-00_3-060.png"
"DUP-0647","1C39656770EB0EF5F6226BEA49D62064D6FABB23EC52152E691BB50E7FE5BF71","804","2","804","Gait_classified\other\lqf-00_2-058.png | Gait\Train\other\lqf-00_2-058.png"
"DUP-0648","FF550CC6808E3C57F33DF936AEFA30DD8BA5AEB95C63DB6F8C5E03239287B954","755","2","755","Gait_classified\other\ljg-00_3-069.png | Gait\Train\other\ljg-00_3-069.png"
"DUP-0649","1B3DD256D5FB6238C1310FB80DA3DCDC7362CE99348CFE5D63D682BD08B7C944","731","2","731","Gait_classified\other\ljg-00_3-053.png | Gait\Train\other\ljg-00_3-053.png"
"DUP-0650","5B1284D4D32F40CBEE6A98885A49D12EFCAD4EB4A684D95787311CEFA3F434ED","875","2","875","Gait_classified\other\lqf-00_3-042.png | Gait\Train\other\lqf-00_3-042.png"
"DUP-0651","6BA70A808E11FE3233386560159FF3F7F3689EEED426E89673B5CEBC1C75086A","740","2","740","Gait_classified\other\lqf-00_1-018.png | Gait\Train\other\lqf-00_1-018.png"
"DUP-0652","D71BCA0B0EED72CF237819FAFA4BBC7A03560CF77FF1E954BC5BCAEDA1D48358","740","2","740","Gait_classified\other\lqf-00_2-054.png | Gait\Train\other\lqf-00_2-054.png"
"DUP-0653","6BAF85D4151CCF57A70B94212B2031137D6E1A1894AB210902819CEEA0C92F65","8463","2","8463","Gait\Gaitset_model-Copy1.ipynb | Gait\Gaitset_model.ipynb"
"DUP-0654","D7D001F3621C6FD3273BEBEA62889F5B19858B299C6467C3E018FF64091A4901","752","2","752","Gait_classified\other\lqf-00_2-014.png | Gait\Train\other\lqf-00_2-014.png"
"DUP-0655","7FD86574883AC1C626587E41B28AD8A72E9DB68EA5E5DDDFA66754975818BB6A","696","2","696","Gait_classified\other\lqf-00_2-055.png | Gait\Train\other\lqf-00_2-055.png"
"DUP-0656","1A77F38D2FE6891DC5CFFF6F4E13DD7E7181103FC9133448AB9621D278D4D2B3","791","2","791","Gait_classified\other\ljg-00_4-059.png | Gait\Train\other\ljg-00_4-059.png"
"DUP-0657","D86ED9973639107292D16317EE7C349E48C0BD4A3D13CECFD8F6C59C0FEB9EFB","888","2","888","Gait_classified\other\ljg-00_4-046.png | Gait\Train\other\ljg-00_4-046.png"
"DUP-0658","D8A50F4F548102E44E2C30972CDE89FC1A656B102CC4D516907846AF7E14A635","772","2","772","Gait_classified\other\lqf-00_3-009.png | Gait\Train\other\lqf-00_3-009.png"
"DUP-0659","19D48A1757974405A47E328E33D57D2501B9DC8928B8291CE23676967AE99213","813","2","813","Gait_classified\other\ljg-00_3-041.png | Gait\Train\other\ljg-00_3-041.png"
"DUP-0660","5B57363A5131B45CF6852E3D7DFCD9D00100CE27B1D7B7FE7F2790BAC80AE8A9","821","2","821","Gait_classified\other\lqf-00_2-004.png | Gait\Train\other\lqf-00_2-004.png"
"DUP-0661","FC40CA3C5F1D153727271ED4B191DC665C47D458AD73D6BE22B6CC23CC5C4D10","831","2","831","Gait_classified\other\lqf-00_2-017.png | Gait\Train\other\lqf-00_2-017.png"
"DUP-0662","DA5F0BE8E94915063EADD0CF648BE6CD539475D667D39A444AB1E428F02BD195","959","2","959","Gait_classified\other\ljg-00_4-030.png | Gait\Train\other\ljg-00_4-030.png"
"DUP-0663","5C6747A10BFB2738866A31B06DDF009DEDFE877961C0DE8B101F95DFA5624013","787","2","787","Gait_classified\toe_off\fyc-00_2-051.png | Gait\Test\Toe\fyc-00_2-051.png"
"DUP-0664","DB7253DDABB78830819A17037B7C838287503FB6290077F7B96D6248B256B5FD","823","2","823","Gait_classified\other\ljg-00_4-014.png | Gait\Train\other\ljg-00_4-014.png"
"DUP-0665","5CC565A127420BF591AE35503062C59B64F8218CC63F5C131114DB1988C444AE","779","2","779","Gait_classified\other\ljg-00_4-048.png | Gait\Train\other\ljg-00_4-048.png"
"DUP-0666","7BCDB796C48CED93CDB95C38DF940A3507B2A8747F212E4D910A300616E9BCFD","921","2","921","Gait_classified\other\lqf-00_1-008.png | Gait\Train\other\lqf-00_1-008.png"
"DUP-0667","7CA61108B48774EE444F84C80C2498E4BD549557458A5E8CA91D6B5B30B7DCEA","754","2","754","Gait_classified\other\lqf-00_1-017.png | Gait\Train\other\lqf-00_1-017.png"
"DUP-0668","80EB9D95AEB1386FA3E5A16F0883A39CBE32C253377D630D2EE313DA0DF80E24","856","2","856","Gait_classified\other\ljg-00_4-004.png | Gait\Train\other\ljg-00_4-004.png"
"DUP-0669","EAEE72D7A42F4CEC170E5E94520273DE2F0F0989DF9FE2101D1EFBE03F705AB0","723","2","723","Gait_classified\other\ljg-00_3-058.png | Gait\Train\other\ljg-00_3-058.png"
"DUP-0670","EBA737EF9FD1E0C2BA2E0EFF10AF72A14BCC58B8AEFF8EAFE23A54069CD3082B","788","2","788","Gait_classified\other\lqf-00_2-041.png | Gait\Train\other\lqf-00_2-041.png"
"DUP-0671","0F2ED77D63C997B4A95DF95417032F5F82342411E63327E2821758713FD42D44","989","2","989","Gait_classified\other\lqf-00_1-011.png | Gait\Train\other\lqf-00_1-011.png"
"DUP-0672","0E9AFE1C5FD6173CAC38469018417E8DAA4345060439E14CB535B22BCABF51D3","834","2","834","Gait_classified\other\lqf-00_1-055.png | Gait\Train\other\lqf-00_1-055.png"
"DUP-0673","F46812A3AC795BFF2D3217EC2103A2D9C728A6F48F2359EA69F55B0FEA6D392D","728","2","728","Gait_classified\other\ljg-00_4-025.png | Gait\Train\other\ljg-00_4-025.png"
"DUP-0674","66138F30D9D67F4A5ADB7B7F0A917EF4E48992B3FD220C521EC6F686CFDCD9F5","923","2","923","Gait_classified\other\lqf-00_3-044.png | Gait\Train\other\lqf-00_3-044.png"
"DUP-0675","76A21A3BD47E0E5707A2E3F5C0276B3512E48C794CDB95F975DD4E39FE4B311E","860","2","860","Gait_classified\other\ljg-00_3-044.png | Gait\Train\other\ljg-00_3-044.png"
"DUP-0676","EC7DA7509A1BEE3808B5EF352CC3A4496F32F112247595116063A8E41BAC9FC8","739","2","739","Gait_classified\other\lqf-00_2-057.png | Gait\Train\other\lqf-00_2-057.png"
"DUP-0677","7687015C8341A057EADC25DE2FF69A802CAE2DF70246EE2E219595A7637BCBA9","799","2","799","Gait_classified\other\ljg-00_3-065.png | Gait\Train\other\ljg-00_3-065.png"
"DUP-0678","7617BD95526C58A88A0AB0C9A74A98A7B0DFDDAFB235F87E6922BC16C249D969","803","2","803","Gait_classified\other\lqf-00_3-010.png | Gait\Train\other\lqf-00_3-010.png"
"DUP-0679","60A2F1B5DABF63438A4AE92D45199726D3D704AF2DCBAE8DDA1D4D2733FEC6A1","711","2","711","Gait_classified\other\ljg-00_4-062.png | Gait\Train\other\ljg-00_4-062.png"
"DUP-0680","75F774E3373F1678BECC5550C73EA4A0FA9B33B88B184C77BEB893C0F4F024D2","954","2","954","Gait_classified\other\lqf-00_3-045.png | Gait\Train\other\lqf-00_3-045.png"
"DUP-0681","0C4BB5599C6C2B1446E3728F537CCC609D793BFDE4668E8C5E030A2AAEADDB3D","849","2","849","Gait_classified\other\ljg-00_3-039.png | Gait\Train\other\ljg-00_3-039.png"
"DUP-0682","0BED9693DD6D21502902A1683A5AD75B5D8A0016C4C308F189C2CF08F36BEC85","844","2","844","Gait_classified\other\ljg-00_4-034.png | Gait\Train\other\ljg-00_4-034.png"
"DUP-0683","0BE1F57CA6147DE7D1634998D5908529BAFA41E31B3F377504B2CCA21A240897","759","2","759","Gait_classified\other\lqf-00_3-003.png | Gait\Train\other\lqf-00_3-003.png"
"DUP-0684","0873EA513D0DE2B040BA10E16A582ACEC7F08725567609FFC60437D89D8652E0","717","2","717","Gait_classified\toe_off\fyc-00_2-052.png | Gait\Test\Toe\fyc-00_2-052.png"
"DUP-0685","F2FDF18F5348FCEE12C19874E03DF1048A2E5DFCE6C650D3313E3C121946B973","952","2","952","Gait_classified\other\lqf-00_3-015.png | Gait\Train\other\lqf-00_3-015.png"
"DUP-0686","F05C9CD56948375F6ECE50FEB1878E4715061D7B2D66FA563F471F932C161DAF","832","2","832","Gait_classified\other\ljg-00_3-060.png | Gait\Train\other\ljg-00_3-060.png"
"DUP-0687","08B3EE5253F23209334D36F74A21ADB0F1C011F1C2DBA678CF32463E3F4E93DA","927","2","927","Gait_classified\other\ljg-00_4-027.png | Gait\Train\other\ljg-00_4-027.png"
"DUP-0688","632D270930CC0A12ED81BC554038978401FA63A351A26A6010B33B50AA3B3316","791","2","791","Gait_classified\other\ljg-00_4-035.png | Gait\Train\other\ljg-00_4-035.png"
"DUP-0689","09819D1626A2BA89608CB5FE69A60DBD4A6D50EA28711EA1954F7AC9CD4437F0","937","2","937","Gait_classified\other\lqf-00_1-047.png | Gait\Train\other\lqf-00_1-047.png"
"DUP-0690","719284B7C46347A538C02130D42ED6D6CCBC5908B5C23436C8F8E490747897BB","1000","2","1000","Gait_classified\other\lqf-00_1-024.png | Gait\Train\other\lqf-00_1-024.png"
"DUP-0691","77949F2790CECFD86A3AF1EC59F59EFE60877CDF5CA7EF37D8205FF66FE1860B","780","2","780","Gait_classified\other\ljg-00_4-056.png | Gait\Train\other\ljg-00_4-056.png"
"DUP-0692","0713B0E5A956FB0D26721501C239513DBED675956D5E41C72413445402141605","909","2","909","Gait_classified\other\ljg-00_3-045.png | Gait\Train\other\ljg-00_3-045.png"
"DUP-0693","5F9F0DD88893C540FEACFF863415F09B581B4C4CC0D9D1F1CECDD0E7FA138F2F","733","2","733","Gait_classified\other\lqf-00_1-043.png | Gait\Train\other\lqf-00_1-043.png"
"DUP-0694","F54B266E05CD3DA2BC9C466A6A49BC905B93838E6820C00DD8DD6FA3C6F0E2BD","871","2","871","Gait_classified\other\lqf-00_2-008.png | Gait\Train\other\lqf-00_2-008.png"
"DUP-0695","6CBD719ACB1616126D234F8A386C9BD09071E81203170A436F705F4C40A6C11F","771","2","771","Gait_classified\other\lqf-00_3-023.png | Gait\Train\other\lqf-00_3-023.png"
"DUP-0696","045485E8D4F9B0B3C3B8550DECF5E6D7978A2555D43B44B3C58EF998CC61486D","764","2","764","Gait_classified\toe_off\fyc-00_3-049.png | Gait\Test\Toe\fyc-00_3-049.png"
"DUP-0697","F985B688E8C1DE65C27F4336E44B1A85C5F6F1C06CE6D77031E1627505126E48","828","2","828","Gait_classified\other\ljg-00_4-039.png | Gait\Train\other\ljg-00_4-039.png"
"DUP-0698","6CEB81C9FE8476C5405E685B6804693033ADBFFFA113A4334ADB2BE335B25EA7","770","2","770","Gait_classified\other\lqf-00_3-071.png | Gait\Train\other\lqf-00_3-071.png"
"DUP-0699","E0E8739D357E236C9B0D111257550E9491D49E1F62F0D6B5C8A022CB33B703F7","800","2","800","Gait_classified\other\ljg-00_3-059.png | Gait\Train\other\ljg-00_3-059.png"
"DUP-0700","04E5B38CA733F0F9531490C1EA6EAA4B41D7886C46C7EB38B5861D266D6529EC","849","2","849","Gait_classified\other\lqf-00_2-046.png | Gait\Train\other\lqf-00_2-046.png"
"DUP-0701","15CF8DD355A0A84E2A56A56C855F4965A82AACC4FAE63AEC0EB407752EF59D8B","727","2","727","Gait_classified\other\ljg-00_4-050.png | Gait\Train\other\ljg-00_4-050.png"
"DUP-0702","E3072BF2ECDE940B842F0FF2F4F6D3E6B457FD3104EC2A20595F2807F7CCBCA3","806","2","806","Gait_classified\other\lqf-00_1-016.png | Gait\Train\other\lqf-00_1-016.png"
"DUP-0703","04EC39429CF08D3065C0AC7A96580BDDFBA1CFA5245C344CE1EE20D9778E65FD","870","2","870","Gait_classified\other\lqf-00_3-055.png | Gait\Train\other\lqf-00_3-055.png"
"DUP-0704","E396EB772EB6A9CDD4846EFF305C461375B32E79AC935A2FF1D9E05111E42174","918","2","918","Gait_classified\other\lqf-00_2-018.png | Gait\Train\other\lqf-00_2-018.png"
"DUP-0705","E3E567FD234D1CA7566918A4A04A8EB63E37641CDB67696BB94EC2C6873FCEC5","787","2","787","Gait_classified\other\lqf-00_3-073.png | Gait\Train\other\lqf-00_3-073.png"
"DUP-0706","6C94A78E48464A11B4369662F730A2F136F47B90AF3C121481D61E682D914344","862","2","862","Gait_classified\other\lqf-00_2-028.png | Gait\Train\other\lqf-00_2-028.png"
"DUP-0707","E4E9D6D74AC2715FB72251F9F4A6D1EB9BC565D5C0FDCF88C09A5DB1852EB8E5","994","2","994","Gait_classified\other\lqf-00_3-046.png | Gait\Train\other\lqf-00_3-046.png"
"DUP-0708","7BC1FB698832FBDA8FE29C841C677EB29E597AACED1B082FCC6D8E553267E0A6","885","2","885","Gait_classified\other\ljg-00_4-040.png | Gait\Train\other\ljg-00_4-040.png"
"DUP-0709","E5264914F29AB6DBFE7E11001EB253C83325D2134EB8867F41059858526CBA38","772","2","772","Gait_classified\other\ljg-00_4-013.png | Gait\Train\other\ljg-00_4-013.png"
"DUP-0710","5D7E074B6694B2ACB588FAFD070441728B14E03BDAEEBE6256B4CA7F57C5218D","790","2","790","Gait_classified\other\ljg-00_3-063.png | Gait\Train\other\ljg-00_3-063.png"
"DUP-0711","E825D291907A31D334C014DC61895BD3C6040FB5FE7E54FEBF89F1F5B7504BF8","887","2","887","Gait_classified\other\lqf-00_2-049.png | Gait\Train\other\lqf-00_2-049.png"
"DUP-0712","1277A17A198D2AA0908BC9132EB1A87D03A288C2DA15447CEE0D5980E3720E8B","987","2","987","Gait_classified\other\lqf-00_1-034.png | Gait\Train\other\lqf-00_1-034.png"
"DUP-0713","791551829CE047066B720383164642DAE54EAEE97D66B8182371BB56C229F031","904","2","904","Gait_classified\other\ljg-00_4-015.png | Gait\Train\other\ljg-00_4-015.png"
"DUP-0714","E8DB9A320BAC3114432808BC6E616DE149207E3B4AAC1DE18CCC339B1C66D836","1037","2","1037","Gait_classified\other\lqf-00_1-035.png | Gait\Train\other\lqf-00_1-035.png"
"DUP-0715","11CCE44C0E3A0D12B0366C3B23987C3FE892FF877D3F5D8407D1E0F66B3296B0","901","2","901","Gait_classified\other\lqf-00_3-028.png | Gait\Train\other\lqf-00_3-028.png"
"DUP-0716","5EE4CBD95B2FC6B0FADD0E752B9A90788790046C2BD4FACEDD2A38C5115CE448","791","2","791","Gait_classified\other\ljg-00_4-037.png | Gait\Train\other\ljg-00_4-037.png"
"DUP-0717","E98E483C2352EBABA5EBFC05F697C236DB925F8516ABCBFF31B5C1DF6E919450","751","2","751","Gait_classified\other\lqf-00_3-022.png | Gait\Train\other\lqf-00_3-022.png"
"DUP-0718","5EF0EFACB8E5778046DE7EADAEEEF762BE32EE49D8A3C91299EAB11D6A60D987","894","2","894","Gait_classified\other\lqf-00_2-048.png | Gait\Train\other\lqf-00_2-048.png"
"DUP-0719","15214BEFC9B003B20B1D538261788989400C955680D68127044BEA1EC957B945","943","2","943","Gait_classified\other\ljg-00_4-031.png | Gait\Train\other\ljg-00_4-031.png"
"DUP-0720","A39A27A37298E435E39580A4E3A35C43702376B96818F2292C2E51689B430773","893","2","893","Gait_classified\other\lqf-00_2-039.png | Gait\Train\other\lqf-00_2-039.png"
"DUP-0721","CD2518216471F4B7C396768268988C4745BD48DCBBEB08F3BC2559004458C5FC","692","2","692","Gait_classified\other\ljg-00_4-051.png | Gait\Train\other\ljg-00_4-051.png"
"DUP-0722","1D08B789632124B1ADF0FED294F3B932A33435D690B74CE5F6DF6600738ACCA4","746","2","746","Gait_classified\other\lqf-00_2-052.png | Gait\Train\other\lqf-00_2-052.png"
"DUP-0723","B46CF0D0BC9932793A13D54E687E4E5F3F8AF3D687583DFC55C5C435D2990DE6","771","2","771","Gait_classified\other\lqf-00_2-001.png | Gait\Train\other\lqf-00_2-001.png"
"DUP-0724","9AA5615F776EBBEA09E2D6F83F5E4520E6DA3F61DA36E1F7FB40CB62B08447AF","705","2","705","Gait_classified\other\ljg-00_4-011.png | Gait\Train\other\ljg-00_4-011.png"
"DUP-0725","4DEE610CA4DEF7181ED6A99B89F44DEE0A5ED49BB70555E5613B89388D0EBAA3","968","2","968","Gait_classified\other\lqf-00_2-023.png | Gait\Train\other\lqf-00_2-023.png"
"DUP-0726","3977FC0FFB2A951873237ABA08D210F18C9654AE09D993F83EBEED19FB51FA22","803","2","803","Gait_classified\other\lqf-00_2-044.png | Gait\Train\other\lqf-00_2-044.png"
"DUP-0727","4FC1DE266AF2646289330A741BB69F220DE8938322A0481E82D2639B4827BB25","741","2","741","Gait_classified\other\lqf-00_3-058.png | Gait\Train\other\lqf-00_3-058.png"
"DUP-0728","5038BA1393D72DB7A3E9650C2FB9E7C9F5EA31C7A705318AAACFE68157BD6433","788","2","788","Gait_classified\other\ljg-00_4-023.png | Gait\Train\other\ljg-00_4-023.png"
"DUP-0729","96110C9D588816028D5ACD5C4F0C1CCE65415CD5A705FBDA59FB0258097429A3","811","2","811","Gait_classified\other\lqf-00_2-003.png | Gait\Train\other\lqf-00_2-003.png"
"DUP-0730","B9C67EDA6382DE1108FB6741159164EAD5B5CB89E304721743A9989490E9211F","812","2","812","Gait_classified\other\ljg-00_4-058.png | Gait\Train\other\ljg-00_4-058.png"
"DUP-0731","9573B794FBFA0F45740BDF86B608F2B591AB118829A6C7A9E7B9AD1CF30E5B02","692","2","692","Gait_classified\toe_off\fyc-00_3-014.png | Gait\Test\Toe\fyc-00_3-014.png"
"DUP-0732","BA3FB655D27DD873DBF50224047CAF4D669E8368770D96D123F2E95F8AB7B903","862","2","862","Gait_classified\other\lqf-00_3-037.png | Gait\Train\other\lqf-00_3-037.png"
"DUP-0733","956513C147211E83D2D1A187C5E8A81066C7976450F6D214752C765915B845FB","829","2","829","Gait_classified\other\ljg-00_4-005.png | Gait\Train\other\ljg-00_4-005.png"
"DUP-0734","36641A0C28A865EEB600A9D28A8062CE0A822E4F43B9D17F171B9B212277E11F","1022","2","1022","Gait_classified\other\lqf-00_3-049.png | Gait\Train\other\lqf-00_3-049.png"
"DUP-0735","515B3576054FFD501D58470895AA0F8B43B56E8FA4507B6C27B059E6F2195819","726","2","726","Gait_classified\toe_off\fyc-00_3-025.png | Gait\Test\Toe\fyc-00_3-025.png"
"DUP-0736","BB24C1CE89163BD50D154E66C488E9D4E88ED52DD611AC7EB100E807C67F90D6","733","2","733","Gait_classified\toe_off\fyc-00_2-064.png | Gait\Test\Toe\fyc-00_2-064.png"
"DUP-0737","35A6F390E93FDFCB5145C2153745D94B0A28F9E5BA38FE319CA255AC881F41EE","870","2","870","Gait_classified\other\lqf-00_1-014.png | Gait\Train\other\lqf-00_1-014.png"
"DUP-0738","3562D2448B4949AB1E1462E28EB3D6585438791AC6A953D132D9DB4858254267","760","2","760","Gait_classified\other\lqf-00_2-042.png | Gait\Train\other\lqf-00_2-042.png"
"DUP-0739","354511A47CFA886A48B4B43D89416925F0D6B0D64B1BDA4687D34FBEE0296C48","730","2","730","Gait_classified\other\lqf-00_1-044.png | Gait\Train\other\lqf-00_1-044.png"
"DUP-0740","935F42759056E6FE0DEFA9DE675AF7B095F882E91C55344D7D9B054D46C839BE","894","2","894","Gait_classified\other\ljg-00_4-032.png | Gait\Train\other\ljg-00_4-032.png"
"DUP-0741","BC929DDE0485E764C82949E1E0F0ADC3116995901452C7541211B0BE0E50A070","841","2","841","Gait_classified\other\lqf-00_3-061.png | Gait\Train\other\lqf-00_3-061.png"
"DUP-0742","92B4B73A897B698B917250BE68B2A4E81024AC6B18E7596AC18BDA3E8EEE07F5","777","2","777","Gait_classified\other\ljg-00_3-068.png | Gait\Train\other\ljg-00_3-068.png"
"DUP-0743","9239D10E3838D954B2CF4FE091A4A7A2E911CD895E3213B7C1CACF475667A7EF","707","2","707","Gait_classified\other\lqf-00_1-004.png | Gait\Train\other\lqf-00_1-004.png"
"DUP-0744","917BF05A75847D4B237E54B3132CC360522300AB47B93BA4203E3E06F423CE77","758","2","758","Gait_classified\other\lqf-00_3-004.png | Gait\Train\other\lqf-00_3-004.png"
"DUP-0745","3356CC0E40B2799C461A28891213098366D3ED9606ED9B9BB00E99F4207BAF39","718","2","718","Gait_classified\toe_off\fyc-00_3-061.png | Gait\Test\Toe\fyc-00_3-061.png"
"DUP-0746","90683CCCAD946CE993E2EDBE904EF31ABE300823ACD3095E54A938A0DF47FABD","738","2","738","Gait_classified\toe_off\fyc-00_3-038.png | Gait\Test\Toe\fyc-00_3-038.png"
"DUP-0747","9045B3EF940530B18D0F6324AC76C0CBA25290C16047D349D53BD46C1B65819A","723","2","723","Gait_classified\other\ljg-00_3-054.png | Gait\Train\other\ljg-00_3-054.png"
"DUP-0748","32917B193D7AD668FE4BBC4E1ED06A6703392691D7EB81594DCFBCA30AECFB6D","826","2","826","Gait_classified\other\lqf-00_3-041.png | Gait\Train\other\lqf-00_3-041.png"
"DUP-0749","9024F2D25DB631BD3C6060EC2220694B933F87093D887EACA503DBF1662A6C74","695","2","695","Gait_classified\other\ljg-00_3-056.png | Gait\Train\other\ljg-00_3-056.png"
"DUP-0750","900FBD716C271771B8FDBD8817FD46E236BD1B0A0E7D90AE6F381842329B298E","762","2","762","Gait_classified\other\lqf-00_3-021.png | Gait\Train\other\lqf-00_3-021.png"
"DUP-0751","BFC5B1E0924C61A83CDD61A5CB51AE79A2C3B7E7600ED758F0F58886A7131A20","869","2","869","Gait_classified\other\lqf-00_2-009.png | Gait\Train\other\lqf-00_2-009.png"
"DUP-0752","3AE1098E55DC39B958E68AE37D2E63A101AF0623682F099BF23B3D5CFD19B296","778","2","778","Gait_classified\other\lqf-00_3-075.png | Gait\Train\other\lqf-00_3-075.png"
"DUP-0753","317F51021427A38CE666E2EE4FA9C3F34E64305401F30F96748D0168DCD38463","870","2","870","Gait_classified\other\lqf-00_3-036.png | Gait\Train\other\lqf-00_3-036.png"
"DUP-0754","B3377ACA2B62D0BD7A4A21423B25C237C3E3AC0A40897D0894697CB955BC8B0C","816","2","816","Gait_classified\other\lqf-00_2-010.png | Gait\Train\other\lqf-00_2-010.png"
"DUP-0755","B2C0A2511338E51D5F8DB035D4AF50CE4D9ACBA7AFDC024F4252120FB11E4D3D","844","2","844","Gait_classified\other\lqf-00_2-040.png | Gait\Train\other\lqf-00_2-040.png"
"DUP-0756","45B61D511FE9DFC0035416F7370718C5ABFE31863C6D316BCD1648D1B2D953CD","858","2","858","Gait_classified\other\lqf-00_2-045.png | Gait\Train\other\lqf-00_2-045.png"
"DUP-0757","457665EFA385E925579EF48445B1C8EED8CC86753DC09F42C86933F884E16FE4","905","2","905","Gait_classified\other\ljg-00_3-048.png | Gait\Train\other\ljg-00_3-048.png"
"DUP-0758","A3ADCC2100E9142FD19C95DBD0BB1A9508BBB696BCCA30ACD927959535DB68AB","717","2","717","Gait_classified\other\lqf-00_3-008.png | Gait\Train\other\lqf-00_3-008.png"
"DUP-0759","A3CA264A1047BFC7DD7AB68F3CD16E423FD7E2032BDA10DEDA0DAB931C2A342D","780","2","780","Gait_classified\other\lqf-00_3-057.png | Gait\Train\other\lqf-00_3-057.png"
"DUP-0760","A3CBEF2B84DB814647CAF5D9467BBEBC0126EAC753175652231B0272A782CE12","808","2","808","Gait_classified\other\lqf-00_2-043.png | Gait\Train\other\lqf-00_2-043.png"
"DUP-0761","47B942BAD7681DA67459E433CB1C11E908C755507B817ED66A09A8057ECFE4C4","704","2","704","Gait_classified\other\ljg-00_4-066.png | Gait\Train\other\ljg-00_4-066.png"
"DUP-0762","A4DEDE73219F70DD2C88058D0C1DE3F2F461AAA5719731DAFEBBFA482E6BB44E","755","2","755","Gait_classified\other\lqf-00_2-015.png | Gait\Train\other\lqf-00_2-015.png"
"DUP-0763","A53C6F3ADA676E83CAB1F59DCDCC369D01AFCE34DF3F908B9EE55C9B044CE54B","721","2","721","Gait_classified\other\lqf-00_1-002.png | Gait\Train\other\lqf-00_1-002.png"
"DUP-0764","47BB2A8F975363D5EF4BEF42F798597676A6132786326EEF839771364E94A9B9","1006","2","1006","Gait_classified\other\lqf-00_1-037.png | Gait\Train\other\lqf-00_1-037.png"
"DUP-0765","A62088352713FA60253F3989DFFE3FEF164213C0C49A827D992635B82CC56EC1","706","2","706","Gait_classified\other\ljg-00_4-063.png | Gait\Train\other\ljg-00_4-063.png"
"DUP-0766","A71DFE0D0D6BAE47FBD9AD9FA9F80765350A467FFBA0D715373F18AA86B14734","956","2","956","Gait_classified\other\ljg-00_4-042.png | Gait\Train\other\ljg-00_4-042.png"
"DUP-0767","A76A91EB31A534E235A9BB62DA6FE81B2726E3FCC261CD45D2D537B04A275771","970","2","970","Gait_classified\other\lqf-00_3-032.png | Gait\Train\other\lqf-00_3-032.png"
"DUP-0768","A836185B7485032638DD462AFE0719B674BA05F9D0D53962A77593265830B8D8","860","2","860","Gait_classified\other\ljg-00_4-026.png | Gait\Train\other\ljg-00_4-026.png"
"DUP-0769","A87FA64C5968FE384A148ED2E639BC5F48476933250C17D96519337FDD6C2249","897","2","897","Gait_classified\other\ljg-00_3-049.png | Gait\Train\other\ljg-00_3-049.png"
"DUP-0770","42A2987F76B7466E1AE3F0F327FC44AFB8269270BEF9DBB797F11F2736CC746F","709","2","709","Gait_classified\other\ljg-00_4-064.png | Gait\Train\other\ljg-00_4-064.png"
"DUP-0771","9FBD82B0191D6FE0BE496E0A3BF84E9F4957868B99B015E90A189D0F03E362D5","818","2","818","Gait_classified\other\lqf-00_1-007.png | Gait\Train\other\lqf-00_1-007.png"
"DUP-0772","40EE7D046AD09BA811E9A880D61EC5E438FB6E0A1E79EE1117E27453638F273F","780","2","780","Gait_classified\other\lqf-00_3-076.png | Gait\Train\other\lqf-00_3-076.png"
"DUP-0773","404AAB5511B68D1DD03B76794D6E0EE6466ADA050CD76514B4F0FEB41A5246C9","720","2","720","Gait_classified\other\ljg-00_4-054.png | Gait\Train\other\ljg-00_4-054.png"
"DUP-0774","3F6CB8DAD50104A2A977263A2FB75DE97C690979EF18DDE269B79E533D2A039E","836","2","836","Gait_classified\other\ljg-00_3-043.png | Gait\Train\other\ljg-00_3-043.png"
"DUP-0775","AA7FD137DE0667814A86E319D9ABFAC455D3B9948597B564EA421E2C2E53ADE2","795","2","795","Gait_classified\other\lqf-00_3-040.png | Gait\Train\other\lqf-00_3-040.png"
"DUP-0776","AB1330D7DBB8084BE8D6EFA82D5E4A18BA90DEA4E0DDD5D8D2E1908732E8A84E","894","2","894","Gait_classified\other\lqf-00_3-067.png | Gait\Train\other\lqf-00_3-067.png"
"DUP-0777","AB1368E84A438161C618441AB8A3E5AA5840A4E84ACDBE99AAA68D376D969114","818","2","818","Gait_classified\other\lqf-00_3-038.png | Gait\Train\other\lqf-00_3-038.png"
"DUP-0778","9EB75A13563674BC7C86EC7CA85F49549A7EAF8D54C09234396759319F50D479","827","2","827","Gait_classified\other\ljg-00_3-040.png | Gait\Train\other\ljg-00_3-040.png"
"DUP-0779","3DCE1BEF3830CC38A1800A54CD2631026C692425CCB3197FA56BFC41C2E818FD","893","2","893","Gait_classified\other\lqf-00_1-032.png | Gait\Train\other\lqf-00_1-032.png"
"DUP-0780","4A77EA6A4AADCE155A68EB2CDE93435A441681E4D63D35422B32102E14741EE3","758","2","758","Gait_classified\other\lqf-00_3-006.png | Gait\Train\other\lqf-00_3-006.png"
"DUP-0781","AEC6353474BF0E1148A09B31F8F2DA1895FF3D806D0F59EA7FBF4DEB41FD1071","1058","2","1058","Gait_classified\other\lqf-00_2-035.png | Gait\Train\other\lqf-00_2-035.png"
"DUP-0782","9DD3E7A2FB2831E9687D80A726B7536CDBABE7047E6D13AC93CDA7CF003E466A","706","2","706","Gait_classified\other\ljg-00_4-053.png | Gait\Train\other\ljg-00_4-053.png"
"DUP-0783","9D6D2B883254A3B7294C263EF7E3CC52934766A2903946158F86F5DB3860524E","912","2","912","Gait_classified\other\ljg-00_4-045.png | Gait\Train\other\ljg-00_4-045.png"
"DUP-0784","B29EEF6F9E3F9ABE0E31F3DA29D5E48972CD3FC8F2D404D678E0D674AB0D5F20","788","2","788","Gait_classified\other\lqf-00_2-013.png | Gait\Train\other\lqf-00_2-013.png"
"DUP-0785","3C13EC26FE9E4569F8BC0918D42FFC7740BB675ECD4B5BEFC8E88B366C0EB885","810","2","810","Gait_classified\other\lqf-00_2-012.png | Gait\Train\other\lqf-00_2-012.png"
"DUP-0786","D4A89340954295698B175759F7129E83C58CA3D968256FFA4D79E5A28888C2CB","847","2","847","Gait_classified\other\lqf-00_1-046.png | Gait\Train\other\lqf-00_1-046.png"
"DUP-0787","527240E74DC7A481EFAC26BC4EF9367F54CE8547B0F87D55ED9C868402F195F8","737","2","737","Gait_classified\other\ljg-00_3-057.png | Gait\Train\other\ljg-00_3-057.png"
"DUP-0788","52B282113D107734899548E74D9366077BAF5BFB3285B6A7A7900294E5641DBF","953","2","953","Gait_classified\other\ljg-00_4-028.png | Gait\Train\other\ljg-00_4-028.png"
"DUP-0789","296996E2C44D936AD62D0397FCF0D5B55BA04202F3DFB4865872E27D3947E0A5","754","2","754","Gait_classified\other\ljg-00_4-008.png | Gait\Train\other\ljg-00_4-008.png"
"DUP-0790","CA0AEA3BAF1B492548B4FDCA657285B4D173B83194E2C7184384301106DC98CD","709","2","709","Gait_classified\other\lqf-00_1-005.png | Gait\Train\other\lqf-00_1-005.png"
"DUP-0791","28F93AC50B09FD8B9AF2EFD796BEEF6EACDA6C5D36C409495EF6CB77B7D207CD","819","2","819","Gait_classified\other\ljg-00_3-042.png | Gait\Train\other\ljg-00_3-042.png"
"DUP-0792","55A1E0783FEA411635662798EAADE9C93EC48BCC8A6720A706F3DCB5E931487C","953","2","953","Gait_classified\other\lqf-00_3-016.png | Gait\Train\other\lqf-00_3-016.png"
"DUP-0793","883F1D994C63FA58F47F58D3105F365AD6E34907C8291DD739106B44F0CFD76F","1016","2","1016","Gait_classified\other\lqf-00_2-032.png | Gait\Train\other\lqf-00_2-032.png"
"DUP-0794","25A1997329D336191093EBE271960DD96BC95205E97CAF378DECEF2FBDB5F504","776","2","776","Gait_classified\other\lqf-00_2-016.png | Gait\Train\other\lqf-00_2-016.png"
"DUP-0795","55C3DE82CC393C7FF27C91267DCCC985346B0685B788362BDC5151A72224FBF4","688","2","688","Gait_classified\other\ljg-00_4-052.png | Gait\Train\other\ljg-00_4-052.png"
"DUP-0796","244778716D96F9FAC03FB0DE0C53461E10A0F110BD0330B25205AA2E2FD10408","710","2","710","Gait_classified\other\lqf-00_1-006.png | Gait\Train\other\lqf-00_1-006.png"
"DUP-0797","CB3C833778C76E6D914975EDC7B417C7C48B40423B574EA14330C6A288929066","771","2","771","Gait_classified\other\ljg-00_3-052.png | Gait\Train\other\ljg-00_3-052.png"
"DUP-0798","CB4AE82EA621C8E6028EF53D18684176209648411A758B99349C8C5043932CA0","724","2","724","Gait_classified\toe_off\fyc-00_4-018.png | Gait\Test\Toe\fyc-00_4-018.png"
"DUP-0799","56D382AFDD888CD1C501F9CA66679E084EA300A7F898742D22672CF60BD90861","771","2","771","Gait_classified\other\lqf-00_3-072.png | Gait\Train\other\lqf-00_3-072.png"
"DUP-0800","571F423EB90EB5507A556A45E9CAFDD7E43086B66CF45CE04F01F3A53E77CD2F","806","2","806","Gait_classified\other\lqf-00_1-019.png | Gait\Train\other\lqf-00_1-019.png"
"DUP-0801","854927062F3867E12E159687D59A1E93EDE4B29FEC1336FDB3BC19255D1248EB","794","2","794","Gait_classified\other\ljg-00_4-021.png | Gait\Train\other\ljg-00_4-021.png"
"DUP-0802","CD34DF29D9F63F252C7C20FFE16584D15B0AB30BFDAF1B33BE767F688B86ED82","858","2","858","Gait_classified\other\lqf-00_1-028.png | Gait\Train\other\lqf-00_1-028.png"
"DUP-0803","2212920B20A3FB8C81A6CCE41A4DE454BBDD25EF0D71ABAB914C6B99CF1DC886","943","2","943","Gait_classified\other\lqf-00_2-031.png | Gait\Train\other\lqf-00_2-031.png"
"DUP-0804","CFECFE637364A86B02B841030AA8A80F9016FC0030164B847AF1BB2942803BDD","748","2","748","Gait_classified\other\lqf-00_3-005.png | Gait\Train\other\lqf-00_3-005.png"
"DUP-0805","2158CACA4095817FB8D196414FE3E8E4189A63C7A4C4B7BE6019355331EA18FC","749","2","749","Gait_classified\other\ljg-00_4-055.png | Gait\Train\other\ljg-00_4-055.png"
"DUP-0806","D07DC1B8460A05DA95D4941D6730D1CCAC824D935D4344748E0B3584C209C59E","927","2","927","Gait_classified\other\lqf-00_1-020.png | Gait\Train\other\lqf-00_1-020.png"
"DUP-0807","84E4E62316562205A2A7A47259F375E124F832EDB89FC6CA40E66E81A386D01F","667","2","667","Gait_classified\toe_off\fyc-00_3-013.png | Gait\Test\Toe\fyc-00_3-013.png"
"DUP-0808","D12AA18B9CBEB334474BD571A0C447074F13BFD3190982EA72B8DFDCE8B30F12","726","2","726","Gait_classified\other\lqf-00_3-007.png | Gait\Train\other\lqf-00_3-007.png"
"DUP-0809","8453DECE0D8482406557A7D0EAFF7DD86291F043C640FB0146B190E8B6818CC1","994","2","994","Gait_classified\other\lqf-00_3-050.png | Gait\Train\other\lqf-00_3-050.png"
"DUP-0810","83BE65754124A27869952F44490890D0A3EE84271C83C02F09BFF2E071B58036","879","2","879","Gait_classified\other\lqf-00_3-043.png | Gait\Train\other\lqf-00_3-043.png"
"DUP-0811","5853AC0E1210C54E830CABD0A059C5D7F50FAFDC613BD07BAF19CCE0C619E4B7","799","2","799","Gait_classified\other\ljg-00_3-064.png | Gait\Train\other\ljg-00_3-064.png"
"DUP-0812","826B01CB29E56EA28ADA9DBBE186795DDD2A4AE10AEBE7DFB85704A037F93C0E","763","2","763","Gait_classified\other\lqf-00_3-059.png | Gait\Train\other\lqf-00_3-059.png"
"DUP-0813","D347FF597BB6382191474E804E62FF602163499B4AA6FF995AC1836121569F3F","850","2","850","Gait_classified\other\lqf-00_1-031.png | Gait\Train\other\lqf-00_1-031.png"
"DUP-0814","1E84335925CD5B7FDD1E3C077F754DA3E27AB35048435C3C25E05B0531368C6E","868","2","868","Gait_classified\other\lqf-00_1-040.png | Gait\Train\other\lqf-00_1-040.png"
"DUP-0815","1E7660BA8711C008C0651DDA6D49352FED2698C88B79E46232ECD6CC05604099","787","2","787","Gait_classified\other\ljg-00_4-022.png | Gait\Train\other\ljg-00_4-022.png"
"DUP-0816","812C950632FD0EAA47EEC208ABA27DB6F994931B10D21C29291D5D42294273B4","856","2","856","Gait_classified\other\lqf-00_1-015.png | Gait\Train\other\lqf-00_1-015.png"
"DUP-0817","59A6D8784344C01AC21A2AEBCC337EC292A131A27CA54EF208910B0655505DDC","906","2","906","Gait_classified\other\ljg-00_4-041.png | Gait\Train\other\ljg-00_4-041.png"
"DUP-0818","298C2F057CEA14235F5B39FE986D2B079743DEB077A652BEC9F493CE0F313E08","900","2","900","Gait_classified\other\lqf-00_2-030.png | Gait\Train\other\lqf-00_2-030.png"
"DUP-0819","C080DC6F427EB3676D9039A8476D5F0E6969436CDA5F007A8EB02B4B92C4A3B2","748","2","748","Gait_classified\toe_off\fyc-00_3-037.png | Gait\Test\Toe\fyc-00_3-037.png"
"DUP-0820","29D607AE760BAB62378C10B1AF6B3EC63DD40CCCF9D2323FF8C643B39E7D58CE","668","2","668","Gait_classified\toe_off\fyc-00_3-062.png | Gait\Test\Toe\fyc-00_3-062.png"
"DUP-0821","C8BBB1C12133C0DFBEBA53A118ADF2EC82E9B054915FFC2EE91F3560ADAA7C16","923","2","923","Gait_classified\other\ljg-00_4-016.png | Gait\Train\other\ljg-00_4-016.png"
"DUP-0822","8E99AE5378FDE4BAAB351CC3208237ED7BFB085F95DE05ED33CE6441D90FCD62","774","2","774","Gait_classified\other\lqf-00_3-024.png | Gait\Train\other\lqf-00_3-024.png"
"DUP-0823","C12A92E476FFC2B7906994E75E61300DF3B84FE6B2D0FE877209E69E2A399141","869","2","869","Gait_classified\other\lqf-00_1-027.png | Gait\Train\other\lqf-00_1-027.png"
"DUP-0824","8E4B823DDC631274500EFB2979B437EC45D4815F98B1AF5D0897D570A540AD0C","834","2","834","Gait_classified\other\lqf-00_1-053.png | Gait\Train\other\lqf-00_1-053.png"
"DUP-0825","C16E582098058E2D088E06054400086F8550B85D52BE4A3456E3D924B27C08A2","761","2","761","Gait_classified\other\lqf-00_3-025.png | Gait\Train\other\lqf-00_3-025.png"
"DUP-0826","C1F461869714306F62CE45191F5274F041263D122AC0F52D067795F62232AEF8","881","2","881","Gait_classified\other\lqf-00_3-053.png | Gait\Train\other\lqf-00_3-053.png"
"DUP-0827","8DF2FF01C739C33D1DBC9FFADB93C3392999E5E007A5CA1DA06D5521B49FF09F","823","2","823","Gait_classified\other\lqf-00_1-030.png | Gait\Train\other\lqf-00_1-030.png"
"DUP-0828","C2B4D13B96458757F93A50F3E06A6A2C9BFCF52C66FB632BCB7218846A0F8D69","777","2","777","Gait_classified\other\lqf-00_2-002.png | Gait\Train\other\lqf-00_2-002.png"
"DUP-0829","2F875233CB5F6420FEC86C094E981380B8F68733535B5D9D460DF66BAC196980","773","2","773","Gait_classified\other\lqf-00_1-042.png | Gait\Train\other\lqf-00_1-042.png"
"DUP-0830","C30FF98E904C0A252C04FEF47B3F3301E176AB1E5FF27FF0A29C1A4EAB37536D","890","2","890","Gait_classified\other\lqf-00_3-066.png | Gait\Train\other\lqf-00_3-066.png"
"DUP-0831","C3172B8402D58592F4AC28100E11A301E303D122CE088B56AD7EAD0538D57F99","789","2","789","Gait_classified\other\lqf-00_3-056.png | Gait\Train\other\lqf-00_3-056.png"
"DUP-0832","2F78BE49F465C165BCAD9087B109A59944DE1C78089DCB7D6179884D0310690F","864","2","864","Gait_classified\other\lqf-00_3-054.png | Gait\Train\other\lqf-00_3-054.png"
"DUP-0833","C358440855DC891EC3E0B86C2133269017719840CAA12A1648830A17DA96FE7D","737","2","737","Gait_classified\other\ljg-00_4-009.png | Gait\Train\other\ljg-00_4-009.png"
"DUP-0834","535FF4FE35DFFA5EBE9AE2D49EF40FF6C2308391AD888E8B62E71472CB36BABD","695","2","695","Gait_classified\other\ljg-00_4-065.png | Gait\Train\other\ljg-00_4-065.png"
"DUP-0835","2E5F3311CEC2C16664E0B0E160D5A9F587F2DEC39DA8B218E504865F30EE1400","1017","2","1017","Gait_classified\other\lqf-00_3-048.png | Gait\Train\other\lqf-00_3-048.png"
"DUP-0836","2D629F46CED149B7C5FB133149AD9B8DF8A17C04AC9E7419C689074DE04551F8","1035","2","1035","Gait_classified\other\lqf-00_2-036.png | Gait\Train\other\lqf-00_2-036.png"
"DUP-0837","2CFCAC7016C438F926DABF6C7D73C0F5A1CB3855CDF81DE0221E5D8163A5EE03","699","2","699","Gait_classified\other\lqf-00_1-003.png | Gait\Train\other\lqf-00_1-003.png"
"DUP-0838","2CF9ECF086765CEBE244BB263943B152E4D9C1AF4D2D7B35886C579DD504D6F6","833","2","833","Gait_classified\other\lqf-00_1-041.png | Gait\Train\other\lqf-00_1-041.png"
"DUP-0839","C4DE7C77267D117AC4ABD59F6924B6F2863846FE33A7E9BD8A1A2319DFB491C0","703","2","703","Gait_classified\other\ljg-00_4-012.png | Gait\Train\other\ljg-00_4-012.png"
"DUP-0840","8CE8BB3443862033E930BBDA7521345CCB2BB1F88D6D093D14E994EE6F3F8AFE","676","2","676","Gait_classified\toe_off\fyc-00_4-006.png | Gait\Test\Toe\fyc-00_4-006.png"
"DUP-0841","8CC6FD50D371B1398B784A922A13729F219D8F78637B4A712FE4C63156DC9518","852","2","852","Gait_classified\other\lqf-00_1-029.png | Gait\Train\other\lqf-00_1-029.png"
"DUP-0842","C64E6FDBF08A3182CB204C618468E47F36D571075E3DF2C9B8C2ED497198956B","745","2","745","Gait_classified\other\lqf-00_3-074.png | Gait\Train\other\lqf-00_3-074.png"
"DUP-0843","C6A1616B20ECFAAE081CC30394D7E8A5B7E5AA6AF1EEF79DA625EEC0EB86094F","762","2","762","Gait_classified\other\lqf-00_1-045.png | Gait\Train\other\lqf-00_1-045.png"
"DUP-0844","C6CB4602E0EFB59D426F9E98E8D1A4DAD53692D45AFB488D86054A3F5124C4D2","922","2","922","Gait_classified\other\lqf-00_2-019.png | Gait\Train\other\lqf-00_2-019.png"
"DUP-0845","C7860EE677BD202299DCE3E0BDB8402F34B9FF043F8CCE3E361E114B30137AF3","696","2","696","Gait_classified\other\ljg-00_3-055.png | Gait\Train\other\ljg-00_3-055.png"
"DUP-0846","C8086E1E28F12C664D82A6A4357DAB7BCF461C12A3B97A9F729F823457E77FD5","784","2","784","Gait_classified\other\ljg-00_4-036.png | Gait\Train\other\ljg-00_4-036.png"
"DUP-0847","2A9991C380CD1EC65601F1E38614E0394033ECDEA9A62432694F5F12D3C2263D","779","2","779","Gait_classified\other\ljg-00_4-038.png | Gait\Train\other\ljg-00_4-038.png"
"DUP-0848","5505B3F332509B5F77B540A3D582140A4FEEE2F324241B2F3E9F25071F4FCC5A","827","2","827","Gait_classified\other\lqf-00_2-029.png | Gait\Train\other\lqf-00_2-029.png"
"DUP-0849","5511E7ACC89C55A3D8239DCFD27C74601FE6EA79139C7B31C99D8C8E5E154C06","990","2","990","Gait_classified\other\lqf-00_1-023.png | Gait\Train\other\lqf-00_1-023.png"
"DUP-0850","C8AC716106207279F6E8FC23391C829C76B7DD1AB4EF5322600420148E0065E4","761","2","761","Gait_classified\other\ljg-00_4-024.png | Gait\Train\other\ljg-00_4-024.png"
"DUP-0851","551E1D125187E246437F82734AE309B1782C71241C2D72FCC354271D606C4DCD","948","2","948","Gait_classified\other\lqf-00_1-050.png | Gait\Train\other\lqf-00_1-050.png"
"DUP-0852","69C0E0AF7DFE61D855E2BAF0A05A1AB0B0290558BF58F773AF253FFA9397119A","722","2","722","Gait_classified\other\ljg-00_4-010.png | Gait\Train\other\ljg-00_4-010.png"
