"change","relative_path","initial_size_bytes","final_size_bytes","initial_sha256","final_sha256","preservation_note"
"ADDED","Gait\dataset_a\heel_strike\fyc-00_2-048.png","","819","","3240441EAFD2D6C3D6F70954314B056148A745B46824C8A05E0C44E5DAEB3F0D","Extracted Dataset A file appeared during inventory."
"ADDED","Gait\dataset_a\heel_strike\fyc-00_2-062.png","","755","","E0C66BB4BBDEBB8F88E578074846DF1340D150E8A5457ADC0A915A452293D00E","Extracted Dataset A file appeared during inventory."
"ADDED","Gait\dataset_a\heel_strike\fyc-00_3-008.png","","769","","168935F5DE26E976BFDCE1D15302F4319668E850B5E02998CA9B2E0C5E7B1428","Extracted Dataset A file appeared during inventory."
"ADDED","Gait\dataset_a\heel_strike\fyc-00_3-009.png","","764","","66A9EB85680FEACF62B3C1BD66DE2FAF0C75A3A1B4BC7BCF029AE60D6AB43EAA","Extracted Dataset A file appeared during inventory."
"ADDED","Gait\dataset_a\heel_strike\fyc-00_3-021.png","","746","","BD1E83FD9F6F4DBAD1E0AA9001186EB6CF0566D26F305C3B4480F89410525850","Extracted Dataset A file appeared during inventory."
"ADDED","Gait\dataset_a\heel_strike\fyc-00_3-034.png","","831","","10B4B4332DAF86194AB1346635FD0BA605454F5AD092A0A117EFA74190C6042C","Extracted Dataset A file appeared during inventory."
"ADDED","Gait\dataset_a\heel_strike\fyc-00_3-046.png","","795","","D239461204AE56AB1F463065D3EE1E7AFF5547FD07117265C0CBF0FE19E76C88","Extracted Dataset A file appeared during inventory."
"ADDED","Gait\dataset_a\heel_strike\fyc-00_3-056.png","","725","","AFF62A894923400D775F03E3D08E78E32B919024092359B9EB400C9D50A496BB","Extracted Dataset A file appeared during inventory."
"ADDED","Gait\dataset_a\heel_strike\fyc-00_3-057.png","","744","","391DF731BDC7B994BDE9EF8E84EA6027C69B6B702391AF7B5435A5A8A1C0ED61","Extracted Dataset A file appeared during inventory."
"ADDED","Gait\dataset_a\heel_strike\fyc-00_4-001.png","","772","","D6DFC8AC9FB19E87B3DC5A204279EBEFE8E27298863BE64D96EEA0CDF58FEC73","Extracted Dataset A file appeared during inventory."
"ADDED","Gait\dataset_a\heel_strike\fyc-00_4-002.png","","766","","5202CFE77B988846C97B701BB637F9D9DE66D4A1765208C9CAC5ADE2625EDDBF","Extracted Dataset A file appeared during inventory."
"ADDED","Gait\dataset_a\heel_strike\fyc-00_4-013.png","","764","","AE35FCEBFCF067208299034F9219CD39985365286A7AFB23A507365F82A73A9A","Extracted Dataset A file appeared during inventory."
"ADDED","Gait\dataset_a\heel_strike\fyc-00_4-014.png","","746","","7B707B414B339B9E6FAD3F52B9DBA917D00C2B1205F06917EF5C3EB17B1679C7","Extracted Dataset A file appeared during inventory."
"ADDED","Gait\dataset_a\heel_strike\fyc-00_4-027.png","","841","","D2F0308557F87749CAEEA897476D30F5AFE6E5235493FB760B8421794E0C6516","Extracted Dataset A file appeared during inventory."
"ADDED","Gait\dataset_a\heel_strike\fyc-00_4-040.png","","863","","8B44670788C5DBF384658FD3F3FCB77346F5C9E38AF0DBB400B4B31C0159A9A9","Extracted Dataset A file appeared during inventory."
"ADDED","Gait\dataset_a\heel_strike\fyc-00_4-051.png","","762","","576C377A11F2A0B49368BD771AFB5A17958068943D972A838A14BDE8D8808F37","Extracted Dataset A file appeared during inventory."
"ADDED","Gait\dataset_a\heel_strike\fyc-00_4-065.png","","698","","18ECF9FCE961A2C1DDF8F8E9230BA6BDBEE95FAEF0D7DA07F2209CBC8CBB66AE","Extracted Dataset A file appeared during inventory."
"ADDED","Gait\dataset_a\heel_strike\hy-00_2-005.png","","773","","BAE3408A16C6DA210520DCCDFBEA49C7E8C1811839D998A36BA87EA0EE81061F","Extracted Dataset A file appeared during inventory."
"ADDED","Gait\dataset_a\heel_strike\hy-00_2-019.png","","819","","5062253168AE80EE9FEA1C66E34A9C0DAC0A368F521E2BDC664681BC17B7DE55","Extracted Dataset A file appeared during inventory."
"ADDED","Gait\dataset_a\heel_strike\hy-00_2-035.png","","872","","CF634648EF90402AEEB2771DEA32296148E1261E1DD9F88256C1B66686BB83CA","Extracted Dataset A file appeared during inventory."
"ADDED","Gait\dataset_a\heel_strike\hy-00_2-047.png","","922","","DFFCB692AFAB470CD6F723CAC65F02B79288D70C4FB22FA53876786F710A2E76","Extracted Dataset A file appeared during inventory."
"ADDED","Gait\dataset_a\heel_strike\hy-00_2-059.png","","752","","3D1DCF00F7933212E0FDBF4D7F5178CC0E177EA990ADE3AEE52A10260BF5E06B","Extracted Dataset A file appeared during inventory."
"ADDED","Gait\dataset_a\heel_strike\hy-00_3-008.png","","780","","0036F8582F955A6D23CB005787D55241CC2AF58F154796C9218635099B7139D2","Extracted Dataset A file appeared during inventory."
"ADDED","Gait\dataset_a\heel_strike\hy-00_3-009.png","","816","","9C9516269903E2911C90C69B7AED843DECA0A5C8B266B766D4C4141002ED648C","Extracted Dataset A file appeared during inventory."
"ADDED","Gait\dataset_a\heel_strike\hy-00_3-010.png","","824","","D8F9A0546923B0CEB2050206B3C52691302E6756C3D86AA4BF970AD63930C62E","Extracted Dataset A file appeared during inventory."
"ADDED","Gait\dataset_a\heel_strike\hy-00_3-011.png","","835","","D13CA69774F1E911422EC51EDAE775E4B6BDE578F7CA9CD9D4A263CADDD932D0","Extracted Dataset A file appeared during inventory."
"ADDED","Gait\dataset_a\heel_strike\hy-00_3-023.png","","940","","2B27CA7B1C76AF4EEDB5B1CDF07EE3F62C5338D27E2F9B0F5BD0A888E7A454C9","Extracted Dataset A file appeared during inventory."
"ADDED","Gait\dataset_a\heel_strike\hy-00_3-024.png","","901","","E0CE8B9F9A6C37D7CBDA4FA312E0C284CF95B3DB075C2C3291138C792B4FC082","Extracted Dataset A file appeared during inventory."
"ADDED","Gait\dataset_a\heel_strike\hy-00_3-035.png","","917","","A65821C9EC3FD389F8F7E4BA7A70412897894E6DBDC7F8ED719B5306D4E15BA4","Extracted Dataset A file appeared during inventory."
"ADDED","Gait\dataset_a\heel_strike\hy-00_3-036.png","","923","","D2BD496F92CD94BBD4CFC0A55DEFAD97CA42CE9A3DAF1F015F30579B78C96128","Extracted Dataset A file appeared during inventory."
"ADDED","Gait\dataset_a\heel_strike\hy-00_3-048.png","","821","","576D26B0B35CC9B26289F9045D1105A344B1CC58E9BF918DEB27CA4F749FD5A9","Extracted Dataset A file appeared during inventory."
"ADDED","Gait\dataset_a\heel_strike\hy-00_3-049.png","","827","","207BD7DE28BDF6537BB337060443C9B7609E7FFE8B3DC6EEF2410F1DECA910B8","Extracted Dataset A file appeared during inventory."
"ADDED","Gait\dataset_a\heel_strike\hy-00_4-005.png","","789","","5FEA08125CDCA21E552E2D316A2BE90F2BEB3D4A7D6001648EEE82422E267419","Extracted Dataset A file appeared during inventory."
"ADDED","Gait\dataset_a\heel_strike\hy-00_4-006.png","","785","","AA95F1E08D2C96F122C0B71D471BD7CCCFB6733D2F83A5C4B259397D67D6DF7F","Extracted Dataset A file appeared during inventory."
"ADDED","Gait\dataset_a\heel_strike\hy-00_4-019.png","","873","","4CD88F6066D4C214D640EF6E7EFB0BAD2E0E68C1F9AE105E018F2D4B63B961AC","Extracted Dataset A file appeared during inventory."
"ADDED","Gait\dataset_a\heel_strike\hy-00_4-020.png","","893","","5A4DD92F37CABC13E7507178CE427BCE9E0A062C9FC1455F488BF1591138F96F","Extracted Dataset A file appeared during inventory."
"ADDED","Gait\dataset_a\heel_strike\hy-00_4-031.png","","874","","0A0DADF477751BCB884CABFB9325B36E2550F4422177D8DCD14B2284258B197D","Extracted Dataset A file appeared during inventory."
"ADDED","Gait\dataset_a\heel_strike\hy-00_4-032.png","","892","","DA125ACB0B14CCA4792DCABC921D55846AC2064A7CA4239A0B39104A2147D1EA","Extracted Dataset A file appeared during inventory."
"ADDED","Gait\dataset_a\heel_strike\hy-00_4-044.png","","902","","1034BE7F449D84F1E6900B6DCDFBDA45573EC7F3C63194FD3AB1F0B47A46986B","Extracted Dataset A file appeared during inventory."
"ADDED","Gait\dataset_a\heel_strike\hy-00_4-057.png","","772","","2251DC8DB570F25FB63C72E67E2CAAAC2D84AB7669895F4C4B646351F9083BD4","Extracted Dataset A file appeared during inventory."
"ADDED","Gait\dataset_a\heel_strike\ljg-00_1-010.png","","856","","5AAF1AE0429C4813DCC8B1D5422BE6E49BD2473CC9A14DE0BC05D5F47EE98BAC","Extracted Dataset A file appeared during inventory."
"ADDED","Gait\dataset_a\heel_strike\ljg-00_1-011.png","","859","","4837E8F6D1748AB8744EA9F9222CBFC2E283C95BA8FFAE74A5309648AD245DD7","Extracted Dataset A file appeared during inventory."
"ADDED","Gait\dataset_a\heel_strike\ljg-00_1-025.png","","923","","69600416653B88B9214D55F8DDD7F0B14366A96DF6D8EB9BDA999A959EA45F81","Extracted Dataset A file appeared during inventory."
"ADDED","Gait\dataset_a\heel_strike\ljg-00_1-026.png","","937","","372A4852D7BB190F979A91D3DCE6E7CA7FB2126A9632A609B1ECE5418E98F7EA","Extracted Dataset A file appeared during inventory."
"ADDED","Gait\dataset_a\heel_strike\ljg-00_1-039.png","","924","","5409E3C4F893DBE74650B91932E84FE47AE12404EBB887871A0A752CFEC85C2D","Extracted Dataset A file appeared during inventory."
"ADDED","Gait\dataset_a\heel_strike\ljg-00_1-040.png","","887","","5D9322D39F61032BB74CFFBF08BCF35EA0C07684A38494764BED75E37B22BCA4","Extracted Dataset A file appeared during inventory."
"ADDED","Gait\dataset_a\heel_strike\ljg-00_1-041.png","","947","","D4551FB695A28692A4F720E5CC209387A6D8C8D09662991D9BBAE88C2C777905","Extracted Dataset A file appeared during inventory."
"ADDED","Gait\dataset_a\heel_strike\ljg-00_1-052.png","","778","","7F279B8E3647C6238B3C05061968C2C7032507EC6133E80EE084AC55DA6244B0","Extracted Dataset A file appeared during inventory."
"ADDED","Gait\dataset_a\heel_strike\ljg-00_1-053.png","","776","","FEF0E66AB06AE93CF75E28155B89B40A3E8F866BC091D365968F341A283C2B7F","Extracted Dataset A file appeared during inventory."
"ADDED","Gait\dataset_a\heel_strike\ljg-00_1-054.png","","816","","4C962F30EF38C8269CC4BC254E1337F4E2D2167D637D778AF7A4CB9CA8C2AEA4","Extracted Dataset A file appeared during inventory."
"ADDED","Gait\dataset_a\heel_strike\ljg-00_1-055.png","","812","","69BD06756D3868F76F73DA8B0BC72AA50B1A1EFE5A002000C516E58543C08F24","Extracted Dataset A file appeared during inventory."
"ADDED","Gait\dataset_a\heel_strike\ljg-00_2-001.png","","887","","1B30BD94DE5D7B6E09E1ABDCBB1830470FA9380CA6BD3622F4FB0753D205B703","Extracted Dataset A file appeared during inventory."
"ADDED","Gait\dataset_a\heel_strike\ljg-00_2-002.png","","911","","9A3F227B572267366981AB3C719006EBAF557C7C487C953606DB2B65F3314DAF","Extracted Dataset A file appeared during inventory."
"ADDED","Gait\dataset_a\heel_strike\ljg-00_2-017.png","","922","","C325727AD9864408B24DF4D763012CCDB19FB937280ABDCEA47C76053F65518B","Extracted Dataset A file appeared during inventory."
"ADDED","Gait\dataset_a\heel_strike\ljg-00_2-018.png","","909","","582BB243E7A432057A4ADDA2A569A0766CE8E96888FF153DB467F0AC7AFB8A52","Extracted Dataset A file appeared during inventory."
"ADDED","Gait\dataset_a\heel_strike\ljg-00_2-031.png","","983","","032674DD14DF89127250E5CDACB611FEA351778CB6843A1EA97D840C1BC07952","Extracted Dataset A file appeared during inventory."
"ADDED","Gait\dataset_a\heel_strike\ljg-00_2-046.png","","954","","D4CF57E0187FFAF8ACB836047DEA66B06308AF555850F3376A38269B722A1451","Extracted Dataset A file appeared during inventory."
"ADDED","Gait\dataset_a\heel_strike\ljg-00_2-047.png","","945","","6B7FCE5A64943D026923665EDB9A00C0DE80DC9B7A96C511B3D6A5B5C3C889DB","Extracted Dataset A file appeared during inventory."
"ADDED","Gait\dataset_a\heel_strike\ljg-00_2-060.png","","796","","2C2AFAD16990BAD6BCCEAA325FEC858DDE82A596BB54224C5BBE5339A3EC2CD3","Extracted Dataset A file appeared during inventory."
"ADDED","Gait\dataset_a\heel_strike\ljg-00_2-061.png","","827","","6BC98130F32444331991774723B35CC31313C45049FAF58CAE30ABAE01EB2DB2","Extracted Dataset A file appeared during inventory."
"ADDED","Gait\dataset_a\heel_strike\ljg-00_3-004.png","","808","","46089053B54EF1B94B365270E8C72C30416F1E0968EE2B6202CDC5BA8ABF444C","Extracted Dataset A file appeared during inventory."
"ADDED","Gait\dataset_a\heel_strike\ljg-00_3-017.png","","829","","C2EF5062AE55C03221FC211E601A448C15BD91021F0479C0DDDE8FF2D031DA9A","Extracted Dataset A file appeared during inventory."
"ADDED","Gait\dataset_a\heel_strike\ljg-00_3-018.png","","867","","32AEB0C883A087BC4037F0C7D91BD62722B1951883554394E8F2BACE8A8F4CA4","Extracted Dataset A file appeared during inventory."
"ADDED","Gait\dataset_a\heel_strike\ljg-00_3-019.png","","874","","02856C557DB58439A1D53A794118151A2974B616E3CE2983B5CDB8BE39541E2F","Extracted Dataset A file appeared during inventory."
"ADDED","Gait\dataset_a\heel_strike\ljg-00_3-032.png","","924","","A030DC38FCF87E371173148D14CD8379DDCAB8025681849A3AC9C59A6FA69758","Extracted Dataset A file appeared during inventory."
"ADDED","Gait\dataset_a\heel_strike\ljg-00_3-033.png","","947","","254E095AD417C86E289BEE46DDC4113FBBAB52443AA6A9289705CB7DF75F001E","Extracted Dataset A file appeared during inventory."
"ADDED","Gait\dataset_a\heel_strike\ljg-00_3-046.png","","935","","FFB98F1DBFE524393B6B58F9324E2A0C679D16D52969581E9C036892CD5B7C61","Extracted Dataset A file appeared during inventory."
"ADDED","Gait\dataset_a\heel_strike\ljg-00_3-047.png","","913","","6128C8AA984A9DF3B5AF7E81EA27E300CA105C08C40EC7F0EE779A041344B232","Extracted Dataset A file appeared during inventory."
"ADDED","Gait\dataset_a\heel_strike\ljg-00_3-061.png","","860","","3F570950357206CC1309E4AC3C5CF64BA02F4670CF78AA4C68615836301C4BE8","Extracted Dataset A file appeared during inventory."
"ADDED","Gait\dataset_a\heel_strike\ljg-00_3-062.png","","835","","17692F0D697DB2A5A6DC3C1B00FF09012B99623D9A282DDB93D93F5E20971645","Extracted Dataset A file appeared during inventory."
"ADDED","Gait\dataset_a\heel_strike\ljg-00_4-001.png","","882","","BA2E7EB01921D923C1CA40CCA09DEA685E210B03A5458D942FCF9BB3E6E0E128","Extracted Dataset A file appeared during inventory."
"ADDED","Gait\dataset_a\heel_strike\ljg-00_4-002.png","","917","","C962361D4CDE8A73D6BE6AFA024E52AFB4C56E73D82062A1C69D7251D50D2215","Extracted Dataset A file appeared during inventory."
"ADDED","Gait\dataset_a\heel_strike\ljg-00_4-003.png","","895","","E938DC6FE196C43C22E51DDE4F09266BA00F409422A596C4311B48A8FB925B3E","Extracted Dataset A file appeared during inventory."
"ADDED","Gait\dataset_a\heel_strike\ljg-00_4-017.png","","928","","6A02925E4D822F4FFF2BCCD4A7B6C894139AB72DDF3A35C82AB906D5068CECA9","Extracted Dataset A file appeared during inventory."
"ADDED","Gait\dataset_a\heel_strike\ljg-00_4-029.png","","969","","811E5233631397110C689F1BB396A55852B028CA820A3095D1CE2892419FFF45","Extracted Dataset A file appeared during inventory."
"ADDED","Gait\dataset_a\heel_strike\ljg-00_4-044.png","","937","","D1787994B162B24DC30A083FF4EC81608A10EBAA13A3901C986D10A031136583","Extracted Dataset A file appeared during inventory."
"ADDED","Gait\dataset_a\heel_strike\ljg-00_4-057.png","","814","","D681A8971629FD5A3E49A74A5C7A0AA174FB5AF76A4F3E426A8B1F3BE87E9BB6","Extracted Dataset A file appeared during inventory."
"ADDED","Gait\dataset_a\heel_strike\lqf-00_1-009.png","","944","","B8E67D734F7642797B89D1F4D5AF3247F3165B6D0D9984FCA2F62878CA70808D","Extracted Dataset A file appeared during inventory."
"ADDED","Gait\dataset_a\heel_strike\lqf-00_1-010.png","","959","","C4753CC1CE7D3639AE0B21469A119D19376EC060D350E8B34269CD29B4712A77","Extracted Dataset A file appeared during inventory."
"ADDED","Gait\dataset_a\heel_strike\lqf-00_1-021.png","","943","","4DBFF1174E4A64423D26205F153E3B23970925921302088372769BA4AB6DCE9E","Extracted Dataset A file appeared during inventory."
"ADDED","Gait\dataset_a\heel_strike\lqf-00_1-022.png","","974","","BEC3F67D6A56C07F0281D1813F81116EFD79F33CC6A57EE497AF43432FAA8DB5","Extracted Dataset A file appeared during inventory."
"ADDED","Gait\dataset_a\heel_strike\lqf-00_1-036.png","","1031","","1C3E1C0A905AAE39680E234CEC0AB653FCC2AE02F80836BEBD0B108402158BA8","Extracted Dataset A file appeared during inventory."
"ADDED","Gait\dataset_a\heel_strike\lqf-00_1-048.png","","942","","878B3A75850AAA74507805041F37EDB1DAFF7B0A83A95B8DAB28C974CB6B691E","Extracted Dataset A file appeared during inventory."
"ADDED","Gait\dataset_a\heel_strike\lqf-00_1-049.png","","955","","1F3D3C7A34B89527B649765BB7BA7F9BDB2957D34B4C120995366D536D849922","Extracted Dataset A file appeared during inventory."
"ADDED","Gait\dataset_a\heel_strike\lqf-00_2-005.png","","879","","243B24D37F1DB09D73FD7B1E56239C3EDDEE2B9D14AAF337C1C1AC92F64D5A8A","Extracted Dataset A file appeared during inventory."
"ADDED","Gait\dataset_a\heel_strike\lqf-00_2-006.png","","878","","39F2D76BFFA4D77653F87FFFDC4C9F3C544F5A16A51E8C2A9236CF8BE75E5670","Extracted Dataset A file appeared during inventory."
"ADDED","Gait\dataset_a\heel_strike\lqf-00_2-007.png","","866","","8D3985E5E7ABC93800099D2D6189B4F529D568CCFEA7A914263AB0F103EDD648","Extracted Dataset A file appeared during inventory."
"ADDED","Gait\dataset_a\heel_strike\lqf-00_2-020.png","","1016","","44E63EA9B43BD80E89A302E166238D45BB94054D81FA66226A29D6606956EEC0","Extracted Dataset A file appeared during inventory."
"ADDED","Gait\dataset_a\heel_strike\lqf-00_2-021.png","","1008","","47F8648856916C0AAE82A3CC8268A19708FA72FF04C0C1F02E46047C7D0E0408","Extracted Dataset A file appeared during inventory."
"ADDED","Gait\dataset_a\heel_strike\lqf-00_2-033.png","","1060","","98C7468DD082974E39078CD63E0EEEBD9B9C22CE5FB25587A58BE4047164F654","Extracted Dataset A file appeared during inventory."
"ADDED","Gait\dataset_a\heel_strike\lqf-00_2-034.png","","1041","","85289553B314AE166DBC2E4BC255E4E47E0450EFC13C7FC00A76FED25B76D054","Extracted Dataset A file appeared during inventory."
"ADDED","Gait\dataset_a\heel_strike\lqf-00_2-047.png","","892","","A3A319749E3AD9BAF5E05405BED5A03156F37BA0B3E2142FFF3F0C86E45388A9","Extracted Dataset A file appeared during inventory."
"ADDED","Gait\dataset_a\heel_strike\lqf-00_2-060.png","","854","","31881C319D78127ECAAF2362A41390990F31ED278FFC195767BFD9CB5E95320C","Extracted Dataset A file appeared during inventory."
"ADDED","Gait\dataset_a\heel_strike\lqf-00_2-061.png","","831","","813225C3C0F3C15D5AE430CF50BDC1335D4A4FF9E277FA08452EC1051BF5CC8D","Extracted Dataset A file appeared during inventory."
"ADDED","Gait\dataset_a\heel_strike\lqf-00_3-012.png","","869","","0A7A009738E6B5D89D8CFAA1FDE3D2299A37F20831EA0F27A045A2556A5985E9","Extracted Dataset A file appeared during inventory."
"ADDED","Gait\dataset_a\heel_strike\lqf-00_3-013.png","","929","","82B458A0179A2ECC204F650148C63E45DAFB92F4B8A9C7CE118CB40A689B6A65","Extracted Dataset A file appeared during inventory."
"ADDED","Gait\dataset_a\heel_strike\lqf-00_3-014.png","","934","","A3A318ACDC3D41FDBD38A1E3A80A5AFDB16AD015E9D13C4D17C16F0730A372FE","Extracted Dataset A file appeared during inventory."
"ADDED","Gait\dataset_a\heel_strike\lqf-00_3-030.png","","960","","00FBB1DE3D6B030C085211C06DC920989CF0BE3854038F120959292087F20B9F","Extracted Dataset A file appeared during inventory."
"ADDED","Gait\dataset_a\heel_strike\lqf-00_3-031.png","","970","","88B45CC2BBAA517AE1455B3726E61190967F128BE3B59B1100FE67176A6DAC3D","Extracted Dataset A file appeared during inventory."
"ADDED","Gait\dataset_a\heel_strike\lqf-00_3-047.png","","1001","","5CF2B7D996AFF10BC0750A846FAC70730BA52B3BC9EF9557827F42143C65DA3F","Extracted Dataset A file appeared during inventory."
"ADDED","Gait\dataset_a\heel_strike\lqf-00_3-062.png","","866","","4FB1EFFFDC496BC3AB368265FC0DBFB19344011894B34665934CA44D7ABE5373","Extracted Dataset A file appeared during inventory."
"ADDED","Gait\dataset_a\heel_strike\lqf-00_3-063.png","","895","","2BF9E7A89F28478F0B35622B1FCC68E862A9F434D124E0F2785A168D02DFD1C5","Extracted Dataset A file appeared during inventory."
"ADDED","Gait\dataset_a\heel_strike\lqf-00_3-064.png","","937","","DBDE81FC10F383335CEA275210E27CE34E401BCF9E785557544410F6E9CE5DF1","Extracted Dataset A file appeared during inventory."
"ADDED","Gait\dataset_a\heel_strike\lqf-00_4-005.png","","868","","D14C088798F60250DCEFEA9450910A6A72EFC01452A51B6DED02B449578D037D","Extracted Dataset A file appeared during inventory."
"ADDED","Gait\dataset_a\heel_strike\lqf-00_4-006.png","","859","","BCBD061EF12150FCDEB7F15F58EEA9C757F4A709A20ADF3BDA36ABD7FCE3D3DC","Extracted Dataset A file appeared during inventory."
"ADDED","Gait\dataset_a\heel_strike\lqf-00_4-020.png","","904","","3C6F8FA292A49489498B46E4A8B86ACD548AB51A3310B8A831F6ECD3D07231B7","Extracted Dataset A file appeared during inventory."
"ADDED","Gait\dataset_a\heel_strike\lqf-00_4-031.png","","917","","D4E4542A5F344AC19C5F10BC3B04F78B534196ACA32FCFFA5F9523BCA3E80CC7","Extracted Dataset A file appeared during inventory."
"ADDED","Gait\dataset_a\heel_strike\lqf-00_4-032.png","","945","","9FEDE0E0CE8E0EBBDF6838D3F2DC64A4A3B75AA414E34CA2245FE8017882F9B3","Extracted Dataset A file appeared during inventory."
"ADDED","Gait\dataset_a\heel_strike\lqf-00_4-033.png","","962","","0748EC31E0ECC37BE353857497FB25BE358A83DE1E7CA11FB2C90D8AF5506442","Extracted Dataset A file appeared during inventory."
"ADDED","Gait\dataset_a\heel_strike\lqf-00_4-046.png","","983","","4279DA8BBC4C21DDB4F405A7A17F46E33D89D601BC23DBFC90F7312835027B3F","Extracted Dataset A file appeared during inventory."
"ADDED","Gait\dataset_a\heel_strike\lqf-00_4-059.png","","829","","6258107B6AEBEF9840427BFA1781B2DFAB6ED2D6F4D2245DB54B251110B74F48","Extracted Dataset A file appeared during inventory."
"ADDED","Gait\dataset_a\heel_strike\lqf-00_4-060.png","","819","","11F5B78D44D90AB895BE5FB5359D67FB6EE7168270269135D2BF801B5A5638C9","Extracted Dataset A file appeared during inventory."
"ADDED","Gait\dataset_a\heel_strike\lsl-00_1-009.png","","888","","0DA01281FB38716D03600C338E76230406B550089F867928D22A5CB669D5DE71","Extracted Dataset A file appeared during inventory."
"ADDED","Gait\dataset_a\heel_strike\lsl-00_1-022.png","","916","","2605D6FBA2E55E9660E08D17CBCC8CBC616CDE0F43564D3759BB0D34C155DD25","Extracted Dataset A file appeared during inventory."
"ADDED","Gait\dataset_a\heel_strike\lsl-00_1-035.png","","886","","AE7518E0E464CF13A154A405737185C3BC0EC527F58E38FEE658BAA141F38C25","Extracted Dataset A file appeared during inventory."
"ADDED","Gait\dataset_a\heel_strike\lsl-00_1-036.png","","945","","78E320FF471F96B409DDBA8DC0615D4C37D2E780126466FBB76C2CDF3E4FA9E6","Extracted Dataset A file appeared during inventory."
"ADDED","Gait\dataset_a\heel_strike\lsl-00_1-049.png","","916","","12F0DA77220A116D49E25B91F167D57666BCB264DA944819AB511D0F5EF18E4B","Extracted Dataset A file appeared during inventory."
"ADDED","Gait\dataset_a\heel_strike\lsl-00_1-050.png","","912","","D37A04C94BF97239934C7978F6327FFE897AA4C9984DBB0DB0EE92959DBE304D","Extracted Dataset A file appeared during inventory."
"ADDED","Gait\dataset_a\heel_strike\lsl-00_2-005.png","","892","","DCF4B61E0F15CF48EC9F1224617F86D3F5225D716EF92A6E786480E7A5EF1C26","Extracted Dataset A file appeared during inventory."
"ADDED","Gait\dataset_a\heel_strike\lsl-00_2-006.png","","928","","B53EF13B13A4622C0EE999885DAB43F605CDBAF0C888BAE6D4455AA7A008A756","Extracted Dataset A file appeared during inventory."
"ADDED","Gait\dataset_a\heel_strike\lsl-00_2-007.png","","901","","D039D2EDF751A6419E12DF408CABE951DE70217C3CA57B15B6A4AC2C83DF3B40","Extracted Dataset A file appeared during inventory."
"ADDED","Gait\dataset_a\heel_strike\lsl-00_2-008.png","","864","","602C818212D7C1936310E2A11E8ED55B7C995DDDA058044EC2754E9D53DBC2BE","Extracted Dataset A file appeared during inventory."
"ADDED","Gait\dataset_a\heel_strike\lsl-00_2-020.png","","965","","9B527976115EDBAFAA6BEBAB930CEA2C8BBB3D485854EE89B3D9B5F83F0FCCFD","Extracted Dataset A file appeared during inventory."
"ADDED","Gait\dataset_a\heel_strike\lsl-00_2-035.png","","934","","25641FA94F61FC450164041308B513082BE151C2D281F41E3BD0BE6DA37AD86C","Extracted Dataset A file appeared during inventory."
"ADDED","Gait\dataset_a\heel_strike\lsl-00_2-048.png","","807","","8D33A1AC8CF7A369C4AD0CBA67C1CA8F802A770E34E091968C37696F83BC5D22","Extracted Dataset A file appeared during inventory."
"ADDED","Gait\dataset_a\heel_strike\lsl-00_2-049.png","","832","","F94BA13B1BB953BF1195815D9DED54B5C2DC42D0AB8227B62115A614F4373BC1","Extracted Dataset A file appeared during inventory."
"ADDED","Gait\dataset_a\heel_strike\lsl-00_3-008.png","","886","","DAB335F23EB1AE6D08699BC6A7B96358119DBD4E3059AD2239F627EA0EFE293D","Extracted Dataset A file appeared during inventory."
"ADDED","Gait\dataset_a\heel_strike\lsl-00_3-009.png","","901","","EF2AFE3707E98E6893EC7216961300A162876313DD6E0E89430622817711846D","Extracted Dataset A file appeared during inventory."
"ADDED","Gait\dataset_a\heel_strike\lsl-00_3-010.png","","914","","B7A0F11DE31E6363094E0D1C679888761CBE67C2BF3F7033837A33699F0DF0B8","Extracted Dataset A file appeared during inventory."
"ADDED","Gait\dataset_a\heel_strike\lsl-00_3-023.png","","959","","7E5685596891B633FC4D15EC9CD3D7D24BAC74C978D17C2BEF9092BF25AA767A","Extracted Dataset A file appeared during inventory."
"ADDED","Gait\dataset_a\heel_strike\lsl-00_3-024.png","","955","","1882CB2FA9AA2C5219319488EC2A03534168ED755B6F105920F3C3F965ADD6F6","Extracted Dataset A file appeared during inventory."
"ADDED","Gait\dataset_a\heel_strike\lsl-00_3-038.png","","932","","D591C13C1494F92FA68B013F99B5C65E5E952555BF6F7F231BE0F750EC3C49DF","Extracted Dataset A file appeared during inventory."
"ADDED","Gait\dataset_a\heel_strike\lsl-00_3-051.png","","848","","8A26C0688A343B43F8D17B9A08F42D523FAA245BAC823B42D127418A51A68054","Extracted Dataset A file appeared during inventory."
"ADDED","Gait\dataset_a\heel_strike\lsl-00_3-052.png","","875","","C9A055339404C1080B160A68702536770995084EFB7E973898293BA5C3C7751A","Extracted Dataset A file appeared during inventory."
"ADDED","Gait\dataset_a\heel_strike\lsl-00_3-053.png","","867","","360482DD446A74AD5B03035EA8081FE1F2BA4EE7DCA28A784214D2887D9E9C31","Extracted Dataset A file appeared during inventory."
"ADDED","Gait\dataset_a\heel_strike\lsl-00_4-004.png","","849","","592C5EDFB930116350642396D7E245E1E419C2F5F57A10B56705887FDD81B177","Extracted Dataset A file appeared during inventory."
"ADDED","Gait\dataset_a\heel_strike\lsl-00_4-005.png","","830","","BB9E30A03D2A5A765A4CC2CFEDEBDBB3A8FC6CA40EF40AC818E82567E93FD676","Extracted Dataset A file appeared during inventory."
"ADDED","Gait\dataset_a\heel_strike\lsl-00_4-017.png","","867","","E0D60867DD790A8DF0BD099EA52157350026232829DEFB7FFA1760DE310DDBE3","Extracted Dataset A file appeared during inventory."
"ADDED","Gait\dataset_a\heel_strike\lsl-00_4-018.png","","931","","CC0BEA592674C562E8D8C44D05A440C102AB38039BA1CADDE4F54BAB6751C6A4","Extracted Dataset A file appeared during inventory."
"ADDED","Gait\dataset_a\heel_strike\lsl-00_4-019.png","","920","","D93355224AED2CFD14E739E5E7E8955E9A109643AD6D945D4FE1E2379301D2D7","Extracted Dataset A file appeared during inventory."
"ADDED","Gait\dataset_a\heel_strike\lsl-00_4-032.png","","956","","56B3E88AC7A4AAE0D37E45C4F8C33FAC3783AE1C4D84AF1D10D553AC33D9DCDD","Extracted Dataset A file appeared during inventory."
"ADDED","Gait\dataset_a\heel_strike\lsl-00_4-045.png","","891","","F9FAC7828E2E88B86F247E4A36C2224FBF10B35AC6651435AADB0CC78497518C","Extracted Dataset A file appeared during inventory."
"ADDED","Gait\dataset_a\heel_strike\lsl-00_4-046.png","","887","","ACA33DC777852CE5F7E0AD9B09D515E362C2770F7BFCE23400D79589FF537DF8","Extracted Dataset A file appeared during inventory."
"ADDED","Gait\dataset_a\heel_strike\lsl-00_4-060.png","","849","","3655570F4A7E56EAC5BD6ECC08694952B05EFA026469A0DDE6F724AEAF77CEEE","Extracted Dataset A file appeared during inventory."
"ADDED","Gait\dataset_a\heel_strike\lsl-00_4-061.png","","853","","246065A338B347B9B77460C16A0277900BDD488C30CCC5C3109B17FCCF077798","Extracted Dataset A file appeared during inventory."
"ADDED","Gait\dataset_a\heel_strike\ml-00_1-006.png","","879","","383D33F27392CC6C368BAF6F40F391BABA559AA9B2C39516A7156711A4F56749","Extracted Dataset A file appeared during inventory."
"ADDED","Gait\dataset_a\heel_strike\ml-00_1-007.png","","862","","CA1121C9811FF7AA23EAEEDEED4321CBCC8BB8C5AC4C3FDF7E454120E2925377","Extracted Dataset A file appeared during inventory."
"ADDED","Gait\dataset_a\heel_strike\ml-00_1-019.png","","899","","E41E54E0262E6E03C178B4BCBDA9814CAD4016935ED465A596742FB679C3E7D3","Extracted Dataset A file appeared during inventory."
"ADDED","Gait\dataset_a\heel_strike\ml-00_1-031.png","","939","","6F261DE6297E5CFC4204D78F6184C359F52AB52126562F659AEBC0211920EEBA","Extracted Dataset A file appeared during inventory."
"ADDED","Gait\dataset_a\heel_strike\ml-00_1-032.png","","903","","5EBDF4698DFEFC98FFC76579F7655686F219E66B764C1E8F4C075C7749433429","Extracted Dataset A file appeared during inventory."
"ADDED","Gait\dataset_a\heel_strike\ml-00_1-044.png","","957","","A3C1B68FEFB4AECE77BEBEC32F77BB2978B1F343038F7F1D7EE06C3937B33639","Extracted Dataset A file appeared during inventory."
"ADDED","Gait\dataset_a\heel_strike\ml-00_1-045.png","","951","","36669EA89F90CEEBD6C87A0534418BB286922E74CF7BEB59BCF79E56FA608C6A","Extracted Dataset A file appeared during inventory."
"ADDED","Gait\dataset_a\heel_strike\ml-00_1-057.png","","803","","78A76B2D05C68DB4F7F1BD59687D88235CB967C3113F4EA67D1C0F288CEB7B6A","Extracted Dataset A file appeared during inventory."
"ADDED","Gait\dataset_a\heel_strike\ml-00_2-002.png","","747","","DD8308A2CD16559601989C45960D8ED462407456889A9F1C23F19E5BB8D63AFB","Extracted Dataset A file appeared during inventory."
"ADDED","Gait\dataset_a\heel_strike\ml-00_2-003.png","","777","","DDF6822915DAABE021E9A389EE03D08FA3B9D7B95735F371940D214CA9A08008","Extracted Dataset A file appeared during inventory."
"ADDED","Gait\dataset_a\heel_strike\ml-00_2-016.png","","891","","E2E6182DCC2FB51A74EBF0F85ABDB42274D09C310DE7914009F9DE671CEE412A","Extracted Dataset A file appeared during inventory."
"ADDED","Gait\dataset_a\heel_strike\ml-00_2-028.png","","908","","6C256680403EF94EE7A15B01CDA96D0016F5041780446C83EEA7E70D8732D5D0","Extracted Dataset A file appeared during inventory."
"ADDED","Gait\dataset_a\heel_strike\ml-00_2-042.png","","812","","88DBFF670A67112425CD08A11AF1BFCF17F3BBBE237F4B459D82A42811733A2E","Extracted Dataset A file appeared during inventory."
"ADDED","Gait\dataset_a\heel_strike\ml-00_2-054.png","","923","","581D2507B404C7504AC58D11AE118B28E6FAAE5168A90DE73A8E28DDC44B8E4A","Extracted Dataset A file appeared during inventory."
"ADDED","Gait\dataset_a\heel_strike\ml-00_2-055.png","","947","","A7E07D1E81E809A3D31C1F19979A985F89CB2A0D5AA197BA8816E914CFF9A76D","Extracted Dataset A file appeared during inventory."
"ADDED","Gait\dataset_a\heel_strike\ml-00_3-003.png","","848","","1DCD7E42630D6EF40B2DF4741F50AD977772988B189B43FB2580E5FD22166C6C","Extracted Dataset A file appeared during inventory."
"ADDED","Gait\dataset_a\heel_strike\ml-00_3-004.png","","863","","E4581C02F8A9B90578DD11CAEA03CAA2B5D11EB16A8FDE0B7C7DE3C18AA9A376","Extracted Dataset A file appeared during inventory."
"ADDED","Gait\dataset_a\heel_strike\ml-00_3-017.png","","893","","08D277E75E683CC74976C22E4C7FAC17F0B0C9B12FF68CBD2AA1F6EFC92B76D9","Extracted Dataset A file appeared during inventory."
"ADDED","Gait\dataset_a\heel_strike\ml-00_3-030.png","","914","","B611E574F758C367D4525E4F3A85AE083CFE93670A22E87197B8873995234062","Extracted Dataset A file appeared during inventory."
"ADDED","Gait\dataset_a\heel_strike\ml-00_3-042.png","","914","","25967FCFAC36FEF22E30CA7061275491EA1834C5FF1D4C4F6FF72517CED167BE","Extracted Dataset A file appeared during inventory."
"ADDED","Gait\dataset_a\heel_strike\ml-00_3-043.png","","902","","A5A7BDF78AE140E8A35D174FDB35D9C56FA6B26A3A958DFB1291E669A3A0F672","Extracted Dataset A file appeared during inventory."
"ADDED","Gait\dataset_a\heel_strike\ml-00_3-056.png","","780","","3B6ECE0431606E361A79F28F5A0A8D27771F30F1D686916E54950E62D099A7AD","Extracted Dataset A file appeared during inventory."
"ADDED","Gait\dataset_a\heel_strike\ml-00_4-008.png","","856","","AF77F07F8664AE5926B77B8E7B101AF6C6D1555DD79C42F361C5FA87159DA688","Extracted Dataset A file appeared during inventory."
"ADDED","Gait\dataset_a\heel_strike\ml-00_4-021.png","","905","","9B623E8B2DBCCAF5D575E5FE45D5D423E06A389A88E70599041023CC35EC23DD","Extracted Dataset A file appeared during inventory."
"ADDED","Gait\dataset_a\heel_strike\ml-00_4-033.png","","914","","D17DA452C096C2FFBAA03ABC328FBCC2E3CECB0B805D961828DA738EB601817C","Extracted Dataset A file appeared during inventory."
"ADDED","Gait\dataset_a\heel_strike\ml-00_4-045.png","","890","","66D8D718404038C83F416A015E8F72EDB8C1F40EB346E619D639D02C135B5C07","Extracted Dataset A file appeared during inventory."
"ADDED","Gait\dataset_a\heel_strike\nhz-00_1-008.png","","897","","A2F4C870191E1BA93D65AD5124870851CD2C23C9DADFD58E22DE3EF189EB7F60","Extracted Dataset A file appeared during inventory."
"ADDED","Gait\dataset_a\heel_strike\nhz-00_1-009.png","","880","","946BA0D899FBC78ABBAACEC53F9A6423F50DD510B16DFFF52491C4ADA2E427B9","Extracted Dataset A file appeared during inventory."
"ADDED","Gait\dataset_a\heel_strike\nhz-00_1-019.png","","897","","B28F03AE586BABABAB1421EC57B92CE1903C5BABFF4538DC5B508E5A3E6C1E05","Extracted Dataset A file appeared during inventory."
"ADDED","Gait\dataset_a\heel_strike\nhz-00_1-020.png","","987","","AE81075458812330C7645CDC0121496CA6A08ED018FD554A49BCAA51715C4098","Extracted Dataset A file appeared during inventory."
"ADDED","Gait\dataset_a\heel_strike\nhz-00_1-021.png","","1044","","38183C90533F7169E553C1C2A0DA570C99E659C19598A20A10E2541C92CDE9F8","Extracted Dataset A file appeared during inventory."
"ADDED","Gait\dataset_a\heel_strike\nhz-00_1-022.png","","974","","4502F590032AFC5811D34174E3C26345035B401A62F185FCC40433DE5B64ABC1","Extracted Dataset A file appeared during inventory."
"ADDED","Gait\dataset_a\heel_strike\nhz-00_1-033.png","","868","","49715F3D515EB58E371DBB805D59F401378EAC309A71E365A2D1121B8BC841A5","Extracted Dataset A file appeared during inventory."
"ADDED","Gait\dataset_a\heel_strike\nhz-00_1-034.png","","893","","9C0005908C5F91C2E8492E179DEA4569A64D2E7CF50BDEFF407C1ADD009D9828","Extracted Dataset A file appeared during inventory."
"ADDED","Gait\dataset_a\heel_strike\nhz-00_1-035.png","","866","","D6956F799854973445906B72390F0DAC461B00612BD9C8043F264B009039F7E0","Extracted Dataset A file appeared during inventory."
"ADDED","Gait\dataset_a\heel_strike\nhz-00_1-047.png","","866","","567082FA49BFD34ED70B972C753EBEE028C87C92C1FA64A0B200DAFBB9445FC5","Extracted Dataset A file appeared during inventory."
"ADDED","Gait\dataset_a\heel_strike\nhz-00_1-048.png","","889","","2FEE739788D06DBC1251517D34F091DB65F928C98201DE200276BC4F5389CCA1","Extracted Dataset A file appeared during inventory."
"ADDED","Gait\dataset_a\heel_strike\nhz-00_2-009.png","","838","","740001E8479219AA3DDEDE370E29916623FA44DA957DA59D0DD15F58B87CD6E8","Extracted Dataset A file appeared during inventory."
"ADDED","Gait\dataset_a\heel_strike\nhz-00_2-010.png","","840","","0734007C50C813F3DB6C02F35C938FF28ACA7021579E6A6722DCDC33C7CA5A65","Extracted Dataset A file appeared during inventory."
"ADDED","Gait\dataset_a\heel_strike\nhz-00_2-022.png","","936","","70A99B516C28619639A82F1D59C4FFDAEE1AEC6E87E46AACA07B449698E0E5B5","Extracted Dataset A file appeared during inventory."
"ADDED","Gait\dataset_a\heel_strike\nhz-00_2-023.png","","936","","B5272E7EA4B533A2035E3CA186A4213A18D21673FD0216BCE55DBF798B581A63","Extracted Dataset A file appeared during inventory."
"ADDED","Gait\dataset_a\heel_strike\nhz-00_2-036.png","","944","","237A0CC6789D260C92CD389A4F2F2070348A97F7D00CD92907818B74752A9EDF","Extracted Dataset A file appeared during inventory."
"ADDED","Gait\dataset_a\heel_strike\nhz-00_2-037.png","","931","","CB4BC4B2004281A30588816539F8A389226968B71771400E64E2FBC0D3B681AA","Extracted Dataset A file appeared during inventory."
"ADDED","Gait\dataset_a\heel_strike\nhz-00_2-050.png","","849","","3CCB7C5A9944D4D242EF076110C62106FA20364DCA232483D573F3DA4892AAC4","Extracted Dataset A file appeared during inventory."
"ADDED","Gait\dataset_a\heel_strike\nhz-00_2-051.png","","848","","6CACAE7F3C739DAAFDF8DB533080879D91546A69C003BC7868F19B96AD9F29E6","Extracted Dataset A file appeared during inventory."
"ADDED","Gait\dataset_a\heel_strike\nhz-00_3-005.png","","880","","79F081F729B0AECAF90AA1CBDCE4F32CB2228395E3B8DD5B6D379EC4C9698B9F","Extracted Dataset A file appeared during inventory."
"ADDED","Gait\dataset_a\heel_strike\nhz-00_3-018.png","","930","","62A70C6BDFEE8F98A0241B45ED73CFCD0DE50838DD5A511E95D1E18D6CF16D23","Extracted Dataset A file appeared during inventory."
"ADDED","Gait\dataset_a\heel_strike\nhz-00_3-019.png","","892","","268E7D98B700D77F1E0735D51577BD21B8A2C44752A2643B16507CA5992228BB","Extracted Dataset A file appeared during inventory."
"ADDED","Gait\dataset_a\heel_strike\nhz-00_3-031.png","","935","","38DC771D09BB8C445064B1C28DE39BBC9C8BDA23B62A441EFEC8ACABB1A8640D","Extracted Dataset A file appeared during inventory."
"ADDED","Gait\dataset_a\heel_strike\nhz-00_3-044.png","","926","","F9BB52F2B2AC719B9651B5CA10A5047677088492CBAFF98A8441CF36EF4E1D98","Extracted Dataset A file appeared during inventory."
"ADDED","Gait\dataset_a\heel_strike\nhz-00_3-045.png","","901","","92914E2CC648F1EA2136264B487EC944F4A1E2D92E1D892CD3499D6A34702BEA","Extracted Dataset A file appeared during inventory."
"ADDED","Gait\dataset_a\heel_strike\nhz-00_3-057.png","","775","","77AC7949900998BB3FEA7D46793720B7115EF2626AF5F7CC98A86FB2AC43DDF3","Extracted Dataset A file appeared during inventory."
"ADDED","Gait\dataset_a\heel_strike\nhz-00_4-008.png","","814","","50D6CC281D29EC0597241A37A946A939ED06B12C18EB0F12915B0DFCCEFE7D22","Extracted Dataset A file appeared during inventory."
"ADDED","Gait\dataset_a\heel_strike\nhz-00_4-009.png","","816","","12E3238B3FEADF971A378C6A9D98647BDD56FAC774CE5C2707BD12D8C7CC6316","Extracted Dataset A file appeared during inventory."
"ADDED","Gait\dataset_a\heel_strike\nhz-00_4-010.png","","830","","E3C23C957E794168DFF727EBBBD5D35164E2961C9C80C788EBE310DBBC7068E9","Extracted Dataset A file appeared during inventory."
"ADDED","Gait\dataset_a\heel_strike\nhz-00_4-023.png","","960","","2C2663EB3F84C4D01AE28F0430D6C45A936094F56D3EB76E365EAFDC32149A6A","Extracted Dataset A file appeared during inventory."
"ADDED","Gait\dataset_a\heel_strike\nhz-00_4-024.png","","950","","6F14C90D628965ABE89747A8E5D029BFF1563307600BA52B7B8EFB055FCAE860","Extracted Dataset A file appeared during inventory."
"ADDED","Gait\dataset_a\heel_strike\nhz-00_4-038.png","","927","","C7268E101FE20A45B48D55115158D0E40554394860AF0949541240DD3B197365","Extracted Dataset A file appeared during inventory."
"ADDED","Gait\dataset_a\heel_strike\nhz-00_4-049.png","","841","","60F0153E49CA30327B4EB56B6DF724CA45C70ED9BA95D555D22E87C1A598D090","Extracted Dataset A file appeared during inventory."
"ADDED","Gait\dataset_a\heel_strike\nhz-00_4-050.png","","831","","A2C731B697978D044AD285C6BF88AF9F61E0BF83050F083A6AD6D145FDB28B88","Extracted Dataset A file appeared during inventory."
"ADDED","Gait\dataset_a\heel_strike\rj-00_1-010.png","","823","","86AFD022403503A8DFC8051B4AB0C72DA5DED5D0929ABCDE7C9E9D1F85AA9514","Extracted Dataset A file appeared during inventory."
"ADDED","Gait\dataset_a\heel_strike\rj-00_1-021.png","","779","","757254A3D78D98AA744D71B40436675F221719AD8AB86E55127895D32C5D44DA","Extracted Dataset A file appeared during inventory."
"ADDED","Gait\dataset_a\heel_strike\rj-00_1-022.png","","823","","A967678EE405A9B81ECC8C9727B794F459F7D64EFE8C8DBA58FDE871EE262E5F","Extracted Dataset A file appeared during inventory."
"ADDED","Gait\dataset_a\heel_strike\rj-00_1-032.png","","899","","3260144C890F6693DF0630B60A885A27BD2A53D56B99775EB97279E1675D8089","Extracted Dataset A file appeared during inventory."
"ADDED","Gait\dataset_a\heel_strike\rj-00_1-033.png","","920","","EDF0CB3CA99C1A05D29ED3E79003A21EA438B8E15D365E985AEC355130020CCB","Extracted Dataset A file appeared during inventory."
"ADDED","Gait\dataset_a\heel_strike\rj-00_1-045.png","","836","","0C34A386356CA0C6A23AD27CBDECD37699332EEEA08F3ED3E597B2C47ACA1119","Extracted Dataset A file appeared during inventory."
"ADDED","Gait\dataset_a\heel_strike\rj-00_1-056.png","","729","","972A239570B7EA4901D8AC6F2D39B29DB1229F8C0739367FA3B8A31B1D8578B6","Extracted Dataset A file appeared during inventory."
"ADDED","Gait\dataset_a\heel_strike\rj-00_2-006.png","","848","","1BF1E28ABFCC670214A3C9A69BE1368CD66E408E32E192BE49DD58EBFC76DE92","Extracted Dataset A file appeared during inventory."
"ADDED","Gait\dataset_a\heel_strike\rj-00_2-017.png","","844","","B968C8B8DFD2695B9E43D2135E1BEBA737320DA13A167550B869A38343067873","Extracted Dataset A file appeared during inventory."
"ADDED","Gait\dataset_a\heel_strike\rj-00_2-029.png","","886","","06E80C25210784E0A5D246C776B11F2209AFB865CA4B33F0A710AD1DD165C093","Extracted Dataset A file appeared during inventory."
"ADDED","Gait\dataset_a\heel_strike\rj-00_2-051.png","","755","","1E9B1D5F1F63FB2659EA899BBB6B40EA0F051F292F0A988A7964B6314912D2A1","Extracted Dataset A file appeared during inventory."
"ADDED","Gait\dataset_a\heel_strike\rj-00_2-052.png","","781","","20FE650A128B59095BDF3613AC216B26E11A3495A43D6493A130BB30A15AA91D","Extracted Dataset A file appeared during inventory."
"ADDED","Gait\dataset_a\heel_strike\rj-00_3-005.png","","712","","9199B932F29632C7398C0133B2DC4DD0A444446000140609BC18FD18AD78DA73","Extracted Dataset A file appeared during inventory."
"ADDED","Gait\dataset_a\heel_strike\rj-00_3-006.png","","764","","4C27B9DE1E2BB8F8E16A1E59453C6FDFB98EFEDB55F10C7425BAD51208015E5C","Extracted Dataset A file appeared during inventory."
"ADDED","Gait\dataset_a\heel_strike\rj-00_3-007.png","","770","","27F3A8C4D7C59A5AA07A437E22793017CD30B653ECF759946A8D78B96EEF9283","Extracted Dataset A file appeared during inventory."
"ADDED","Gait\dataset_a\heel_strike\rj-00_3-017.png","","841","","991D54CD6F90DCADA8C53E7E4292D34F1572C699E735FC8BCD73E9EA1979F039","Extracted Dataset A file appeared during inventory."
"ADDED","Gait\dataset_a\heel_strike\rj-00_3-018.png","","888","","0FD74B68732600F8145C95E3E74FECD6A7339B663176116A1BE34CC6D2EA7775","Extracted Dataset A file appeared during inventory."
"ADDED","Gait\dataset_a\heel_strike\rj-00_3-029.png","","866","","798E0A55731D38770056C5FAE166C57A742650636B198AF1D39FACD76A4A75A0","Extracted Dataset A file appeared during inventory."
"ADDED","Gait\dataset_a\heel_strike\rj-00_3-030.png","","858","","3C447FC0B03C0C8CAEF4459DA9312A000DDF5CA9DEBE894337CEC83CC6BA9DDA","Extracted Dataset A file appeared during inventory."
"ADDED","Gait\dataset_a\heel_strike\rj-00_3-040.png","","815","","F47BDD3865BC5659F3284DD228AB2C789D9694701915F129EB92E60A18DF6F4A","Extracted Dataset A file appeared during inventory."
"ADDED","Gait\dataset_a\heel_strike\rj-00_3-051.png","","823","","8D57BA184AF3FDFAA144BAA5A86978C56A8F61A15EFF0306DD5574905B6B317C","Extracted Dataset A file appeared during inventory."
"ADDED","Gait\dataset_a\heel_strike\rj-00_4-005.png","","720","","BF401253BA505C3463AFFC2C718ACD779BD5D0C6CAEE7EB51F62045532B00C7C","Extracted Dataset A file appeared during inventory."
"ADDED","Gait\dataset_a\heel_strike\rj-00_4-006.png","","745","","FF613786DAFE6635E2D23E25BBA3A6265EC776F5DD3C40BDB258D97B06C51C15","Extracted Dataset A file appeared during inventory."
"ADDED","Gait\dataset_a\heel_strike\rj-00_4-017.png","","851","","4141F9E816B8A63B6163852F841CD8A81FCED94A65F1291A815C259E9278DF35","Extracted Dataset A file appeared during inventory."
"ADDED","Gait\dataset_a\heel_strike\rj-00_4-027.png","","847","","5D1EFC9F19C8E6D0DA1FDB6853D5BE1CF672D6084664F55DB72FB1A7C7983AA6","Extracted Dataset A file appeared during inventory."
"ADDED","Gait\dataset_a\heel_strike\rj-00_4-028.png","","878","","454229F5786067AAD26B6F8193225BCE46D09BEADF0C11CD1EEF128013708F61","Extracted Dataset A file appeared during inventory."
"ADDED","Gait\dataset_a\heel_strike\rj-00_4-038.png","","835","","54637FB0E87C543E30122966A3164A24B80218CE20BF383425AE8DDDD3BFED51","Extracted Dataset A file appeared during inventory."
"ADDED","Gait\dataset_a\heel_strike\rj-00_4-039.png","","839","","36E8D1B320D67FD7359625BADD6C6B4087DE805283FB5F1B5E400C98C732FAD4","Extracted Dataset A file appeared during inventory."
"ADDED","Gait\dataset_a\heel_strike\rj-00_4-050.png","","800","","805FE7588430D5D2F507B5FDD79B379A0092A8FABAB25E6BF69CA8B6E132C106","Extracted Dataset A file appeared during inventory."
"ADDED","Gait\dataset_a\heel_strike\syj-00_1-008.png","","962","","4423BB52ADDD0A6B9EA49E0777CCF4A43D2F0860316CF82024D11363BF506010","Extracted Dataset A file appeared during inventory."
"ADDED","Gait\dataset_a\heel_strike\syj-00_1-021.png","","1042","","96E5454CAC3C1AFD96A06F6F9E9DA7FB50679F74AA67A274435E51585A5C567C","Extracted Dataset A file appeared during inventory."
"ADDED","Gait\dataset_a\heel_strike\syj-00_1-034.png","","1007","","119FD07F0E725E8C4A3F27645CA624C1C06CED70FCF9F626DF0AF907E2B97A7E","Extracted Dataset A file appeared during inventory."
"ADDED","Gait\dataset_a\heel_strike\syj-00_1-046.png","","847","","286D05DA88835A8E489E620237605F82C505F68FC8B2E1F45A98370E0BB2AA8B","Extracted Dataset A file appeared during inventory."
"ADDED","Gait\dataset_a\heel_strike\syj-00_1-047.png","","882","","B40FBA4346435B7077985FA3DC489080429C3A52A8ACD61285EC35B4954585B1","Extracted Dataset A file appeared during inventory."
"ADDED","Gait\dataset_a\heel_strike\syj-00_2-013.png","","940","","91B813C201546799BE6759F6EAEBBDF7FD888E6A58BA5E0FF47428513BFD5AE0","Extracted Dataset A file appeared during inventory."
"ADDED","Gait\dataset_a\heel_strike\syj-00_2-014.png","","953","","B3A8C60F482105B239BE7FBC42B363439E32B84AD6A27F1894C56E361AEB9348","Extracted Dataset A file appeared during inventory."
"ADDED","Gait\dataset_a\heel_strike\syj-00_2-026.png","","979","","B986825A22D4F532E99AB4B7D384D92FDFB08EB8885D11A9245F8BF4C133D88C","Extracted Dataset A file appeared during inventory."
"ADDED","Gait\dataset_a\heel_strike\syj-00_2-027.png","","1018","","C861F6F3C2C85CF5FA62D8136BE6F7842C959B55A3BF1DEB3CE25583A08F9BB6","Extracted Dataset A file appeared during inventory."
"ADDED","Gait\dataset_a\heel_strike\syj-00_2-040.png","","1051","","811BBE1D455E0959C1A76ADF7E7F6F44353001DEC1144B4D8663DDD3A4F1904A","Extracted Dataset A file appeared during inventory."
"ADDED","Gait\dataset_a\heel_strike\syj-00_3-005.png","","891","","C1A40635C0072DEB8E792494A7EB72908768DAD2AA7C2051ED4A6A751648F5D4","Extracted Dataset A file appeared during inventory."
"ADDED","Gait\dataset_a\heel_strike\syj-00_3-017.png","","970","","3A1E69B8763692941445C84A20C369592DBD4DA2836EAE69A4E6124909B87889","Extracted Dataset A file appeared during inventory."
"ADDED","Gait\dataset_a\heel_strike\syj-00_3-018.png","","1028","","7347930717CDD103ADE0FF9447B7FB22D8A61AA4B633634758FDDEAF3B665AB4","Extracted Dataset A file appeared during inventory."
"ADDED","Gait\dataset_a\heel_strike\syj-00_3-031.png","","985","","E6C4E5F7FDA138DAD99196A5316CE2C8C2DBBD0305630979C7B6166195B902EA","Extracted Dataset A file appeared during inventory."
"ADDED","Gait\dataset_a\heel_strike\syj-00_3-044.png","","909","","05532D19FD931E34754F726CC03E212CE27F6B118DB8909A525FBE28BDA6A3B2","Extracted Dataset A file appeared during inventory."
"ADDED","Gait\dataset_a\heel_strike\syj-00_3-045.png","","887","","7B5109D7A0EBD32EF0A5A3DCCBBB2C131A5E625A3EEF47A4D69AA1EF96162EA3","Extracted Dataset A file appeared during inventory."
"ADDED","Gait\dataset_a\heel_strike\syj-00_4-012.png","","868","","C5B1119DA662855F13A9F2B9CD6CCE18F1AD64F5580163648EC73561CAFA1201","Extracted Dataset A file appeared during inventory."
"ADDED","Gait\dataset_a\heel_strike\syj-00_4-013.png","","912","","FFF402F1AEE45006D633B47F0F842C9D176F72FC6C6832FBF2EF0846EC04AC78","Extracted Dataset A file appeared during inventory."
"ADDED","Gait\dataset_a\heel_strike\syj-00_4-026.png","","985","","02AE776642267CF9A9909D9586039B89C37B580D4BA78826F8B89EEC367464BA","Extracted Dataset A file appeared during inventory."
"ADDED","Gait\dataset_a\heel_strike\syj-00_4-039.png","","1006","","3D63EB6F8BE0DC2F57A876F8E050E588F261DC3DA1EE9F2DBD69156581211C8B","Extracted Dataset A file appeared during inventory."
"ADDED","Gait\dataset_a\heel_strike\wl-00_1-009.png","","1113","","BDEEE099EA38B73988182C26E693E7457B8E14F66EBBCD66CF658ED46ACFC1C2","Extracted Dataset A file appeared during inventory."
"ADDED","Gait\dataset_a\heel_strike\wl-00_1-010.png","","1117","","9B6EDFB43BDD70BAAA52E515CFAFD824E20175DEC8D7ECCFD228736E361A9B3E","Extracted Dataset A file appeared during inventory."
"ADDED","Gait\dataset_a\heel_strike\wl-00_1-022.png","","1170","","43DBC220527210C90AE5ACD113F29CE664510D93FB5B2F4B459171969A98A976","Extracted Dataset A file appeared during inventory."
"ADDED","Gait\dataset_a\heel_strike\wl-00_1-036.png","","1140","","36D439B331294CDD53D2428A413A3892E2A7C0007C812001677D853E6600541F","Extracted Dataset A file appeared during inventory."
"ADDED","Gait\dataset_a\heel_strike\wl-00_2-008.png","","1144","","AB6D9C468B6CC2B62619FED511712C999AF051C33F99B4DAF55B9AE7A66DC266","Extracted Dataset A file appeared during inventory."
"ADDED","Gait\dataset_a\heel_strike\wl-00_2-021.png","","1183","","E3BF920991486FA91C56C2D5DFC4899B55CD846803F84029CA94B0CD375B3D1A","Extracted Dataset A file appeared during inventory."
"ADDED","Gait\dataset_a\heel_strike\wl-00_2-033.png","","1108","","F7657C76E01B13E486148059002FCD7535EBF94B59C1CD1E69CA44B45236F8C7","Extracted Dataset A file appeared during inventory."
"ADDED","Gait\dataset_a\heel_strike\wl-00_2-034.png","","1115","","E6CD71C702EC208D0C2E1585CF64E95609E805FA6A0DE2E327EE6A07111EEEE1","Extracted Dataset A file appeared during inventory."
"ADDED","Gait\dataset_a\heel_strike\wl-00_3-008.png","","1153","","B1F8F55BF01579323F12ED2ED6CFC122192FEC6550AEA30D8B8C551232E60976","Extracted Dataset A file appeared during inventory."
"ADDED","Gait\dataset_a\heel_strike\wl-00_3-023.png","","1157","","951793DB2F0C76B9C900AF9F812E6F240D54474DF3D586C343B203F042B4CD78","Extracted Dataset A file appeared during inventory."
"ADDED","Gait\dataset_a\heel_strike\wl-00_3-024.png","","1135","","2EB9006CC93159D2525B124DFB9260C1D7F52443BAEA383FF7913B26D2DE47CF","Extracted Dataset A file appeared during inventory."
"ADDED","Gait\dataset_a\heel_strike\wl-00_3-040.png","","1143","","5B8887C21CD90FA4A44810C79418CC3EC7F0539019B82CDD96ABD05F288150A2","Extracted Dataset A file appeared during inventory."
"ADDED","Gait\dataset_a\heel_strike\wl-00_4-004.png","","1103","","C4E391EC694B4E5ED51A9DE7E3475760E7108039149C3415A89A1015A1E10AE4","Extracted Dataset A file appeared during inventory."
"ADDED","Gait\dataset_a\heel_strike\wl-00_4-017.png","","1199","","A2B17DE6406EC6F2F56CAFB79A136E7C676F242AE91EC4529D6F1747036195CC","Extracted Dataset A file appeared during inventory."
"ADDED","Gait\dataset_a\heel_strike\wl-00_4-030.png","","1066","","F999579EBCFE0BC60EEEB1C6803A7E5131D937BA324093C1CB0B2742F40743BE","Extracted Dataset A file appeared during inventory."
"ADDED","Gait\dataset_a\heel_strike\wq-00_1-010.png","","793","","DCBA59F5AD8FB0009615FD7F0D48A727570BBD744F4CE3B7A90DCC7AFFEDE84C","Extracted Dataset A file appeared during inventory."
"ADDED","Gait\dataset_a\heel_strike\wq-00_1-011.png","","834","","E8E48347A0233D658B875C31F8C8541E4528221DAA32A4160388E55ADE9EE833","Extracted Dataset A file appeared during inventory."
"ADDED","Gait\dataset_a\heel_strike\wq-00_1-024.png","","974","","48867D7C673170FB400820658B6AB1181A483085335B52076DADC53A2D24619B","Extracted Dataset A file appeared during inventory."
"ADDED","Gait\dataset_a\heel_strike\wq-00_1-036.png","","907","","0906FC373F41C3965F17683452E90CBD10F6BB91114D5FE54AAE287C12DA0557","Extracted Dataset A file appeared during inventory."
"ADDED","Gait\dataset_a\heel_strike\wq-00_1-048.png","","787","","2858E5D3F35882E6C3C19F30BE2EAD0234DB4B326FEF4B75BD5B469D5D6FB103","Extracted Dataset A file appeared during inventory."
"ADDED","Gait\dataset_a\heel_strike\wq-00_1-049.png","","813","","F204A0B2E18BC942D4CE4FF32CAC5DD8CF3F810C5C8ADEA8306CB2BED0461055","Extracted Dataset A file appeared during inventory."
"ADDED","Gait\dataset_a\heel_strike\wq-00_2-009.png","","820","","BCC77EC7665E6B645C54C3CD66DEEEBA902498BF91263150A67384FAB139B6F4","Extracted Dataset A file appeared during inventory."
"ADDED","Gait\dataset_a\heel_strike\wq-00_2-010.png","","841","","9D6BED6C92484A21A72C88FC93C1DCC4446B8D9358E2626A71F05A43596ED407","Extracted Dataset A file appeared during inventory."
"ADDED","Gait\dataset_a\heel_strike\wq-00_2-024.png","","999","","397C520BBAF7D66E9FE70D4291DF94A772753C7D223CD03714F5798000B1D410","Extracted Dataset A file appeared during inventory."
"ADDED","Gait\dataset_a\heel_strike\wq-00_2-038.png","","832","","3F770BF718983FC2A3CB454BF99F375E70428C893E7DE807369843A3AFD44979","Extracted Dataset A file appeared during inventory."
"ADDED","Gait\dataset_a\heel_strike\wq-00_2-050.png","","864","","55988D38A82AE06EE403139BC3947A6008EB58199C0AA254F5E72806350C34B5","Extracted Dataset A file appeared during inventory."
"ADDED","Gait\dataset_a\heel_strike\wq-00_3-008.png","","808","","444559C81F67F14F862EC97EF0BC846BCDD29CF64E652C0F17A50F8926737D0C","Extracted Dataset A file appeared during inventory."
"ADDED","Gait\dataset_a\heel_strike\wq-00_3-009.png","","849","","060BAB28D43A5090A0CA6AA1540F1A439F34FEF041022C6A5FAA376AB46BA5BD","Extracted Dataset A file appeared during inventory."
"ADDED","Gait\dataset_a\heel_strike\wq-00_3-022.png","","877","","644A42F3564DA3BF7853BE96BD5A0232C527E273BDADCA23664B6A39F8899252","Extracted Dataset A file appeared during inventory."
"ADDED","Gait\dataset_a\heel_strike\wq-00_3-036.png","","905","","75A3815E173DA109A5A8586132C0048831D5950E3617C372AB65E8594D048626","Extracted Dataset A file appeared during inventory."
"ADDED","Gait\dataset_a\heel_strike\wq-00_3-049.png","","845","","F9C512A3938C25F7A712BE13EDBB840BD8642913DF83F4AF3C2F05EBFAB132C5","Extracted Dataset A file appeared during inventory."
"ADDED","Gait\dataset_a\heel_strike\wq-00_4-007.png","","815","","63E362B5C8E549C4BFC79AAF82F9EE74DE975C40FE70FE0BED761E1DA3FA24CA","Extracted Dataset A file appeared during inventory."
"ADDED","Gait\dataset_a\heel_strike\wq-00_4-008.png","","839","","DDE61233891CD888188F9118AAE5B3E9AFE73A38A9A17FEFDE9DB385A4B599FC","Extracted Dataset A file appeared during inventory."
"ADDED","Gait\dataset_a\heel_strike\wq-00_4-022.png","","996","","E98FADBBAE72AAA94CDF3A052F1A34BB031BC635AE66513503AEBF2653F40FDB","Extracted Dataset A file appeared during inventory."
"ADDED","Gait\dataset_a\heel_strike\wq-00_4-035.png","","919","","7490113FCA2B7B793B0F62DEE0B41355E83A1EBCE7B45AE64EC544CFEAAD7B76","Extracted Dataset A file appeared during inventory."
"ADDED","Gait\dataset_a\heel_strike\wq-00_4-048.png","","816","","30D91BB10718B064ADB12671721FBB6558BBCF47C9CBBEF5179AACDA9BBCC44B","Extracted Dataset A file appeared during inventory."
"ADDED","Gait\dataset_a\heel_strike\wyc-00_1-008.png","","891","","9C7338251496AA24D7336FAEEE410A9597CAB73E039AB6B59B4DCC594D4491C4","Extracted Dataset A file appeared during inventory."
"ADDED","Gait\dataset_a\heel_strike\wyc-00_1-009.png","","931","","E93D18CB2E84420CD8601F4457FF82F9439CB75D62DC040CD8F004D36FF4A75C","Extracted Dataset A file appeared during inventory."
"ADDED","Gait\dataset_a\heel_strike\wyc-00_1-023.png","","919","","E50596D23B1EA028907A65A3513A13363308173B48A078F8EA74A38FDBAF3AA9","Extracted Dataset A file appeared during inventory."
"ADDED","Gait\dataset_a\heel_strike\wyc-00_1-035.png","","916","","F6B12107D5514D89595CD60B14DECDF1FF881C9DD6F21F866CC82CFDF2367DEB","Extracted Dataset A file appeared during inventory."
"ADDED","Gait\dataset_a\heel_strike\wyc-00_1-049.png","","908","","6321B7A98FEDEE1E53AB8DEA1D2598E6081B7211650F4E1B0676C7FFF676DF2B","Extracted Dataset A file appeared during inventory."
"ADDED","Gait\dataset_a\heel_strike\wyc-00_2-006.png","","835","","EFB1AFF178755436CED4962352932F948C5F8F0612973D1CA3F5B7D7D51ED3D2","Extracted Dataset A file appeared during inventory."
"ADDED","Gait\dataset_a\heel_strike\wyc-00_2-019.png","","923","","365A7D601CD94D5C6801F3132B8E0E39C0FEBEDD3F01E5219464EB73C9363002","Extracted Dataset A file appeared during inventory."
"ADDED","Gait\dataset_a\heel_strike\wyc-00_2-032.png","","950","","1E8710547873656BC2E5DD718D894212E342B8D91B3CD1C3ABAD2B9C45B47D4B","Extracted Dataset A file appeared during inventory."
"ADDED","Gait\dataset_a\heel_strike\wyc-00_2-045.png","","926","","10A805CBE671AE151D1720DDE6CC674D71140A6C3B4A87F5406877DC0F5D0614","Extracted Dataset A file appeared during inventory."
"ADDED","Gait\dataset_a\heel_strike\wyc-00_3-005.png","","873","","4279E701ED535F34B486A88A9E850DDEF32D59EC651E42882A181A230033E2CB","Extracted Dataset A file appeared during inventory."
"ADDED","Gait\dataset_a\heel_strike\wyc-00_3-018.png","","874","","B758BEB6C9A07AE374826C03609291FD4A388E51449DA424851DE2AE2C0FCBD2","Extracted Dataset A file appeared during inventory."
"ADDED","Gait\dataset_a\heel_strike\wyc-00_3-030.png","","947","","FB4044544C9D14833AA6F00A8095AADF55509CEAAAA0988B259C4187D32D6D51","Extracted Dataset A file appeared during inventory."
"ADDED","Gait\dataset_a\heel_strike\wyc-00_3-043.png","","818","","95151E820FE9D414B6F01F0EBEA1A5D27E6F10AD7A4517F1BBE9F03675C665DF","Extracted Dataset A file appeared during inventory."
"ADDED","Gait\dataset_a\heel_strike\wyc-00_4-006.png","","827","","E290C3D311EA8C923FE2A9D26AF4C64E7677FA41CE4990BFF2FDF4E4E186B2E3","Extracted Dataset A file appeared during inventory."
"ADDED","Gait\dataset_a\heel_strike\wyc-00_4-019.png","","867","","FE20B884974248F88016B7A6055EBB42B370FF440B28EFC039995555C74D6E92","Extracted Dataset A file appeared during inventory."
"ADDED","Gait\dataset_a\heel_strike\wyc-00_4-032.png","","921","","94CE1132C51DB9EB80B7554C096EC09CC0DB72CB6E38A4335CA4EFB66680A8CF","Extracted Dataset A file appeared during inventory."
"ADDED","Gait\dataset_a\heel_strike\wyc-00_4-046.png","","899","","84FBF9C54348EFEAD6050E0AC50C6C5E7A9D409288492F7C4E7FCFD23191B355","Extracted Dataset A file appeared during inventory."
"ADDED","Gait\dataset_a\heel_strike\xch-00_1-011.png","","917","","7A45FB166D2581EC1A4079292209DB0601D503CEFF98DFA43AC8DDBDA86627E2","Extracted Dataset A file appeared during inventory."
"ADDED","Gait\dataset_a\heel_strike\xch-00_1-012.png","","950","","2BE1AA7B86105AB856A25EED221F4E46D3200B42988A293D166C2E8F6C0D118B","Extracted Dataset A file appeared during inventory."
"ADDED","Gait\dataset_a\heel_strike\xch-00_1-024.png","","957","","5F71E7B789A6A18C19D37B558BDB46BB4A0BC9578943FB2B510082C2FAA43C8E","Extracted Dataset A file appeared during inventory."
"ADDED","Gait\dataset_a\heel_strike\xch-00_1-037.png","","971","","B4BE43D8BB5083411BEC233EAEBB6CC90EDE327DCBA7E7C19249D11E36937E19","Extracted Dataset A file appeared during inventory."
"ADDED","Gait\dataset_a\heel_strike\xch-00_2-007.png","","910","","C5DBE79832E1614918D353A46D3D9EA4B8CD9A2E45150836F5BEEED041EAD66D","Extracted Dataset A file appeared during inventory."
"ADDED","Gait\dataset_a\heel_strike\xch-00_2-008.png","","916","","7B667382DDE4D9B0EECDF78179A1C984255927281F164C0A6B29BC025CAE4BF7","Extracted Dataset A file appeared during inventory."
"ADDED","Gait\dataset_a\heel_strike\xch-00_2-022.png","","975","","EBC3909C1C96ACCDB1D126F6F523565033F79D7152362D30153959C483836779","Extracted Dataset A file appeared during inventory."
"ADDED","Gait\dataset_a\heel_strike\xch-00_2-035.png","","950","","D617C41BBE7B4F5CDFB2BF6A6DD095C38282CC61AA483F5DE2872E294211C827","Extracted Dataset A file appeared during inventory."
"ADDED","Gait\dataset_a\heel_strike\xch-00_2-047.png","","923","","544399F1A38C4B44F319543EACC559A622E799FDAF932EFECC59F705FB15049A","Extracted Dataset A file appeared during inventory."
"ADDED","Gait\dataset_a\heel_strike\xch-00_3-007.png","","883","","0EFC50B1CF18312B8830D4E19D8A1AABA9361C759BBCB807707F14CD2E0D8BBD","Extracted Dataset A file appeared during inventory."
"ADDED","Gait\dataset_a\heel_strike\xch-00_3-019.png","","860","","57C580AD43DB0924C48A53ED25CE67692981F305F239A49CB00EC0574DF31714","Extracted Dataset A file appeared during inventory."
"ADDED","Gait\dataset_a\heel_strike\xch-00_3-033.png","","931","","9AA4942D764281739597A27DEB547EDAAAB841F7F0A56A972AB7FA740741159F","Extracted Dataset A file appeared during inventory."
"ADDED","Gait\dataset_a\heel_strike\xch-00_3-047.png","","931","","EFEB81E15CB9E7B155333F8F031C998882552DBB6F756197A2DF837B379FE7A6","Extracted Dataset A file appeared during inventory."
"ADDED","Gait\dataset_a\heel_strike\xch-00_4-008.png","","875","","C0A06CB1A8CEBBEE9287BB1B2FA4DDCE5023E18E864B303A3C979084AAD03035","Extracted Dataset A file appeared during inventory."
"ADDED","Gait\dataset_a\heel_strike\xch-00_4-020.png","","988","","ABA3F713F8A10F4C461C64CB17FDA591717D7C6898E876B7C2FCF86D23835D8D","Extracted Dataset A file appeared during inventory."
"ADDED","Gait\dataset_a\heel_strike\xch-00_4-033.png","","952","","85C10206D34800ED664FCF27E2E71B5EBC0416EF6B7D3AB0594A90A97A566271","Extracted Dataset A file appeared during inventory."
"ADDED","Gait\dataset_a\heel_strike\xch-00_4-047.png","","888","","EEA285B936B13FDEFCD693C531FB77FF4B183AB23D08C9980D4ABC35B943354A","Extracted Dataset A file appeared during inventory."
"ADDED","Gait\dataset_a\heel_strike\xxj-00_1-008.png","","869","","A9BE5DE91080A93F5AC36A79D0CFBFB0DDF5FB7ACC16D93897770DC6BD82752E","Extracted Dataset A file appeared during inventory."
"ADDED","Gait\dataset_a\heel_strike\xxj-00_1-020.png","","967","","5D20338CE7920F36D737F569D8265886B196D5E889738E0DF62B606DDFB08905","Extracted Dataset A file appeared during inventory."
"ADDED","Gait\dataset_a\heel_strike\xxj-00_1-032.png","","962","","338094CB777307628C57D1162D87397CB8B27B821139CB99CC9CD74EC058BC81","Extracted Dataset A file appeared during inventory."
"ADDED","Gait\dataset_a\heel_strike\xxj-00_1-043.png","","919","","D9C1C5A4C0A4C05086531ECF86C0CEB19F5F284F16DD470AB694E883CDD8840A","Extracted Dataset A file appeared during inventory."
"ADDED","Gait\dataset_a\heel_strike\xxj-00_1-055.png","","811","","1714C5245D2D64005C1F0B30B9617439628C13E2F1C81C0844FAF5F5531FC2A0","Extracted Dataset A file appeared during inventory."
"ADDED","Gait\dataset_a\heel_strike\xxj-00_2-006.png","","835","","C8A5009AB6414276696EA7FF83601FDFD497235AC04D40080B60766CBBBE0576","Extracted Dataset A file appeared during inventory."
"ADDED","Gait\dataset_a\heel_strike\xxj-00_2-017.png","","782","","48D723A741EC0FBEB432AB76D0C8B69382902278532D0447C4494B3615A5C0D3","Extracted Dataset A file appeared during inventory."
"ADDED","Gait\dataset_a\heel_strike\xxj-00_2-030.png","","904","","29BDD9CE514EAA9C4FEDA494C605AE0C49674AE88E571892191688268B303476","Extracted Dataset A file appeared during inventory."
"ADDED","Gait\dataset_a\heel_strike\xxj-00_2-042.png","","933","","06F3D7DE62B234C6E475D7C1E3B47820F5DDC2F0675E71FD6DC26CEC7FBCD1EF","Extracted Dataset A file appeared during inventory."
"ADDED","Gait\dataset_a\heel_strike\xxj-00_2-055.png","","870","","BE7AA1FC43DA27257F19448D4365660452E4EF3A2C71442ACA5B098178451775","Extracted Dataset A file appeared during inventory."
"ADDED","Gait\dataset_a\heel_strike\xxj-00_2-068.png","","836","","AC7CEF181CE9C4BD2A5A369189F8639EA94B3B3683AC37B801FAD6A004242437","Extracted Dataset A file appeared during inventory."
"ADDED","Gait\dataset_a\heel_strike\xxj-00_3-008.png","","822","","2D42F784EE58E883DEF48BC08976FEB0119D9E8E1D2C7738DD91A20590C03C3D","Extracted Dataset A file appeared during inventory."
"ADDED","Gait\dataset_a\heel_strike\xxj-00_3-021.png","","1007","","0F1EA1286A495C1CA84D32D94D2DD8BE9C68809584C023194E68575F32425678","Extracted Dataset A file appeared during inventory."
"ADDED","Gait\dataset_a\heel_strike\xxj-00_3-033.png","","965","","4D12E1E9F22B3FA91BF3001849DEB5CC4206C906EFA640B3AC1D81045F3C7BF2","Extracted Dataset A file appeared during inventory."
"ADDED","Gait\dataset_a\heel_strike\xxj-00_3-044.png","","812","","462641835615204F47252016BF79C013678F614CC734320D96B3956901CB6548","Extracted Dataset A file appeared during inventory."
"ADDED","Gait\dataset_a\heel_strike\xxj-00_3-057.png","","831","","FDECB779A3918C0DAACA9F122BB8B5F833A571C51638E87F5651BFFFBA008E75","Extracted Dataset A file appeared during inventory."
"ADDED","Gait\dataset_a\heel_strike\xxj-00_4-009.png","","804","","19351408F5C7C97CD75B34A0B18FBA3ABF560EC18BD9AD4C611F83704E8C1ADB","Extracted Dataset A file appeared during inventory."
"ADDED","Gait\dataset_a\heel_strike\xxj-00_4-021.png","","866","","2EA98881838F8CF92E1EAACB916521BA6DA09B6C1A1B0B5A26E37BF89C1A28AC","Extracted Dataset A file appeared during inventory."
"ADDED","Gait\dataset_a\heel_strike\xxj-00_4-033.png","","919","","1952420669A08567691ECCED33B0BD2BDF4269166E2B117E526B705268AA5D16","Extracted Dataset A file appeared during inventory."
"ADDED","Gait\dataset_a\heel_strike\xxj-00_4-046.png","","852","","D6017F7EE45F98D19F4580388BE019565DAB6CCBE464AF2D9B871E7CEAA1633E","Extracted Dataset A file appeared during inventory."
"ADDED","Gait\dataset_a\heel_strike\xxj-00_4-059.png","","874","","6BAC0DFAC40A5339137F1F8C0FB7C26C8A5CCA92AC45F4D8221483C55AD158D9","Extracted Dataset A file appeared during inventory."
"ADDED","Gait\dataset_a\heel_strike\yjf-00_1-006.png","","890","","D1C5B50AB1CB6812DDA72834E37B3E2F17A7FF1A8D80163415A3629A0F49830C","Extracted Dataset A file appeared during inventory."
"ADDED","Gait\dataset_a\heel_strike\yjf-00_1-007.png","","934","","02B259AF300CFC6382763299B17ED8F7B034940D939CAE6E369C0E185BA2E8B9","Extracted Dataset A file appeared during inventory."
"ADDED","Gait\dataset_a\heel_strike\yjf-00_1-020.png","","1070","","FE97DAE23D9F43A3AED4FCD1569604E29A3C0DE02B453623D5569FCA333BFED2","Extracted Dataset A file appeared during inventory."
"ADDED","Gait\dataset_a\heel_strike\yjf-00_1-034.png","","1056","","DCF6BAB6243EA825F23B3585D7491279C0D52018A51317773BCF490451C92986","Extracted Dataset A file appeared during inventory."
"ADDED","Gait\dataset_a\heel_strike\yjf-00_1-047.png","","899","","8331171F3A01981AEF5AAA855A61B6933657058696D9BC9E13B22F4667AB5061","Extracted Dataset A file appeared during inventory."
"ADDED","Gait\dataset_a\heel_strike\yjf-00_2-008.png","","981","","E7C6EC28C2958DF32F4999CC06C82349AD2E67793D79FF0AC02940BC97EC7A6E","Extracted Dataset A file appeared during inventory."
"ADDED","Gait\dataset_a\heel_strike\yjf-00_2-022.png","","1052","","664232E1AF9334E6D57830DD9CEC5D35A9CC8F2E618212B57E06DFE6853F399E","Extracted Dataset A file appeared during inventory."
"ADDED","Gait\dataset_a\heel_strike\yjf-00_2-035.png","","1040","","5224B271142AF4857551DAE32D58581957D203BA15DAED52EAB524239C537736","Extracted Dataset A file appeared during inventory."
"ADDED","Gait\dataset_a\heel_strike\yjf-00_2-048.png","","950","","1298017042F86E81E39CA38015564AA10A797F788A398BCA225D23463F03E7CD","Extracted Dataset A file appeared during inventory."
"ADDED","Gait\dataset_a\heel_strike\yjf-00_3-009.png","","901","","778AD70C17B176B664116E8A6C5E1857EA487D96F464B3D6823965E5675FCE05","Extracted Dataset A file appeared during inventory."
"ADDED","Gait\dataset_a\heel_strike\yjf-00_3-022.png","","997","","2E9D06AC8BDD63250CD62D91AF096B5F245C305210CECC2C4B2A0CF8516E53EA","Extracted Dataset A file appeared during inventory."
"ADDED","Gait\dataset_a\heel_strike\yjf-00_3-036.png","","1039","","B94F1830F507465E638BB88BE78B1B0EA82340905907505BC88319A705DDBEC9","Extracted Dataset A file appeared during inventory."
"ADDED","Gait\dataset_a\heel_strike\yjf-00_3-048.png","","900","","36891854DD26702335FE35BF37701DC47A59EB5A2833F1D3A0EB987EC0D7824E","Extracted Dataset A file appeared during inventory."
"ADDED","Gait\dataset_a\heel_strike\yjf-00_4-006.png","","929","","A5800893DAC255D5DE0BC34661C9C3DDE1999B5A830911842778DAC2B0DA0BC3","Extracted Dataset A file appeared during inventory."
"ADDED","Gait\dataset_a\heel_strike\yjf-00_4-019.png","","1033","","7D7B5DF38F6B001D495FDB35BC036C2CD502897783673471DB40CE5221A7BB6F","Extracted Dataset A file appeared during inventory."
"ADDED","Gait\dataset_a\heel_strike\yjf-00_4-020.png","","1050","","9D4A4B5E4EB8EFF34CA0A77859BEEB25C197B960C6CECEB4F3050E3385B3A10E","Extracted Dataset A file appeared during inventory."
"ADDED","Gait\dataset_a\heel_strike\yjf-00_4-033.png","","1031","","F89AD4631F32985F3487BB3FE1B687E96A34395C59BC7A161D8C18D1A050EF46","Extracted Dataset A file appeared during inventory."
"ADDED","Gait\dataset_a\heel_strike\yjf-00_4-047.png","","993","","2CBAEE74CD98E0DD83ACFF817E2D7123107275ED0C418824D0C46F5CB2C99AEA","Extracted Dataset A file appeared during inventory."
"ADDED","Gait\dataset_a\heel_strike\zc-00_1-011.png","","1193","","1BBA9F786E2CF4E95273BB35D4C05D0ED0FBEEC2047C9102BE95A3E745C2A58D","Extracted Dataset A file appeared during inventory."
"ADDED","Gait\dataset_a\heel_strike\zc-00_1-024.png","","1326","","027E0924276CECB722B745BD5BAFB5E70C6B623C26E87337D5D81F0593AD9865","Extracted Dataset A file appeared during inventory."
"ADDED","Gait\dataset_a\heel_strike\zc-00_1-038.png","","1173","","9E8DAB708883C0F7CA3F0A8508B012399B77FF369A1C9E64D282F7B4DB9F20C4","Extracted Dataset A file appeared during inventory."
"ADDED","Gait\dataset_a\heel_strike\zc-00_2-010.png","","1291","","C159DC1C47CC56D312C07C0EBA655202C8ECE6437F593638FBB2FBA1EEC3178E","Extracted Dataset A file appeared during inventory."
"ADDED","Gait\dataset_a\heel_strike\zc-00_2-027.png","","1240","","64CBB3036875F86E7BB2B43E074A3761E00A27A06B7AABC4E76D26DED61A9762","Extracted Dataset A file appeared during inventory."
"ADDED","Gait\dataset_a\heel_strike\zc-00_2-041.png","","1202","","54D3D9C46851CC983912A93F989A6D073F947CF78EF1FEEA451E3A7653A2C6D5","Extracted Dataset A file appeared during inventory."
"ADDED","Gait\dataset_a\heel_strike\zc-00_2-042.png","","1190","","4E0BCACB3DB8E53F5C88B3360F8E686BF25E26703EA628BB5F8266073BE8C928","Extracted Dataset A file appeared during inventory."
"ADDED","Gait\dataset_a\heel_strike\zc-00_2-043.png","","1231","","F616D40E1F7B70E8F3A7947BF7B62D5714A73A460C9BB3B23B1C10D1BFE5088E","Extracted Dataset A file appeared during inventory."
"ADDED","Gait\dataset_a\heel_strike\zc-00_3-005.png","","1212","","FD7733501C48D69FE0E9BB6695ED6FA4B84CCB5D74153DC8C4C0D1B455643230","Extracted Dataset A file appeared during inventory."
"ADDED","Gait\dataset_a\heel_strike\zc-00_3-018.png","","1207","","F3C6955F5CC9194AF8AA5DA21F638357359039E46DFE1C4C8B3EF58EB81B3D8A","Extracted Dataset A file appeared during inventory."
"ADDED","Gait\dataset_a\heel_strike\zc-00_3-031.png","","1212","","1D0A5B8D0B67D3B30DFBD36224484EDAB94E1F504D4B11333FD5D67B38C5635B","Extracted Dataset A file appeared during inventory."
"ADDED","Gait\dataset_a\heel_strike\zc-00_3-044.png","","1145","","77C29BDBAF3D0DA30159FBEC71027D9C465697DBCD741793F9DA5B6CD517DAB2","Extracted Dataset A file appeared during inventory."
"ADDED","Gait\dataset_a\heel_strike\zc-00_4-004.png","","1149","","59349FB58C7DF30E697C7BD3B8C79581067300FD7C75D3E1FF61EB130693CF7E","Extracted Dataset A file appeared during inventory."
"ADDED","Gait\dataset_a\heel_strike\zc-00_4-017.png","","1273","","88CD07E853E89B0F05BEF0271C1416C2091BE85AC114A3A1FC2A70D824CF351D","Extracted Dataset A file appeared during inventory."
"ADDED","Gait\dataset_a\heel_strike\zc-00_4-030.png","","1267","","40310B685DD42E9BB0444ABF6D53FDDAE5B9EC9EC01096C85B39B69EE48A12A3","Extracted Dataset A file appeared during inventory."
"ADDED","Gait\dataset_a\heel_strike\zc-00_4-043.png","","1149","","065C1E9EED9934DAB4036C5948F821EF0F648793719A808E215C5FAAEB2FE3D0","Extracted Dataset A file appeared during inventory."
"ADDED","Gait\dataset_a\heel_strike\zdx-00_1-010.png","","999","","10AE9D27CD461CF666277BC566FB4596C193B15BAE22790CE00F392B018FFCE8","Extracted Dataset A file appeared during inventory."
"ADDED","Gait\dataset_a\heel_strike\zdx-00_1-023.png","","1061","","36F33B85DB82609B01844B99BDE13AE5A2CC268EA481977004203FBD8BCC94D2","Extracted Dataset A file appeared during inventory."
"ADDED","Gait\dataset_a\heel_strike\zdx-00_1-035.png","","989","","5C3DA7849DB02989FFC0AF9E935D870C08CE5F279B888F17701967D3CE420F35","Extracted Dataset A file appeared during inventory."
"ADDED","Gait\dataset_a\heel_strike\zdx-00_1-049.png","","985","","76D43A9F98234740312AA68D8F2B8E65473A5A3D4F587C9A262B590B0DCC1E43","Extracted Dataset A file appeared during inventory."
"ADDED","Gait\dataset_a\heel_strike\zdx-00_2-007.png","","970","","A6238F6CEC22FB1B7CC4BA4DCF7F2BDF8524999361F9A98CF4E908D629AFE76F","Extracted Dataset A file appeared during inventory."
"ADDED","Gait\dataset_a\heel_strike\zdx-00_2-020.png","","1085","","A964285DEF1CDFAFBBC7586BDD8CB956881C0AE4B9122C327BCD9F85601C4A38","Extracted Dataset A file appeared during inventory."
"ADDED","Gait\dataset_a\heel_strike\zdx-00_2-034.png","","1046","","DAD580A381046428EF27971B9493EA3A3634EAB0D8CEB2B25925673AED9AA75E","Extracted Dataset A file appeared during inventory."
"ADDED","Gait\dataset_a\heel_strike\zdx-00_2-047.png","","905","","5C36212555A55F154500DAECDB60B2D4F5C9FD281F7D12AA2DDCBD9BE2E264AC","Extracted Dataset A file appeared during inventory."
"ADDED","Gait\dataset_a\heel_strike\zdx-00_3-010.png","","1041","","4DAC7CC96B1B7D651E00904ED26751FC3BC7CC3850E40EFA56486A0DE0C7A6F4","Extracted Dataset A file appeared during inventory."
"ADDED","Gait\dataset_a\heel_strike\zdx-00_3-023.png","","1041","","6A92976CF321C665A6BC7A2106AB2BC70C5DA0D750F6DCA4E4DBD0BD267157A2","Extracted Dataset A file appeared during inventory."
"ADDED","Gait\dataset_a\heel_strike\zdx-00_3-024.png","","1061","","6B25EFAA6B5A4E4DD38BD68FEDEFB0DCDEAEF9ECA30FAED50B4100EB0E9D32B9","Extracted Dataset A file appeared during inventory."
"ADDED","Gait\dataset_a\heel_strike\zdx-00_3-037.png","","970","","5D9E61AAD12C447AA63FEE4F0B22FC6B6C4259C77DC08475DD0456A6C1B986E9","Extracted Dataset A file appeared during inventory."
"ADDED","Gait\dataset_a\heel_strike\zdx-00_3-051.png","","938","","2FD1A04CC428ABE73F8FBA1B6183FE7EA56F9E57B258AD5A7A8AFA9C679C9E03","Extracted Dataset A file appeared during inventory."
"ADDED","Gait\dataset_a\heel_strike\zdx-00_4-010.png","","1008","","74D2D675A07D87EE9391FBB7EB4B7CD5B0E12C152795B0F1479FAD563A04F5CA","Extracted Dataset A file appeared during inventory."
"ADDED","Gait\dataset_a\heel_strike\zdx-00_4-024.png","","1064","","D81C5B63BCE0C0EFEF8D5B9FE8CF4E817439799E1B85B3142B0A8C70B5290B70","Extracted Dataset A file appeared during inventory."
"ADDED","Gait\dataset_a\heel_strike\zdx-00_4-037.png","","1021","","1FEDB46848FE5243B760A3C61406D5D00C199D84E34D8BB97B56EF572BC2F9E6","Extracted Dataset A file appeared during inventory."
"ADDED","Gait\dataset_a\heel_strike\zdx-00_4-049.png","","958","","5F877C574ED92F22E7B94BD4F2502EBB8292BAA7EC39C9349D47BDD4D9C0427E","Extracted Dataset A file appeared during inventory."
"ADDED","Gait\dataset_a\heel_strike\zjg-00_1-004.png","","883","","A05D3B4AFAD0E09B732372845E785B16732CC35E14893B0D3FA8592E13976A95","Extracted Dataset A file appeared during inventory."
"ADDED","Gait\dataset_a\heel_strike\zjg-00_1-018.png","","960","","A4DF0F7F0656F5E34DC127F42EC1CB33DC45B7A5C41F15F733738E24FA6FE4F4","Extracted Dataset A file appeared during inventory."
"ADDED","Gait\dataset_a\heel_strike\zjg-00_1-032.png","","920","","F3A89C5D8736F00F26C3EB57D72EFB2032D1C9F66E57098640D5F2A4ABBC61FC","Extracted Dataset A file appeared during inventory."
"ADDED","Gait\dataset_a\heel_strike\zjg-00_1-047.png","","822","","2B717AF77D83E810E13912BDCD94002C90A1882C58265839AF93B50CA9838670","Extracted Dataset A file appeared during inventory."
"ADDED","Gait\dataset_a\heel_strike\zjg-00_1-060.png","","839","","AE7DF51F8352A96E7C3F93EABB82E4EC701DB4FDBAE53256F905AF30B1F97A36","Extracted Dataset A file appeared during inventory."
"ADDED","Gait\dataset_a\heel_strike\zjg-00_2-009.png","","851","","9905701119C1923791526903953C720CAB37FD64E15244A99E41B185CFF988E2","Extracted Dataset A file appeared during inventory."
"ADDED","Gait\dataset_a\heel_strike\zjg-00_2-023.png","","881","","84D4B4CA22A8484CFC1E486AF4A60BE2E7881039839FF6A853F01B126EB028B0","Extracted Dataset A file appeared during inventory."
"ADDED","Gait\dataset_a\heel_strike\zjg-00_2-037.png","","934","","1C4D21EE1F55E7808BC46044B3B966962FF46189516C282881FF42D07B5F4719","Extracted Dataset A file appeared during inventory."
"ADDED","Gait\dataset_a\heel_strike\zjg-00_2-049.png","","894","","4016AF8B0CFA6262D600C0899088F14745CE1080039B29D6BB5DF64CCE51BAAD","Extracted Dataset A file appeared during inventory."
"ADDED","Gait\dataset_a\heel_strike\zjg-00_3-009.png","","926","","055B3C7982628D76C3AE934D61B78B430F62906F0CABA4BECE2FB47B77D7E072","Extracted Dataset A file appeared during inventory."
"ADDED","Gait\dataset_a\heel_strike\zjg-00_3-024.png","","927","","E541DD22EF4E6244783EDA9D1B13DCE66173D5774EB8363C81F8FCE9514AEE9A","Extracted Dataset A file appeared during inventory."
"ADDED","Gait\dataset_a\heel_strike\zjg-00_3-038.png","","983","","43741754A961E739719FC0329738424207DEAF29FFFF34D886E121524E0AC2F4","Extracted Dataset A file appeared during inventory."
"ADDED","Gait\dataset_a\heel_strike\zjg-00_3-052.png","","870","","44FDEC2A780E0095493A8354C4A37CC57398D579E9D5375AC023A486AE1EEF37","Extracted Dataset A file appeared during inventory."
"ADDED","Gait\dataset_a\heel_strike\zjg-00_4-006.png","","826","","50AC3562DCCBA2BC574A89BF088ED9709ADDCE8E3E2846C4DF798687AE2D9E96","Extracted Dataset A file appeared during inventory."
"ADDED","Gait\dataset_a\heel_strike\zjg-00_4-021.png","","872","","91E55F2B9C878A4C20A1D1C941887777839D410129B1294F5F8C02337DC9DEF4","Extracted Dataset A file appeared during inventory."
"ADDED","Gait\dataset_a\heel_strike\zjg-00_4-034.png","","922","","3678EEE150C65C08652AC9F02CC5EFF6B272D451075C030AEFDCC2301F010710","Extracted Dataset A file appeared during inventory."
"ADDED","Gait\dataset_a\heel_strike\zjg-00_4-048.png","","881","","9BA40EF3050FF7CC3074A56DD1D8B79ABBA037A05AEE79FB7298065FBD0075E8","Extracted Dataset A file appeared during inventory."
"ADDED","Gait\dataset_a\heel_strike\zjg-00_4-063.png","","923","","4BD0C92F0435CA269F36251E74ED57A7D03B89652F784CFB2FA1ED8B7979EDB3","Extracted Dataset A file appeared during inventory."
"ADDED","Gait\dataset_a\heel_strike\zl-00_1-011.png","","1324","","2430E2C22B88A5345AEE60C820676F804133C81171D5D7F79FF6A6AA09704D4B","Extracted Dataset A file appeared during inventory."
"ADDED","Gait\dataset_a\heel_strike\zl-00_1-024.png","","1302","","717AE859C86E26624C9AFC7FC25B563EABD661633B34F8265517A76F104CC3C9","Extracted Dataset A file appeared during inventory."
"ADDED","Gait\dataset_a\heel_strike\zl-00_1-037.png","","1280","","00D428D5D989CB8F9E681AA8B78CA89952CB23E47E1B7649D3FECF504E37DC0D","Extracted Dataset A file appeared during inventory."
"ADDED","Gait\dataset_a\heel_strike\zl-00_2-007.png","","1236","","268C903B13F5D03384629C6BCF17D41DC45D367D35C3631CA76CC0E9AC4BE587","Extracted Dataset A file appeared during inventory."
"ADDED","Gait\dataset_a\heel_strike\zl-00_2-020.png","","1339","","3FDC8E1D6B971B3D4DC073F452BFF09AA16306569D94293419B21458A385EDC7","Extracted Dataset A file appeared during inventory."
"ADDED","Gait\dataset_a\heel_strike\zl-00_2-034.png","","1267","","FA17A9F182CD632190DDA81FFCF543BD65900191B7B6E91665169576FE62948E","Extracted Dataset A file appeared during inventory."
"ADDED","Gait\dataset_a\heel_strike\zl-00_3-011.png","","1188","","643983366A0D5A8561A92AED1EDB4829EBE2EB99BCB78B930AB4F3812B8387B7","Extracted Dataset A file appeared during inventory."
"ADDED","Gait\dataset_a\heel_strike\zl-00_3-025.png","","1212","","9C51EC0D6B6A37884D14A4C289193A39F214216ACDAEFF191B65142621E8ECD5","Extracted Dataset A file appeared during inventory."
"ADDED","Gait\dataset_a\heel_strike\zl-00_4-008.png","","1223","","50EC4DAF2B536F1A2C6777719C9BD200155E0CC7208ADB4970ABC18F0D5A02E3","Extracted Dataset A file appeared during inventory."
"ADDED","Gait\dataset_a\heel_strike\zl-00_4-021.png","","1264","","D9804E7DD6B3E2BBDB4CE83BD89EEA477F6951B12FB57D254A1E7637C0B68577","Extracted Dataset A file appeared during inventory."
"ADDED","Gait\dataset_a\heel_strike\zl-00_4-035.png","","1266","","3F11F9C78E903B78B381A809EC701171548DA8441C0141F15207E97AE89BDDC6","Extracted Dataset A file appeared during inventory."
"ADDED","Gait\dataset_a\heel_strike\zyf-00_1-014.png","","935","","D9768A0D99A93870FB9117F71DE728610C875E17B04018AD5B88F1B1F5AE5DB3","Extracted Dataset A file appeared during inventory."
"ADDED","Gait\dataset_a\heel_strike\zyf-00_1-026.png","","959","","8C3E5F65E082ECCA1A7B534283477A6EEDF02135E860C6A244F27019A935087D","Extracted Dataset A file appeared during inventory."
"ADDED","Gait\dataset_a\heel_strike\zyf-00_1-039.png","","912","","87AFFF1B92AE6612AF3A1B9C5A7CF58621D22BFE6A9971FECE3B3BEAAC9D5F94","Extracted Dataset A file appeared during inventory."
"ADDED","Gait\dataset_a\heel_strike\zyf-00_2-007.png","","882","","C2EFAE32A3086A33A033DF6B27758D28B18CD30BD271F06324717BCDF538FAC3","Extracted Dataset A file appeared during inventory."
"ADDED","Gait\dataset_a\heel_strike\zyf-00_2-020.png","","946","","99DE9705CF0DC1A01606860BAB0208514DFB450032740A1C78090BC788985E21","Extracted Dataset A file appeared during inventory."
"ADDED","Gait\dataset_a\heel_strike\zyf-00_2-033.png","","952","","3880ED6856F23639F3F8B856CA5AFD563B0B3174DC8A5838CB113949951CFB85","Extracted Dataset A file appeared during inventory."
"ADDED","Gait\dataset_a\heel_strike\zyf-00_2-047.png","","863","","4B7F4FF69FAB4C204193FBD668ADFC663E4A8A1DDB02F33CDF307FBBFEF4DCAD","Extracted Dataset A file appeared during inventory."
"ADDED","Gait\dataset_a\heel_strike\zyf-00_3-007.png","","827","","88FC95548492188FA65D9193E06E87E0035F978C4D51EB9F5FDFF2A7A8F6F0F8","Extracted Dataset A file appeared during inventory."
"ADDED","Gait\dataset_a\heel_strike\zyf-00_3-021.png","","880","","622A609F54DBD59696E1EBCA52C020C00ECFA43008B646294B2078CDC96F8027","Extracted Dataset A file appeared during inventory."
"ADDED","Gait\dataset_a\heel_strike\zyf-00_3-034.png","","963","","136737D710E663935C26EC3951CB0823177BBD373C64C3C49D181DC9471E230F","Extracted Dataset A file appeared during inventory."
"ADDED","Gait\dataset_a\heel_strike\zyf-00_3-048.png","","883","","C7DC8105E7B6C7FC85D33E57BD3C3DD3195FA1776AF3F846EC380867A9B4B83C","Extracted Dataset A file appeared during inventory."
"ADDED","Gait\dataset_a\heel_strike\zyf-00_4-009.png","","862","","45DF088864FEF77A9DED8133D4F990E4738D05D3EF8411B57B916F1836D8B394","Extracted Dataset A file appeared during inventory."
"ADDED","Gait\dataset_a\heel_strike\zyf-00_4-021.png","","959","","DAD5AD2157F441D6670CAF887A0887AEF747FD25524859F56309A938E76FDF30","Extracted Dataset A file appeared during inventory."
"ADDED","Gait\dataset_a\heel_strike\zyf-00_4-036.png","","976","","B3A8BBAAE41DB543651F2E1EF0917110E70C4CE86EF90C2BB8DD70F061D76DCE","Extracted Dataset A file appeared during inventory."
"ADDED","Gait\dataset_a\heel_strike\zyf-00_4-050.png","","858","","0139CEB243DA38E42B7FB3E2E8E9296D6919D32ED19E389632A14FE3F3B4659D","Extracted Dataset A file appeared during inventory."
"ADDED","Gait\dataset_a\other\fyc-00_1-001.png","","695","","1EA1F1159C1BE36BE945E9323370308EE43ECBC2443F43DC304C46BD2365AE0A","Extracted Dataset A file appeared during inventory."
"ADDED","Gait\dataset_a\other\fyc-00_1-002.png","","714","","3D656D2364A1456AD94D3F8F6908AE7C5949C310AB3C4F856881576411BA8E8B","Extracted Dataset A file appeared during inventory."
"ADDED","Gait\dataset_a\other\fyc-00_1-009.png","","690","","E784DADDF0DB023162DBC47CB7B9E3E137994686A0C0158E2F940B2D89F25E37","Extracted Dataset A file appeared during inventory."
"ADDED","Gait\dataset_a\other\fyc-00_1-010.png","","662","","CF6C8B2F43689EA67737E95FE95364CD67870BE675A288CB736126D3CB80953A","Extracted Dataset A file appeared during inventory."
"ADDED","Gait\dataset_a\other\fyc-00_1-011.png","","679","","36553A85B8EB08ED61344C192FBEFB3112F34186CDF54F980BB62C2C6EA9CE66","Extracted Dataset A file appeared during inventory."
"ADDED","Gait\dataset_a\other\fyc-00_1-012.png","","667","","4CB62A5EC43054EA6B00284B4CB81884C025F680A0FEE0D306358479C54F78CC","Extracted Dataset A file appeared during inventory."
"ADDED","Gait\dataset_a\other\fyc-00_1-013.png","","682","","A32160B0774647A406D8AAD2295AEDC7ECE186E703834A81569BC424DF32E928","Extracted Dataset A file appeared during inventory."
"ADDED","Gait\dataset_a\other\fyc-00_1-014.png","","643","","B892F35A54BA7E20930DD129B86036C6165BA9F0F1D7B54CFD6DCD235E3B3FD4","Extracted Dataset A file appeared during inventory."
"ADDED","Gait\dataset_a\other\fyc-00_1-015.png","","729","","0DFFCC2F38F92A1423044D463D01091FBC179E25140C788455B781EE99BA5450","Extracted Dataset A file appeared during inventory."
"ADDED","Gait\dataset_a\other\fyc-00_1-016.png","","769","","CBEF7D9A952B3F81ECEA54E01F37710C82F54C3EF870F9BCE5EC1BD5D22E0454","Extracted Dataset A file appeared during inventory."
"ADDED","Gait\dataset_a\other\fyc-00_1-017.png","","795","","57881059CA92A0306EC4E64A51F49FDF72A866365B2929108E105B81BB6AE8E3","Extracted Dataset A file appeared during inventory."
"ADDED","Gait\dataset_a\other\fyc-00_1-020.png","","787","","EFDCEF4273D8CE718B2959081A5BCC33E8D84ED3B46CDA08859513BDF7C9CBAB","Extracted Dataset A file appeared during inventory."
"ADDED","Gait\dataset_a\other\fyc-00_1-021.png","","810","","545369430D8CA9AB712B260CF2436040DC0433E8932FD5B868189F47217D887C","Extracted Dataset A file appeared during inventory."
"ADDED","Gait\dataset_a\other\fyc-00_1-022.png","","757","","C39B8CBE8DAC62666FE47E57515AB3D3ED1D40D1795428667599EE8EBF608FFE","Extracted Dataset A file appeared during inventory."
"ADDED","Gait\dataset_a\other\fyc-00_1-023.png","","749","","B6F72C2B7884545B844DC111AEF364CADA15D9B83C8AD09A6687A1ED6D97B14C","Extracted Dataset A file appeared during inventory."
"ADDED","Gait\dataset_a\other\fyc-00_1-024.png","","742","","29EC8D428242E91210FF25C61CE105F7D327343B5C21D05CCFB8BD97FBDAC9D1","Extracted Dataset A file appeared during inventory."
"ADDED","Gait\dataset_a\other\fyc-00_1-025.png","","681","","942891DCA6743C388CA9F69408FA6F70E5C80F77AC93770AAFB651A018F48837","Extracted Dataset A file appeared during inventory."
"ADDED","Gait\dataset_a\other\fyc-00_1-026.png","","654","","5E2493587202D216CA9F03AEAA1C76E246E4B02C65632AD5DD95717B42376CE4","Extracted Dataset A file appeared during inventory."
"ADDED","Gait\dataset_a\other\fyc-00_1-027.png","","699","","00DA3BDD39F17976C640430D91B8DED0B5FD55970B8C2A133E0FC5F79A0285F2","Extracted Dataset A file appeared during inventory."
"ADDED","Gait\dataset_a\other\fyc-00_1-028.png","","763","","28A04AE4ED1DEA167C69C689B95FC442C32A810A5E5550D1E546CA1E1CD7ECCE","Extracted Dataset A file appeared during inventory."
"ADDED","Gait\dataset_a\other\fyc-00_1-029.png","","839","","B6FB99200EB9A8CFC18EEDAD8E277BF9B038AF7D68580B8E3E123DB99C51A948","Extracted Dataset A file appeared during inventory."
"ADDED","Gait\dataset_a\other\fyc-00_1-030.png","","837","","548C717B9F1ADDAF99FA4E8D987765B0155CDFCBA6FA14592C2CD0DB3B1D5A93","Extracted Dataset A file appeared during inventory."
"ADDED","Gait\dataset_a\other\fyc-00_1-036.png","","760","","556543DA300AFD58B3E7056FB9D9B0AA01D517D6D4090B929121B9644D280C68","Extracted Dataset A file appeared during inventory."
"ADDED","Gait\dataset_a\other\fyc-00_1-037.png","","733","","5C772909CD9FA45565C9E1C6B05C2DD7382C8AEB05C0DAED90AAB8C593D26E26","Extracted Dataset A file appeared during inventory."
"ADDED","Gait\dataset_a\other\fyc-00_1-038.png","","677","","020C727711A6B513AE481F2D83B499B89FA3D496F0830C41F67CF82F1EBE087B","Extracted Dataset A file appeared during inventory."
"ADDED","Gait\dataset_a\other\fyc-00_1-039.png","","689","","312B393AE4376D52B77298085EE11FEF27D1ADA839F9249921616238D8192C2B","Extracted Dataset A file appeared during inventory."
"ADDED","Gait\dataset_a\other\fyc-00_1-040.png","","753","","7AF5D9E8E616961725A95EFA791AA5282915C819F5A1901DD514EC13F58E0603","Extracted Dataset A file appeared during inventory."
"ADDED","Gait\dataset_a\other\fyc-00_1-041.png","","735","","4981FD4A1C4902753B4A7C6439C98904B16EF81C2AFF41063C5AEB1D89A4CF21","Extracted Dataset A file appeared during inventory."
"ADDED","Gait\dataset_a\other\fyc-00_1-042.png","","783","","936E1B9F862F62B3108D9326E896CE1B6A2C04250F2B7285528A706148757830","Extracted Dataset A file appeared during inventory."
"ADDED","Gait\dataset_a\other\fyc-00_1-043.png","","806","","D67CFF8CB3C99F3064BE7B325B1FDAA9B4AFC264C5F01B1EBC7280F2C5F5FB99","Extracted Dataset A file appeared during inventory."
"ADDED","Gait\dataset_a\other\fyc-00_1-044.png","","846","","CB11A2BD42AC2BADAD0CD62C368B2D2453984216BCC29CF9108C349488B9B225","Extracted Dataset A file appeared during inventory."
"ADDED","Gait\dataset_a\other\fyc-00_1-047.png","","779","","E9A4E64A2CB9C9F135A5A8FEEBEF4F2F54E3F07E7F7C99F20FF358F86B2ECEB4","Extracted Dataset A file appeared during inventory."
"ADDED","Gait\dataset_a\other\fyc-00_1-048.png","","749","","335375AC094AA771C98BAC53A260F128A3C61635302B31A13552003C705CAB57","Extracted Dataset A file appeared during inventory."
"ADDED","Gait\dataset_a\other\fyc-00_1-049.png","","742","","BEDE33EAD3E9CFEE7C871FEFC0AA9DB457C135B43516A47627CB8D17BFE7660D","Extracted Dataset A file appeared during inventory."
"ADDED","Gait\dataset_a\other\fyc-00_1-050.png","","702","","C471A1FA4CD82702FE54E6BECDD8120715B8BD838D4C181E79FCCAA89F98B6F1","Extracted Dataset A file appeared during inventory."
"ADDED","Gait\dataset_a\other\fyc-00_1-051.png","","679","","BBD9675D7B6FD49DEA9F364FF4F3E1ECF94251DB1B2349316DAC87E8FB23EE94","Extracted Dataset A file appeared during inventory."
"ADDED","Gait\dataset_a\other\fyc-00_1-052.png","","667","","E4EC1188FE8972D26E288F137833CB5E4AC7494DF047374C216B073B6292CA77","Extracted Dataset A file appeared during inventory."
"ADDED","Gait\dataset_a\other\fyc-00_1-053.png","","680","","8C208A0D3D784881E9B6206907AFD888CD2F7304885DB8BF375F6A72E2CD4D81","Extracted Dataset A file appeared during inventory."
"ADDED","Gait\dataset_a\other\fyc-00_1-054.png","","680","","CA85C58BA4C401E3F01971C88993EEAB5E1B133715D9D1F3929F5F3CED839053","Extracted Dataset A file appeared during inventory."
"ADDED","Gait\dataset_a\other\fyc-00_1-055.png","","691","","6D169E44992BC9897450CBAE50F3385AD2D83F9171818CDD8A6543E3F886CFD4","Extracted Dataset A file appeared during inventory."
"ADDED","Gait\dataset_a\other\fyc-00_1-056.png","","739","","5CC50277719185C4E4745D2DA9A8123295AB84B75B9C2F1CDDF84FB06A3C6A4F","Extracted Dataset A file appeared during inventory."
"ADDED","Gait\dataset_a\other\fyc-00_1-057.png","","741","","347686B062E3833D8E8D7D1F64724442D8E270E0FC8ABC69C7BF46A19196DDFA","Extracted Dataset A file appeared during inventory."
"ADDED","Gait\dataset_a\other\fyc-00_1-061.png","","651","","373D62D0C9CA372C59496F60EBC6E7EBD888D966D6E64CCC4427222124D12065","Extracted Dataset A file appeared during inventory."
"ADDED","Gait\dataset_a\other\fyc-00_1-062.png","","652","","0CF17C4955E93A50DFF9501F06C05D526E9836FF563D831188DD2451510ABE88","Extracted Dataset A file appeared during inventory."
"ADDED","Gait\dataset_a\other\fyc-00_1-063.png","","603","","5C4C781F97D51B77EEB106DF799A1C5DA9BC310FD35BC517663E61CB361E139F","Extracted Dataset A file appeared during inventory."
"ADDED","Gait\dataset_a\other\fyc-00_1-064.png","","640","","EBD7FE40725BC68921F09D1AA6BB3518FAA0E1365FD9CF140FD9216D369781D4","Extracted Dataset A file appeared during inventory."
"ADDED","Gait\dataset_a\other\fyc-00_1-065.png","","626","","1F0A1CC94FF01F67E6D95167231CBA5470C6A2C2E8ADA8AEFC77F982CDDF4A20","Extracted Dataset A file appeared during inventory."
"ADDED","Gait\dataset_a\other\fyc-00_1-066.png","","634","","047E74B647FEAD21F2270B281CE1128FCCCC26D4CC40A8F9BBDE26707E3F91B2","Extracted Dataset A file appeared during inventory."
"ADDED","Gait\dataset_a\other\fyc-00_1-067.png","","663","","519125A525F92D42D92FCFDC5A19742F3ECEDE66652716697309771C359F6832","Extracted Dataset A file appeared during inventory."
"ADDED","Gait\dataset_a\other\fyc-00_1-068.png","","685","","0E3C7C58951D1FDB185CBB0EA30D0051B9CB49E20B0E8EB5BA311495D5562D7C","Extracted Dataset A file appeared during inventory."
"ADDED","Gait\dataset_a\other\fyc-00_1-072.png","","729","","EE64F6F6A430E7456DE54E10CC9AF47D4A8B8C1730E334B4F8C142E29BA17A42","Extracted Dataset A file appeared during inventory."
"ADDED","Gait\dataset_a\other\fyc-00_1-073.png","","730","","CBE0B082A691D6924D85F4DA119E8667CBB2EBCA4CD3EC05D754B18581F9B2C5","Extracted Dataset A file appeared during inventory."
"ADDED","Gait\dataset_a\other\fyc-00_1-074.png","","721","","C9380DE3C188FBA32698AB1E1B5C63BD32F06F0726210A346E127680817A76AF","Extracted Dataset A file appeared during inventory."
"ADDED","Gait\dataset_a\other\fyc-00_1-075.png","","742","","351B4DE27B17BA3D2D258D9AFF5A85790444CEF5616E4E2BDFE1220B70E6A10F","Extracted Dataset A file appeared during inventory."
"ADDED","Gait\dataset_a\other\fyc-00_2-001.png","","716","","5CE9C8FDCCD68121ACF371983FBEE8991DAF746F9FD0DE92E397EF0513B316E5","Extracted Dataset A file appeared during inventory."
"ADDED","Gait\dataset_a\other\fyc-00_2-002.png","","724","","F590A784C8AE6EF093E0CE20AE3CE2C7E04BC55AB5D6F8E587501206EB596B8B","Extracted Dataset A file appeared during inventory."
"ADDED","Gait\dataset_a\other\fyc-00_2-003.png","","686","","BF3F4C99DF22A1D5FF9EC3885DE5594B680B82E592786BD368AA79E7B9E7D312","Extracted Dataset A file appeared during inventory."
"ADDED","Gait\dataset_a\other\fyc-00_2-004.png","","631","","999AA7745DA334D528AE3CE50BB79AEF54B80FE19E1FA890E610D342B6374AF3","Extracted Dataset A file appeared during inventory."
"ADDED","Gait\dataset_a\other\fyc-00_2-005.png","","638","","B393FA3A691A7FE54D9611723CA62D07FEB894665C80942872903870A343BD5D","Extracted Dataset A file appeared during inventory."
"ADDED","Gait\dataset_a\other\fyc-00_2-006.png","","673","","8CC2C80918136E4152C3EBB633EDDFA0BE69BCE63E83F76E396D4CF07B79F899","Extracted Dataset A file appeared during inventory."
"ADDED","Gait\dataset_a\other\fyc-00_2-007.png","","669","","F7914278FC0ED2400787CFE851FEB76D455FE029E09D792DDD816173950BF7E1","Extracted Dataset A file appeared during inventory."
"ADDED","Gait\dataset_a\other\fyc-00_2-008.png","","714","","1E4F10545DD6379AF877CF022640FDFE09AA68F4529A1014DAE7F621845E7E77","Extracted Dataset A file appeared during inventory."
"ADDED","Gait\dataset_a\other\fyc-00_2-011.png","","750","","687D63EA5C9A907E1C0C096D08019715631EFA5454988778EBEC90CBC59F2731","Extracted Dataset A file appeared during inventory."
"ADDED","Gait\dataset_a\other\fyc-00_2-012.png","","735","","00AC986E18434D5CFC885CC5BAFD5B0854E3B66D17D02CFA90D408AF794B198F","Extracted Dataset A file appeared during inventory."
"ADDED","Gait\dataset_a\other\fyc-00_2-013.png","","700","","587B20C6F38BDD6E0D8180683EB5677A32C778860D215A47ADA65613C9603E92","Extracted Dataset A file appeared during inventory."
"ADDED","Gait\dataset_a\other\fyc-00_2-014.png","","699","","43C53E3A8BD871EFD64754103D7EE28CF8356FED3092BD55C7BF2FA2340D072F","Extracted Dataset A file appeared during inventory."
"ADDED","Gait\dataset_a\other\fyc-00_2-015.png","","680","","2ABC8937AB0D214023FF05C685BCA1D17FE449EB637C9C8A246099791808840D","Extracted Dataset A file appeared during inventory."
"ADDED","Gait\dataset_a\other\fyc-00_2-016.png","","648","","30068FEC0800FD65444F239D85CF7558BEC426BE22E1FEE81205E1F4E7E1DF26","Extracted Dataset A file appeared during inventory."
"ADDED","Gait\dataset_a\other\fyc-00_2-017.png","","645","","E012B0757BC283797459B8C7D6AA182F24881B4602F2FB50F40582C66D2ADD4D","Extracted Dataset A file appeared during inventory."
"ADDED","Gait\dataset_a\other\fyc-00_2-018.png","","611","","C05C3C179327F9F6A7B2CE43C455F650D96D6EDC3398A6DF16E9E6EEA41B9F45","Extracted Dataset A file appeared during inventory."
"ADDED","Gait\dataset_a\other\fyc-00_2-019.png","","624","","FF21132625E923201230CA3E2FDAFD43C5B3A3ACC8EE72D4E1576D2DB1E21C5D","Extracted Dataset A file appeared during inventory."
"ADDED","Gait\dataset_a\other\fyc-00_2-020.png","","682","","FDC753CB9201F50FC5E50C2897AA80EF78BA4C528CE1E3481F913981A90DE3D4","Extracted Dataset A file appeared during inventory."
"ADDED","Gait\dataset_a\other\fyc-00_2-024.png","","815","","7C45B64737B37F8896E07259122A30E22BC5AF1572D00F1E6DC4D347E7C7C6CF","Extracted Dataset A file appeared during inventory."
"ADDED","Gait\dataset_a\other\fyc-00_2-025.png","","832","","5AFC5A1E6642F30997E9F65B465D987889C608E34E7A7C3B30A1C6E4C4FD961C","Extracted Dataset A file appeared during inventory."
"ADDED","Gait\dataset_a\other\fyc-00_2-026.png","","817","","978349D780AC886A33C778E8FF1E611479F76FA779F504450BED40B80727DBC3","Extracted Dataset A file appeared during inventory."
"ADDED","Gait\dataset_a\other\fyc-00_2-027.png","","788","","FA5C75C6AC1BB47144F76A42B2CA9CAB3810A0FB81EAA2681B329A4DE02E8CB0","Extracted Dataset A file appeared during inventory."
"ADDED","Gait\dataset_a\other\fyc-00_2-028.png","","779","","CAC319386697B574949882EAF9361655775EAECE1A55CCDF8CF42D4CD4D3D666","Extracted Dataset A file appeared during inventory."
"ADDED","Gait\dataset_a\other\fyc-00_2-029.png","","798","","F4982233AB0A64517CFBAF2C067055AB6945CFE57581B8061C7B1C876A2C8A85","Extracted Dataset A file appeared during inventory."
"ADDED","Gait\dataset_a\other\fyc-00_2-030.png","","756","","A90C4D6BF79FBAF8801906058ED0FFF37A1B747DC202BA376646CF2E528E6C2F","Extracted Dataset A file appeared during inventory."
"ADDED","Gait\dataset_a\other\fyc-00_2-031.png","","709","","EAE0BC73070F3309EBC8D5D56581CF049CB5DBBFBE23B234BBA6400538C26F0D","Extracted Dataset A file appeared during inventory."
"ADDED","Gait\dataset_a\other\fyc-00_2-032.png","","784","","16A20C63C53D74250A8ECD070B673164B429364BBE358FAE8B49F586A409480E","Extracted Dataset A file appeared during inventory."
"ADDED","Gait\dataset_a\other\fyc-00_2-033.png","","763","","A1DCE3FCCF7CAE6E1C0E78B22DB8378BE37021FF4CFCE033E85E7886E9B7F778","Extracted Dataset A file appeared during inventory."
"ADDED","Gait\dataset_a\other\fyc-00_2-034.png","","793","","A701A15CDEF71E0A099B769B33B987DE4DCA550A3399D09228842FD4CCBF030D","Extracted Dataset A file appeared during inventory."
"ADDED","Gait\dataset_a\other\fyc-00_2-035.png","","839","","BF6A73F9755D33026F004CF91A7D9A2C984F2884A5AB87A7648A28EFDE96E1FD","Extracted Dataset A file appeared during inventory."
"ADDED","Gait\dataset_a\other\fyc-00_2-040.png","","723","","B845DD25874873C373FF9FEF56DAB902039ADB559BF6973A2FC00AE7D4A9A071","Extracted Dataset A file appeared during inventory."
"ADDED","Gait\dataset_a\other\fyc-00_2-041.png","","716","","4A0AAD2EE7C5F2B30BB607AECE33489D89539B4CE0DB22C9A9CF6E0D8A899B25","Extracted Dataset A file appeared during inventory."
"ADDED","Gait\dataset_a\other\fyc-00_2-042.png","","722","","9C19E9686642FEA039101E0A8DE08559C2CF5FC10302F52F3F9A3B726A2FA6B8","Extracted Dataset A file appeared during inventory."
"ADDED","Gait\dataset_a\other\fyc-00_2-043.png","","738","","FC748D4F262F860F7113D55B683D0F2B39158C0B88D9F6CAF117E4C1EF40F065","Extracted Dataset A file appeared during inventory."
"ADDED","Gait\dataset_a\other\fyc-00_2-044.png","","735","","F43214BEED44ECD74251303D685971A5CFDD6C5188E60F8E389C0D0C5A43567D","Extracted Dataset A file appeared during inventory."
"ADDED","Gait\dataset_a\other\fyc-00_2-045.png","","773","","580748C888D0BD36E754F2AD41A1465ACF7389C2E129B5903102BBFC1B50B7B8","Extracted Dataset A file appeared during inventory."
"ADDED","Gait\dataset_a\other\fyc-00_2-046.png","","769","","8657428E6F5FCAF17741A09A955E0E024FBAC3F24BA6555C1F7BB2C5A933A6AF","Extracted Dataset A file appeared during inventory."
"ADDED","Gait\dataset_a\other\fyc-00_2-047.png","","791","","39C3BC0F2A3B9DE3C50086A251AEC4E5E6F8A6CA3CCD2BEA53B9731CF4FAC08F","Extracted Dataset A file appeared during inventory."
"ADDED","Gait\dataset_a\other\fyc-00_2-049.png","","793","","09C30842539D320456D0ECBAD319A10B291EC099784F46AF988BD8D319472814","Extracted Dataset A file appeared during inventory."
"ADDED","Gait\dataset_a\other\fyc-00_2-050.png","","782","","8E5754C556A2C1F2FB04883DF0351CAE51CC5947F54676DDE775795B7508D0AC","Extracted Dataset A file appeared during inventory."
"ADDED","Gait\dataset_a\other\fyc-00_2-053.png","","716","","807E0E5C04CC0B42A1F0EDBC4F7B1EE69DEFE97426848CF073A2BB7B9CC61620","Extracted Dataset A file appeared during inventory."
"ADDED","Gait\dataset_a\other\fyc-00_2-054.png","","693","","054285752B3BADCE830D2C323DC8F9C3AD814472775A2891F5761646F8CCBEEE","Extracted Dataset A file appeared during inventory."
"ADDED","Gait\dataset_a\other\fyc-00_2-055.png","","674","","55BB2E3A616CA1D66AF78B564F93DE193E05E3C627EA29B306425406B3050FFB","Extracted Dataset A file appeared during inventory."
"ADDED","Gait\dataset_a\other\fyc-00_2-056.png","","599","","ABD9C4A9B04DC8A3F57078A4E155627636D2DF6F2E459250B40DB8F9ABD28755","Extracted Dataset A file appeared during inventory."
"ADDED","Gait\dataset_a\other\fyc-00_2-057.png","","625","","34DF83A140197CC100F1CF5EF81119A192B679ABF4DAF164E57BA92C34ED2632","Extracted Dataset A file appeared during inventory."
"ADDED","Gait\dataset_a\other\fyc-00_2-058.png","","636","","68F19A90AC81987B3C6FC126CCF0DE4448BCB46B3E419EA6228B0BD28A2F1A9A","Extracted Dataset A file appeared during inventory."
"ADDED","Gait\dataset_a\other\fyc-00_2-059.png","","703","","2722C6A06CCC1AA28C9F3D7E65F1EB74D866B7B9CE9F6C428B17776A9F97D559","Extracted Dataset A file appeared during inventory."
"ADDED","Gait\dataset_a\other\fyc-00_2-060.png","","715","","7F52F102C80C9126DA1BDCCBE83281311A500F38B6EE75A27B14E1EBFBA13308","Extracted Dataset A file appeared during inventory."
"ADDED","Gait\dataset_a\other\fyc-00_2-061.png","","733","","F1FE05DD14C26AB252CFD97E7B545863F4DCC55C7B02E12477ED1DA55759345C","Extracted Dataset A file appeared during inventory."
"ADDED","Gait\dataset_a\other\fyc-00_2-063.png","","723","","8FBC833BBD807EEF3C4E78CB1E391EC99F19979456AAF6F098DA19D8877666DC","Extracted Dataset A file appeared during inventory."
"ADDED","Gait\dataset_a\other\fyc-00_2-066.png","","704","","5F0709ADCCC324FAE419BFE8EE22839E491E0842F283D5C8DB2CF9BD9F8409AD","Extracted Dataset A file appeared during inventory."
"ADDED","Gait\dataset_a\other\fyc-00_2-067.png","","693","","C08BDE958333E6D4E50B747765DC9F54AFCA2257254ECDD378E3666A43A42F92","Extracted Dataset A file appeared during inventory."
"ADDED","Gait\dataset_a\other\fyc-00_2-068.png","","671","","1B846F8073605C9FD2A4EBC77857A7C9412B67F986E9382D1F08DCD66E72F186","Extracted Dataset A file appeared during inventory."
"ADDED","Gait\dataset_a\other\fyc-00_2-069.png","","663","","760CCA67E84EDABEE8ECF7DB5DAF6E8267C8D167572961B990ECC711C19F8CF8","Extracted Dataset A file appeared during inventory."
"ADDED","Gait\dataset_a\other\fyc-00_2-070.png","","639","","C7D7A90D28C64E43A36CE61F2CE16E1A8860DE43D1B3CEBD1BD237CE6A4D1DFE","Extracted Dataset A file appeared during inventory."
"ADDED","Gait\dataset_a\other\fyc-00_2-071.png","","675","","8BE25AE9A6A36F2536489E1B90E5487652DFACFF3C8357AFDCBDF90D3A42336F","Extracted Dataset A file appeared during inventory."
"ADDED","Gait\dataset_a\other\fyc-00_2-072.png","","700","","B73DB25DF66042461E8DB70FB15D78FEF8440F874D75D142B8340BB530304300","Extracted Dataset A file appeared during inventory."
"ADDED","Gait\dataset_a\other\fyc-00_2-073.png","","703","","119B1F9A30FD3C7620A4236450D66B13C0C7187F0589F2A7228A5DA5FD3F3107","Extracted Dataset A file appeared during inventory."
"ADDED","Gait\dataset_a\other\fyc-00_3-001.png","","696","","34E1ED843E75A7438D706B0C2ADB57D5EA8AC14D7228C3C6019315A137B95473","Extracted Dataset A file appeared during inventory."
"ADDED","Gait\dataset_a\other\fyc-00_3-002.png","","662","","0020B4E1E3CF4261BE0479C21613E294890AF8EB12C3B6AA42059514B10EDD27","Extracted Dataset A file appeared during inventory."
"ADDED","Gait\dataset_a\other\fyc-00_3-003.png","","648","","0B0FB77347D21670D008B84B1B6772C2D9D11AA2A741E51E71A294C094940B70","Extracted Dataset A file appeared during inventory."
"ADDED","Gait\dataset_a\other\fyc-00_3-004.png","","629","","4CDDF33E01B9E9F8694800D961CE21942AD09233E70668E9AD2E514794924774","Extracted Dataset A file appeared during inventory."
"ADDED","Gait\dataset_a\other\fyc-00_3-005.png","","646","","E84CF3E0BDB3E32D132A6A90E5F5B00C7527CF116D800957AFDC8383D95FA5BF","Extracted Dataset A file appeared during inventory."
"ADDED","Gait\dataset_a\other\fyc-00_3-006.png","","681","","BC49F31AC3ABB8850B68BF89D3C84C5E1A11815D35A300A87BF51E759DEA79A0","Extracted Dataset A file appeared during inventory."
"ADDED","Gait\dataset_a\other\fyc-00_3-007.png","","753","","C6682A08B14EBFCE9DF48E897C40D485CBED1078031971C84E7BC095A8BADD7B","Extracted Dataset A file appeared during inventory."
"ADDED","Gait\dataset_a\other\fyc-00_3-010.png","","776","","8045E24070C74CC418DF6825763C2F13D1A1C4DC5CBDDB382C54219BE5E55CD7","Extracted Dataset A file appeared during inventory."
"ADDED","Gait\dataset_a\other\fyc-00_3-011.png","","726","","C08AC169D947515A0A3A1A8E1BA8EB607921C48224F9E53E41D46933A34F9CFC","Extracted Dataset A file appeared during inventory."
"ADDED","Gait\dataset_a\other\fyc-00_3-012.png","","731","","B4DD5584CCD63750BF43CCBB15DBBCD4B0B8B3C285BA5F1D294090825F17E417","Extracted Dataset A file appeared during inventory."
"ADDED","Gait\dataset_a\other\fyc-00_3-015.png","","634","","A28592B737BE6449F0E18A96CCFDE4A5EA91E90009A9B1CAE10AA34A6BD7042A","Extracted Dataset A file appeared during inventory."
"ADDED","Gait\dataset_a\other\fyc-00_3-016.png","","642","","9C462D9799802EDD3E1DAB822DED2C321DF60F5EE22C5BCE508FD4F6713547EF","Extracted Dataset A file appeared during inventory."
"ADDED","Gait\dataset_a\other\fyc-00_3-017.png","","649","","9ABF1B95BACC90FF31F538853F027A4063F71F258F574376054DF87D3FBEE336","Extracted Dataset A file appeared during inventory."
"ADDED","Gait\dataset_a\other\fyc-00_3-018.png","","651","","4884AF6BB5E44C25F11DBB6DA7DB619E34B80BAC7CFCAB34F1CF4928CEB1827C","Extracted Dataset A file appeared during inventory."
"ADDED","Gait\dataset_a\other\fyc-00_3-019.png","","725","","0761023DAC42FB272D7B53C56479276914D52E283C7C41F9AA87FEE1B947E856","Extracted Dataset A file appeared during inventory."
"ADDED","Gait\dataset_a\other\fyc-00_3-020.png","","766","","AA35B4FB2F317769416ACF3312105FA6BCA2036BF1E314B2113D545DCC034AD9","Extracted Dataset A file appeared during inventory."
"ADDED","Gait\dataset_a\other\fyc-00_3-022.png","","780","","A583245232008DD4381186D0D9BBC42B4F780B7EFE6762C303DCD1EC14E3DFE5","Extracted Dataset A file appeared during inventory."
"ADDED","Gait\dataset_a\other\fyc-00_3-023.png","","761","","D6C4E3C3588DBDE0DEC46089A049CDA0F0657FC17C7044A12C6FE27C6458C306","Extracted Dataset A file appeared during inventory."
"ADDED","Gait\dataset_a\other\fyc-00_3-024.png","","754","","4933245E74F1DA9E237DFEB3F76F1AF2F3AB01F370743F42572B68CDD232D099","Extracted Dataset A file appeared during inventory."
"ADDED","Gait\dataset_a\other\fyc-00_3-026.png","","719","","9E7988890B224107532888ED327F4315591349C6226380BC6CE89AD80FE5DC46","Extracted Dataset A file appeared during inventory."
"ADDED","Gait\dataset_a\other\fyc-00_3-027.png","","672","","119F39A0308B506E4791AB6F90B94F71D32BE099A5D9BE287DB08022021996B2","Extracted Dataset A file appeared during inventory."
"ADDED","Gait\dataset_a\other\fyc-00_3-028.png","","672","","5C1459829D54F93B7883D67A5420C6C476F56F2524D83FD7EE127907CBB29222","Extracted Dataset A file appeared during inventory."
"ADDED","Gait\dataset_a\other\fyc-00_3-029.png","","657","","66D112E8CC1853708254E89F8452A1B64B6F6024887041095DB260414238DAF0","Extracted Dataset A file appeared during inventory."
"ADDED","Gait\dataset_a\other\fyc-00_3-030.png","","755","","AF58BF3328453AC87D50C22EA62E13A86838C7056DFA325C9BB50863EC570C2C","Extracted Dataset A file appeared during inventory."
"ADDED","Gait\dataset_a\other\fyc-00_3-031.png","","776","","709383A1865A1D9F8B6F561D7FD04F1A5B7B80D58D575C0A29EC8843F42204AB","Extracted Dataset A file appeared during inventory."
"ADDED","Gait\dataset_a\other\fyc-00_3-032.png","","832","","78D788916CC616AAE87AF5FD64FAC33518E2FA7AA3A7A9DF2950F7AB7D3F160C","Extracted Dataset A file appeared during inventory."
"ADDED","Gait\dataset_a\other\fyc-00_3-033.png","","803","","E8DAE176938A19FD694D12E7DC596407BAEDAE90C5CF89FBE4BC4D13F9D02A51","Extracted Dataset A file appeared during inventory."
"ADDED","Gait\dataset_a\other\fyc-00_3-035.png","","814","","E99F76FECAA4D2C239CBCFA20B4B11F9D16FF43F59E4A81FB89D6347C3C4223F","Extracted Dataset A file appeared during inventory."
"ADDED","Gait\dataset_a\other\fyc-00_3-036.png","","791","","12E13FACCD74DB6523F587BB7C4ADED9614087406F1470B2EE471B328A756DD8","Extracted Dataset A file appeared during inventory."
"ADDED","Gait\dataset_a\other\fyc-00_3-039.png","","724","","85D3F095E96E02A4419F4FDA2787EB5F5474FA0A8C3042EB781134A12F4AEC35","Extracted Dataset A file appeared during inventory."
"ADDED","Gait\dataset_a\other\fyc-00_3-040.png","","703","","90DDF9AD18AD4E635640F83F56DF650DCB5D5B34A6B766C34A87C2FA4115BCC9","Extracted Dataset A file appeared during inventory."
"ADDED","Gait\dataset_a\other\fyc-00_3-041.png","","680","","D25F7F178C20A2F885BE2098B69DEBCD565386206272BD93D6E936551E43B434","Extracted Dataset A file appeared during inventory."
"ADDED","Gait\dataset_a\other\fyc-00_3-042.png","","761","","6AEAB20483DA23D33D589E6C877C8725875361089758AE129F2F90584979F486","Extracted Dataset A file appeared during inventory."
"ADDED","Gait\dataset_a\other\fyc-00_3-043.png","","765","","69519E55060A1B5723169FA80EC70FB1598CFA67C1537604526445C7497399FE","Extracted Dataset A file appeared during inventory."
"ADDED","Gait\dataset_a\other\fyc-00_3-044.png","","792","","C1272E79E6558BDFBB679DCEC233989E00A4B00388AE441457F68138A1870FC7","Extracted Dataset A file appeared during inventory."
"ADDED","Gait\dataset_a\other\fyc-00_3-045.png","","828","","15F8FFE8EDD29BABFC4B24D94E0476C6001469224F7483A330EC9063BED315C5","Extracted Dataset A file appeared during inventory."
"ADDED","Gait\dataset_a\other\fyc-00_3-047.png","","820","","750346F860FD4D4E4BD62DC2AAD824D66A42F557141B3C0A30C4133982410BB8","Extracted Dataset A file appeared during inventory."
"ADDED","Gait\dataset_a\other\fyc-00_3-048.png","","810","","08FE0EB45492A43B71C909FD11D19B104EB195112C32146FBB01DC02CFD91A5A","Extracted Dataset A file appeared during inventory."
"ADDED","Gait\dataset_a\other\fyc-00_3-050.png","","735","","C90F0F74D363F2D06A2ECF0552BAB69E48C08B5491DFB082663902DFD0071AEB","Extracted Dataset A file appeared during inventory."
"ADDED","Gait\dataset_a\other\fyc-00_3-051.png","","740","","3167AE7E3B4BC19AFE3286D33E7813411AE43E7BDA51E252C3D5343824E29710","Extracted Dataset A file appeared during inventory."
"ADDED","Gait\dataset_a\other\fyc-00_3-052.png","","683","","FCF96B0EDCC008FDCD4838021D8541611E0F741BE74CBE3F28AAFA6611700942","Extracted Dataset A file appeared during inventory."
"ADDED","Gait\dataset_a\other\fyc-00_3-053.png","","636","","1A9A114BD2B147FA6C6EE2D8AD1F434F0B6CC756A5AAB2503843EC6588A4CC93","Extracted Dataset A file appeared during inventory."
"ADDED","Gait\dataset_a\other\fyc-00_3-054.png","","616","","D393F20AC51A844BF5F11C7FD39AE23A88BEDC1CF9F9ADD8AF6D8537409B9CD6","Extracted Dataset A file appeared during inventory."
"ADDED","Gait\dataset_a\other\fyc-00_3-055.png","","643","","446AF8EFD73DCBA79BEFC67E6B403A8F28B458670BB51769B10EAC628980B364","Extracted Dataset A file appeared during inventory."
"ADDED","Gait\dataset_a\other\fyc-00_3-058.png","","741","","C22D40DECECAB26A06B44A3E5E539A7CAE6461B58DA210E9BD80BB8880FC8B08","Extracted Dataset A file appeared during inventory."
"ADDED","Gait\dataset_a\other\fyc-00_3-059.png","","750","","5089D7588A55C653DE216DD5F8E05489C8289BC6D827312599A8A2E97417C5F9","Extracted Dataset A file appeared during inventory."
"ADDED","Gait\dataset_a\other\fyc-00_3-060.png","","709","","6252910CB68419DA3E648D393C6B5F81FE688ABEB525C40B8065113A9181877F","Extracted Dataset A file appeared during inventory."
"ADDED","Gait\dataset_a\other\fyc-00_3-063.png","","665","","D906375B1084C23F6B384E1A21AB6D7310DB8B3EF44A43998F69E417567F8A97","Extracted Dataset A file appeared during inventory."
"ADDED","Gait\dataset_a\other\fyc-00_3-064.png","","649","","A4C04B21107C2D3B9F854C3A30713D6E972D3F39A5AE821259C26157EA931DD0","Extracted Dataset A file appeared during inventory."
"ADDED","Gait\dataset_a\other\fyc-00_3-065.png","","634","","F2A2E01D73F4B686C390E1716DFCECC15590DCE3498DDF31D5D31A9D411B40AE","Extracted Dataset A file appeared during inventory."
"ADDED","Gait\dataset_a\other\fyc-00_3-066.png","","617","","8F9BE4874FB60F42C94B5B30B29D902B1432ABC519EE36C09305BB757E797CF5","Extracted Dataset A file appeared during inventory."
"ADDED","Gait\dataset_a\other\fyc-00_3-067.png","","657","","B524FD0E5EC736064A111FDB6EDC50EBC373EA0DDBD13CCD963FCE42E79B7317","Extracted Dataset A file appeared during inventory."
"ADDED","Gait\dataset_a\other\fyc-00_3-068.png","","691","","DE8E9AFC72B292F812951A4F374A2EAB5E579619A7AF0476389BAB1143DE43AA","Extracted Dataset A file appeared during inventory."
"ADDED","Gait\dataset_a\other\fyc-00_3-069.png","","706","","E65411D69D3EFECDF6B5AB1F39A4196B09751C8D15459B38E226A36E624874C4","Extracted Dataset A file appeared during inventory."
"ADDED","Gait\dataset_a\other\fyc-00_4-003.png","","744","","7F55BAF5CE57B4D6D3711EBBD25F6283DAE41416B420B1483E6441D8861DE159","Extracted Dataset A file appeared during inventory."
"ADDED","Gait\dataset_a\other\fyc-00_4-004.png","","728","","06A5A496ECBB86535AF42E5FB2E0D3C4A2CE2AB1A4C58ED78A2CCF1280B95913","Extracted Dataset A file appeared during inventory."
"ADDED","Gait\dataset_a\other\fyc-00_4-005.png","","707","","6439C3079C6758241FCD91F4A693D978589CECC4C10414C3607B517E793B61DD","Extracted Dataset A file appeared during inventory."
"ADDED","Gait\dataset_a\other\fyc-00_4-007.png","","658","","51BC682D04557B515AB5EFAC37AEB5B8FE75B17E6A211EC816FC663CF008A695","Extracted Dataset A file appeared during inventory."
"ADDED","Gait\dataset_a\other\fyc-00_4-008.png","","656","","8C59B92C59B9EAFF6BE66441BC86E08E6B75910232E3434388CB3E17A272ABD5","Extracted Dataset A file appeared during inventory."
"ADDED","Gait\dataset_a\other\fyc-00_4-009.png","","616","","07E6C4E1E56E2A848DC4B0B0C97BA1575096BA1A013AC8842ADA57FA7706A792","Extracted Dataset A file appeared during inventory."
"ADDED","Gait\dataset_a\other\fyc-00_4-010.png","","597","","3839A338FD5E226666651E334BFC6D1352DBC7DABCFDDD20310ED5B521433638","Extracted Dataset A file appeared during inventory."
"ADDED","Gait\dataset_a\other\fyc-00_4-011.png","","661","","1128F54177092D131ECFD7489079E8C456600F5FCC9BF12F33B95E89BB9FA3F2","Extracted Dataset A file appeared during inventory."
"ADDED","Gait\dataset_a\other\fyc-00_4-012.png","","713","","54FEC9491409CC223F87EA371CFE9E930B9DB15D1EBF66035F88CEEC493603A8","Extracted Dataset A file appeared during inventory."
"ADDED","Gait\dataset_a\other\fyc-00_4-015.png","","765","","161C11AA3473DF6780F3C3877E66B9F39C02BBF3B919498E44C560898B929F01","Extracted Dataset A file appeared during inventory."
"ADDED","Gait\dataset_a\other\fyc-00_4-016.png","","725","","3608F22A144F9D0927780C2E56B8077A1FEEFE0C936B54363578C690291A39E0","Extracted Dataset A file appeared during inventory."
"ADDED","Gait\dataset_a\other\fyc-00_4-017.png","","754","","12500AFB441E62A637A243B7892B522B5E752A6ACE4E3331FED06539D3E20D5F","Extracted Dataset A file appeared during inventory."
"ADDED","Gait\dataset_a\other\fyc-00_4-019.png","","707","","1012C3349A64ADBB833CB5A461A3C9AC11A5C5AD2883884834A12347B066F58A","Extracted Dataset A file appeared during inventory."
"ADDED","Gait\dataset_a\other\fyc-00_4-020.png","","685","","A49F580F9E07A3BC8370D46022A48AEF4A183DF795137C786EA3FAA720362941","Extracted Dataset A file appeared during inventory."
"ADDED","Gait\dataset_a\other\fyc-00_4-021.png","","681","","7FEA0849B91E6EC27BFD23E8A702553CC4B91F0D80CED3E9F8BC0CC31608D462","Extracted Dataset A file appeared during inventory."
"ADDED","Gait\dataset_a\other\fyc-00_4-022.png","","679","","3CA9FB194336E7E98EBE85D38C7191C0555BC15FD6B39DAA764FA621C519E90D","Extracted Dataset A file appeared during inventory."
"ADDED","Gait\dataset_a\other\fyc-00_4-023.png","","688","","136135FA8BADF74790288BFC5A916F3F8BD6EC4C38A6A45F2AC7788A8FF63D62","Extracted Dataset A file appeared during inventory."
"ADDED","Gait\dataset_a\other\fyc-00_4-024.png","","734","","20A9358FC4ED3C78001C02275AC329252FCCD226733587C126C37FCA3AA25EA8","Extracted Dataset A file appeared during inventory."
"ADDED","Gait\dataset_a\other\fyc-00_4-025.png","","785","","D50F2B2B920AD8E4AB32E833E5A6A10149CC30042193AD932CA25E3A3FD98DC7","Extracted Dataset A file appeared during inventory."
"ADDED","Gait\dataset_a\other\fyc-00_4-026.png","","812","","6FA4F200262DBAA176B4EF360C31333A3E2AB22B3F6F9B4C710F5A5EFBCA0281","Extracted Dataset A file appeared during inventory."
"ADDED","Gait\dataset_a\other\fyc-00_4-028.png","","860","","CCEEE6BAAE2BE9DEA825E7DF6FEA63F493DA9E60B50C6EFC63FC6BE509BB7DFF","Extracted Dataset A file appeared during inventory."
"ADDED","Gait\dataset_a\other\fyc-00_4-029.png","","831","","DA8C0A6FED03458F6549B63877173CF5B0D635FFB27E9399A6A0B0969527E0D7","Extracted Dataset A file appeared during inventory."
"ADDED","Gait\dataset_a\other\fyc-00_4-030.png","","841","","0325B976CE1E30BBD1946BF5DC7983B188930C720624B26FD17A16B2997E71EF","Extracted Dataset A file appeared during inventory."
"ADDED","Gait\dataset_a\other\fyc-00_4-032.png","","767","","4DA87D6E784EB79DDCF761D3A6647F03CB8B52B06C0BB8CAC52F7635C32A187B","Extracted Dataset A file appeared during inventory."
"ADDED","Gait\dataset_a\other\fyc-00_4-033.png","","737","","41CE5540996E14A0AA4AD708945B51B137AF6802343BF43F49EF0E123A94047F","Extracted Dataset A file appeared during inventory."
"ADDED","Gait\dataset_a\other\fyc-00_4-034.png","","686","","065983935ED5C0D99EF9CA4F742F35CABEE8C670E4313B292463DE48981A7568","Extracted Dataset A file appeared during inventory."
"ADDED","Gait\dataset_a\other\fyc-00_4-035.png","","689","","0D1DD0AE901A8F70D8E2AAA98156065719418482A052112FFA5E774A111DD840","Extracted Dataset A file appeared during inventory."
"ADDED","Gait\dataset_a\other\fyc-00_4-036.png","","697","","BD91A2CB965ED5A24DC8555439E48D769FB6D4FAF75EEF5F94C95438A5BFAEE0","Extracted Dataset A file appeared during inventory."
"ADDED","Gait\dataset_a\other\fyc-00_4-037.png","","760","","0B3A84D3AA5440AB2E292BFAB694BE77741EFFFA2848AE76480FD083C032FAC1","Extracted Dataset A file appeared during inventory."
"ADDED","Gait\dataset_a\other\fyc-00_4-038.png","","808","","D296A82B1A1D97E2DF4A02ADA50B08A267291672B8E309BFF21B1617F00DA490","Extracted Dataset A file appeared during inventory."
"ADDED","Gait\dataset_a\other\fyc-00_4-039.png","","829","","FF86688AC0984C7FF32D95C5A3EC1ECDDB5319F852462C524F8FB7B254FC3C80","Extracted Dataset A file appeared during inventory."
"ADDED","Gait\dataset_a\other\fyc-00_4-041.png","","819","","3A26DE53E6540FD381D5D17B62645382112E820D397C4A63ADBBDF6A77694BCE","Extracted Dataset A file appeared during inventory."
"ADDED","Gait\dataset_a\other\fyc-00_4-042.png","","818","","6F28AED3015D6C93A8D74C6EF5F76A3C33ACDACC2E2C43E312A56609130CB552","Extracted Dataset A file appeared during inventory."
"ADDED","Gait\dataset_a\other\fyc-00_4-044.png","","751","","1CB8B98572E098A1AF772AA5F3C85E7AE88216105AA68E339E29E87E327B04E2","Extracted Dataset A file appeared during inventory."
"ADDED","Gait\dataset_a\other\fyc-00_4-045.png","","745","","D493006B0E92615906A027FCBFEE1785588D45F2DAB9C2C9199F494EBBEB5B04","Extracted Dataset A file appeared during inventory."
"ADDED","Gait\dataset_a\other\fyc-00_4-046.png","","689","","67E2C18E8225B6D892C0D7731E82D62A1E86311D0E2283DA719CB743B17FFAD4","Extracted Dataset A file appeared during inventory."
"ADDED","Gait\dataset_a\other\fyc-00_4-047.png","","679","","3644C75CED3B17A7E6864C415DDB4254E0EE38B81EA8F1132DCDBC7889709101","Extracted Dataset A file appeared during inventory."
"ADDED","Gait\dataset_a\other\fyc-00_4-048.png","","649","","CED0E7B2DAAD5F1DA170D75A6DD8B16E2A7FE764D3992AC191A5530B65EAB529","Extracted Dataset A file appeared during inventory."
"ADDED","Gait\dataset_a\other\fyc-00_4-049.png","","707","","6C33ED9A1A659E4CF7C54ACD0FFD02DDBEE50B1EEF120A6165E5EC641D0FCFB1","Extracted Dataset A file appeared during inventory."
"ADDED","Gait\dataset_a\other\fyc-00_4-050.png","","721","","7D8393A2FD11BED0BE7D58A4DB1C764BE9D4D681F54512255435A7A7211502BC","Extracted Dataset A file appeared during inventory."
"ADDED","Gait\dataset_a\other\fyc-00_4-052.png","","746","","F4545D5A959DD1C61114AD57BCE7DF59491B4AEBB70AE4D8832D5814CDA17EA7","Extracted Dataset A file appeared during inventory."
"ADDED","Gait\dataset_a\other\fyc-00_4-053.png","","761","","A9D6FB05382F441EFE275FFB7B75A9A0488DE1EBDD185FED28F40F2B111FC688","Extracted Dataset A file appeared during inventory."
"ADDED","Gait\dataset_a\other\fyc-00_4-054.png","","763","","747251B05702A09D59C632748B22499F1639481D0C355302DC2EDF8F011FF03D","Extracted Dataset A file appeared during inventory."
"ADDED","Gait\dataset_a\other\fyc-00_4-057.png","","675","","92799F20D47C5DBD0480732698ED3FE07D106A8407E2E0B97EA9F772CBFBE0AA","Extracted Dataset A file appeared during inventory."
"ADDED","Gait\dataset_a\other\fyc-00_4-058.png","","617","","1D42405D22EEB0A6CB5C59EAF0668B1E7DF1CAA45B2370CFC97BD5473D086B0E","Extracted Dataset A file appeared during inventory."
"ADDED","Gait\dataset_a\other\fyc-00_4-059.png","","609","","8FC1C9833AF0DF14841B80B24BFB31D9323B7709DF7D78BF451F21E2EE03FD93","Extracted Dataset A file appeared during inventory."
"ADDED","Gait\dataset_a\other\fyc-00_4-060.png","","597","","3AB20D03C9FDF7A26C5F7DE832EAF17F2D9AA01720460FB916BDC231785483CB","Extracted Dataset A file appeared during inventory."
"ADDED","Gait\dataset_a\other\fyc-00_4-061.png","","598","","C73FDD7AD75D719C38A5EE5F4D3A02395AEEE5BC50FE29EB9726823E1641B8CA","Extracted Dataset A file appeared during inventory."
"ADDED","Gait\dataset_a\other\fyc-00_4-062.png","","636","","8AC4C7401843715E984B73ED506D24F5BA388EA482BB7F9ADCBA3E4080633337","Extracted Dataset A file appeared during inventory."
"ADDED","Gait\dataset_a\other\fyc-00_4-063.png","","666","","75F1855177F3E9E4A5CADDD35E7D9AA42B28D98DC9432FA5773CD97B82656216","Extracted Dataset A file appeared during inventory."
"ADDED","Gait\dataset_a\other\fyc-00_4-064.png","","687","","0B274C4BE96A263F91D1585C425C056220E320944A11839EB4332AA7D1F93355","Extracted Dataset A file appeared during inventory."
"ADDED","Gait\dataset_a\other\fyc-00_4-066.png","","727","","A04BF9BA4CC9A61F784498450F9A22FB63F44243F87792E3CEC945D92199BEB7","Extracted Dataset A file appeared during inventory."
"ADDED","Gait\dataset_a\other\fyc-00_4-067.png","","765","","CB321ECBFFBFD0E7C0BE1A6E62A570AEDA4C2EDFE8045B30F4E77729DD549D7C","Extracted Dataset A file appeared during inventory."
"ADDED","Gait\dataset_a\other\fyc-00_4-068.png","","732","","3746CD010B74A2C47359CFDFAFF4D2F5C8CBCF99BB62634210284A606C954A01","Extracted Dataset A file appeared during inventory."
"ADDED","Gait\dataset_a\other\fyc-00_4-070.png","","689","","731B5D9D1D73BB383C0B73D197339E65EA1D5D0170E8C0183CB3DA9D666F76F2","Extracted Dataset A file appeared during inventory."
"ADDED","Gait\dataset_a\other\fyc-00_4-071.png","","654","","82C0DEDCFF70A3EF463D44C5BD91D78860D6607DD231068FD25CEEAC018AEAE6","Extracted Dataset A file appeared during inventory."
"ADDED","Gait\dataset_a\other\fyc-00_4-072.png","","659","","B922728A2DAE8AEF4A7FBC0D779105E9D21117D858BDC36DDF053051106A993C","Extracted Dataset A file appeared during inventory."
"ADDED","Gait\dataset_a\other\fyc-00_4-073.png","","626","","68EFE6090E396CC89DDFCE1B35EB972FD907223ECD42553D6737792BF57E065C","Extracted Dataset A file appeared during inventory."
"ADDED","Gait\dataset_a\other\fyc-00_4-074.png","","639","","3EA503DF8B4C552BCA2E280ECF1BE7092011D3DCA180CB9077E56BDB5D8EF1AB","Extracted Dataset A file appeared during inventory."
"ADDED","Gait\dataset_a\other\fyc-00_4-075.png","","633","","B8A06D6BF73E45E29C168BABC904B105E0FB424A95EF0B33554BD9F0C5B2A47E","Extracted Dataset A file appeared during inventory."
"ADDED","Gait\dataset_a\other\hy-00_1-008.png","","688","","26C3C3C67DB76A33200939E5E04F1984BA5A867DBE411BA4B7B2205145ACC5FC","Extracted Dataset A file appeared during inventory."
"ADDED","Gait\dataset_a\other\hy-00_1-009.png","","662","","BFC9EBC1727FC03B9DC7637B2235F81E0D13AC05AF5D6F98801A9BC94257D49E","Extracted Dataset A file appeared during inventory."
"ADDED","Gait\dataset_a\other\hy-00_1-010.png","","639","","89F742F97623CBF5E3BCCF7B47998DD6DD853BD66BCF9F67CCA098DDE379C25D","Extracted Dataset A file appeared during inventory."
"ADDED","Gait\dataset_a\other\hy-00_1-011.png","","661","","9E156651D9C503648242E6071B12CC407C8035A0694A804AB6B4BA260BF1383C","Extracted Dataset A file appeared during inventory."
"ADDED","Gait\dataset_a\other\hy-00_1-012.png","","722","","1D739E22ECD98D5317CD91B1E0AD24D3308FD99E93083FEE47B4936965202CF5","Extracted Dataset A file appeared during inventory."
"ADDED","Gait\dataset_a\other\hy-00_1-013.png","","772","","78B5D157657C6DE6D981748B7CE9E6A30F383C17B3BE585631F7595EB21B6713","Extracted Dataset A file appeared during inventory."
"ADDED","Gait\dataset_a\other\hy-00_1-018.png","","870","","06F77956834028005993CC662189A86C1D626C9F255C33552448E7F9A44F480C","Extracted Dataset A file appeared during inventory."
"ADDED","Gait\dataset_a\other\hy-00_1-019.png","","840","","B3080D0ED9D595A810AA5CCDBE7779B97993610E1513E4C925EAA165E74E6D35","Extracted Dataset A file appeared during inventory."
"ADDED","Gait\dataset_a\other\hy-00_1-020.png","","790","","9C8E75E0C8A119B0B16EB9A23202DE5BE8D2B859CECB4DE612A40BE27FE87BB1","Extracted Dataset A file appeared during inventory."
"ADDED","Gait\dataset_a\other\hy-00_1-021.png","","771","","00A684E4E754140EADC2A8E955433082B0F0FAE5BA0097CCC2D2AD0B2CE383F7","Extracted Dataset A file appeared during inventory."
"ADDED","Gait\dataset_a\other\hy-00_1-022.png","","753","","E8B8DFE02D283A00F3ED6D0E19CD3471F3431BBACE2FECA59DBEE7469F720D2C","Extracted Dataset A file appeared during inventory."
"ADDED","Gait\dataset_a\other\hy-00_1-023.png","","702","","62F09A78A82F9C361535735B4A016D7404DF2F3A1714CE33D79961054680458C","Extracted Dataset A file appeared during inventory."
"ADDED","Gait\dataset_a\other\hy-00_1-024.png","","809","","BC735CA3EC4625D3D9E32F4FE15318338B469414A4EC6EE07D34A6E9B7F42DB2","Extracted Dataset A file appeared during inventory."
"ADDED","Gait\dataset_a\other\hy-00_1-025.png","","783","","ADA4A5361D8D60A34C854F08868557F86A8D035EC1EE1506CF49D57D1F9FA1D2","Extracted Dataset A file appeared during inventory."
"ADDED","Gait\dataset_a\other\hy-00_1-027.png","","902","","9831B2B90EA0B7D6F5700D59F1C8ABC80DE09D6C046C1517A8746CE7D6D01C3E","Extracted Dataset A file appeared during inventory."
"ADDED","Gait\dataset_a\other\hy-00_1-033.png","","769","","0CAF8C9F3CDF3501BA7728EC7B187C653BD07B34BA2DB98206C809ED5B97AAB9","Extracted Dataset A file appeared during inventory."
"ADDED","Gait\dataset_a\other\hy-00_1-034.png","","759","","7EA63AE0976B485607D97604EC779280A9C6A8C432C7757FE0BBBAD3BFE91FED","Extracted Dataset A file appeared during inventory."
"ADDED","Gait\dataset_a\other\hy-00_1-035.png","","726","","73BE4DFF9B1C1BF88AFA195335FADB3CA53E2223A78E255C688F2713D113BF89","Extracted Dataset A file appeared during inventory."
"ADDED","Gait\dataset_a\other\hy-00_1-036.png","","787","","37F8C416AFDA6AD34217C5CD5F30B304385C98F095336F55256C92E0E876BF2C","Extracted Dataset A file appeared during inventory."
"ADDED","Gait\dataset_a\other\hy-00_1-037.png","","809","","DD235F81AC3ABABFD84A82F7B387E49B4D6491FE4236996752C56A075325D0AC","Extracted Dataset A file appeared during inventory."
"ADDED","Gait\dataset_a\other\hy-00_1-038.png","","854","","AD39983108E2FA7E3CFE62B04EDC00A90A6025BD918A31A4189DDEB43EE6399E","Extracted Dataset A file appeared during inventory."
"ADDED","Gait\dataset_a\other\hy-00_1-043.png","","760","","B3C85DF7670754484F714CB2E25DD028EFCC4F258917C90FE4696BA8003A1238","Extracted Dataset A file appeared during inventory."
"ADDED","Gait\dataset_a\other\hy-00_1-044.png","","740","","13F8A402CCFCE137B3405B085395AAE8470364E108AA1E4784B4D61132744F69","Extracted Dataset A file appeared during inventory."
"ADDED","Gait\dataset_a\other\hy-00_1-045.png","","718","","93BD940C26C76D58297E75BA8B7A43ED7948B9943C90DFFD153BA095DFD6AF99","Extracted Dataset A file appeared during inventory."
"ADDED","Gait\dataset_a\other\hy-00_1-046.png","","651","","D111FAA94C02E61EF722FE53B62C8FB8DC470A3879E2B30B77F0708DAEEDCACA","Extracted Dataset A file appeared during inventory."
"ADDED","Gait\dataset_a\other\hy-00_1-047.png","","646","","1C18C9D757D54B99BD26082567617E0FF2CDEF10776C8C929E44EFB8D34589EB","Extracted Dataset A file appeared during inventory."
"ADDED","Gait\dataset_a\other\hy-00_1-048.png","","661","","2BF3BF104CCA9EDF871A49B2FB9000AE24A363281FF3C479A9D1C1D39E633E8A","Extracted Dataset A file appeared during inventory."
"ADDED","Gait\dataset_a\other\hy-00_1-049.png","","726","","70684C33670DE8775927353272604E31EB8EEEA33E70EC86528C213373447E54","Extracted Dataset A file appeared during inventory."
"ADDED","Gait\dataset_a\other\hy-00_1-050.png","","769","","2B1C44271F1BEDB95A8E3F3F660C43C2E744AD31B19117A8E113B87FF0B6F15E","Extracted Dataset A file appeared during inventory."
"ADDED","Gait\dataset_a\other\hy-00_1-051.png","","808","","CA7A398695957CC736A1AFB94C175F816655501AF3F6495EAC10DB0599D59D30","Extracted Dataset A file appeared during inventory."
"ADDED","Gait\dataset_a\other\hy-00_1-057.png","","710","","F0B1388394BD3FCCC66912B37FE3E0C3AE918DF56775EB3D6558D617E0DEC58A","Extracted Dataset A file appeared during inventory."
"ADDED","Gait\dataset_a\other\hy-00_1-058.png","","669","","E943C5F9F68E2F10D271EA0580826E6A9EFAD961742E4ADBBA9882D4BD04E6ED","Extracted Dataset A file appeared during inventory."
"ADDED","Gait\dataset_a\other\hy-00_1-059.png","","669","","590ADC7007D1453821E4FFA8DB16CB7ED5C4B289E68A50F3AE29543006EB3C16","Extracted Dataset A file appeared during inventory."
"ADDED","Gait\dataset_a\other\hy-00_2-001.png","","635","","2EACCBD6F33225ACCD7AC04F88A89C4F11D887DE7C896DFE883D02AC923890B2","Extracted Dataset A file appeared during inventory."
"ADDED","Gait\dataset_a\other\hy-00_2-002.png","","661","","CCBA772912D96205117EA8AA2AE83E23B461C6AAD6309B26C9CF6F1E0D9546B0","Extracted Dataset A file appeared during inventory."
"ADDED","Gait\dataset_a\other\hy-00_2-003.png","","689","","9ED541CB7D6A15C8134A0E12026BCDC3C0FD5D2F0C368CAF86ACF6123314950E","Extracted Dataset A file appeared during inventory."
"ADDED","Gait\dataset_a\other\hy-00_2-004.png","","710","","017C619E5BD948D11B76E7E0FF48B53426459153BBFC2169B362D2877C1AADB9","Extracted Dataset A file appeared during inventory."
"ADDED","Gait\dataset_a\other\hy-00_2-010.png","","760","","5F14AB6902A963BAE93395E553E329740C8999B0886F811F69E24B5B35865E99","Extracted Dataset A file appeared during inventory."
"ADDED","Gait\dataset_a\other\hy-00_2-011.png","","735","","A8CDAEF926E9D5BBE8F0BB20703F8C522C52BD830F718EB8B998044671BC4AC0","Extracted Dataset A file appeared during inventory."
"ADDED","Gait\dataset_a\other\hy-00_2-013.png","","666","","80ACBBDF1004CD5B963B5B8AAEF0746CB99365758A80F93A38647C9C152420B0","Extracted Dataset A file appeared during inventory."
"ADDED","Gait\dataset_a\other\hy-00_2-014.png","","663","","2048EC6FA6E0E56266BAB1A9E69DD3BBAAFCE1B5FEF06C83805B4B8988AA7503","Extracted Dataset A file appeared during inventory."
"ADDED","Gait\dataset_a\other\hy-00_2-015.png","","635","","67F660325F8781B53CE5AB25003D99957A1A5AAC7E0283AE32EAEF7912B563D5","Extracted Dataset A file appeared during inventory."
"ADDED","Gait\dataset_a\other\hy-00_2-016.png","","670","","917810E92DD230CE5F001B3345C5DB98AC3C1C7FAFE70E1E2697065A5321E4FE","Extracted Dataset A file appeared during inventory."
"ADDED","Gait\dataset_a\other\hy-00_2-017.png","","724","","B2C42F74CA58F19EB7F268297E77E32379FAF91F0C13C6BD1A715D7E7A835470","Extracted Dataset A file appeared during inventory."
"ADDED","Gait\dataset_a\other\hy-00_2-018.png","","759","","E9AAC1281C80803C57E4B902FB7284F566B1B85705925D4FD718528157C3213E","Extracted Dataset A file appeared during inventory."
"ADDED","Gait\dataset_a\other\hy-00_2-021.png","","882","","D7E906472333350C497E216D9AC30284C2213EDEBDE5B97A852182B5996B681F","Extracted Dataset A file appeared during inventory."
"ADDED","Gait\dataset_a\other\hy-00_2-023.png","","857","","4373F12B1E3ABB811CF13E074782EEB986E92932E64D14F6098CB8C51CCBE599","Extracted Dataset A file appeared during inventory."
"ADDED","Gait\dataset_a\other\hy-00_2-026.png","","738","","64474A58A7B153106DFF3A38DD6AD88DF905BDE3E61F29528CA76193E6D606D2","Extracted Dataset A file appeared during inventory."
"ADDED","Gait\dataset_a\other\hy-00_2-027.png","","737","","831707F95562058607DDDC20A33EF806306BDCEEE1AF9B95177470A6750D6917","Extracted Dataset A file appeared during inventory."
"ADDED","Gait\dataset_a\other\hy-00_2-028.png","","733","","A6AE7B412111A3113EA784AB818C989C257250014F9784816AD6444AFA50EEE6","Extracted Dataset A file appeared during inventory."
"ADDED","Gait\dataset_a\other\hy-00_2-029.png","","784","","A1BAA7B458C07B22DA75B1BC16BBBA8F5050CBDCAA63008C14DDA8E905B5A96F","Extracted Dataset A file appeared during inventory."
"ADDED","Gait\dataset_a\other\hy-00_2-030.png","","793","","8151F3A0DE75C0C9645395DCC61F7D52D4CFCF4731A652E89CF44984AE5FD0DF","Extracted Dataset A file appeared during inventory."
"ADDED","Gait\dataset_a\other\hy-00_2-031.png","","796","","3B8DB7CAFFF7ABF6D475A96768CE9B38B05C04B6867CD7268C57872042125B83","Extracted Dataset A file appeared during inventory."
"ADDED","Gait\dataset_a\other\hy-00_2-032.png","","886","","18D1BD59C7D32F3EF90291B1AAF6D0DC8F9D813ABB46CC7E40F7AC053B0D5D3E","Extracted Dataset A file appeared during inventory."
"ADDED","Gait\dataset_a\other\hy-00_2-033.png","","880","","992613590243E78AD7A7B2424C421CF406370CE3866B8192626DFDCD16F3D1C8","Extracted Dataset A file appeared during inventory."
"ADDED","Gait\dataset_a\other\hy-00_2-037.png","","793","","39BEBAD525DCE00EE5B214E2024D72823733E63B8A7F9B23BA91C81B34BCD4BE","Extracted Dataset A file appeared during inventory."
"ADDED","Gait\dataset_a\other\hy-00_2-038.png","","722","","ED2740AE4E5BBD577757443BA7B2404ED4DF7F8169D7CFC559D7027F3C11F85D","Extracted Dataset A file appeared during inventory."
"ADDED","Gait\dataset_a\other\hy-00_2-039.png","","748","","D53D6F4013E5B23E5C1E0514376D6C7C1252E37DB88E5E44C14D9D6776CA45BA","Extracted Dataset A file appeared during inventory."
"ADDED","Gait\dataset_a\other\hy-00_2-040.png","","738","","2A776676B7C18F76600D365410A3DFACEA070FF1DF8098924A6DD3F7145B73A3","Extracted Dataset A file appeared during inventory."
"ADDED","Gait\dataset_a\other\hy-00_2-041.png","","753","","DBA171AAF679E66C6996EFEA3A84A66223BA7E2BA2E0CACE35124287F59BD71C","Extracted Dataset A file appeared during inventory."
"ADDED","Gait\dataset_a\other\hy-00_2-042.png","","766","","3337B2AD4F188B339A3D5E785429D05101FA76A034E7F23E93FEDE44A28F99E1","Extracted Dataset A file appeared during inventory."
"ADDED","Gait\dataset_a\other\hy-00_2-043.png","","794","","C051997CB5F9E5E752244A7D15905C0B8E7FB9F0A02842F38D7014CAF3CA6B47","Extracted Dataset A file appeared during inventory."
"ADDED","Gait\dataset_a\other\hy-00_2-044.png","","823","","EE9EC9862B19248689106581F0AF7DE76F01BA84D04BF313ABCAEEFDC8E850DE","Extracted Dataset A file appeared during inventory."
"ADDED","Gait\dataset_a\other\hy-00_2-045.png","","881","","BEF19FA67FA18FEEFA0C34530D3C2232438F5E2A5D1B85F46C3E35B25B669E9F","Extracted Dataset A file appeared during inventory."
"ADDED","Gait\dataset_a\other\hy-00_2-046.png","","898","","225C40C1DF1F5D3A6B0386B96AA549B87069CE88B62F8CBB6C1B2B8E73D8DF40","Extracted Dataset A file appeared during inventory."
"ADDED","Gait\dataset_a\other\hy-00_2-048.png","","887","","C0E3E805FE1B924A7F79B61E44B5FD7329553D4AA804CDCD1CF9E53B68DF0076","Extracted Dataset A file appeared during inventory."
"ADDED","Gait\dataset_a\other\hy-00_2-050.png","","750","","709428CEAAD9CEAFCB950B354B0DF2A588DE25F54C383DE77FF25EB8D53C02DB","Extracted Dataset A file appeared during inventory."
"ADDED","Gait\dataset_a\other\hy-00_2-051.png","","740","","FD29FE1E69977FAEF83BBE6DD3CCB443D1211F1EADE41C55896AAD4C27297216","Extracted Dataset A file appeared during inventory."
"ADDED","Gait\dataset_a\other\hy-00_2-052.png","","708","","7EFCB37FF84C45B56DCD09BF6455D8F258D4589B695B0EDFDF7748A4DA4F2D74","Extracted Dataset A file appeared during inventory."
"ADDED","Gait\dataset_a\other\hy-00_2-053.png","","656","","D482B47BBC16F478C2CF35980F08370BC343EB701415E13D35DFF60C9A20EAC6","Extracted Dataset A file appeared during inventory."
"ADDED","Gait\dataset_a\other\hy-00_2-054.png","","691","","FC8FD7C8D6C27CF94124E4315669610F293938F3F9B17A69CD0269B7AF9A8F4E","Extracted Dataset A file appeared during inventory."
"ADDED","Gait\dataset_a\other\hy-00_2-055.png","","698","","C539060C4A99D23FE4E9406C331D83A076EC36370B2133AA315F21BD980CF177","Extracted Dataset A file appeared during inventory."
"ADDED","Gait\dataset_a\other\hy-00_2-056.png","","735","","32E637C9303B757E6AA8C004BF6BBE604B243F4BEC88CB3492CF99021EDB589E","Extracted Dataset A file appeared during inventory."
"ADDED","Gait\dataset_a\other\hy-00_2-058.png","","777","","D55663B5A5FEC87E0F87BDEF2C621CA43845B690E1E1C1400337BF1FFAA9B49A","Extracted Dataset A file appeared during inventory."
"ADDED","Gait\dataset_a\other\hy-00_2-062.png","","707","","094F73F144EDD78F177D266FA9047C99C95A48C5FB903E094F504BD296CB9E2C","Extracted Dataset A file appeared during inventory."
"ADDED","Gait\dataset_a\other\hy-00_2-063.png","","663","","7DB90C3D353AD096163B015F8D43900FD1791D824C067D435FDC8ACCFB029AB9","Extracted Dataset A file appeared during inventory."
"ADDED","Gait\dataset_a\other\hy-00_2-064.png","","662","","25A1C41BDEF8D9F25BCE82B955D375095BFD797AE9E521121641641F73BFDA67","Extracted Dataset A file appeared during inventory."
"ADDED","Gait\dataset_a\other\hy-00_2-065.png","","668","","F36957CFF9B907E7E4CA06EB718B973FF17EB97F5483BADE364C84C8421197C6","Extracted Dataset A file appeared during inventory."
"ADDED","Gait\dataset_a\other\hy-00_2-066.png","","636","","AC19BE52D5EC02F06C6898C6E9A4F613A4DB7E695E4D378AB3BB57D3991AF44B","Extracted Dataset A file appeared during inventory."
"ADDED","Gait\dataset_a\other\hy-00_2-067.png","","631","","353E39E5B4BC4B9A05D100BF5529A8FF4C601E6D68E3F2BEC8BEDEDB81771DA7","Extracted Dataset A file appeared during inventory."
"ADDED","Gait\dataset_a\other\hy-00_3-001.png","","704","","231E29BFEC02C88B67C72E15A192CFDDC804DA57AA288AC7386E25C18973E13C","Extracted Dataset A file appeared during inventory."
"ADDED","Gait\dataset_a\other\hy-00_3-002.png","","662","","ED2EC274825E19B2920EA5ED1440860A51360B4CA92A0C877000C2CED866E9D8","Extracted Dataset A file appeared during inventory."
"ADDED","Gait\dataset_a\other\hy-00_3-003.png","","686","","085A71ED41C46EC1F71A5BE877BC001CD6AA1A38C661415765CDC1B228F27153","Extracted Dataset A file appeared during inventory."
"ADDED","Gait\dataset_a\other\hy-00_3-004.png","","671","","317CEF8E06AE8DCF618D7B4EE19B39FFD99ADEBA223AC3971B052A06F818E27A","Extracted Dataset A file appeared during inventory."
"ADDED","Gait\dataset_a\other\hy-00_3-005.png","","647","","3D647EA3C6C3C86D65CE3E9087A74CA1671FCAD1CC34C76689BFBAC89A7687E4","Extracted Dataset A file appeared during inventory."
"ADDED","Gait\dataset_a\other\hy-00_3-006.png","","708","","E79CD76C741921D1F4318A552E3A442BE765A97AAFE35475437B3773AF221718","Extracted Dataset A file appeared during inventory."
"ADDED","Gait\dataset_a\other\hy-00_3-007.png","","716","","BAB46CB188F7F5A58EB95FCC4224995DCCF1DC3FCA9CB970B8A72306ED8F3936","Extracted Dataset A file appeared during inventory."
"ADDED","Gait\dataset_a\other\hy-00_3-012.png","","811","","16E1DA8B15243175971D7156C346E1B461C88077C48A8066808D82CB6A2BF5E2","Extracted Dataset A file appeared during inventory."
"ADDED","Gait\dataset_a\other\hy-00_3-015.png","","713","","578EEA7664B178FCB167880B7052F72F481A695A92078E2FE903BACF3E929D44","Extracted Dataset A file appeared during inventory."
"ADDED","Gait\dataset_a\other\hy-00_3-016.png","","711","","15860DA61D4D1B0EF96660C2714C09CD67CF4E71BD708832DB8256D8D533CA18","Extracted Dataset A file appeared during inventory."
"ADDED","Gait\dataset_a\other\hy-00_3-017.png","","692","","F6D27365E46B0F01ED1ABF18FEF7DBB9491637F3CA14A5D6DE12BEF164EFAD78","Extracted Dataset A file appeared during inventory."
"ADDED","Gait\dataset_a\other\hy-00_3-018.png","","706","","6FFE27F2FA43336CE49ED52C45CB50860360E6EB7A6E3B67F186C8AA488F2792","Extracted Dataset A file appeared during inventory."
"ADDED","Gait\dataset_a\other\hy-00_3-019.png","","789","","BBD8B7D3ECFD950F4371ACB4BAA5E2032984B97BD716512960DFAFD80C2E49BD","Extracted Dataset A file appeared during inventory."
"ADDED","Gait\dataset_a\other\hy-00_3-020.png","","775","","2CB5B6CCC14DFF770FB03CD3410B490C9E502CE7BF458BB5748891FA8F914E4C","Extracted Dataset A file appeared during inventory."
"ADDED","Gait\dataset_a\other\hy-00_3-021.png","","866","","D7D7D4D391D3C87261138EA8D0F5D3AB4327F59AB49D15AB4545C00F63D4B2C2","Extracted Dataset A file appeared during inventory."
"ADDED","Gait\dataset_a\other\hy-00_3-022.png","","913","","BBD6CFF55ED746B224F0E5DA1549F846D2FC748CB336BFC82D898ADC03859CEC","Extracted Dataset A file appeared during inventory."
"ADDED","Gait\dataset_a\other\hy-00_3-025.png","","926","","A42F30215469A8AE9ED25F11E5EA17121BD97742D934A128A0304CBEBE4F7364","Extracted Dataset A file appeared during inventory."
"ADDED","Gait\dataset_a\other\hy-00_3-027.png","","881","","D061C59A3F084F0DA30ACDC7036B69065D3C18E4BD1B995C706F702430C5E3F3","Extracted Dataset A file appeared during inventory."
"ADDED","Gait\dataset_a\other\hy-00_3-028.png","","840","","47808F7EDADA6B32FC06C07BCB10B2CDE78FC3326304BA7A5786D018520D7006","Extracted Dataset A file appeared during inventory."
"ADDED","Gait\dataset_a\other\hy-00_3-029.png","","786","","62039E920969F09005B7A2338BBFB8DCAC46C778520F18F38A856CA6F93D598B","Extracted Dataset A file appeared during inventory."
"ADDED","Gait\dataset_a\other\hy-00_3-030.png","","752","","516732E88D65C029D9D07E044127B84C0A5F830B275B5CF32F0068BDB73C3333","Extracted Dataset A file appeared during inventory."
"ADDED","Gait\dataset_a\other\hy-00_3-031.png","","719","","1F94A559D9AE7F821E9426EB712AB90BE505D1A895C3E9CF6491CA1FACCCEAB6","Extracted Dataset A file appeared during inventory."
"ADDED","Gait\dataset_a\other\hy-00_3-032.png","","784","","88E20FF86746A1A7E4BD44E58BE8B32D761C24458205579FBCC32E87A1328CD5","Extracted Dataset A file appeared during inventory."
"ADDED","Gait\dataset_a\other\hy-00_3-033.png","","848","","4FAF1FECAE17B79DD64030C7A93D3EF4E42B2339A4C8FAED1FE3A7212D09EA73","Extracted Dataset A file appeared during inventory."
"ADDED","Gait\dataset_a\other\hy-00_3-034.png","","887","","97C7D80DAA220D09681B718465347BB938AC68EA773A4E7EB9348DA0C95CDE5D","Extracted Dataset A file appeared during inventory."
"ADDED","Gait\dataset_a\other\hy-00_3-037.png","","871","","6BD4021FCD38245EF7259289B2074C1B3DF4453F0C4A08EBC803F99D6BAF076F","Extracted Dataset A file appeared during inventory."
"ADDED","Gait\dataset_a\other\hy-00_3-038.png","","864","","7A60363B9601C712F2EA661BF871BEEDD1C6846446B8FB943F1B9B4CFC12F548","Extracted Dataset A file appeared during inventory."
"ADDED","Gait\dataset_a\other\hy-00_3-041.png","","733","","6741AB5345938406DAE0521335E61C20C5E62103EF8794F575668D9466E984C3","Extracted Dataset A file appeared during inventory."
"ADDED","Gait\dataset_a\other\hy-00_3-042.png","","693","","957252838C8EBC61AFAB1B1EBEAF7DA1A52F04BA06CC774E3218EC4C1BA9EAB2","Extracted Dataset A file appeared during inventory."
"ADDED","Gait\dataset_a\other\hy-00_3-043.png","","717","","FFA57A530D7946C589C95E7CC6FAFFD54C250B608D7E4AB6A7821A9CFC2A8B4B","Extracted Dataset A file appeared during inventory."
"ADDED","Gait\dataset_a\other\hy-00_3-044.png","","698","","B67505E9802D0A86DFA13C208E23BD51DA13E74A9CCE3605F7DD20B58FFED8C9","Extracted Dataset A file appeared during inventory."
"ADDED","Gait\dataset_a\other\hy-00_3-045.png","","693","","51B29E2CF0B3A1EDA45608F8E5C399B6F73C9FEF4FBCC157C2F985C761F84979","Extracted Dataset A file appeared during inventory."
"ADDED","Gait\dataset_a\other\hy-00_3-046.png","","750","","CAFF768476BD7DFF8145462682EC17A523E09F4FBDA425755E644626D5541EC4","Extracted Dataset A file appeared during inventory."
"ADDED","Gait\dataset_a\other\hy-00_3-047.png","","778","","DC1D4AE291085F5AF67F1C23D48517B43AD05CF7E6E3DB2ACF3A4CE9A4F24C02","Extracted Dataset A file appeared during inventory."
"ADDED","Gait\dataset_a\other\hy-00_3-050.png","","819","","BAD427D9D5D2FA918130BB710B5C185F6F262BF1F7B9618766C97BC8FDD39B4A","Extracted Dataset A file appeared during inventory."
"ADDED","Gait\dataset_a\other\hy-00_3-053.png","","711","","9796033EA40B5BABCBCB549DFBA4D62F09E531A6C9DEC47AA62815BF4075E5D2","Extracted Dataset A file appeared during inventory."
"ADDED","Gait\dataset_a\other\hy-00_3-054.png","","675","","6A1038507703D5B1860D7378C2D4E44C28E9D90D35886818407606A0D9EFF131","Extracted Dataset A file appeared during inventory."
"ADDED","Gait\dataset_a\other\hy-00_3-055.png","","672","","B617C7762FC4BC3E469DA981346474259915B0F566E93BAE8B3093699C9562E5","Extracted Dataset A file appeared during inventory."
"ADDED","Gait\dataset_a\other\hy-00_3-056.png","","681","","4BA966D9AE69EC854AD4A4A62F47E0897858D868547F985A9817B66779036DAD","Extracted Dataset A file appeared during inventory."
"ADDED","Gait\dataset_a\other\hy-00_3-057.png","","686","","7907417FA696DA9FBC6ACF00966CC73C7C15FE2D44818FA5A4408C5F8E307B35","Extracted Dataset A file appeared during inventory."
"ADDED","Gait\dataset_a\other\hy-00_3-058.png","","697","","F28C5756823BF7E2C70BD0D0644459BBCCAD3801B16BC5A1AB7D94856B0D27FD","Extracted Dataset A file appeared during inventory."
"ADDED","Gait\dataset_a\other\hy-00_3-059.png","","823","","C6C8F1BCFF0927E50AF84D903945A92C2985143A13A90374738386F792A0DDD0","Extracted Dataset A file appeared during inventory."
"ADDED","Gait\dataset_a\other\hy-00_3-060.png","","789","","4C6959655D041A61EE50F3751F6AF04E18A135B3D2385D516E63B5190302D2B5","Extracted Dataset A file appeared during inventory."
"ADDED","Gait\dataset_a\other\hy-00_4-001.png","","632","","012453809A39121920DE955F37916B4E66CE5CCB3C436F334174FAF2D08F6E07","Extracted Dataset A file appeared during inventory."
"ADDED","Gait\dataset_a\other\hy-00_4-002.png","","675","","879A178B3BEDF70304CAF0F9941B4147A8E948625AED2EF1E761C484C4020633","Extracted Dataset A file appeared during inventory."
"ADDED","Gait\dataset_a\other\hy-00_4-003.png","","718","","52A47A1473D80FC93ACB47BD91D03C71E1C1750F9E4E74154BFEACE0970E9F3C","Extracted Dataset A file appeared during inventory."
"ADDED","Gait\dataset_a\other\hy-00_4-004.png","","763","","51E46278B1EA2CE5DE6BC364D2DA4E74F19991D07E9866F3BC2B03B88853F3EA","Extracted Dataset A file appeared during inventory."
"ADDED","Gait\dataset_a\other\hy-00_4-007.png","","795","","1C00957CB3E569A7E0ED0C1A46F7D91DB84E9025B4CB054738DC199742A44249","Extracted Dataset A file appeared during inventory."
"ADDED","Gait\dataset_a\other\hy-00_4-008.png","","791","","D2E16E706070C618F12360A0A03D9EAD699B076871D159BD87E632C7F757F354","Extracted Dataset A file appeared during inventory."
"ADDED","Gait\dataset_a\other\hy-00_4-010.png","","711","","3A179133DB87751CEB5581E1E2DE28CC3F5679FD3BDFB0438816E89E1D7ADABA","Extracted Dataset A file appeared during inventory."
"ADDED","Gait\dataset_a\other\hy-00_4-011.png","","701","","8CFA0A096F6D9A604F1C056624159DBA073DC28C24D7C696B31D0CC4ABD421AC","Extracted Dataset A file appeared during inventory."
"ADDED","Gait\dataset_a\other\hy-00_4-012.png","","680","","8AE0E045F2AC30231055CDF0A568CC8D9BC18286A81C38D4C5424D75DE400AF9","Extracted Dataset A file appeared during inventory."
"ADDED","Gait\dataset_a\other\hy-00_4-013.png","","645","","C8852CC0C2E7117B737603FD6B6F4986D134233BF40525BB7F1C3799DC3E3298","Extracted Dataset A file appeared during inventory."
"ADDED","Gait\dataset_a\other\hy-00_4-014.png","","682","","1FEEC0027A17ACA5BE3691D74EF8EAE7A7981450492CE690DE13F214EB11EBAC","Extracted Dataset A file appeared during inventory."
"ADDED","Gait\dataset_a\other\hy-00_4-015.png","","739","","F18DD17F4AF272390740ED2B7218182C90DAA3A61CB9574D1ED4A65F4354FE36","Extracted Dataset A file appeared during inventory."
"ADDED","Gait\dataset_a\other\hy-00_4-016.png","","746","","199C9053E0C7FF64CE4901D0DC3F255E06D6D70DC583C46B7921D1C8F29D7B61","Extracted Dataset A file appeared during inventory."
"ADDED","Gait\dataset_a\other\hy-00_4-017.png","","849","","C88D806A5941F2143083A3B49A60F87FDB8B53CF463EAE8B76BA39CBF9EC703D","Extracted Dataset A file appeared during inventory."
"ADDED","Gait\dataset_a\other\hy-00_4-018.png","","840","","4D7402C749BA333D984A9294E9278EA96243BCC61FF4CA8FFE36E1F57FAD6909","Extracted Dataset A file appeared during inventory."
"ADDED","Gait\dataset_a\other\hy-00_4-023.png","","785","","3D3A683521CA30F26A7EADD2FA56CF49381DFC9A835BC47E67EB7CBEF5264DF0","Extracted Dataset A file appeared during inventory."
"ADDED","Gait\dataset_a\other\hy-00_4-024.png","","777","","48A5BFFA1EE2528275462B3A33ADE6C2D0CCD60258BE863E736A22C1528540A1","Extracted Dataset A file appeared during inventory."
"ADDED","Gait\dataset_a\other\hy-00_4-025.png","","726","","8EF996CB8096DB16C7792717BB9108BC0020E079FE777C736ACE02C03E9B6E45","Extracted Dataset A file appeared during inventory."
"ADDED","Gait\dataset_a\other\hy-00_4-026.png","","733","","55BCD499474DEE1C32AC062B15636BF63957892B4D7BB19CFFD5DC846FD81441","Extracted Dataset A file appeared during inventory."
"ADDED","Gait\dataset_a\other\hy-00_4-027.png","","812","","9366141F13E22B90B577F9FD5A2FD65E58AA24AC59262A6D817EEC9D04ACFAFF","Extracted Dataset A file appeared during inventory."
"ADDED","Gait\dataset_a\other\hy-00_4-028.png","","812","","D22E36BF1260E9C22C2C399AA806BEEA9D77D09E4100445E65257CE392866475","Extracted Dataset A file appeared during inventory."
"ADDED","Gait\dataset_a\other\hy-00_4-029.png","","855","","CA6F0141663C9734E9E6888768C2478F01733A1F2A624B33373AF466B99D8AC6","Extracted Dataset A file appeared during inventory."
"ADDED","Gait\dataset_a\other\hy-00_4-030.png","","861","","7B6C2FC06D7325480912356FA38DCDC774E9B48BC9A8C55646E0EDE719C499C2","Extracted Dataset A file appeared during inventory."
"ADDED","Gait\dataset_a\other\hy-00_4-034.png","","837","","5830E4A5B5A7411B0A0403961145CE5E8E83A98DE04160728F466B0CFD4208B9","Extracted Dataset A file appeared during inventory."
"ADDED","Gait\dataset_a\other\hy-00_4-035.png","","768","","AFCABE66D3E9A4A28851140609DB69833EF5B4B61A5F2BE9C95F360D4AF26C3E","Extracted Dataset A file appeared during inventory."
"ADDED","Gait\dataset_a\other\hy-00_4-036.png","","766","","B7408A0C0CBB916CFD70FFD6405055D539AE495FDF6D2834E75854A64D13F169","Extracted Dataset A file appeared during inventory."
"ADDED","Gait\dataset_a\other\hy-00_4-037.png","","739","","18BBE7EFB8921A639A568D851ABA234E0E3336469B46CB359F82A5BE2DB2C8A1","Extracted Dataset A file appeared during inventory."
"ADDED","Gait\dataset_a\other\hy-00_4-038.png","","744","","EB44F4BB1F1FB63C5013341B95E09639D057F469F2751574CAB62E6917E1B187","Extracted Dataset A file appeared during inventory."
"ADDED","Gait\dataset_a\other\hy-00_4-039.png","","724","","E814C8F6126A68578B61D87F9DC1DF9256B532CFEC5FCD196E436007F32EB6DE","Extracted Dataset A file appeared during inventory."
"ADDED","Gait\dataset_a\other\hy-00_4-040.png","","799","","7723A1DC15EA29DDF13062D23A7A583B15D48F59AEA172800839B7ED2A71D8A8","Extracted Dataset A file appeared during inventory."
"ADDED","Gait\dataset_a\other\hy-00_4-041.png","","803","","C5A98E3111DA58843F2D8A7C2C0B60F0EA9FF11657B47EA5244D8B11EE24058D","Extracted Dataset A file appeared during inventory."
"ADDED","Gait\dataset_a\other\hy-00_4-042.png","","858","","223B32FED8F89C33B318786CD6DE06016C5B835A1CEE63A8187D0282770E4924","Extracted Dataset A file appeared during inventory."
"ADDED","Gait\dataset_a\other\hy-00_4-043.png","","874","","C6ACB701C7F4E43877DCC157043D20FA4B03302C93366683460158AEAF55CE65","Extracted Dataset A file appeared during inventory."
"ADDED","Gait\dataset_a\other\hy-00_4-045.png","","889","","EC0B2C9AB5AF07743B5424B6F7508869A983EFC12F082E89F4BD077F2A7FCFF0","Extracted Dataset A file appeared during inventory."
"ADDED","Gait\dataset_a\other\hy-00_4-046.png","","890","","8B6D74DBAEEE4495783574127018414A72ADF53F73F8FEF8CC67350B7B97EFFA","Extracted Dataset A file appeared during inventory."
"ADDED","Gait\dataset_a\other\hy-00_4-048.png","","770","","C8161D6602D8D2823386B683E0E65CACC3977AB6639DEABBBBCCE723EDF87C12","Extracted Dataset A file appeared during inventory."
"ADDED","Gait\dataset_a\other\hy-00_4-049.png","","752","","C5BBC3F479771B41D06143B3B266AB7F076EE5B230A85E272AAC3B8F7AD0A806","Extracted Dataset A file appeared during inventory."
"ADDED","Gait\dataset_a\other\hy-00_4-050.png","","702","","EA4E96FFE32165717A3520277CB6DA2FE8F3271DC6005C29D6C6EFB9E64C8C6C","Extracted Dataset A file appeared during inventory."
"ADDED","Gait\dataset_a\other\hy-00_4-051.png","","685","","6C2199C0936D4EC466E1B140B436ED93A31B7E76C1A56CB96F7ACB20332710B3","Extracted Dataset A file appeared during inventory."
"ADDED","Gait\dataset_a\other\hy-00_4-052.png","","676","","F3E2944727A820E3C83AD3F153D4DFED6EBD909FE59DC43D2EE446864FA578D1","Extracted Dataset A file appeared during inventory."
"ADDED","Gait\dataset_a\other\hy-00_4-053.png","","716","","EC0A3E82F172AC33D00B2FC4F2C69F213D58DB69665C3E1E64C10849BAC785B9","Extracted Dataset A file appeared during inventory."
"ADDED","Gait\dataset_a\other\hy-00_4-054.png","","726","","DC43A20FABBB150C4B9E2C6C2332D5F483313465F44F35C3B400923793D39A30","Extracted Dataset A file appeared during inventory."
"ADDED","Gait\dataset_a\other\hy-00_4-055.png","","760","","313A1470151F59FC6A068A2F103547A22695FFDEC0654234770438DBA0C43801","Extracted Dataset A file appeared during inventory."
"ADDED","Gait\dataset_a\other\hy-00_4-056.png","","734","","8F8A7D2373F7693A6D0C7F98A175427FACF332EF065912059BB160D984644DC2","Extracted Dataset A file appeared during inventory."
"ADDED","Gait\dataset_a\other\hy-00_4-060.png","","685","","30B174291A8DF04AE900FBE26D1E5E3EDC3F5E0B193DA8DEF147AECEAAD66AB3","Extracted Dataset A file appeared during inventory."
"ADDED","Gait\dataset_a\other\hy-00_4-061.png","","661","","4206BCCE9927A2BEDF49DE3B1CD89F45573A1814AD2B4EE5F738640C31C9E77D","Extracted Dataset A file appeared during inventory."
"ADDED","Gait\dataset_a\other\hy-00_4-062.png","","672","","C706E4E81959C88170D141B0E5D542BC0EA8FB492DDAD8DBFFF6E66911916A16","Extracted Dataset A file appeared during inventory."
"ADDED","Gait\dataset_a\other\hy-00_4-063.png","","660","","3BFA26327D8B62BACA5EA11D0D4982E12BF72D59652167049E00476DB95D0B8D","Extracted Dataset A file appeared during inventory."
"ADDED","Gait\dataset_a\other\ljg-00_1-001.png","","783","","BEF60EDF9E10249C99725B90427267030E1E5707A72A47E5002369C5830B26DB","Extracted Dataset A file appeared during inventory."
"ADDED","Gait\dataset_a\other\ljg-00_1-002.png","","778","","3C6A1DC71EF9988400B7079D8874AF10A3A324CA9D5751F1BEC165E3F99E4213","Extracted Dataset A file appeared during inventory."
"ADDED","Gait\dataset_a\other\ljg-00_1-003.png","","764","","BCBF187D33AB4B680B0183BEF1F406205933BD4C2C7C6C1E409C6E20E7DCAEF6","Extracted Dataset A file appeared during inventory."
"ADDED","Gait\dataset_a\other\ljg-00_1-004.png","","707","","BB0A52655EA4C8D443721C6CE1B154A59104462CEB6D747827F0A93FF60FBBBD","Extracted Dataset A file appeared during inventory."
"ADDED","Gait\dataset_a\other\ljg-00_1-005.png","","681","","9AE629E1D326EBF43084FEF09891D01603D0F91588D88CB7AB5D910154D5BDEA","Extracted Dataset A file appeared during inventory."
"ADDED","Gait\dataset_a\other\ljg-00_1-006.png","","663","","F615394075D10163378BBEA0A1536DC50430F29A7F7D15D5B33955A8B1CBC93A","Extracted Dataset A file appeared during inventory."
"ADDED","Gait\dataset_a\other\ljg-00_1-007.png","","685","","F5C4A80FCDCAE56137303E0137163665A84B5A5C3D6298E23724D32CD724D7E5","Extracted Dataset A file appeared during inventory."
"ADDED","Gait\dataset_a\other\ljg-00_1-008.png","","739","","0CC5B09B7EA8F5C68E038B9EE2E8A6AFFC705ED35FC34B02C5AA4890DF396193","Extracted Dataset A file appeared during inventory."
"ADDED","Gait\dataset_a\other\ljg-00_1-009.png","","765","","EFDE4A24000946D0D219E94612C77EF122942E9E0298C6BA6415566605BCC0A6","Extracted Dataset A file appeared during inventory."
"ADDED","Gait\dataset_a\other\ljg-00_1-012.png","","841","","BD9785E583C09CF66C5D0D42AB9BAED14961816DDBF4EC88E981E3F8BCB49FB8","Extracted Dataset A file appeared during inventory."
"ADDED","Gait\dataset_a\other\ljg-00_1-013.png","","851","","53D737181BDA567C44D615797F45C76C9E8CB699723E03D0B96FA8E2E161A73A","Extracted Dataset A file appeared during inventory."
"ADDED","Gait\dataset_a\other\ljg-00_1-014.png","","841","","FAD67C8E1DDDE2F331CFD62BA0C64377EA845FBC1EC3A49BD292B5F5267BFF1F","Extracted Dataset A file appeared during inventory."
"ADDED","Gait\dataset_a\other\ljg-00_1-017.png","","798","","2FC429069C44CCD4C21E94F1B30A73D9298CB8078575AB6FBAD4F5829E1F19B0","Extracted Dataset A file appeared during inventory."
"ADDED","Gait\dataset_a\other\ljg-00_1-018.png","","785","","16209294F7B81E49BE74FDEC6796F12A66C8061FAE6B553FD8A6823E8940FDF3","Extracted Dataset A file appeared during inventory."
"ADDED","Gait\dataset_a\other\ljg-00_1-019.png","","734","","8455D9AE7E5A0B313F41AC86CC9179E629E754198A6CD55DDC519F42E44103CB","Extracted Dataset A file appeared during inventory."
"ADDED","Gait\dataset_a\other\ljg-00_1-020.png","","746","","62264D95FAB3E544481225DC8D08B2A61DE805BB93D6E5FAA002F47820999643","Extracted Dataset A file appeared during inventory."
"ADDED","Gait\dataset_a\other\ljg-00_1-021.png","","748","","A207FF19525FF1ED82B8C388B99F82104E5B60772ADC895EEE2FC94E4D78735B","Extracted Dataset A file appeared during inventory."
"ADDED","Gait\dataset_a\other\ljg-00_1-022.png","","802","","78EFB29542BB4A3E2CC6CA72384A18DB6913F55F3F9BF9277C4457DBA5532F3E","Extracted Dataset A file appeared during inventory."
"ADDED","Gait\dataset_a\other\ljg-00_1-023.png","","858","","5E8E1B7E009586E908EE997499F748D0FFE1CBDF5CBF1A253B3E8282B2611CF0","Extracted Dataset A file appeared during inventory."
"ADDED","Gait\dataset_a\other\ljg-00_1-024.png","","921","","F1DD005D9087DD0D72F00B34C5438D89213DBC35668C92520DC210B7C9DB1E07","Extracted Dataset A file appeared during inventory."
"ADDED","Gait\dataset_a\other\ljg-00_1-027.png","","944","","45D8CE83250A9550CDE30A9232AF5D0F7FB3D98749C52EEAAA7931A04F467F32","Extracted Dataset A file appeared during inventory."
"ADDED","Gait\dataset_a\other\ljg-00_1-028.png","","893","","3AB430AC61305937A865BF11CCB04839C8B8175CF8351A5A1E02FD28295DCCCA","Extracted Dataset A file appeared during inventory."
"ADDED","Gait\dataset_a\other\ljg-00_1-031.png","","859","","54ADB3EBB7C8A0F98722B6B93A0C65115E0C041D48337C30E91EA308546B4A05","Extracted Dataset A file appeared during inventory."
"ADDED","Gait\dataset_a\other\ljg-00_1-032.png","","845","","84F60794F0DEF474934DDD793CA8B779E35846BF9CB21F8E15A0543094C863D5","Extracted Dataset A file appeared during inventory."
"ADDED","Gait\dataset_a\other\ljg-00_1-033.png","","777","","5AE26FCBED75398867C68BB5F32ECC1DC1AEDEB68746708C55674D63EDBB27EE","Extracted Dataset A file appeared during inventory."
"ADDED","Gait\dataset_a\other\ljg-00_1-034.png","","772","","BCCADD39E64F2DB6BC3056270831F0ED04341F95F83D158510A30E61B560B094","Extracted Dataset A file appeared during inventory."
"ADDED","Gait\dataset_a\other\ljg-00_1-035.png","","763","","65F9FEFA80DDC7A2CE9D897672B031CC3CA9D4A8B95A5F56DF1C508C07A4441F","Extracted Dataset A file appeared during inventory."
"ADDED","Gait\dataset_a\other\ljg-00_1-036.png","","775","","4FE461C7814DAC7D32E204343D7048A7D9CF987E76D7D78754B834D7D7CFDC89","Extracted Dataset A file appeared during inventory."
"ADDED","Gait\dataset_a\other\ljg-00_1-037.png","","880","","BF282EC1BBA996AB13F4A49DF376E2454BAB8817751EAF6D611389F027F14C81","Extracted Dataset A file appeared during inventory."
"ADDED","Gait\dataset_a\other\ljg-00_1-038.png","","918","","0A257DF548FB1D90D124E1877C20CDA46B7E061994418E22E8C7A70185734E06","Extracted Dataset A file appeared during inventory."
"ADDED","Gait\dataset_a\other\ljg-00_1-042.png","","923","","D3A89678A81FC0B99A3BC5CE82F51BABC59FBA431230CDC8695A079F73E492DC","Extracted Dataset A file appeared during inventory."
"ADDED","Gait\dataset_a\other\ljg-00_1-043.png","","949","","129CD10FA353613B2025729E1B9ECC59225A3A8ED76E438981AE360F3C7F2AA6","Extracted Dataset A file appeared during inventory."
"ADDED","Gait\dataset_a\other\ljg-00_1-046.png","","764","","E4F3CA538C0E9E18EEDC0FEBBA3CFB439242A5164C37F91AD194530872D65943","Extracted Dataset A file appeared during inventory."
"ADDED","Gait\dataset_a\other\ljg-00_1-047.png","","789","","E18CD3540B627BA35FB1DD5A3D946EE04BC7E9BB75F895A73043D389BABBC163","Extracted Dataset A file appeared during inventory."
"ADDED","Gait\dataset_a\other\ljg-00_1-048.png","","750","","9FA3BF7A82E662E54FC60E1C70AB8F6263B7CD04CB0E4C0B2B9942FC980906EF","Extracted Dataset A file appeared during inventory."
"ADDED","Gait\dataset_a\other\ljg-00_1-049.png","","716","","6D9CBC6C76291603BC14D227AD7A85F4615E7A8A092EF24731F7C165A7CCFC21","Extracted Dataset A file appeared during inventory."
"ADDED","Gait\dataset_a\other\ljg-00_1-050.png","","668","","DAFF2CB393A4D91BA6C1AC180458ED64A76F2B591DD1A59C288DECE6B0C24E11","Extracted Dataset A file appeared during inventory."
"ADDED","Gait\dataset_a\other\ljg-00_1-051.png","","776","","FEF0E66AB06AE93CF75E28155B89B40A3E8F866BC091D365968F341A283C2B7F","Extracted Dataset A file appeared during inventory."
"ADDED","Gait\dataset_a\other\ljg-00_1-056.png","","803","","1FDB93393F28CF6A3005125E3E84AA24CB827A31DF57DC045F9131E854A008F1","Extracted Dataset A file appeared during inventory."
"ADDED","Gait\dataset_a\other\ljg-00_1-057.png","","791","","FA92BE72B5B87C488D3256AEB61383668EEF2A614217A1D0ED0D93E5471673D1","Extracted Dataset A file appeared during inventory."
"ADDED","Gait\dataset_a\other\ljg-00_1-059.png","","755","","CB041062E89057D7FC0B08E7C90A4FA7B68E73275AE3743AE09E35CA47F1D228","Extracted Dataset A file appeared during inventory."
"ADDED","Gait\dataset_a\other\ljg-00_1-060.png","","765","","F6A57662DCF6C1EB607862C91DE4915FD1604969F4523C33DE824B013B2A037C","Extracted Dataset A file appeared during inventory."
"ADDED","Gait\dataset_a\other\ljg-00_1-061.png","","754","","A92E7655064400F30DF333E1BE40BE5B796A2EA50132ADBA26C0DF33D97189F3","Extracted Dataset A file appeared during inventory."
"ADDED","Gait\dataset_a\other\ljg-00_1-062.png","","731","","F998DE453C036B396DA270F2C6F2668A99558B5F4538C47A3A088C7185E12222","Extracted Dataset A file appeared during inventory."
"ADDED","Gait\dataset_a\other\ljg-00_1-063.png","","743","","BAA443F33AAE46904CCF8C1E6AAB4E5D4849AEC65DB0A0D465669DD69DC4C31B","Extracted Dataset A file appeared during inventory."
"ADDED","Gait\dataset_a\other\ljg-00_1-064.png","","732","","C4C5EBBB275BD647551A3EF2407F350941EE499E1889CCEE7EBFFF2746422183","Extracted Dataset A file appeared during inventory."
"ADDED","Gait\dataset_a\other\ljg-00_2-003.png","","851","","37A68D6676696E3DAACEA65EA43098D20AB8C51E82CBBA1D99E46511466778ED","Extracted Dataset A file appeared during inventory."
"ADDED","Gait\dataset_a\other\ljg-00_2-004.png","","892","","C451025B1DBCB9579A4F572DC3BEFA9FB2E0B8E06CA5A77D4BBADD31919E0F75","Extracted Dataset A file appeared during inventory."
"ADDED","Gait\dataset_a\other\ljg-00_2-005.png","","862","","B88981DDF4AA584BE9B31FE9364AA08D58B921CBA933123AF4DE2FA61ECCBEDC","Extracted Dataset A file appeared during inventory."
"ADDED","Gait\dataset_a\other\ljg-00_2-006.png","","820","","75A777311FA8C3BB1B0E682CC433AAC27A3B96BCDEA92A58275DF1DB4C65A3B0","Extracted Dataset A file appeared during inventory."
"ADDED","Gait\dataset_a\other\ljg-00_2-009.png","","755","","D3CF5EBFC070DF54813A1A3C316B635BE0D389E7A6626C2EA73CA21B2F3C9708","Extracted Dataset A file appeared during inventory."
"ADDED","Gait\dataset_a\other\ljg-00_2-010.png","","751","","F091EA316B3D6A7251693D2CC75F8AE11B5EC11D05E4F326A5355FA790F16929","Extracted Dataset A file appeared during inventory."
"ADDED","Gait\dataset_a\other\ljg-00_2-011.png","","716","","CA41F55A8E0CB57BA6C242336A5C3B7B626A0BF825C39ED66F5BB94A6ED479D9","Extracted Dataset A file appeared during inventory."
"ADDED","Gait\dataset_a\other\ljg-00_2-012.png","","702","","7234B859742C4B0B261C0D1ABD2DFBE7322EB163B9EB3BA9AC35A25927871B05","Extracted Dataset A file appeared during inventory."
"ADDED","Gait\dataset_a\other\ljg-00_2-013.png","","781","","FB95F6C9963C0F45A5D5BBCC181EEDFC7BC55AB0BAA01B5CFE5EB35A89E740C9","Extracted Dataset A file appeared during inventory."
"ADDED","Gait\dataset_a\other\ljg-00_2-014.png","","804","","BD0DFAED0BC46A7C0DBBA0C8A372913629609FC70544B666D228E48214FD765B","Extracted Dataset A file appeared during inventory."
"ADDED","Gait\dataset_a\other\ljg-00_2-015.png","","820","","F2C06534E6DA17BCACAFAC662A0B98C9A511938B30DFB97E0A35343E2EBF6E15","Extracted Dataset A file appeared during inventory."
"ADDED","Gait\dataset_a\other\ljg-00_2-016.png","","905","","1FC038A14533F96D6C4C57832972464E05043D57F5189177E084F6DCA269F26E","Extracted Dataset A file appeared during inventory."
"ADDED","Gait\dataset_a\other\ljg-00_2-019.png","","885","","54926B2D63184A27D2031083565B627936F314F57EF98550D67B2EFDDF06B01D","Extracted Dataset A file appeared during inventory."
"ADDED","Gait\dataset_a\other\ljg-00_2-020.png","","885","","3270A618B3E462C2626DECB70B236C5D56EB8C832C016E3CCE11E6E78D45DD10","Extracted Dataset A file appeared during inventory."
"ADDED","Gait\dataset_a\other\ljg-00_2-022.png","","849","","51CD9E72C263472DED70C691D55174A901430E16DF1200D3DCF31D091906E11A","Extracted Dataset A file appeared during inventory."
"ADDED","Gait\dataset_a\other\ljg-00_2-023.png","","811","","7958A293EEFB40FC226D8E546E1F31ACEB9D1EC965D832C161D5FC644E84C717","Extracted Dataset A file appeared during inventory."
"ADDED","Gait\dataset_a\other\ljg-00_2-024.png","","794","","9B233556F5212D7722AAE692ACAD91F1A4D973FB6F5C3CABB36816133A5DB9B8","Extracted Dataset A file appeared during inventory."
"ADDED","Gait\dataset_a\other\ljg-00_2-025.png","","757","","68D2936E7449DAA89CC95CD41F323A951EE7DEE547C9FD9824556AC4B6D29328","Extracted Dataset A file appeared during inventory."
"ADDED","Gait\dataset_a\other\ljg-00_2-026.png","","759","","097A472ABBB19FA91FD699D8F91DEF685FBE2E85021593F0660ADCC4915FC87F","Extracted Dataset A file appeared during inventory."
"ADDED","Gait\dataset_a\other\ljg-00_2-027.png","","817","","3A0BB7229B8E1C8BB6DAE8936EC458A06E94C75A79FF1E8E5EEE1A4E439A75CB","Extracted Dataset A file appeared during inventory."
"ADDED","Gait\dataset_a\other\ljg-00_2-028.png","","887","","782C5444958DCB29F7F6E3A96771FA64616E3C196F2EB099338F1B6A29B79F72","Extracted Dataset A file appeared during inventory."
"ADDED","Gait\dataset_a\other\ljg-00_2-029.png","","935","","34C141996A8BCCA35B24DFDC9E3A74B60DA09BD035D67CDBE9A74C26AEDD0444","Extracted Dataset A file appeared during inventory."
"ADDED","Gait\dataset_a\other\ljg-00_2-030.png","","959","","BBC366A1C8640D953743E6F7E58298F86B138A647EBA13F021B7C9606AC9D332","Extracted Dataset A file appeared during inventory."
"ADDED","Gait\dataset_a\other\ljg-00_2-032.png","","976","","E1393CE34BAFE516338CC518D6878ECE62C23592FD4F25F7A25DA63CCEC9C2C7","Extracted Dataset A file appeared during inventory."
"ADDED","Gait\dataset_a\other\ljg-00_2-033.png","","924","","EF1976F45EAFD88209DF10A5ADD10DDB42307522FC823A7F154368A67307B774","Extracted Dataset A file appeared during inventory."
"ADDED","Gait\dataset_a\other\ljg-00_2-034.png","","898","","535D64388036B15535D5AFD89822BA0D855B5F2FE7EBE34A8C162359340BA1A1","Extracted Dataset A file appeared during inventory."
"ADDED","Gait\dataset_a\other\ljg-00_2-036.png","","865","","D8C933AC3B91CA3CD0A6BADB6BBB4B465DF1489B6781C10D94F4534C4AAF768C","Extracted Dataset A file appeared during inventory."
"ADDED","Gait\dataset_a\other\ljg-00_2-037.png","","843","","9E18610B7DF82622A484E016D179CC7CF255C9FEC9E273254491B9930D84D2C4","Extracted Dataset A file appeared during inventory."
"ADDED","Gait\dataset_a\other\ljg-00_2-038.png","","854","","897F70B8E9EA4631E667CFD3DA511BEDCDA3004C20A1AA8221777E46113CB9B9","Extracted Dataset A file appeared during inventory."
"ADDED","Gait\dataset_a\other\ljg-00_2-039.png","","820","","F85A94CEE6BC35A8E01727E1380EBAA153DCC8CDC56025CFC0235436B7904D6F","Extracted Dataset A file appeared during inventory."
"ADDED","Gait\dataset_a\other\ljg-00_2-040.png","","821","","D40075DDDBCF043676CED603D81AD29F69A3922C2CB29B39D61880ED508E5A5B","Extracted Dataset A file appeared during inventory."
"ADDED","Gait\dataset_a\other\ljg-00_2-041.png","","808","","9B61E2F4FECCA1A775607222D0F7999CECFE135998F36C840B7A6E2A763C2649","Extracted Dataset A file appeared during inventory."
"ADDED","Gait\dataset_a\other\ljg-00_2-042.png","","861","","ED8541D786E56FC0FEF2B5D399E17784C4932E73DFDD68AE0FE8EBAF8B902DE2","Extracted Dataset A file appeared during inventory."
"ADDED","Gait\dataset_a\other\ljg-00_2-043.png","","871","","28DBAD2CE5406587E9D921F2AE3B68339182A7FA86B0B0ACBA3B6B95C95A47F7","Extracted Dataset A file appeared during inventory."
"ADDED","Gait\dataset_a\other\ljg-00_2-044.png","","948","","42BBD52CEBC53B7B30301C399034652468CCEC0B58908656257F86AC74EA8354","Extracted Dataset A file appeared during inventory."
"ADDED","Gait\dataset_a\other\ljg-00_2-045.png","","972","","1D5F609BADB1D6F74CEBB5E296B4409A6E682D22B63717F5390618675F528A84","Extracted Dataset A file appeared during inventory."
"ADDED","Gait\dataset_a\other\ljg-00_2-048.png","","886","","36651AEA7C226CC90902B061B579DFD5E836723CAF1148B58E2F35BBD1EFB21B","Extracted Dataset A file appeared during inventory."
"ADDED","Gait\dataset_a\other\ljg-00_2-049.png","","894","","AE48E7C705A5260B2015535E149C4A55715768D1001FEB2842BBF6B8D9011413","Extracted Dataset A file appeared during inventory."
"ADDED","Gait\dataset_a\other\ljg-00_2-051.png","","816","","F13457A5664AC57D74CAF2D39A78DB23F6C8E7690867989B118B65D679F67B65","Extracted Dataset A file appeared during inventory."
"ADDED","Gait\dataset_a\other\ljg-00_2-052.png","","784","","0FA9F5B5F1269F82F01F7B726E70B14303F9FB1590A7EB6EC5F6610496B3C387","Extracted Dataset A file appeared during inventory."
"ADDED","Gait\dataset_a\other\ljg-00_2-053.png","","719","","2A9843178DB74B635EB1815BDBB31AF869EBF8E01F1BAB439EEA600FECEA2C1B","Extracted Dataset A file appeared during inventory."
"ADDED","Gait\dataset_a\other\ljg-00_2-054.png","","698","","D5C00ADD43DE094DACEA5D6E5509FDD185FBC550A8251C4DAB1FEC5142B136FE","Extracted Dataset A file appeared during inventory."
"ADDED","Gait\dataset_a\other\ljg-00_2-055.png","","660","","C13180EA27B5CAC0A986CF6CDC34C2D5CFC19E6D316AF38554413107265EA287","Extracted Dataset A file appeared during inventory."
"ADDED","Gait\dataset_a\other\ljg-00_2-056.png","","717","","1461205DED174BD83240618357148CB266AD80A1DEC90E40F9FE80B5E13A976B","Extracted Dataset A file appeared during inventory."
"ADDED","Gait\dataset_a\other\ljg-00_2-057.png","","734","","6BA56DC5B0093674B13D61115A12CD7522833F88AAA7F3EC569E799E0F373469","Extracted Dataset A file appeared during inventory."
"ADDED","Gait\dataset_a\other\ljg-00_2-058.png","","743","","5236BF90F1A2B473A6D9BCF77DC65FD7E6565568427436C4EF4EFBC7E6E46E46","Extracted Dataset A file appeared during inventory."
"ADDED","Gait\dataset_a\other\ljg-00_2-059.png","","777","","6A9E2CD847F5AC029ADF47CCC52236C5FCB91A9C1087DFD3AE9A083BC235B693","Extracted Dataset A file appeared during inventory."
"ADDED","Gait\dataset_a\other\ljg-00_2-062.png","","806","","EF34E93698DB26B6F170925B906E36BA514226AE98623F9742821ADEC2D28465","Extracted Dataset A file appeared during inventory."
"ADDED","Gait\dataset_a\other\ljg-00_2-063.png","","771","","440BCA6C39EF03007932B118E1B0DFC496C67C31F45555330BD7274A0BD2CDA6","Extracted Dataset A file appeared during inventory."
"ADDED","Gait\dataset_a\other\ljg-00_2-064.png","","767","","61081016B5470861841512151664363C0637A4CD76A7F69FBFEC0AFE977D7993","Extracted Dataset A file appeared during inventory."
"ADDED","Gait\dataset_a\other\ljg-00_2-066.png","","731","","C8CB6F20322E008B666762C5D2DCE03411BC144647E2FBC27BCCF39976A41C25","Extracted Dataset A file appeared during inventory."
"ADDED","Gait\dataset_a\other\ljg-00_2-067.png","","719","","325473053FE49F21D20FE353C97FE51955BC018E89AC50AE94ADB2E59BA00B0B","Extracted Dataset A file appeared during inventory."
"ADDED","Gait\dataset_a\other\ljg-00_2-068.png","","730","","57842A8B61BA74126D9C5F8764D04AB8B1FB8E9229D4A503DE5CE6EE3ED0958B","Extracted Dataset A file appeared during inventory."
"ADDED","Gait\dataset_a\other\ljg-00_3-001.png","","721","","BE5CB3240F0DDCD5553341A71C5A76D71766DBDEB9CE96C799F55155C38AB753","Extracted Dataset A file appeared during inventory."
"ADDED","Gait\dataset_a\other\ljg-00_3-002.png","","771","","2C1DEFFE2C46D9795F4899A245CA3FD11BEF011FB7B549EE34DBA0A909F4B74B","Extracted Dataset A file appeared during inventory."
"ADDED","Gait\dataset_a\other\ljg-00_3-003.png","","793","","FB3CDD3C2CE7FBFDF8B49CACC878CC957742B9D255789B5CCD6D97FA413FEBEA","Extracted Dataset A file appeared during inventory."
"ADDED","Gait\dataset_a\other\ljg-00_3-005.png","","811","","A8E5E0626AAF9DBB38887A68C26ED0627A5E759DF1AB17FABC683FD2620BE224","Extracted Dataset A file appeared during inventory."
"ADDED","Gait\dataset_a\other\ljg-00_3-006.png","","789","","FF6472E0A03577359B67D7555BE387498E794AC5837437DBD0F7BA0F20816B02","Extracted Dataset A file appeared during inventory."
"ADDED","Gait\dataset_a\other\ljg-00_3-007.png","","781","","A348C99ABA59D590C1E66D5C6F81FC03806291E7C2ED6B4F0D1594530BC5D878","Extracted Dataset A file appeared during inventory."
"ADDED","Gait\dataset_a\other\ljg-00_3-010.png","","777","","8294BD11F5BC425BCC476E1B626CC1127CD45887A695FE8E105676F33C0941FF","Extracted Dataset A file appeared during inventory."
"ADDED","Gait\dataset_a\other\ljg-00_3-011.png","","718","","518B75FA1C5AB1B1B220E76E6FC452AE6DAC5EE50DBC614324DB1AD56266E88D","Extracted Dataset A file appeared during inventory."
"ADDED","Gait\dataset_a\other\ljg-00_3-012.png","","687","","0376227FD7BE66D21BD652426A92078CC3AEBD6702FE99BDF1F20C10A6DD0741","Extracted Dataset A file appeared during inventory."
"ADDED","Gait\dataset_a\other\ljg-00_3-013.png","","663","","450458E85642336939F351545D666214B72C257EAF4294F0B75E05BFC509DF38","Extracted Dataset A file appeared during inventory."
"ADDED","Gait\dataset_a\other\ljg-00_3-014.png","","660","","4E582003158538EF0B6C30F997EE6D154A2969A9389D8AF8846C980E9E0BA376","Extracted Dataset A file appeared during inventory."
"ADDED","Gait\dataset_a\other\ljg-00_3-015.png","","698","","8119B8491256A3DDBCE66F6C7FE990D14653B84A5422913B98CA85D41F0EB891","Extracted Dataset A file appeared during inventory."
"ADDED","Gait\dataset_a\other\ljg-00_3-016.png","","758","","03C8704FF87AA1A63CFB28B9B8DE7C81AA6E3BBC347587855DD421E470982DB9","Extracted Dataset A file appeared during inventory."
"ADDED","Gait\dataset_a\other\ljg-00_3-020.png","","811","","A18019099A658D010EB380C814C3668D276C7E0A535B3C4441C768D0AA8684A9","Extracted Dataset A file appeared during inventory."
"ADDED","Gait\dataset_a\other\ljg-00_3-021.png","","848","","914235F111DFA36F5214F904FF0322264A7914DD2E9E402032D6B1828C0C15BC","Extracted Dataset A file appeared during inventory."
"ADDED","Gait\dataset_a\other\ljg-00_3-022.png","","813","","361672F15ECB2199A56790D6CB7427D8C83E7DF31596D0FE55E8044F6AFA47E9","Extracted Dataset A file appeared during inventory."
"ADDED","Gait\dataset_a\other\ljg-00_3-025.png","","824","","83D392A82D7650648E09BDB6E4EFC08FE10066CA304DF45253A42E4D2AFE1E82","Extracted Dataset A file appeared during inventory."
"ADDED","Gait\dataset_a\other\ljg-00_3-026.png","","798","","3DEBC9E38FF0E379EB16D0DE5A9C9B412BDA74A6923D86DC69E8AB24841FF9DE","Extracted Dataset A file appeared during inventory."
"ADDED","Gait\dataset_a\other\ljg-00_3-027.png","","807","","3D6E22742A432238D2B311CB16C4844AEFFE7F36288C7C1304A3F4B285A1A25C","Extracted Dataset A file appeared during inventory."
"ADDED","Gait\dataset_a\other\ljg-00_3-028.png","","812","","86D18474A6EBA94A4586BBB60577C0DE234690049F37E56BF285FB09BDADB98D","Extracted Dataset A file appeared during inventory."
"ADDED","Gait\dataset_a\other\ljg-00_3-029.png","","853","","B58BD4D9A07D6642AE399B1F48E81E78B50FF5941646C33338B4F1165D5957DF","Extracted Dataset A file appeared during inventory."
"ADDED","Gait\dataset_a\other\ljg-00_3-030.png","","856","","3A43B2DF602048ECB250BF1579C8770BB55E5EE6D098DFAA25F161EC979B810D","Extracted Dataset A file appeared during inventory."
"ADDED","Gait\dataset_a\other\ljg-00_3-031.png","","894","","B3535D1344BFCAFF71480D7507A4A722E4687F0593396EB604338535D62516F1","Extracted Dataset A file appeared during inventory."
"ADDED","Gait\dataset_a\other\ljg-00_3-034.png","","933","","EEC4BAB6085237872500BBBD76B2252717F0914B959BAC0A1913F73C97AFAE30","Extracted Dataset A file appeared during inventory."
"ADDED","Gait\dataset_a\other\ljg-00_3-035.png","","904","","13102C39E4C014D077382C6A6587A7132381C3D2A6AD2146C9A17F98FCC33010","Extracted Dataset A file appeared during inventory."
"ADDED","Gait\dataset_a\other\ljg-00_3-038.png","","841","","2CC8067D03AAC95A1586127C08C765F7C578DB40320B8274C015B3C527C9521D","Extracted Dataset A file appeared during inventory."
"ADDED","Gait\dataset_a\other\ljg-00_3-039.png","","849","","0C4BB5599C6C2B1446E3728F537CCC609D793BFDE4668E8C5E030A2AAEADDB3D","Extracted Dataset A file appeared during inventory."
"ADDED","Gait\dataset_a\other\ljg-00_3-040.png","","827","","9EB75A13563674BC7C86EC7CA85F49549A7EAF8D54C09234396759319F50D479","Extracted Dataset A file appeared during inventory."
"ADDED","Gait\dataset_a\other\ljg-00_3-041.png","","813","","19D48A1757974405A47E328E33D57D2501B9DC8928B8291CE23676967AE99213","Extracted Dataset A file appeared during inventory."
"ADDED","Gait\dataset_a\other\ljg-00_3-042.png","","819","","28F93AC50B09FD8B9AF2EFD796BEEF6EACDA6C5D36C409495EF6CB77B7D207CD","Extracted Dataset A file appeared during inventory."
"ADDED","Gait\dataset_a\other\ljg-00_3-043.png","","836","","3F6CB8DAD50104A2A977263A2FB75DE97C690979EF18DDE269B79E533D2A039E","Extracted Dataset A file appeared during inventory."
"ADDED","Gait\dataset_a\other\ljg-00_3-044.png","","860","","76A21A3BD47E0E5707A2E3F5C0276B3512E48C794CDB95F975DD4E39FE4B311E","Extracted Dataset A file appeared during inventory."
"ADDED","Gait\dataset_a\other\ljg-00_3-045.png","","909","","0713B0E5A956FB0D26721501C239513DBED675956D5E41C72413445402141605","Extracted Dataset A file appeared during inventory."
"ADDED","Gait\dataset_a\other\ljg-00_3-048.png","","905","","457665EFA385E925579EF48445B1C8EED8CC86753DC09F42C86933F884E16FE4","Extracted Dataset A file appeared during inventory."
"ADDED","Gait\dataset_a\other\ljg-00_3-049.png","","897","","A87FA64C5968FE384A148ED2E639BC5F48476933250C17D96519337FDD6C2249","Extracted Dataset A file appeared during inventory."
"ADDED","Gait\dataset_a\other\ljg-00_3-052.png","","771","","CB3C833778C76E6D914975EDC7B417C7C48B40423B574EA14330C6A288929066","Extracted Dataset A file appeared during inventory."
"ADDED","Gait\dataset_a\other\ljg-00_3-053.png","","731","","1B3DD256D5FB6238C1310FB80DA3DCDC7362CE99348CFE5D63D682BD08B7C944","Extracted Dataset A file appeared during inventory."
"ADDED","Gait\dataset_a\other\ljg-00_3-054.png","","723","","9045B3EF940530B18D0F6324AC76C0CBA25290C16047D349D53BD46C1B65819A","Extracted Dataset A file appeared during inventory."
"ADDED","Gait\dataset_a\other\ljg-00_3-055.png","","696","","C7860EE677BD202299DCE3E0BDB8402F34B9FF043F8CCE3E361E114B30137AF3","Extracted Dataset A file appeared during inventory."
"ADDED","Gait\dataset_a\other\ljg-00_3-056.png","","695","","9024F2D25DB631BD3C6060EC2220694B933F87093D887EACA503DBF1662A6C74","Extracted Dataset A file appeared during inventory."
"ADDED","Gait\dataset_a\other\ljg-00_3-057.png","","737","","527240E74DC7A481EFAC26BC4EF9367F54CE8547B0F87D55ED9C868402F195F8","Extracted Dataset A file appeared during inventory."
"ADDED","Gait\dataset_a\other\ljg-00_3-058.png","","723","","EAEE72D7A42F4CEC170E5E94520273DE2F0F0989DF9FE2101D1EFBE03F705AB0","Extracted Dataset A file appeared during inventory."
"ADDED","Gait\dataset_a\other\ljg-00_3-059.png","","800","","E0E8739D357E236C9B0D111257550E9491D49E1F62F0D6B5C8A022CB33B703F7","Extracted Dataset A file appeared during inventory."
"ADDED","Gait\dataset_a\other\ljg-00_3-060.png","","832","","F05C9CD56948375F6ECE50FEB1878E4715061D7B2D66FA563F471F932C161DAF","Extracted Dataset A file appeared during inventory."
"ADDED","Gait\dataset_a\other\ljg-00_3-063.png","","790","","5D7E074B6694B2ACB588FAFD070441728B14E03BDAEEBE6256B4CA7F57C5218D","Extracted Dataset A file appeared during inventory."
"ADDED","Gait\dataset_a\other\ljg-00_3-064.png","","799","","5853AC0E1210C54E830CABD0A059C5D7F50FAFDC613BD07BAF19CCE0C619E4B7","Extracted Dataset A file appeared during inventory."
"ADDED","Gait\dataset_a\other\ljg-00_3-065.png","","799","","7687015C8341A057EADC25DE2FF69A802CAE2DF70246EE2E219595A7637BCBA9","Extracted Dataset A file appeared during inventory."
"ADDED","Gait\dataset_a\other\ljg-00_3-068.png","","777","","92B4B73A897B698B917250BE68B2A4E81024AC6B18E7596AC18BDA3E8EEE07F5","Extracted Dataset A file appeared during inventory."
"ADDED","Gait\dataset_a\other\ljg-00_3-069.png","","755","","FF550CC6808E3C57F33DF936AEFA30DD8BA5AEB95C63DB6F8C5E03239287B954","Extracted Dataset A file appeared during inventory."
"ADDED","Gait\dataset_a\other\ljg-00_4-004.png","","856","","80EB9D95AEB1386FA3E5A16F0883A39CBE32C253377D630D2EE313DA0DF80E24","Extracted Dataset A file appeared during inventory."
"ADDED","Gait\dataset_a\other\ljg-00_4-005.png","","829","","956513C147211E83D2D1A187C5E8A81066C7976450F6D214752C765915B845FB","Extracted Dataset A file appeared during inventory."
"ADDED","Gait\dataset_a\other\ljg-00_4-008.png","","754","","296996E2C44D936AD62D0397FCF0D5B55BA04202F3DFB4865872E27D3947E0A5","Extracted Dataset A file appeared during inventory."
"ADDED","Gait\dataset_a\other\ljg-00_4-009.png","","737","","C358440855DC891EC3E0B86C2133269017719840CAA12A1648830A17DA96FE7D","Extracted Dataset A file appeared during inventory."
"ADDED","Gait\dataset_a\other\ljg-00_4-010.png","","722","","69C0E0AF7DFE61D855E2BAF0A05A1AB0B0290558BF58F773AF253FFA9397119A","Extracted Dataset A file appeared during inventory."
"ADDED","Gait\dataset_a\other\ljg-00_4-011.png","","705","","9AA5615F776EBBEA09E2D6F83F5E4520E6DA3F61DA36E1F7FB40CB62B08447AF","Extracted Dataset A file appeared during inventory."
"ADDED","Gait\dataset_a\other\ljg-00_4-012.png","","703","","C4DE7C77267D117AC4ABD59F6924B6F2863846FE33A7E9BD8A1A2319DFB491C0","Extracted Dataset A file appeared during inventory."
"ADDED","Gait\dataset_a\other\ljg-00_4-013.png","","772","","E5264914F29AB6DBFE7E11001EB253C83325D2134EB8867F41059858526CBA38","Extracted Dataset A file appeared during inventory."
"ADDED","Gait\dataset_a\other\ljg-00_4-014.png","","823","","DB7253DDABB78830819A17037B7C838287503FB6290077F7B96D6248B256B5FD","Extracted Dataset A file appeared during inventory."
"ADDED","Gait\dataset_a\other\ljg-00_4-015.png","","904","","791551829CE047066B720383164642DAE54EAEE97D66B8182371BB56C229F031","Extracted Dataset A file appeared during inventory."
"ADDED","Gait\dataset_a\other\ljg-00_4-016.png","","923","","C8BBB1C12133C0DFBEBA53A118ADF2EC82E9B054915FFC2EE91F3560ADAA7C16","Extracted Dataset A file appeared during inventory."
"ADDED","Gait\dataset_a\other\ljg-00_4-018.png","","890","","DF17F053F39E58B473D5B2FC6506C3F3DD98543091B8BE7114CA48084E870292","Extracted Dataset A file appeared during inventory."
"ADDED","Gait\dataset_a\other\ljg-00_4-021.png","","794","","854927062F3867E12E159687D59A1E93EDE4B29FEC1336FDB3BC19255D1248EB","Extracted Dataset A file appeared during inventory."
"ADDED","Gait\dataset_a\other\ljg-00_4-022.png","","787","","1E7660BA8711C008C0651DDA6D49352FED2698C88B79E46232ECD6CC05604099","Extracted Dataset A file appeared during inventory."
"ADDED","Gait\dataset_a\other\ljg-00_4-023.png","","788","","5038BA1393D72DB7A3E9650C2FB9E7C9F5EA31C7A705318AAACFE68157BD6433","Extracted Dataset A file appeared during inventory."
"ADDED","Gait\dataset_a\other\ljg-00_4-024.png","","761","","C8AC716106207279F6E8FC23391C829C76B7DD1AB4EF5322600420148E0065E4","Extracted Dataset A file appeared during inventory."
"ADDED","Gait\dataset_a\other\ljg-00_4-025.png","","728","","F46812A3AC795BFF2D3217EC2103A2D9C728A6F48F2359EA69F55B0FEA6D392D","Extracted Dataset A file appeared during inventory."
"ADDED","Gait\dataset_a\other\ljg-00_4-026.png","","860","","A836185B7485032638DD462AFE0719B674BA05F9D0D53962A77593265830B8D8","Extracted Dataset A file appeared during inventory."
"ADDED","Gait\dataset_a\other\ljg-00_4-027.png","","927","","08B3EE5253F23209334D36F74A21ADB0F1C011F1C2DBA678CF32463E3F4E93DA","Extracted Dataset A file appeared during inventory."
"ADDED","Gait\dataset_a\other\ljg-00_4-028.png","","953","","52B282113D107734899548E74D9366077BAF5BFB3285B6A7A7900294E5641DBF","Extracted Dataset A file appeared during inventory."
"ADDED","Gait\dataset_a\other\ljg-00_4-030.png","","959","","DA5F0BE8E94915063EADD0CF648BE6CD539475D667D39A444AB1E428F02BD195","Extracted Dataset A file appeared during inventory."
"ADDED","Gait\dataset_a\other\ljg-00_4-031.png","","943","","15214BEFC9B003B20B1D538261788989400C955680D68127044BEA1EC957B945","Extracted Dataset A file appeared during inventory."
"ADDED","Gait\dataset_a\other\ljg-00_4-032.png","","894","","935F42759056E6FE0DEFA9DE675AF7B095F882E91C55344D7D9B054D46C839BE","Extracted Dataset A file appeared during inventory."
"ADDED","Gait\dataset_a\other\ljg-00_4-034.png","","844","","0BED9693DD6D21502902A1683A5AD75B5D8A0016C4C308F189C2CF08F36BEC85","Extracted Dataset A file appeared during inventory."
"ADDED","Gait\dataset_a\other\ljg-00_4-035.png","","791","","632D270930CC0A12ED81BC554038978401FA63A351A26A6010B33B50AA3B3316","Extracted Dataset A file appeared during inventory."
"ADDED","Gait\dataset_a\other\ljg-00_4-036.png","","784","","C8086E1E28F12C664D82A6A4357DAB7BCF461C12A3B97A9F729F823457E77FD5","Extracted Dataset A file appeared during inventory."
"ADDED","Gait\dataset_a\other\ljg-00_4-037.png","","791","","5EE4CBD95B2FC6B0FADD0E752B9A90788790046C2BD4FACEDD2A38C5115CE448","Extracted Dataset A file appeared during inventory."
"ADDED","Gait\dataset_a\other\ljg-00_4-038.png","","779","","2A9991C380CD1EC65601F1E38614E0394033ECDEA9A62432694F5F12D3C2263D","Extracted Dataset A file appeared during inventory."
"ADDED","Gait\dataset_a\other\ljg-00_4-039.png","","828","","F985B688E8C1DE65C27F4336E44B1A85C5F6F1C06CE6D77031E1627505126E48","Extracted Dataset A file appeared during inventory."
"ADDED","Gait\dataset_a\other\ljg-00_4-040.png","","885","","7BC1FB698832FBDA8FE29C841C677EB29E597AACED1B082FCC6D8E553267E0A6","Extracted Dataset A file appeared during inventory."
"ADDED","Gait\dataset_a\other\ljg-00_4-041.png","","906","","59A6D8784344C01AC21A2AEBCC337EC292A131A27CA54EF208910B0655505DDC","Extracted Dataset A file appeared during inventory."
"ADDED","Gait\dataset_a\other\ljg-00_4-042.png","","956","","A71DFE0D0D6BAE47FBD9AD9FA9F80765350A467FFBA0D715373F18AA86B14734","Extracted Dataset A file appeared during inventory."
"ADDED","Gait\dataset_a\other\ljg-00_4-043.png","","948","","17E5A647D1702FACF0E42DD5AEE3107D95AA0D052161693626986ED8F8605941","Extracted Dataset A file appeared during inventory."
"ADDED","Gait\dataset_a\other\ljg-00_4-045.png","","912","","9D6D2B883254A3B7294C263EF7E3CC52934766A2903946158F86F5DB3860524E","Extracted Dataset A file appeared during inventory."
"ADDED","Gait\dataset_a\other\ljg-00_4-046.png","","888","","D86ED9973639107292D16317EE7C349E48C0BD4A3D13CECFD8F6C59C0FEB9EFB","Extracted Dataset A file appeared during inventory."
"ADDED","Gait\dataset_a\other\ljg-00_4-048.png","","779","","5CC565A127420BF591AE35503062C59B64F8218CC63F5C131114DB1988C444AE","Extracted Dataset A file appeared during inventory."
"ADDED","Gait\dataset_a\other\ljg-00_4-049.png","","765","","035FDC197BF3BCD1824A5828BB77B6A0C19B9FBA47B7874979853134DCB35DFC","Extracted Dataset A file appeared during inventory."
"ADDED","Gait\dataset_a\other\ljg-00_4-050.png","","727","","15CF8DD355A0A84E2A56A56C855F4965A82AACC4FAE63AEC0EB407752EF59D8B","Extracted Dataset A file appeared during inventory."
"ADDED","Gait\dataset_a\other\ljg-00_4-051.png","","692","","CD2518216471F4B7C396768268988C4745BD48DCBBEB08F3BC2559004458C5FC","Extracted Dataset A file appeared during inventory."
"ADDED","Gait\dataset_a\other\ljg-00_4-052.png","","688","","55C3DE82CC393C7FF27C91267DCCC985346B0685B788362BDC5151A72224FBF4","Extracted Dataset A file appeared during inventory."
"ADDED","Gait\dataset_a\other\ljg-00_4-053.png","","706","","9DD3E7A2FB2831E9687D80A726B7536CDBABE7047E6D13AC93CDA7CF003E466A","Extracted Dataset A file appeared during inventory."
"ADDED","Gait\dataset_a\other\ljg-00_4-054.png","","720","","404AAB5511B68D1DD03B76794D6E0EE6466ADA050CD76514B4F0FEB41A5246C9","Extracted Dataset A file appeared during inventory."
"ADDED","Gait\dataset_a\other\ljg-00_4-055.png","","749","","2158CACA4095817FB8D196414FE3E8E4189A63C7A4C4B7BE6019355331EA18FC","Extracted Dataset A file appeared during inventory."
"ADDED","Gait\dataset_a\other\ljg-00_4-056.png","","780","","77949F2790CECFD86A3AF1EC59F59EFE60877CDF5CA7EF37D8205FF66FE1860B","Extracted Dataset A file appeared during inventory."
"ADDED","Gait\dataset_a\other\ljg-00_4-058.png","","812","","B9C67EDA6382DE1108FB6741159164EAD5B5CB89E304721743A9989490E9211F","Extracted Dataset A file appeared during inventory."
"ADDED","Gait\dataset_a\other\ljg-00_4-059.png","","791","","1A77F38D2FE6891DC5CFFF6F4E13DD7E7181103FC9133448AB9621D278D4D2B3","Extracted Dataset A file appeared during inventory."
"ADDED","Gait\dataset_a\other\ljg-00_4-062.png","","711","","60A2F1B5DABF63438A4AE92D45199726D3D704AF2DCBAE8DDA1D4D2733FEC6A1","Extracted Dataset A file appeared during inventory."
"ADDED","Gait\dataset_a\other\ljg-00_4-063.png","","706","","A62088352713FA60253F3989DFFE3FEF164213C0C49A827D992635B82CC56EC1","Extracted Dataset A file appeared during inventory."
"ADDED","Gait\dataset_a\other\ljg-00_4-064.png","","709","","42A2987F76B7466E1AE3F0F327FC44AFB8269270BEF9DBB797F11F2736CC746F","Extracted Dataset A file appeared during inventory."
"ADDED","Gait\dataset_a\other\ljg-00_4-065.png","","695","","535FF4FE35DFFA5EBE9AE2D49EF40FF6C2308391AD888E8B62E71472CB36BABD","Extracted Dataset A file appeared during inventory."
"ADDED","Gait\dataset_a\other\ljg-00_4-066.png","","704","","47B942BAD7681DA67459E433CB1C11E908C755507B817ED66A09A8057ECFE4C4","Extracted Dataset A file appeared during inventory."
"ADDED","Gait\dataset_a\other\lqf-00_1-001.png","","766","","D52D07FDA4A4F9D46084CB0CFD4AC44EFC515EA62A65FAD262D0800CDA79E1AB","Extracted Dataset A file appeared during inventory."
"ADDED","Gait\dataset_a\other\lqf-00_1-002.png","","721","","A53C6F3ADA676E83CAB1F59DCDCC369D01AFCE34DF3F908B9EE55C9B044CE54B","Extracted Dataset A file appeared during inventory."
"ADDED","Gait\dataset_a\other\lqf-00_1-003.png","","699","","2CFCAC7016C438F926DABF6C7D73C0F5A1CB3855CDF81DE0221E5D8163A5EE03","Extracted Dataset A file appeared during inventory."
"ADDED","Gait\dataset_a\other\lqf-00_1-004.png","","707","","9239D10E3838D954B2CF4FE091A4A7A2E911CD895E3213B7C1CACF475667A7EF","Extracted Dataset A file appeared during inventory."
"ADDED","Gait\dataset_a\other\lqf-00_1-005.png","","709","","CA0AEA3BAF1B492548B4FDCA657285B4D173B83194E2C7184384301106DC98CD","Extracted Dataset A file appeared during inventory."
"ADDED","Gait\dataset_a\other\lqf-00_1-006.png","","710","","244778716D96F9FAC03FB0DE0C53461E10A0F110BD0330B25205AA2E2FD10408","Extracted Dataset A file appeared during inventory."
"ADDED","Gait\dataset_a\other\lqf-00_1-007.png","","818","","9FBD82B0191D6FE0BE496E0A3BF84E9F4957868B99B015E90A189D0F03E362D5","Extracted Dataset A file appeared during inventory."
"ADDED","Gait\dataset_a\other\lqf-00_1-008.png","","921","","7BCDB796C48CED93CDB95C38DF940A3507B2A8747F212E4D910A300616E9BCFD","Extracted Dataset A file appeared during inventory."
"ADDED","Gait\dataset_a\other\lqf-00_1-011.png","","989","","0F2ED77D63C997B4A95DF95417032F5F82342411E63327E2821758713FD42D44","Extracted Dataset A file appeared during inventory."
"ADDED","Gait\dataset_a\other\lqf-00_1-014.png","","870","","35A6F390E93FDFCB5145C2153745D94B0A28F9E5BA38FE319CA255AC881F41EE","Extracted Dataset A file appeared during inventory."
"ADDED","Gait\dataset_a\other\lqf-00_1-015.png","","856","","812C950632FD0EAA47EEC208ABA27DB6F994931B10D21C29291D5D42294273B4","Extracted Dataset A file appeared during inventory."
"ADDED","Gait\dataset_a\other\lqf-00_1-016.png","","806","","E3072BF2ECDE940B842F0FF2F4F6D3E6B457FD3104EC2A20595F2807F7CCBCA3","Extracted Dataset A file appeared during inventory."
"ADDED","Gait\dataset_a\other\lqf-00_1-017.png","","754","","7CA61108B48774EE444F84C80C2498E4BD549557458A5E8CA91D6B5B30B7DCEA","Extracted Dataset A file appeared during inventory."
"ADDED","Gait\dataset_a\other\lqf-00_1-018.png","","740","","6BA70A808E11FE3233386560159FF3F7F3689EEED426E89673B5CEBC1C75086A","Extracted Dataset A file appeared during inventory."
"ADDED","Gait\dataset_a\other\lqf-00_1-019.png","","806","","571F423EB90EB5507A556A45E9CAFDD7E43086B66CF45CE04F01F3A53E77CD2F","Extracted Dataset A file appeared during inventory."
"ADDED","Gait\dataset_a\other\lqf-00_1-020.png","","927","","D07DC1B8460A05DA95D4941D6730D1CCAC824D935D4344748E0B3584C209C59E","Extracted Dataset A file appeared during inventory."
"ADDED","Gait\dataset_a\other\lqf-00_1-023.png","","990","","5511E7ACC89C55A3D8239DCFD27C74601FE6EA79139C7B31C99D8C8E5E154C06","Extracted Dataset A file appeared during inventory."
"ADDED","Gait\dataset_a\other\lqf-00_1-024.png","","1000","","719284B7C46347A538C02130D42ED6D6CCBC5908B5C23436C8F8E490747897BB","Extracted Dataset A file appeared during inventory."
"ADDED","Gait\dataset_a\other\lqf-00_1-027.png","","869","","C12A92E476FFC2B7906994E75E61300DF3B84FE6B2D0FE877209E69E2A399141","Extracted Dataset A file appeared during inventory."
"ADDED","Gait\dataset_a\other\lqf-00_1-028.png","","858","","CD34DF29D9F63F252C7C20FFE16584D15B0AB30BFDAF1B33BE767F688B86ED82","Extracted Dataset A file appeared during inventory."
"ADDED","Gait\dataset_a\other\lqf-00_1-029.png","","852","","8CC6FD50D371B1398B784A922A13729F219D8F78637B4A712FE4C63156DC9518","Extracted Dataset A file appeared during inventory."
"ADDED","Gait\dataset_a\other\lqf-00_1-030.png","","823","","8DF2FF01C739C33D1DBC9FFADB93C3392999E5E007A5CA1DA06D5521B49FF09F","Extracted Dataset A file appeared during inventory."
"ADDED","Gait\dataset_a\other\lqf-00_1-031.png","","850","","D347FF597BB6382191474E804E62FF602163499B4AA6FF995AC1836121569F3F","Extracted Dataset A file appeared during inventory."
"ADDED","Gait\dataset_a\other\lqf-00_1-032.png","","893","","3DCE1BEF3830CC38A1800A54CD2631026C692425CCB3197FA56BFC41C2E818FD","Extracted Dataset A file appeared during inventory."
"ADDED","Gait\dataset_a\other\lqf-00_1-033.png","","920","","DD22074ECCACE2E6B442952FE45621BC2D83F49485278DB26A4F6CCB2DD040FA","Extracted Dataset A file appeared during inventory."
"ADDED","Gait\dataset_a\other\lqf-00_1-034.png","","987","","1277A17A198D2AA0908BC9132EB1A87D03A288C2DA15447CEE0D5980E3720E8B","Extracted Dataset A file appeared during inventory."
"ADDED","Gait\dataset_a\other\lqf-00_1-035.png","","1037","","E8DB9A320BAC3114432808BC6E616DE149207E3B4AAC1DE18CCC339B1C66D836","Extracted Dataset A file appeared during inventory."
"ADDED","Gait\dataset_a\other\lqf-00_1-037.png","","1006","","47BB2A8F975363D5EF4BEF42F798597676A6132786326EEF839771364E94A9B9","Extracted Dataset A file appeared during inventory."
"ADDED","Gait\dataset_a\other\lqf-00_1-040.png","","868","","1E84335925CD5B7FDD1E3C077F754DA3E27AB35048435C3C25E05B0531368C6E","Extracted Dataset A file appeared during inventory."
"ADDED","Gait\dataset_a\other\lqf-00_1-041.png","","833","","2CF9ECF086765CEBE244BB263943B152E4D9C1AF4D2D7B35886C579DD504D6F6","Extracted Dataset A file appeared during inventory."
"ADDED","Gait\dataset_a\other\lqf-00_1-042.png","","773","","2F875233CB5F6420FEC86C094E981380B8F68733535B5D9D460DF66BAC196980","Extracted Dataset A file appeared during inventory."
"ADDED","Gait\dataset_a\other\lqf-00_1-043.png","","733","","5F9F0DD88893C540FEACFF863415F09B581B4C4CC0D9D1F1CECDD0E7FA138F2F","Extracted Dataset A file appeared during inventory."
"ADDED","Gait\dataset_a\other\lqf-00_1-044.png","","730","","354511A47CFA886A48B4B43D89416925F0D6B0D64B1BDA4687D34FBEE0296C48","Extracted Dataset A file appeared during inventory."
"ADDED","Gait\dataset_a\other\lqf-00_1-045.png","","762","","C6A1616B20ECFAAE081CC30394D7E8A5B7E5AA6AF1EEF79DA625EEC0EB86094F","Extracted Dataset A file appeared during inventory."
"ADDED","Gait\dataset_a\other\lqf-00_1-046.png","","847","","D4A89340954295698B175759F7129E83C58CA3D968256FFA4D79E5A28888C2CB","Extracted Dataset A file appeared during inventory."
"ADDED","Gait\dataset_a\other\lqf-00_1-047.png","","937","","09819D1626A2BA89608CB5FE69A60DBD4A6D50EA28711EA1954F7AC9CD4437F0","Extracted Dataset A file appeared during inventory."
"ADDED","Gait\dataset_a\other\lqf-00_1-050.png","","948","","551E1D125187E246437F82734AE309B1782C71241C2D72FCC354271D606C4DCD","Extracted Dataset A file appeared during inventory."
"ADDED","Gait\dataset_a\other\lqf-00_1-053.png","","834","","8E4B823DDC631274500EFB2979B437EC45D4815F98B1AF5D0897D570A540AD0C","Extracted Dataset A file appeared during inventory."
"ADDED","Gait\dataset_a\other\lqf-00_1-054.png","","814","","180AC4085494DAD39D8F31C058A1294290BFC0EAD174D981338FC8E75EC32E62","Extracted Dataset A file appeared during inventory."
"ADDED","Gait\dataset_a\other\lqf-00_1-055.png","","834","","0E9AFE1C5FD6173CAC38469018417E8DAA4345060439E14CB535B22BCABF51D3","Extracted Dataset A file appeared during inventory."
"ADDED","Gait\dataset_a\other\lqf-00_2-001.png","","771","","B46CF0D0BC9932793A13D54E687E4E5F3F8AF3D687583DFC55C5C435D2990DE6","Extracted Dataset A file appeared during inventory."
"ADDED","Gait\dataset_a\other\lqf-00_2-002.png","","777","","C2B4D13B96458757F93A50F3E06A6A2C9BFCF52C66FB632BCB7218846A0F8D69","Extracted Dataset A file appeared during inventory."
"ADDED","Gait\dataset_a\other\lqf-00_2-003.png","","811","","96110C9D588816028D5ACD5C4F0C1CCE65415CD5A705FBDA59FB0258097429A3","Extracted Dataset A file appeared during inventory."
"ADDED","Gait\dataset_a\other\lqf-00_2-004.png","","821","","5B57363A5131B45CF6852E3D7DFCD9D00100CE27B1D7B7FE7F2790BAC80AE8A9","Extracted Dataset A file appeared during inventory."
"ADDED","Gait\dataset_a\other\lqf-00_2-008.png","","871","","F54B266E05CD3DA2BC9C466A6A49BC905B93838E6820C00DD8DD6FA3C6F0E2BD","Extracted Dataset A file appeared during inventory."
"ADDED","Gait\dataset_a\other\lqf-00_2-009.png","","869","","BFC5B1E0924C61A83CDD61A5CB51AE79A2C3B7E7600ED758F0F58886A7131A20","Extracted Dataset A file appeared during inventory."
"ADDED","Gait\dataset_a\other\lqf-00_2-010.png","","816","","B3377ACA2B62D0BD7A4A21423B25C237C3E3AC0A40897D0894697CB955BC8B0C","Extracted Dataset A file appeared during inventory."
"ADDED","Gait\dataset_a\other\lqf-00_2-012.png","","810","","3C13EC26FE9E4569F8BC0918D42FFC7740BB675ECD4B5BEFC8E88B366C0EB885","Extracted Dataset A file appeared during inventory."
"ADDED","Gait\dataset_a\other\lqf-00_2-013.png","","788","","B29EEF6F9E3F9ABE0E31F3DA29D5E48972CD3FC8F2D404D678E0D674AB0D5F20","Extracted Dataset A file appeared during inventory."
"ADDED","Gait\dataset_a\other\lqf-00_2-014.png","","752","","D7D001F3621C6FD3273BEBEA62889F5B19858B299C6467C3E018FF64091A4901","Extracted Dataset A file appeared during inventory."
"ADDED","Gait\dataset_a\other\lqf-00_2-015.png","","755","","A4DEDE73219F70DD2C88058D0C1DE3F2F461AAA5719731DAFEBBFA482E6BB44E","Extracted Dataset A file appeared during inventory."
"ADDED","Gait\dataset_a\other\lqf-00_2-016.png","","776","","25A1997329D336191093EBE271960DD96BC95205E97CAF378DECEF2FBDB5F504","Extracted Dataset A file appeared during inventory."
"ADDED","Gait\dataset_a\other\lqf-00_2-017.png","","831","","FC40CA3C5F1D153727271ED4B191DC665C47D458AD73D6BE22B6CC23CC5C4D10","Extracted Dataset A file appeared during inventory."
"ADDED","Gait\dataset_a\other\lqf-00_2-018.png","","918","","E396EB772EB6A9CDD4846EFF305C461375B32E79AC935A2FF1D9E05111E42174","Extracted Dataset A file appeared during inventory."
"ADDED","Gait\dataset_a\other\lqf-00_2-019.png","","922","","C6CB4602E0EFB59D426F9E98E8D1A4DAD53692D45AFB488D86054A3F5124C4D2","Extracted Dataset A file appeared during inventory."
"ADDED","Gait\dataset_a\other\lqf-00_2-022.png","","996","","DD1270669BB20BC233CAE7FC59DFF7DCAFEE65F34C37A6D31DC2D2E4C07652C4","Extracted Dataset A file appeared during inventory."
"ADDED","Gait\dataset_a\other\lqf-00_2-023.png","","968","","4DEE610CA4DEF7181ED6A99B89F44DEE0A5ED49BB70555E5613B89388D0EBAA3","Extracted Dataset A file appeared during inventory."
"ADDED","Gait\dataset_a\other\lqf-00_2-028.png","","862","","6C94A78E48464A11B4369662F730A2F136F47B90AF3C121481D61E682D914344","Extracted Dataset A file appeared during inventory."
"ADDED","Gait\dataset_a\other\lqf-00_2-029.png","","827","","5505B3F332509B5F77B540A3D582140A4FEEE2F324241B2F3E9F25071F4FCC5A","Extracted Dataset A file appeared during inventory."
"ADDED","Gait\dataset_a\other\lqf-00_2-030.png","","900","","298C2F057CEA14235F5B39FE986D2B079743DEB077A652BEC9F493CE0F313E08","Extracted Dataset A file appeared during inventory."
"ADDED","Gait\dataset_a\other\lqf-00_2-031.png","","943","","2212920B20A3FB8C81A6CCE41A4DE454BBDD25EF0D71ABAB914C6B99CF1DC886","Extracted Dataset A file appeared during inventory."
"ADDED","Gait\dataset_a\other\lqf-00_2-032.png","","1016","","883F1D994C63FA58F47F58D3105F365AD6E34907C8291DD739106B44F0CFD76F","Extracted Dataset A file appeared during inventory."
"ADDED","Gait\dataset_a\other\lqf-00_2-035.png","","1058","","AEC6353474BF0E1148A09B31F8F2DA1895FF3D806D0F59EA7FBF4DEB41FD1071","Extracted Dataset A file appeared during inventory."
"ADDED","Gait\dataset_a\other\lqf-00_2-036.png","","1035","","2D629F46CED149B7C5FB133149AD9B8DF8A17C04AC9E7419C689074DE04551F8","Extracted Dataset A file appeared during inventory."
"ADDED","Gait\dataset_a\other\lqf-00_2-039.png","","893","","A39A27A37298E435E39580A4E3A35C43702376B96818F2292C2E51689B430773","Extracted Dataset A file appeared during inventory."
"ADDED","Gait\dataset_a\other\lqf-00_2-040.png","","844","","B2C0A2511338E51D5F8DB035D4AF50CE4D9ACBA7AFDC024F4252120FB11E4D3D","Extracted Dataset A file appeared during inventory."
"ADDED","Gait\dataset_a\other\lqf-00_2-041.png","","788","","EBA737EF9FD1E0C2BA2E0EFF10AF72A14BCC58B8AEFF8EAFE23A54069CD3082B","Extracted Dataset A file appeared during inventory."
"ADDED","Gait\dataset_a\other\lqf-00_2-042.png","","760","","3562D2448B4949AB1E1462E28EB3D6585438791AC6A953D132D9DB4858254267","Extracted Dataset A file appeared during inventory."
"ADDED","Gait\dataset_a\other\lqf-00_2-043.png","","808","","A3CBEF2B84DB814647CAF5D9467BBEBC0126EAC753175652231B0272A782CE12","Extracted Dataset A file appeared during inventory."
"ADDED","Gait\dataset_a\other\lqf-00_2-044.png","","803","","3977FC0FFB2A951873237ABA08D210F18C9654AE09D993F83EBEED19FB51FA22","Extracted Dataset A file appeared during inventory."
"ADDED","Gait\dataset_a\other\lqf-00_2-045.png","","858","","45B61D511FE9DFC0035416F7370718C5ABFE31863C6D316BCD1648D1B2D953CD","Extracted Dataset A file appeared during inventory."
"ADDED","Gait\dataset_a\other\lqf-00_2-046.png","","849","","04E5B38CA733F0F9531490C1EA6EAA4B41D7886C46C7EB38B5861D266D6529EC","Extracted Dataset A file appeared during inventory."
"ADDED","Gait\dataset_a\other\lqf-00_2-048.png","","894","","5EF0EFACB8E5778046DE7EADAEEEF762BE32EE49D8A3C91299EAB11D6A60D987","Extracted Dataset A file appeared during inventory."
"ADDED","Gait\dataset_a\other\lqf-00_2-049.png","","887","","E825D291907A31D334C014DC61895BD3C6040FB5FE7E54FEBF89F1F5B7504BF8","Extracted Dataset A file appeared during inventory."
"ADDED","Gait\dataset_a\other\lqf-00_2-052.png","","746","","1D08B789632124B1ADF0FED294F3B932A33435D690B74CE5F6DF6600738ACCA4","Extracted Dataset A file appeared during inventory."
"ADDED","Gait\dataset_a\other\lqf-00_2-053.png","","735","","7E0A62632DBF84C8E8622466ADA5554BCE3313B96152F25F84E2942C3AF2F056","Extracted Dataset A file appeared during inventory."
"ADDED","Gait\dataset_a\other\lqf-00_2-054.png","","740","","D71BCA0B0EED72CF237819FAFA4BBC7A03560CF77FF1E954BC5BCAEDA1D48358","Extracted Dataset A file appeared during inventory."
"ADDED","Gait\dataset_a\other\lqf-00_2-055.png","","696","","7FD86574883AC1C626587E41B28AD8A72E9DB68EA5E5DDDFA66754975818BB6A","Extracted Dataset A file appeared during inventory."
"ADDED","Gait\dataset_a\other\lqf-00_2-056.png","","707","","70F934783AE1016E31F5E1CF44E6F7C4F50CF0B743BB455DEF2FE82A58B2FFB9","Extracted Dataset A file appeared during inventory."
"ADDED","Gait\dataset_a\other\lqf-00_2-057.png","","739","","EC7DA7509A1BEE3808B5EF352CC3A4496F32F112247595116063A8E41BAC9FC8","Extracted Dataset A file appeared during inventory."
"ADDED","Gait\dataset_a\other\lqf-00_2-058.png","","804","","1C39656770EB0EF5F6226BEA49D62064D6FABB23EC52152E691BB50E7FE5BF71","Extracted Dataset A file appeared during inventory."
"ADDED","Gait\dataset_a\other\lqf-00_2-059.png","","843","","DD73A7C89430F682BF33B151DADAEE9BCD77CA424F5658B4D534969B0114BCB0","Extracted Dataset A file appeared during inventory."
"ADDED","Gait\dataset_a\other\lqf-00_3-003.png","","759","","0BE1F57CA6147DE7D1634998D5908529BAFA41E31B3F377504B2CCA21A240897","Extracted Dataset A file appeared during inventory."
"ADDED","Gait\dataset_a\other\lqf-00_3-004.png","","758","","917BF05A75847D4B237E54B3132CC360522300AB47B93BA4203E3E06F423CE77","Extracted Dataset A file appeared during inventory."
"ADDED","Gait\dataset_a\other\lqf-00_3-005.png","","748","","CFECFE637364A86B02B841030AA8A80F9016FC0030164B847AF1BB2942803BDD","Extracted Dataset A file appeared during inventory."
"ADDED","Gait\dataset_a\other\lqf-00_3-006.png","","758","","4A77EA6A4AADCE155A68EB2CDE93435A441681E4D63D35422B32102E14741EE3","Extracted Dataset A file appeared during inventory."
"ADDED","Gait\dataset_a\other\lqf-00_3-007.png","","726","","D12AA18B9CBEB334474BD571A0C447074F13BFD3190982EA72B8DFDCE8B30F12","Extracted Dataset A file appeared during inventory."
"ADDED","Gait\dataset_a\other\lqf-00_3-008.png","","717","","A3ADCC2100E9142FD19C95DBD0BB1A9508BBB696BCCA30ACD927959535DB68AB","Extracted Dataset A file appeared during inventory."
"ADDED","Gait\dataset_a\other\lqf-00_3-009.png","","772","","D8A50F4F548102E44E2C30972CDE89FC1A656B102CC4D516907846AF7E14A635","Extracted Dataset A file appeared during inventory."
"ADDED","Gait\dataset_a\other\lqf-00_3-010.png","","803","","7617BD95526C58A88A0AB0C9A74A98A7B0DFDDAFB235F87E6922BC16C249D969","Extracted Dataset A file appeared during inventory."
"ADDED","Gait\dataset_a\other\lqf-00_3-011.png","","869","","0A7A009738E6B5D89D8CFAA1FDE3D2299A37F20831EA0F27A045A2556A5985E9","Extracted Dataset A file appeared during inventory."
"ADDED","Gait\dataset_a\other\lqf-00_3-015.png","","952","","F2FDF18F5348FCEE12C19874E03DF1048A2E5DFCE6C650D3313E3C121946B973","Extracted Dataset A file appeared during inventory."
"ADDED","Gait\dataset_a\other\lqf-00_3-016.png","","953","","55A1E0783FEA411635662798EAADE9C93EC48BCC8A6720A706F3DCB5E931487C","Extracted Dataset A file appeared during inventory."
"ADDED","Gait\dataset_a\other\lqf-00_3-017.png","","915","","2427B38171FACECAD35577129CCDE6783E45CE6F14A5A2A2F261D5FE58401E36","Extracted Dataset A file appeared during inventory."
"ADDED","Gait\dataset_a\other\lqf-00_3-020.png","","765","","177B0715274D70926DFE718D0D9360A303A97B916C3501E25CD7B040A3D2B34B","Extracted Dataset A file appeared during inventory."
"ADDED","Gait\dataset_a\other\lqf-00_3-021.png","","762","","900FBD716C271771B8FDBD8817FD46E236BD1B0A0E7D90AE6F381842329B298E","Extracted Dataset A file appeared during inventory."
"ADDED","Gait\dataset_a\other\lqf-00_3-022.png","","751","","E98E483C2352EBABA5EBFC05F697C236DB925F8516ABCBFF31B5C1DF6E919450","Extracted Dataset A file appeared during inventory."
"ADDED","Gait\dataset_a\other\lqf-00_3-023.png","","771","","6CBD719ACB1616126D234F8A386C9BD09071E81203170A436F705F4C40A6C11F","Extracted Dataset A file appeared during inventory."
"ADDED","Gait\dataset_a\other\lqf-00_3-024.png","","774","","8E99AE5378FDE4BAAB351CC3208237ED7BFB085F95DE05ED33CE6441D90FCD62","Extracted Dataset A file appeared during inventory."
"ADDED","Gait\dataset_a\other\lqf-00_3-025.png","","761","","C16E582098058E2D088E06054400086F8550B85D52BE4A3456E3D924B27C08A2","Extracted Dataset A file appeared during inventory."
"ADDED","Gait\dataset_a\other\lqf-00_3-026.png","","808","","DEBEE1E44AC2DD9A0D795664E81DC0011C7261EC09C7D98845EAB0FA2C673C73","Extracted Dataset A file appeared during inventory."
"ADDED","Gait\dataset_a\other\lqf-00_3-027.png","","854","","FB3E3E4309BD44034FB8EA44EA5D217E3CA3681F4B37736FDC47A5B4FB10C43B","Extracted Dataset A file appeared during inventory."
"ADDED","Gait\dataset_a\other\lqf-00_3-028.png","","901","","11CCE44C0E3A0D12B0366C3B23987C3FE892FF877D3F5D8407D1E0F66B3296B0","Extracted Dataset A file appeared during inventory."
"ADDED","Gait\dataset_a\other\lqf-00_3-029.png","","960","","00FBB1DE3D6B030C085211C06DC920989CF0BE3854038F120959292087F20B9F","Extracted Dataset A file appeared during inventory."
"ADDED","Gait\dataset_a\other\lqf-00_3-032.png","","970","","A76A91EB31A534E235A9BB62DA6FE81B2726E3FCC261CD45D2D537B04A275771","Extracted Dataset A file appeared during inventory."
"ADDED","Gait\dataset_a\other\lqf-00_3-033.png","","935","","7DCF966A1C6A5AA99EBC3F3B8D3E3016535E4D95BA33FAA0E082D4D21D17F84B","Extracted Dataset A file appeared during inventory."
"ADDED","Gait\dataset_a\other\lqf-00_3-034.png","","913","","DEB27B85CAA582ED1BE477A330034344355427E77290C0D7A64EECA8858F4171","Extracted Dataset A file appeared during inventory."
"ADDED","Gait\dataset_a\other\lqf-00_3-036.png","","870","","317F51021427A38CE666E2EE4FA9C3F34E64305401F30F96748D0168DCD38463","Extracted Dataset A file appeared during inventory."
"ADDED","Gait\dataset_a\other\lqf-00_3-037.png","","862","","BA3FB655D27DD873DBF50224047CAF4D669E8368770D96D123F2E95F8AB7B903","Extracted Dataset A file appeared during inventory."
"ADDED","Gait\dataset_a\other\lqf-00_3-038.png","","818","","AB1368E84A438161C618441AB8A3E5AA5840A4E84ACDBE99AAA68D376D969114","Extracted Dataset A file appeared during inventory."
"ADDED","Gait\dataset_a\other\lqf-00_3-039.png","","796","","DBB67D37DECF90E28FD30F2C9D28F29CCE6FA3D248A617F0E92552EB5D396DC8","Extracted Dataset A file appeared during inventory."
"ADDED","Gait\dataset_a\other\lqf-00_3-040.png","","795","","AA7FD137DE0667814A86E319D9ABFAC455D3B9948597B564EA421E2C2E53ADE2","Extracted Dataset A file appeared during inventory."
"ADDED","Gait\dataset_a\other\lqf-00_3-041.png","","826","","32917B193D7AD668FE4BBC4E1ED06A6703392691D7EB81594DCFBCA30AECFB6D","Extracted Dataset A file appeared during inventory."
"ADDED","Gait\dataset_a\other\lqf-00_3-042.png","","875","","5B1284D4D32F40CBEE6A98885A49D12EFCAD4EB4A684D95787311CEFA3F434ED","Extracted Dataset A file appeared during inventory."
"ADDED","Gait\dataset_a\other\lqf-00_3-043.png","","879","","83BE65754124A27869952F44490890D0A3EE84271C83C02F09BFF2E071B58036","Extracted Dataset A file appeared during inventory."
"ADDED","Gait\dataset_a\other\lqf-00_3-044.png","","923","","66138F30D9D67F4A5ADB7B7F0A917EF4E48992B3FD220C521EC6F686CFDCD9F5","Extracted Dataset A file appeared during inventory."
"ADDED","Gait\dataset_a\other\lqf-00_3-045.png","","954","","75F774E3373F1678BECC5550C73EA4A0FA9B33B88B184C77BEB893C0F4F024D2","Extracted Dataset A file appeared during inventory."
"ADDED","Gait\dataset_a\other\lqf-00_3-046.png","","994","","E4E9D6D74AC2715FB72251F9F4A6D1EB9BC565D5C0FDCF88C09A5DB1852EB8E5","Extracted Dataset A file appeared during inventory."
"ADDED","Gait\dataset_a\other\lqf-00_3-048.png","","1017","","2E5F3311CEC2C16664E0B0E160D5A9F587F2DEC39DA8B218E504865F30EE1400","Extracted Dataset A file appeared during inventory."
"ADDED","Gait\dataset_a\other\lqf-00_3-049.png","","1022","","36641A0C28A865EEB600A9D28A8062CE0A822E4F43B9D17F171B9B212277E11F","Extracted Dataset A file appeared during inventory."
"ADDED","Gait\dataset_a\other\lqf-00_3-050.png","","994","","8453DECE0D8482406557A7D0EAFF7DD86291F043C640FB0146B190E8B6818CC1","Extracted Dataset A file appeared during inventory."
"ADDED","Gait\dataset_a\other\lqf-00_3-053.png","","881","","C1F461869714306F62CE45191F5274F041263D122AC0F52D067795F62232AEF8","Extracted Dataset A file appeared during inventory."
"ADDED","Gait\dataset_a\other\lqf-00_3-054.png","","864","","2F78BE49F465C165BCAD9087B109A59944DE1C78089DCB7D6179884D0310690F","Extracted Dataset A file appeared during inventory."
"ADDED","Gait\dataset_a\other\lqf-00_3-055.png","","870","","04EC39429CF08D3065C0AC7A96580BDDFBA1CFA5245C344CE1EE20D9778E65FD","Extracted Dataset A file appeared during inventory."
"ADDED","Gait\dataset_a\other\lqf-00_3-056.png","","789","","C3172B8402D58592F4AC28100E11A301E303D122CE088B56AD7EAD0538D57F99","Extracted Dataset A file appeared during inventory."
"ADDED","Gait\dataset_a\other\lqf-00_3-057.png","","780","","A3CA264A1047BFC7DD7AB68F3CD16E423FD7E2032BDA10DEDA0DAB931C2A342D","Extracted Dataset A file appeared during inventory."
"ADDED","Gait\dataset_a\other\lqf-00_3-058.png","","741","","4FC1DE266AF2646289330A741BB69F220DE8938322A0481E82D2639B4827BB25","Extracted Dataset A file appeared during inventory."
"ADDED","Gait\dataset_a\other\lqf-00_3-059.png","","763","","826B01CB29E56EA28ADA9DBBE186795DDD2A4AE10AEBE7DFB85704A037F93C0E","Extracted Dataset A file appeared during inventory."
"ADDED","Gait\dataset_a\other\lqf-00_3-060.png","","831","","0082897AC131C1917FB9BAFA39E2F307908DCD7B4AA2A4F0048F40FE967B44E9","Extracted Dataset A file appeared during inventory."
"ADDED","Gait\dataset_a\other\lqf-00_3-061.png","","841","","BC929DDE0485E764C82949E1E0F0ADC3116995901452C7541211B0BE0E50A070","Extracted Dataset A file appeared during inventory."
"ADDED","Gait\dataset_a\other\lqf-00_3-065.png","","903","","D51F9824A69439D29448C7EB72D5A23A5C2417C13A5DA6D87CD68861FE57D6D8","Extracted Dataset A file appeared during inventory."
"ADDED","Gait\dataset_a\other\lqf-00_3-066.png","","890","","C30FF98E904C0A252C04FEF47B3F3301E176AB1E5FF27FF0A29C1A4EAB37536D","Extracted Dataset A file appeared during inventory."
"ADDED","Gait\dataset_a\other\lqf-00_3-067.png","","894","","AB1330D7DBB8084BE8D6EFA82D5E4A18BA90DEA4E0DDD5D8D2E1908732E8A84E","Extracted Dataset A file appeared during inventory."
"ADDED","Gait\dataset_a\other\lqf-00_3-071.png","","770","","6CEB81C9FE8476C5405E685B6804693033ADBFFFA113A4334ADB2BE335B25EA7","Extracted Dataset A file appeared during inventory."
"ADDED","Gait\dataset_a\other\lqf-00_3-072.png","","771","","56D382AFDD888CD1C501F9CA66679E084EA300A7F898742D22672CF60BD90861","Extracted Dataset A file appeared during inventory."
"ADDED","Gait\dataset_a\other\lqf-00_3-073.png","","787","","E3E567FD234D1CA7566918A4A04A8EB63E37641CDB67696BB94EC2C6873FCEC5","Extracted Dataset A file appeared during inventory."
"ADDED","Gait\dataset_a\other\lqf-00_3-074.png","","745","","C64E6FDBF08A3182CB204C618468E47F36D571075E3DF2C9B8C2ED497198956B","Extracted Dataset A file appeared during inventory."
"ADDED","Gait\dataset_a\other\lqf-00_3-075.png","","778","","3AE1098E55DC39B958E68AE37D2E63A101AF0623682F099BF23B3D5CFD19B296","Extracted Dataset A file appeared during inventory."
"ADDED","Gait\dataset_a\other\lqf-00_3-076.png","","780","","40EE7D046AD09BA811E9A880D61EC5E438FB6E0A1E79EE1117E27453638F273F","Extracted Dataset A file appeared during inventory."
"ADDED","Gait\dataset_a\other\lqf-00_4-001.png","","720","","067100132782EE4FBC603CA209D064789418EE9391219ED6F1FA2E5900EA75B4","Extracted Dataset A file appeared during inventory."
"ADDED","Gait\dataset_a\other\lqf-00_4-002.png","","770","","1807B44FFDEFC00CB6EEBA7677F63148FB496AD32962A61C8E2F159038C7E7CD","Extracted Dataset A file appeared during inventory."
"ADDED","Gait\dataset_a\other\lqf-00_4-003.png","","831","","989875B161995FB9E8C1DF9383E16362259915FE068604C6A609CCE72263FD97","Extracted Dataset A file appeared during inventory."
"ADDED","Gait\dataset_a\other\lqf-00_4-004.png","","836","","2A238600F71B51811C103B4F6166F71CA1DA1F07D5C65F1B8F195D5140829549","Extracted Dataset A file appeared during inventory."
"ADDED","Gait\dataset_a\other\lqf-00_4-007.png","","890","","AEADE00DC8B6BF462A3E74934B543593F890F9F8EE6B8E31C05BA347807359F5","Extracted Dataset A file appeared during inventory."
"ADDED","Gait\dataset_a\other\lqf-00_4-008.png","","861","","4DDF9F83C5C88AC2B8AB5C8D71024789879A3CB4284AF28247D00863E0892D06","Extracted Dataset A file appeared during inventory."
"ADDED","Gait\dataset_a\other\lqf-00_4-011.png","","781","","2BA6F34FD83B42D267C739F2DA1BE1DE880A54BB510730A86D3088FD6F3F5766","Extracted Dataset A file appeared during inventory."
"ADDED","Gait\dataset_a\other\lqf-00_4-012.png","","753","","34CF4469812C85D5ECDA1E1943C30D068F42AACAC45BAA996BC4E3CFDB2C50CD","Extracted Dataset A file appeared during inventory."
"ADDED","Gait\dataset_a\other\lqf-00_4-013.png","","743","","39860E81C384B7B414B82DD9A279885E046CFD4ECBD1E64A3F4DB9EE9E94E4F7","Extracted Dataset A file appeared during inventory."
"ADDED","Gait\dataset_a\other\lqf-00_4-014.png","","676","","B2EC371A029A97C48B61B8E1D72C9696A0DF6F0C42134A8D681AA2E5172FE36E","Extracted Dataset A file appeared during inventory."
"ADDED","Gait\dataset_a\other\lqf-00_4-015.png","","745","","2F46191007ACBEF602374610F2D9405698044424E1E752377770F26839968E6F","Extracted Dataset A file appeared during inventory."
"ADDED","Gait\dataset_a\other\lqf-00_4-016.png","","838","","ABD4535DF8E547741382FCA9B0EED6C8618720F8D36050895D670022AE4F3059","Extracted Dataset A file appeared during inventory."
"ADDED","Gait\dataset_a\other\lqf-00_4-017.png","","846","","1086557B4DC5B56A4E401CD651E7AEA2EDCB72F1BA74C75557F4A140EF77231C","Extracted Dataset A file appeared during inventory."
"ADDED","Gait\dataset_a\other\lqf-00_4-018.png","","898","","3FB80C68B75FB07EED362D9EB3F89A7FFBE85A12BCE3ABB0AE349D0DDAA1B867","Extracted Dataset A file appeared during inventory."
"ADDED","Gait\dataset_a\other\lqf-00_4-019.png","","920","","845940912929AAAA3AB27BB5F65AC4CA4073CC126BD30111DF2E5A892E38C36F","Extracted Dataset A file appeared during inventory."
"ADDED","Gait\dataset_a\other\lqf-00_4-021.png","","946","","96AD95A99651E7D054EF71AADEB2E56F55FC41728ED8B7575A0DBCAE0DA5ADCF","Extracted Dataset A file appeared during inventory."
"ADDED","Gait\dataset_a\other\lqf-00_4-022.png","","955","","4E0A2BE15962C4FAA74AB80273F649F2400AD200276252FF2238A1C86F6E2992","Extracted Dataset A file appeared during inventory."
"ADDED","Gait\dataset_a\other\lqf-00_4-024.png","","864","","B54AEC546600FE49B25C3CA4A8027409514823AF0FE314D8203DA2D196F3D2A9","Extracted Dataset A file appeared during inventory."
"ADDED","Gait\dataset_a\other\lqf-00_4-025.png","","845","","8B3880F80DBA6BB95C9500A7827D21FFC3F2A1699EEAD8404BE0547868B4F540","Extracted Dataset A file appeared during inventory."
"ADDED","Gait\dataset_a\other\lqf-00_4-026.png","","826","","9F5D9ABFD9BF9D0CFF3BEA960FDD6A83FC6DCB1558E1BB67F8E1718749B24725","Extracted Dataset A file appeared during inventory."
"ADDED","Gait\dataset_a\other\lqf-00_4-027.png","","829","","8D543E458C12CCCE635C69A32FDF276DF4468E84A0521C71C5E21D51AF9C9A6A","Extracted Dataset A file appeared during inventory."
"ADDED","Gait\dataset_a\other\lqf-00_4-028.png","","828","","8C6D7A4B69DE8A3D2EDD78348B95E2C6DE33C0236FE465DF867FD7D7765DE2A4","Extracted Dataset A file appeared during inventory."
"ADDED","Gait\dataset_a\other\lqf-00_4-029.png","","863","","90A36467FEF28C4093A337D9B1034B70400AD2F5709810F1D9B2B85627F1D3E6","Extracted Dataset A file appeared during inventory."
"ADDED","Gait\dataset_a\other\lqf-00_4-030.png","","867","","0DB16040308666B9FFF8484C131F4D88A67A96EF06A719971DDC1018A5EB42CA","Extracted Dataset A file appeared during inventory."
"ADDED","Gait\dataset_a\other\lqf-00_4-034.png","","947","","2BEFFD34DE93E973837C018E406B8EEC9773A4FC2C5BE0204545E5C095DFE06D","Extracted Dataset A file appeared during inventory."
"ADDED","Gait\dataset_a\other\lqf-00_4-035.png","","933","","2C2A8FBBF756D54762B6766EEA6EA5DDF148F8EE294F8A6A006F697E5664B023","Extracted Dataset A file appeared during inventory."
"ADDED","Gait\dataset_a\other\lqf-00_4-037.png","","826","","77E8B5A664B9557DA58B899C6C0F499DECD1468389638546E6C6B3A6C1C564EE","Extracted Dataset A file appeared during inventory."
"ADDED","Gait\dataset_a\other\lqf-00_4-038.png","","829","","D03C0CD9BD8C283DFD643295081EB5AA2445944901FFBF9377A81F70F4EE2B6B","Extracted Dataset A file appeared during inventory."
"ADDED","Gait\dataset_a\other\lqf-00_4-039.png","","804","","97B76961E09C5218EF6D92C6EC8EDFCDF367BB921C6BAF76B3A2BDA7036F75A0","Extracted Dataset A file appeared during inventory."
"ADDED","Gait\dataset_a\other\lqf-00_4-040.png","","822","","593E29F8912DB1C03AE57CB372657A8CFCC89F7E7E3C8DCFA218A424A93A7D19","Extracted Dataset A file appeared during inventory."
"ADDED","Gait\dataset_a\other\lqf-00_4-041.png","","823","","D1F4C05131798694A625F16A4627AF5CB9FB411CA0EEC0DC7F658B541118DF17","Extracted Dataset A file appeared during inventory."
"ADDED","Gait\dataset_a\other\lqf-00_4-042.png","","855","","222AA86B66F63CAC7EF772F0DE39BEE745A0BF1517EBEDFBC276DE14421A9412","Extracted Dataset A file appeared during inventory."
"ADDED","Gait\dataset_a\other\lqf-00_4-043.png","","874","","F59972B55A5DDD2B8723DCF0C4DA296C13B6287A5E7FD4E1A1ABA21E3506A1FD","Extracted Dataset A file appeared during inventory."
"ADDED","Gait\dataset_a\other\lqf-00_4-044.png","","898","","A99992412657B303E8BD505A70AE23C816ED2F85A0CCA942C7E71089E5240E15","Extracted Dataset A file appeared during inventory."
"ADDED","Gait\dataset_a\other\lqf-00_4-045.png","","941","","61FD84CD40645448E2F8B870313CF80E223EA60D526FDABF3B8DB9C92C16CBD4","Extracted Dataset A file appeared during inventory."
"ADDED","Gait\dataset_a\other\lqf-00_4-047.png","","966","","73C2928BAA5B0A34F24905A2775C49424C2FC009D94BA90FB75D44A7A5483A65","Extracted Dataset A file appeared during inventory."
"ADDED","Gait\dataset_a\other\lqf-00_4-048.png","","962","","0F2AA6D71167E1E8A6EE2DD607BE552CCCA2BCABAB6808EB7CF319561193E0A3","Extracted Dataset A file appeared during inventory."
"ADDED","Gait\dataset_a\other\lqf-00_4-051.png","","871","","CF99E014023688BEB453447A7B9FB941945C0870055F377BAC29940F09A02A25","Extracted Dataset A file appeared during inventory."
"ADDED","Gait\dataset_a\other\lqf-00_4-052.png","","786","","E43324C04355C5A068F4E764E9CB645B42C29A1FF5FD827738B4EE742EC59A7E","Extracted Dataset A file appeared during inventory."
"ADDED","Gait\dataset_a\other\lqf-00_4-053.png","","754","","456430082898AF7AF9E5FEC06456A34F31573F212A6624CA1D8CC154502FBC38","Extracted Dataset A file appeared during inventory."
"ADDED","Gait\dataset_a\other\lqf-00_4-054.png","","705","","6D1CB40EB2191559F554D2051B59568A7A3AC839BC32E340F6DA3DE6888E728B","Extracted Dataset A file appeared during inventory."
"ADDED","Gait\dataset_a\other\lqf-00_4-055.png","","676","","603275812736E4FB5B76606DDCB372E583EFD6FFE8D4FA3597FFDDF28C132E03","Extracted Dataset A file appeared during inventory."
"ADDED","Gait\dataset_a\other\lqf-00_4-056.png","","751","","C2A9845BC03B4463E6A7F7CD3FAF913EB8F3DB50AC40F6AF3098F67D1FB74B5C","Extracted Dataset A file appeared during inventory."
"ADDED","Gait\dataset_a\other\lqf-00_4-057.png","","743","","3FF81FD1E40EC4776FA8E3CFA7199ED24EB091D0363FF7172A0BC255F61956AA","Extracted Dataset A file appeared during inventory."
"ADDED","Gait\dataset_a\other\lqf-00_4-058.png","","795","","944967150CD8C1A1EEAE5CE6A6FCA9C69808DDB66BCA5FD8D17CB988649C2668","Extracted Dataset A file appeared during inventory."
"ADDED","Gait\dataset_a\other\lqf-00_4-061.png","","816","","19A6C8F233725005260F04BC8D594E8BB59A9D8E110DA5E1BA104913454FBB51","Extracted Dataset A file appeared during inventory."
"ADDED","Gait\dataset_a\other\lqf-00_4-062.png","","804","","829E76D00498FDFB68134AEBB697779377986AEE9D7CA53858C5BC747DDED56D","Extracted Dataset A file appeared during inventory."
"ADDED","Gait\dataset_a\other\lqf-00_4-065.png","","713","","829FD105933B6F4748C5F14C953B64C6714A4AF3C0F7FC8D03F0FCEE57DE41CE","Extracted Dataset A file appeared during inventory."
"ADDED","Gait\dataset_a\other\lqf-00_4-066.png","","704","","DE6803E0B42FA6D2AC90FEE46FF4D59ED54274714A1B024E48BD9A843634BC2F","Extracted Dataset A file appeared during inventory."
"ADDED","Gait\dataset_a\other\lqf-00_4-067.png","","683","","B1A5C109F225877B3D38EF7A3F2BF2B85222363568E1BD0C143E6E446B158278","Extracted Dataset A file appeared during inventory."
"ADDED","Gait\dataset_a\other\lqf-00_4-068.png","","694","","BB23CE666C60E7D732AC736A39E59BE051975BEA09DACBE4EE3A7BAC26CCBA9A","Extracted Dataset A file appeared during inventory."
"ADDED","Gait\dataset_a\other\lqf-00_4-069.png","","744","","36A95659F8809D1751A6B6AF454B694CEA2CB1359454A9E32C28DCCD58B2C750","Extracted Dataset A file appeared during inventory."
"ADDED","Gait\dataset_a\other\lsl-00_1-001.png","","734","","1D854ED0938F2ED72BE9CD019664D2570466AF6C95CC71F09A81269AAE77431C","Extracted Dataset A file appeared during inventory."
"ADDED","Gait\dataset_a\other\lsl-00_1-002.png","","733","","39C3DEF58E3E31910761C693D46F0D1585042B87FA41A5F18EA38AEBC138D14B","Extracted Dataset A file appeared during inventory."
"ADDED","Gait\dataset_a\other\lsl-00_1-003.png","","765","","BD7B6DD842E4BB10D2BD12F0DC5BFE312BEBEB56B0315E2713EB673440D5F617","Extracted Dataset A file appeared during inventory."
"ADDED","Gait\dataset_a\other\lsl-00_1-004.png","","755","","1CE5C03BE4F493859A712C785928117C46C0B26ECFD6DBEA47AFC2F181E7799A","Extracted Dataset A file appeared during inventory."
"ADDED","Gait\dataset_a\other\lsl-00_1-005.png","","795","","C92A5BB447D4225917E2C33BABF74E8A34C50229103229244DBCA446FF13143B","Extracted Dataset A file appeared during inventory."
"ADDED","Gait\dataset_a\other\lsl-00_1-006.png","","838","","FA9D8772F2FCA45B6A8460837A12F0439561B076535538A65987302CDD4B49DC","Extracted Dataset A file appeared during inventory."
"ADDED","Gait\dataset_a\other\lsl-00_1-007.png","","880","","15E5982B4DCCA2D61AEE4F7D3A2077EC3CC1C54304002D025AE239283DE9A093","Extracted Dataset A file appeared during inventory."
"ADDED","Gait\dataset_a\other\lsl-00_1-008.png","","887","","D20941CD638D0A32193E1DA0C868FC5D6908ECE8DA9E09A879FC85CE2E1C8F31","Extracted Dataset A file appeared during inventory."
"ADDED","Gait\dataset_a\other\lsl-00_1-010.png","","864","","44B190EBD2076A54B37CD9631E1ED42AD261AF49C6F6E006913AC2F9D34D6893","Extracted Dataset A file appeared during inventory."
"ADDED","Gait\dataset_a\other\lsl-00_1-011.png","","856","","877D97F4327161BE35C97A1FC74E44FC4572869736C4CBB69C9A7540006C23DF","Extracted Dataset A file appeared during inventory."
"ADDED","Gait\dataset_a\other\lsl-00_1-013.png","","782","","D5FDFE59B73CA4C408B00A6CFBDCBE3DA4E7CFC3D33506484FCC93323AB9DB84","Extracted Dataset A file appeared during inventory."
"ADDED","Gait\dataset_a\other\lsl-00_1-014.png","","697","","0DEB3674D735AC25DFE33D3CF5AA51FEDE113BC111AB9939101526F67B49E20E","Extracted Dataset A file appeared during inventory."
"ADDED","Gait\dataset_a\other\lsl-00_1-015.png","","693","","4BB964A00FBB9D2AEA4E2A788E9284198CEDA9262617FD49F54DD215834E6669","Extracted Dataset A file appeared during inventory."
"ADDED","Gait\dataset_a\other\lsl-00_1-016.png","","680","","072CCD4C41282B97CC4B08A2484504E5EB35860E9A26F415003D90B553F930BF","Extracted Dataset A file appeared during inventory."
"ADDED","Gait\dataset_a\other\lsl-00_1-017.png","","711","","C64213983DEEE220245739195BF75A39B699F7401D1F67020CB247D4D1AD7809","Extracted Dataset A file appeared during inventory."
"ADDED","Gait\dataset_a\other\lsl-00_1-018.png","","738","","15BA9CB6B2C42FEA8BC57B36DA2E5E1B146C8A6C6FEF7BE4B9A95BB00D8E1311","Extracted Dataset A file appeared during inventory."
"ADDED","Gait\dataset_a\other\lsl-00_1-019.png","","808","","241C4B5932C4995E2BA3AA7CBD73ACB691384739DE6D49005DDC64498CC7F7FD","Extracted Dataset A file appeared during inventory."
"ADDED","Gait\dataset_a\other\lsl-00_1-020.png","","847","","D9DAFB9E882DFBD0ED6849D96D825B672E1BDD0DE2B6BD411D280099B6FB59D5","Extracted Dataset A file appeared during inventory."
"ADDED","Gait\dataset_a\other\lsl-00_1-021.png","","903","","50D444BFBEBBE9F2CC6EB9938198BC2C875858DD8097D0501A10EB4BEC50ED17","Extracted Dataset A file appeared during inventory."
"ADDED","Gait\dataset_a\other\lsl-00_1-023.png","","937","","961872D15837BD2AB0892D95B4B07A9A853CC51CC474D6793E6910C4684C0BD8","Extracted Dataset A file appeared during inventory."
"ADDED","Gait\dataset_a\other\lsl-00_1-024.png","","921","","AC96C7C798BCF5ADB9A0FFF99763E0BD58E490896C4373164583C93C9D0133D5","Extracted Dataset A file appeared during inventory."
"ADDED","Gait\dataset_a\other\lsl-00_1-026.png","","867","","5198AD23DD8474FD0A6504D6D2C6DBD720A037F2E5C6FAE9D438D266FD6DB7BA","Extracted Dataset A file appeared during inventory."
"ADDED","Gait\dataset_a\other\lsl-00_1-027.png","","836","","F172918F4BBA75DBC97A7CB6BDB4C28C321D812C1D7DCA5024A644BC6F574FB8","Extracted Dataset A file appeared during inventory."
"ADDED","Gait\dataset_a\other\lsl-00_1-028.png","","789","","D3A7A732A07803ED62E734C969E1E8B390EF9E9ADFCB7AE6336C7840D8780BD1","Extracted Dataset A file appeared during inventory."
"ADDED","Gait\dataset_a\other\lsl-00_1-029.png","","760","","2C89603D8C591D06DB4873A1F737A5D53620EFD9055E6A911E18AB14E4700CDA","Extracted Dataset A file appeared during inventory."
"ADDED","Gait\dataset_a\other\lsl-00_1-030.png","","772","","6E6D46237AADE071E78D659E7DDCED9865098A4ADAEDB42B2089E89EB87D14D6","Extracted Dataset A file appeared during inventory."
"ADDED","Gait\dataset_a\other\lsl-00_1-031.png","","733","","A6A711F98F75095E6D98E68FA1BE5D58A60C285CC1EA6CF3BA15A66B8E0C385E","Extracted Dataset A file appeared during inventory."
"ADDED","Gait\dataset_a\other\lsl-00_1-032.png","","828","","392089848861160AB0B84FE40E7689695F4784C498606F58716AE4CA3D7A653D","Extracted Dataset A file appeared during inventory."
"ADDED","Gait\dataset_a\other\lsl-00_1-033.png","","865","","526C8C7A5173AD9330FA42281A1186097A4E8A2AAE9B31DBFEEDD45A04C70A96","Extracted Dataset A file appeared during inventory."
"ADDED","Gait\dataset_a\other\lsl-00_1-034.png","","880","","1AE7FD13770216291F27CF0910B59A1C7F6594027AB478FA236E57F0B79EDBEC","Extracted Dataset A file appeared during inventory."
"ADDED","Gait\dataset_a\other\lsl-00_1-037.png","","947","","63EB3738FB9623A270435661CE722F2891BE1081F23FFB939FADB3BE62DBC10D","Extracted Dataset A file appeared during inventory."
"ADDED","Gait\dataset_a\other\lsl-00_1-040.png","","811","","E7C96F41D6109C6080C819F6FF1B6E2A2D003C594C74FF979F6EDB3478E66D00","Extracted Dataset A file appeared during inventory."
"ADDED","Gait\dataset_a\other\lsl-00_1-041.png","","844","","23BA52F3ECAB0B4C162788CABDC7AAB105BB61796A38B5CD08B7E57BCBAB5526","Extracted Dataset A file appeared during inventory."
"ADDED","Gait\dataset_a\other\lsl-00_1-042.png","","780","","40FD1ADB5505EA6A04953C20179480E35737C9771D01D9CD1933266AE7D45C0B","Extracted Dataset A file appeared during inventory."
"ADDED","Gait\dataset_a\other\lsl-00_1-043.png","","767","","C1D761CD704DD2F7847E105D87B202C7C6755D580316463DFA54B0E08F68E0CE","Extracted Dataset A file appeared during inventory."
"ADDED","Gait\dataset_a\other\lsl-00_1-044.png","","707","","1C558165875761AF8F103115CCA30A55A04E42CA4C2FF64B60776837481FBE16","Extracted Dataset A file appeared during inventory."
"ADDED","Gait\dataset_a\other\lsl-00_1-045.png","","733","","5573B28CD9B80EF7C34AC3B60308432F35A5C78AEEE5547B4B3086834B1CF1B0","Extracted Dataset A file appeared during inventory."
"ADDED","Gait\dataset_a\other\lsl-00_1-046.png","","779","","AA2B6A056D69B7C0D29DE660BB5986E388D453C5E7B8FA344DE27BEE4149E7E9","Extracted Dataset A file appeared during inventory."
"ADDED","Gait\dataset_a\other\lsl-00_1-047.png","","828","","F4F73D2000B7B1D76F69463ACD9252720B995A294168481FEE2BDA27423978C0","Extracted Dataset A file appeared during inventory."
"ADDED","Gait\dataset_a\other\lsl-00_1-048.png","","902","","C9AF7BD29DF25F618C95BB7C59A777FE723B5071B492925F37AD47040A8E9B69","Extracted Dataset A file appeared during inventory."
"ADDED","Gait\dataset_a\other\lsl-00_1-051.png","","900","","0F2ED2D4233E75458C056120513255CB3E3F1A163392B37209D1E28DC747FA5E","Extracted Dataset A file appeared during inventory."
"ADDED","Gait\dataset_a\other\lsl-00_1-054.png","","763","","2D7CE632B0EFEDC0441482482945C001799AEA3088D2596AC88EF1BC36B906FF","Extracted Dataset A file appeared during inventory."
"ADDED","Gait\dataset_a\other\lsl-00_1-055.png","","707","","E528493617CC17FA708FF4AB21B415FB095C9A414561752BE55502788308B155","Extracted Dataset A file appeared during inventory."
"ADDED","Gait\dataset_a\other\lsl-00_1-056.png","","696","","BE1DDDF8E2AD8FEB172D6A81537A0D78F79B216A7B79D4AB88E375A24AF72E03","Extracted Dataset A file appeared during inventory."
"ADDED","Gait\dataset_a\other\lsl-00_1-057.png","","677","","B7A18C0A0027AAB64ED549EB13F176A58469E3AFB53409872E6E1CEAA264AA61","Extracted Dataset A file appeared during inventory."
"ADDED","Gait\dataset_a\other\lsl-00_1-058.png","","681","","B22CE519A31C0287C79BCE1E78281DCC1717EC9DB4463D16D038ED8A72003FCC","Extracted Dataset A file appeared during inventory."
"ADDED","Gait\dataset_a\other\lsl-00_1-059.png","","674","","4471DB91791714B14D4260945DA51198470E830AB6F16A7EC51D65B2B7B6034C","Extracted Dataset A file appeared during inventory."
"ADDED","Gait\dataset_a\other\lsl-00_1-060.png","","732","","00842661732CEAFF823C64F5EB5FD060B1914AA109D9854CAA526561D1819A22","Extracted Dataset A file appeared during inventory."
"ADDED","Gait\dataset_a\other\lsl-00_2-001.png","","716","","5EA51511D5A77CC3292106AC8CC6F8196FC7C399BBA2DE9E84757A13A9E42747","Extracted Dataset A file appeared during inventory."
"ADDED","Gait\dataset_a\other\lsl-00_2-002.png","","793","","D838DF2782D7D3813EEA9F09DF300487EE916456683CC78E48E9F3265A909C58","Extracted Dataset A file appeared during inventory."
"ADDED","Gait\dataset_a\other\lsl-00_2-003.png","","794","","1FB77D75AB4109C6BD378DCB0EA82E9F5B91CFF77CFB8C6C2CF111E56BCB2BF4","Extracted Dataset A file appeared during inventory."
"ADDED","Gait\dataset_a\other\lsl-00_2-004.png","","829","","38C7320906E2B00784F6B6847D4C9F9D672A679501450896D2D8DAA20DE38E51","Extracted Dataset A file appeared during inventory."
"ADDED","Gait\dataset_a\other\lsl-00_2-009.png","","838","","13524A5CB0FB4CD3147E571FE3784C3A480FFE340B7897DC477E3CAE0AEFF486","Extracted Dataset A file appeared during inventory."
"ADDED","Gait\dataset_a\other\lsl-00_2-011.png","","741","","22754ABF1C2C236AD6A8E0653C21E865C44430B89D4132EC30F8F00DF6B5C198","Extracted Dataset A file appeared during inventory."
"ADDED","Gait\dataset_a\other\lsl-00_2-012.png","","731","","2D82884B14DB7995B2B9129419DE40B8D37CF5FE051DE190C8FFA710530BFAFE","Extracted Dataset A file appeared during inventory."
"ADDED","Gait\dataset_a\other\lsl-00_2-013.png","","723","","B636C17CA9495E7089A33147FA8C35CEC00A130620B7A397861466701FD0AE27","Extracted Dataset A file appeared during inventory."
"ADDED","Gait\dataset_a\other\lsl-00_2-014.png","","720","","542F4EECAB5E983CD279E1C1D286922CEA22059913F9DAD4580B597E1DE64CED","Extracted Dataset A file appeared during inventory."
"ADDED","Gait\dataset_a\other\lsl-00_2-015.png","","716","","D70EAFC0A6D7BF29854A3919969AFA3296F3A9C1B070F83827584D36662D7712","Extracted Dataset A file appeared during inventory."
"ADDED","Gait\dataset_a\other\lsl-00_2-016.png","","809","","C9B3D1A0F3A5C818A8CCC594346BD6437DF8E63DC3B8E671B87D773A4F01411B","Extracted Dataset A file appeared during inventory."
"ADDED","Gait\dataset_a\other\lsl-00_2-017.png","","844","","04D93AC3ABD49B24141AE8D12486919783E5A63C99A3349196E7DA5BE3728798","Extracted Dataset A file appeared during inventory."
"ADDED","Gait\dataset_a\other\lsl-00_2-018.png","","897","","3F2A7CDF32C2347BD0B89F3672333035398AB46628A7B8D154DEE8DB0FD02265","Extracted Dataset A file appeared during inventory."
"ADDED","Gait\dataset_a\other\lsl-00_2-019.png","","911","","228CC86F298DC3A31369BA0784FCB8D475F098A921BFC1F05D94E60ECD5FB93E","Extracted Dataset A file appeared during inventory."
"ADDED","Gait\dataset_a\other\lsl-00_2-021.png","","979","","E0E9AD641485E1623EF50076A6A9A2C3A0ADCDA42B7601E55E45B7AAE6A83024","Extracted Dataset A file appeared during inventory."
"ADDED","Gait\dataset_a\other\lsl-00_2-024.png","","866","","C69869ED522974772AFE578A869D16151D9957AB6AAE87C5267426F075FA18F6","Extracted Dataset A file appeared during inventory."
"ADDED","Gait\dataset_a\other\lsl-00_2-025.png","","840","","037505116300C366099674709C70913EF1B547EFEB262E5E2B6D1010B95099C1","Extracted Dataset A file appeared during inventory."
"ADDED","Gait\dataset_a\other\lsl-00_2-026.png","","783","","1BC2AE7DD57AF3FEEFB1834E6D2D4B536EBAC45B1005B9107A5A515604129CE1","Extracted Dataset A file appeared during inventory."
"ADDED","Gait\dataset_a\other\lsl-00_2-027.png","","811","","AD2600F8292533561DDEA9064CCB5D86C3E4E01B0E20FE237F1F78B45252B6E4","Extracted Dataset A file appeared during inventory."
"ADDED","Gait\dataset_a\other\lsl-00_2-028.png","","767","","D3DEDBDA873CDD7233BD373FBE4CC8431C6D8A39F22EC48A285BC5DBB443FEF6","Extracted Dataset A file appeared during inventory."
"ADDED","Gait\dataset_a\other\lsl-00_2-029.png","","769","","4F64A00BF1BAC32B7060D560A67E1E0523D044E4E158926AE39AA1DA1D40A026","Extracted Dataset A file appeared during inventory."
"ADDED","Gait\dataset_a\other\lsl-00_2-030.png","","882","","ECE45B26ABB456E5C029969D1C9EC0ADE1FFB0E4476BC7E47573911E156C6284","Extracted Dataset A file appeared during inventory."
"ADDED","Gait\dataset_a\other\lsl-00_2-031.png","","931","","D40A0DE63CD5C0DB4AB562A7C485C3E2B6DE70A18134D56047214D1A1FAA7C7D","Extracted Dataset A file appeared during inventory."
"ADDED","Gait\dataset_a\other\lsl-00_2-032.png","","994","","7D945DBE8D70564BDAE9237873D6E3BEE7A05E85C0DB1343AE887362CD893E43","Extracted Dataset A file appeared during inventory."
"ADDED","Gait\dataset_a\other\lsl-00_2-033.png","","1004","","6880A5A08B434429D0E922E25159BDC0A7A5C3B0E8C3CC4BC95CA89BAB5B633E","Extracted Dataset A file appeared during inventory."
"ADDED","Gait\dataset_a\other\lsl-00_2-034.png","","992","","5C42561FC5C3F6E26055B21CBE8F6A8867092ADF34F96792E69D1C6B513041F7","Extracted Dataset A file appeared during inventory."
"ADDED","Gait\dataset_a\other\lsl-00_2-036.png","","922","","E3264C4FB62260B6185E8C4479B6B7C8F6D285AAFF7623E244AC6FB5C7DF4BFB","Extracted Dataset A file appeared during inventory."
"ADDED","Gait\dataset_a\other\lsl-00_2-039.png","","782","","C4C189DC30C1BAFAF3B64EFD895BAE3F5BDA61D012F3B7619FBBF88B68BA82D5","Extracted Dataset A file appeared during inventory."
"ADDED","Gait\dataset_a\other\lsl-00_2-040.png","","760","","28DDB07A9007C4CC1616FE1A29EC23F360FAD8DC458E22E67A8A25EE7B6EBE0F","Extracted Dataset A file appeared during inventory."
"ADDED","Gait\dataset_a\other\lsl-00_2-041.png","","714","","4E057F078A551006FA7AE6923CB1116F1CF66C0FCF5B7289C483D134D725D3CF","Extracted Dataset A file appeared during inventory."
"ADDED","Gait\dataset_a\other\lsl-00_2-042.png","","722","","98A96173841C344419F6FB1CA212815708BAF86E190913E9F6C8135E38965322","Extracted Dataset A file appeared during inventory."
"ADDED","Gait\dataset_a\other\lsl-00_2-043.png","","718","","1936EBC3CE332CC8E6D33463DD1DF6991C1198E750187D95DA327CB2803613FD","Extracted Dataset A file appeared during inventory."
"ADDED","Gait\dataset_a\other\lsl-00_2-044.png","","776","","04BBA8CEE54BBD6D1BA08D4D0BBBCFA51576DF9A5949F8DE5F14E8794D105EAC","Extracted Dataset A file appeared during inventory."
"ADDED","Gait\dataset_a\other\lsl-00_2-045.png","","778","","B0D192EABB9C8312F559F8C71DD8D0F0E7D30BE3C1951F536D4D1E2A2301F179","Extracted Dataset A file appeared during inventory."
"ADDED","Gait\dataset_a\other\lsl-00_2-046.png","","837","","08698E14D32BA01FF8D6CB9DEDBAEB2517F2862BD109351F3AD79C7EB112C166","Extracted Dataset A file appeared during inventory."
"ADDED","Gait\dataset_a\other\lsl-00_2-047.png","","834","","C98E82B725A25BB2FA110A846206872FA2113E49ABB638983C3B9BCBD9A544DC","Extracted Dataset A file appeared during inventory."
"ADDED","Gait\dataset_a\other\lsl-00_2-052.png","","769","","92A6BF2FE31745D3F235067B55C6AF12C46C89AC68DE6CB78BC1F2F7D968F175","Extracted Dataset A file appeared during inventory."
"ADDED","Gait\dataset_a\other\lsl-00_2-053.png","","739","","2D256BA5E82F18286C22DE121F539E41551017DC12B5FE72D7B68757F691448E","Extracted Dataset A file appeared during inventory."
"ADDED","Gait\dataset_a\other\lsl-00_2-054.png","","731","","82E8BD63D203997C5999DCD950F4998239991D42EEE027AE7663820FC08E482A","Extracted Dataset A file appeared during inventory."
"ADDED","Gait\dataset_a\other\lsl-00_2-055.png","","757","","6C6F8A0E85F80D2E49B45653E632B87D6367DA2029BCC1E29CC9ED878053C8FC","Extracted Dataset A file appeared during inventory."
"ADDED","Gait\dataset_a\other\lsl-00_2-056.png","","718","","CE000620E08BA3A9FB4BF155949363CD4DEFEE5AD48159F8A78E023254420C8F","Extracted Dataset A file appeared during inventory."
"ADDED","Gait\dataset_a\other\lsl-00_2-057.png","","728","","FF7B7FCF34960A75EEAB8D41E111FACD681A12601DAF8C8F678C1A3D722C8ECE","Extracted Dataset A file appeared during inventory."
"ADDED","Gait\dataset_a\other\lsl-00_2-058.png","","727","","DCB8C4ADBC38F8B9D0F58A121DC1C7FA0E8A59322F790F964F87AB0C62FA23C3","Extracted Dataset A file appeared during inventory."
"ADDED","Gait\dataset_a\other\lsl-00_2-059.png","","747","","9E9F85D3A7FD6BBD88BBBF7628DF893C20A9A60C42320554A8BD64415080AA47","Extracted Dataset A file appeared during inventory."
"ADDED","Gait\dataset_a\other\lsl-00_3-001.png","","742","","4E0D13A642D4FBF5F8BF5CF6DCD2C4993C0BBA23827247B008763D68868CE41E","Extracted Dataset A file appeared during inventory."
"ADDED","Gait\dataset_a\other\lsl-00_3-002.png","","712","","0D56C55C32A5FB9F52E1CE776A409201E601F45418140C266F1C12C33BBCABAD","Extracted Dataset A file appeared during inventory."
"ADDED","Gait\dataset_a\other\lsl-00_3-003.png","","728","","2D1469319D7D1A6F279858403E047BCA6A7662390F68479CC06C407D0883D85F","Extracted Dataset A file appeared during inventory."
"ADDED","Gait\dataset_a\other\lsl-00_3-004.png","","715","","D53E66BC04116693BA46357DD98AD19FADE7E52E4BB645A394BA5035B4220607","Extracted Dataset A file appeared during inventory."
"ADDED","Gait\dataset_a\other\lsl-00_3-005.png","","763","","80258B43CE91704C83C36CB553452500179652FCB347349C1148219F0AB7A284","Extracted Dataset A file appeared during inventory."
"ADDED","Gait\dataset_a\other\lsl-00_3-006.png","","798","","2A6EB1B898F25AF62722FFE3F96B68CEEBC247A8C25F5FB39257DCAC4BE7238A","Extracted Dataset A file appeared during inventory."
"ADDED","Gait\dataset_a\other\lsl-00_3-007.png","","840","","C51137FDAB198CCEAD890EA7E24EF52B2DAB010DC77CE817D4970576E8E3AA48","Extracted Dataset A file appeared during inventory."
"ADDED","Gait\dataset_a\other\lsl-00_3-011.png","","877","","6E055A57E281578DF6F8AC0438C2174C7CD12C8D5EC3647AACA792B73BBC7A76","Extracted Dataset A file appeared during inventory."
"ADDED","Gait\dataset_a\other\lsl-00_3-013.png","","871","","A2641ECED06ABBF43480233E2D05531002E2AE2C181904A7B1D68E4A1D45B46C","Extracted Dataset A file appeared during inventory."
"ADDED","Gait\dataset_a\other\lsl-00_3-014.png","","821","","8CBDF1D6A31B0B1246E89909E2B5EBE6DD95DAD6710EB29EF722BA2E7DA11C82","Extracted Dataset A file appeared during inventory."
"ADDED","Gait\dataset_a\other\lsl-00_3-015.png","","774","","622E7B20517D2ADFF8FB9A4700F1326DF3EEABB6F397FB87C398D0570DBB33BF","Extracted Dataset A file appeared during inventory."
"ADDED","Gait\dataset_a\other\lsl-00_3-016.png","","743","","61298A9C3F6B3CD3DCACAA4320D4F5B9F91C252975323A934079F7A2DCB0A9C6","Extracted Dataset A file appeared during inventory."
"ADDED","Gait\dataset_a\other\lsl-00_3-017.png","","726","","1157573B6FFABD0DF846E1A5CB535AEB1331100359A083FDEA4BB9C27CDDE5C6","Extracted Dataset A file appeared during inventory."
"ADDED","Gait\dataset_a\other\lsl-00_3-018.png","","760","","C643EF9CE7D9D5BFE4C3125BC6E6E435476D977B3202E63EC42C51BD03BD4A90","Extracted Dataset A file appeared during inventory."
"ADDED","Gait\dataset_a\other\lsl-00_3-019.png","","777","","57884DAAA6872570242B87A2BFCB1BB1C661DF3C849152E5688C98F313B07FC8","Extracted Dataset A file appeared during inventory."
"ADDED","Gait\dataset_a\other\lsl-00_3-020.png","","813","","85C4EABFB93C8AEB0F81763B59B999DDA29A571CF2E8EC865A1777BA55B0B008","Extracted Dataset A file appeared during inventory."
"ADDED","Gait\dataset_a\other\lsl-00_3-021.png","","871","","39EA09AD16E31C644DB53C0476C74ECE4E99A09A23FF594BCFD638CB07AF1620","Extracted Dataset A file appeared during inventory."
"ADDED","Gait\dataset_a\other\lsl-00_3-022.png","","878","","AF20F948B0553BFDD985E8663F6297C68272C5EFB803EDD14C0A4259AA9D6AB5","Extracted Dataset A file appeared during inventory."
"ADDED","Gait\dataset_a\other\lsl-00_3-028.png","","872","","2FFE745E6C93AEBE01060EF606AC1C629FAB68FBBA55D7B33CE31C911050C9C4","Extracted Dataset A file appeared during inventory."
"ADDED","Gait\dataset_a\other\lsl-00_3-029.png","","837","","BD92B0C811EABAFEB99BEC5BF0400C9EF895A6EF3E69388C1DFDE37F872A1CA3","Extracted Dataset A file appeared during inventory."
"ADDED","Gait\dataset_a\other\lsl-00_3-030.png","","777","","49A038105585981B92938AFFD346EB3F98ACF16D464693496BF4BC3E54AFD0ED","Extracted Dataset A file appeared during inventory."
"ADDED","Gait\dataset_a\other\lsl-00_3-031.png","","795","","9836D99522C401B232B2569E262F045A7920756CC7EC087A675CC66F6D11E996","Extracted Dataset A file appeared during inventory."
"ADDED","Gait\dataset_a\other\lsl-00_3-032.png","","775","","0C24365D5CA3771CD5A5E750D6D0223CFF7DB6B7018FC099E3F288C1330E5939","Extracted Dataset A file appeared during inventory."
"ADDED","Gait\dataset_a\other\lsl-00_3-033.png","","807","","086C369484F170ECB47A43F922F8BAFE9D30CD3DF37937E0AA11843565B5120B","Extracted Dataset A file appeared during inventory."
"ADDED","Gait\dataset_a\other\lsl-00_3-034.png","","855","","EF4571FE2BAF3EB01F33E099E8F2FA14789564C36395B117EEE2CA142BE4D80D","Extracted Dataset A file appeared during inventory."
"ADDED","Gait\dataset_a\other\lsl-00_3-035.png","","850","","987CB4998851C5922BB70DDFF6E8AAA9E8ABEE74892B2F2C85682130F314197E","Extracted Dataset A file appeared during inventory."
"ADDED","Gait\dataset_a\other\lsl-00_3-036.png","","886","","D7BAABC1C471F2A69BA993885BD419AA70FA10A92D2F846A4B460CC4450F0178","Extracted Dataset A file appeared during inventory."
"ADDED","Gait\dataset_a\other\lsl-00_3-037.png","","908","","852B76302125949BC44549E020C1F4C7AFABEE5EBAEC805CE1EF8BA662CB3A69","Extracted Dataset A file appeared during inventory."
"ADDED","Gait\dataset_a\other\lsl-00_3-039.png","","936","","0032043109556A5FBA2A28F01818A58C2874A5A054D342C250CC72863D64F43D","Extracted Dataset A file appeared during inventory."
"ADDED","Gait\dataset_a\other\lsl-00_3-040.png","","890","","DD9A01A5220F6A3CCDC67959EB5B2E44A36A3102896BA00607DAC972FEE2CC91","Extracted Dataset A file appeared during inventory."
"ADDED","Gait\dataset_a\other\lsl-00_3-042.png","","868","","1100DE5791E6945EA6EB4C6D5380850E7128D2512177627458F30B552FA7BE0E","Extracted Dataset A file appeared during inventory."
"ADDED","Gait\dataset_a\other\lsl-00_3-043.png","","842","","FCED5CBC78B66062292758CCA0C18F09A5A6765F236BF15084422D6E26B5A1D0","Extracted Dataset A file appeared during inventory."
"ADDED","Gait\dataset_a\other\lsl-00_3-044.png","","785","","D309E7C075D34A62DF0307CBEE5135CB749DBEA8A6644FE9C85C5AC07D93F50F","Extracted Dataset A file appeared during inventory."
"ADDED","Gait\dataset_a\other\lsl-00_3-045.png","","728","","5F55C66A9B2F2BC259628E2F2731AC0AC7DCF48DDD4090CC1956F60FB94F7915","Extracted Dataset A file appeared during inventory."
"ADDED","Gait\dataset_a\other\lsl-00_3-046.png","","688","","5F7D13BE10ED838AD644910C96A972953DDB91E6B80969CCB6E168745878C715","Extracted Dataset A file appeared during inventory."
"ADDED","Gait\dataset_a\other\lsl-00_3-047.png","","700","","C14FA94B18A05C99A1A7E74B76C0D28960A1758388D9BFF0B390C76D478EB4A2","Extracted Dataset A file appeared during inventory."
"ADDED","Gait\dataset_a\other\lsl-00_3-048.png","","698","","02D349E49E524964C2B85ADA69CE954A9E775E2EF6A8E18B1745C7C1D74FFE6E","Extracted Dataset A file appeared during inventory."
"ADDED","Gait\dataset_a\other\lsl-00_3-049.png","","781","","78BFB8FD2B23BDB994C88E0AB2B4C84837FB3BE3EC2DAE8DB7A43D568A48774A","Extracted Dataset A file appeared during inventory."
"ADDED","Gait\dataset_a\other\lsl-00_3-050.png","","837","","4E26EAA36C41632E87E79E9EC316CBDA031D53FDEBE73138CB843C60463EF1CC","Extracted Dataset A file appeared during inventory."
"ADDED","Gait\dataset_a\other\lsl-00_3-054.png","","856","","C20C32036B69613666313DF0986EF50F803D39091A45C6EB3CBFC818C9A08B99","Extracted Dataset A file appeared during inventory."
"ADDED","Gait\dataset_a\other\lsl-00_3-055.png","","835","","E8F965B2853B1B0AF87C7AB2B04564A8999467037E575087971EAB9834FED974","Extracted Dataset A file appeared during inventory."
"ADDED","Gait\dataset_a\other\lsl-00_3-058.png","","730","","046FB9D30C6D2D4B592C15D872E392AD53677A6D6687FAF42CAFEEDF07D18A2F","Extracted Dataset A file appeared during inventory."
"ADDED","Gait\dataset_a\other\lsl-00_3-059.png","","691","","2739F2DAD02A9E60809644A094C5F281236A7FD8653884017C1F62106531860F","Extracted Dataset A file appeared during inventory."
"ADDED","Gait\dataset_a\other\lsl-00_3-060.png","","664","","0A6ACA65C28D4C012A573F0E48773CD94972C81636BD88DD05AAF704B75A9354","Extracted Dataset A file appeared during inventory."
"ADDED","Gait\dataset_a\other\lsl-00_3-061.png","","710","","9E5B41A3D9B2AF0372F3ECFD4D6B45E96CA4E6D77ACE530A9C6A5F8A92BDAF6F","Extracted Dataset A file appeared during inventory."
"ADDED","Gait\dataset_a\other\lsl-00_3-062.png","","727","","52FF9DF2D970F8A6DCDB4872D4D3B491B3062F623558848410A76493D9E427B8","Extracted Dataset A file appeared during inventory."
"ADDED","Gait\dataset_a\other\lsl-00_4-001.png","","789","","EC456E23A192E918D55FAB496503783A98382E4C519DA45426938E5DA73E8345","Extracted Dataset A file appeared during inventory."
"ADDED","Gait\dataset_a\other\lsl-00_4-002.png","","829","","87E9C0EB083CC5FD820C3428D3258182EE01CD9BE04DE63913A91DF28BAB7C3B","Extracted Dataset A file appeared during inventory."
"ADDED","Gait\dataset_a\other\lsl-00_4-003.png","","817","","8CBDCAA70848EF500BB34CDF8F9DCF676016CE220F45A8538A911CB91E9C7B1D","Extracted Dataset A file appeared during inventory."
"ADDED","Gait\dataset_a\other\lsl-00_4-006.png","","816","","459737C0B29C14F4E71304AE6AC6E2B03D5C46C5C0367883592330DDC8F41A42","Extracted Dataset A file appeared during inventory."
"ADDED","Gait\dataset_a\other\lsl-00_4-009.png","","713","","779E7DC7D8AEE507DD0F20C0F4ACECFBA81684921B52C3DD89EB44F08E4D94AE","Extracted Dataset A file appeared during inventory."
"ADDED","Gait\dataset_a\other\lsl-00_4-010.png","","679","","9CBD10E097EC4216E95EB5C3C3CC7CBD73B8BB05CA690B405FD67917563B6432","Extracted Dataset A file appeared during inventory."
"ADDED","Gait\dataset_a\other\lsl-00_4-011.png","","703","","0EEB78E6FECF1DC6ABF16111B52D9982916C55999C4872C050D913F7D0C1EB96","Extracted Dataset A file appeared during inventory."
"ADDED","Gait\dataset_a\other\lsl-00_4-012.png","","682","","F14F1D03495E87A958B0B0613E4ED03E5D70E91510742940A2408A09287C924C","Extracted Dataset A file appeared during inventory."
"ADDED","Gait\dataset_a\other\lsl-00_4-013.png","","706","","5DD637533A4AE92040B9C67166083A560CFD78C834A70DF27C6FADA56DA8FF21","Extracted Dataset A file appeared during inventory."
"ADDED","Gait\dataset_a\other\lsl-00_4-014.png","","740","","9CB93A8490C9FAB62934B6AD7A6815BA4A803119C0424DE103D4054FA0DEBBD4","Extracted Dataset A file appeared during inventory."
"ADDED","Gait\dataset_a\other\lsl-00_4-015.png","","819","","7B60AFEF20194A5357B1554A1B162A27940F56E1F6280DC6CE020F82978E110B","Extracted Dataset A file appeared during inventory."
"ADDED","Gait\dataset_a\other\lsl-00_4-016.png","","828","","A7D9D31A9C592161EFF6214622973D79E78CB6DEA632853653D2B603E231E5F6","Extracted Dataset A file appeared during inventory."
"ADDED","Gait\dataset_a\other\lsl-00_4-020.png","","916","","01A44CBE97665094E21C6877166C61DB9972B5D4B6373633CFCC14886EB5E030","Extracted Dataset A file appeared during inventory."
"ADDED","Gait\dataset_a\other\lsl-00_4-023.png","","801","","3914A79F1BDAE464819243A3F5D71BAB0BF5DFA2E52F3787376BE96377D51F06","Extracted Dataset A file appeared during inventory."
"ADDED","Gait\dataset_a\other\lsl-00_4-024.png","","726","","09AA4CCFC7136AE059FAAEDA911EA3046D0DCE64F0C78AD047F9CD28295BD05E","Extracted Dataset A file appeared during inventory."
"ADDED","Gait\dataset_a\other\lsl-00_4-025.png","","749","","0F8ED59627B61D1014073A001FE26856E0381940CF6D37DF339A5B9A97D1442F","Extracted Dataset A file appeared during inventory."
"ADDED","Gait\dataset_a\other\lsl-00_4-026.png","","777","","8C6A7598083FE65A3FAD38AEB9205F151039DCD8426B031F1A546CCE287EC882","Extracted Dataset A file appeared during inventory."
"ADDED","Gait\dataset_a\other\lsl-00_4-027.png","","830","","E8E9793DB2EA77DEF9A16AF3A5F62CB8968178A0DBC71B39A0F025813E26D1DA","Extracted Dataset A file appeared during inventory."
"ADDED","Gait\dataset_a\other\lsl-00_4-028.png","","864","","7A48C0ED000BA90AE1D33339D91637375D55A06D3399FDD27D9759DB7AC09956","Extracted Dataset A file appeared during inventory."
"ADDED","Gait\dataset_a\other\lsl-00_4-029.png","","924","","E0AC70C7CB910BCEEB2422B8AA8D9E16843C09D81DB62C29C37DE02209C1D0B7","Extracted Dataset A file appeared during inventory."
"ADDED","Gait\dataset_a\other\lsl-00_4-030.png","","935","","FC0033C97296DEB959D2FFDE50EEDE6152F8440DAFE7C05A9F342557A7353E71","Extracted Dataset A file appeared during inventory."
"ADDED","Gait\dataset_a\other\lsl-00_4-031.png","","961","","D476B9B41C1C010AC5D6C217AD8B9FD3193C26458B2B0EC645D73E7FCCA654A1","Extracted Dataset A file appeared during inventory."
"ADDED","Gait\dataset_a\other\lsl-00_4-033.png","","996","","99E2E741D774708839ED48A48784BA9002D90745EBEC61DA70049BCB97CA41A6","Extracted Dataset A file appeared during inventory."
"ADDED","Gait\dataset_a\other\lsl-00_4-034.png","","978","","1E2FCCB24C3F8A4CA66F137BAB2063102F390FD826BA5C4BAF143B1B0BD59B16","Extracted Dataset A file appeared during inventory."
"ADDED","Gait\dataset_a\other\lsl-00_4-037.png","","792","","28D4D31FA1213D1609B01A5C9CC75CBB97831A0852B7040B961CA007E7802D3F","Extracted Dataset A file appeared during inventory."
"ADDED","Gait\dataset_a\other\lsl-00_4-038.png","","777","","7675058155F095A2FE769258134EECD45A248F30C0A6B1B821A1163973FC7A4D","Extracted Dataset A file appeared during inventory."
"ADDED","Gait\dataset_a\other\lsl-00_4-039.png","","723","","DABDDDCD1E90A638E15C5CD80C6AEDCBC27EAE174325993FB6A4D5E517528246","Extracted Dataset A file appeared during inventory."
"ADDED","Gait\dataset_a\other\lsl-00_4-040.png","","707","","C89C115DB5B0687D21103E2C4406D21F415EB005086D11818223179528C1A9E8","Extracted Dataset A file appeared during inventory."
"ADDED","Gait\dataset_a\other\lsl-00_4-041.png","","801","","2529DF426A1BFED4546FF31BFD1E9DA10AB5EB31CCDB3B64AFB429D1D598D2A2","Extracted Dataset A file appeared during inventory."
"ADDED","Gait\dataset_a\other\lsl-00_4-042.png","","789","","091F1AFFCEE39DB25B45F353177D57683ED8C67A0138219FB70C688FC93DB066","Extracted Dataset A file appeared during inventory."
"ADDED","Gait\dataset_a\other\lsl-00_4-043.png","","824","","1705F2D9989CB1514640EE4F74E28138B595A6212799F0B5B74CBB2CF0A7FF7D","Extracted Dataset A file appeared during inventory."
"ADDED","Gait\dataset_a\other\lsl-00_4-044.png","","837","","203C14D55088F04AC5E49B223FB4F94F802655A6092406FE413C98F84B0B1E7D","Extracted Dataset A file appeared during inventory."
"ADDED","Gait\dataset_a\other\lsl-00_4-047.png","","869","","FB8D4BE9E25B2CF3CE7FADACF1CCE6A8BCC12ED42225E3791EDD335D7B931CD5","Extracted Dataset A file appeared during inventory."
"ADDED","Gait\dataset_a\other\lsl-00_4-050.png","","774","","CE596649F0C2F752E679C47C8DF98AF46CA0D10C081E5D887FF650A6137B6131","Extracted Dataset A file appeared during inventory."
"ADDED","Gait\dataset_a\other\lsl-00_4-051.png","","737","","24C632D739657B491F1FB2A954B1E1A77776B53CF928EB5BACF5D146E15E0002","Extracted Dataset A file appeared during inventory."
"ADDED","Gait\dataset_a\other\lsl-00_4-052.png","","706","","2A009696D8A77F7662F71E06B9A220AA64E461FD50C8AAFE03106CCD0B42C5FD","Extracted Dataset A file appeared during inventory."
"ADDED","Gait\dataset_a\other\lsl-00_4-053.png","","709","","3CB458321ACA3801CFBFDF50E19FFAB031598B3B96315EC723D1EA396789646F","Extracted Dataset A file appeared during inventory."
"ADDED","Gait\dataset_a\other\lsl-00_4-054.png","","697","","3333D30B7C455845081CF57D1D9CE5C8028F99BCA94AFED3ED2647BE6C08E934","Extracted Dataset A file appeared during inventory."
"ADDED","Gait\dataset_a\other\lsl-00_4-055.png","","744","","8B0AB67195A6D4B813FAF27BE16B3D3FF34BC688DE6CE8E70510759E872AC33C","Extracted Dataset A file appeared during inventory."
"ADDED","Gait\dataset_a\other\lsl-00_4-056.png","","763","","8DF2B14D2C7727DF5566EAA2DCF6562749E846CCFCD7877B04B9D89DB42B5EA8","Extracted Dataset A file appeared during inventory."
"ADDED","Gait\dataset_a\other\lsl-00_4-057.png","","794","","982FFC32A5345D3F24D97D5F4ED0A3EE028FB281D659CF945EC99D392D5FDB5F","Extracted Dataset A file appeared during inventory."
"ADDED","Gait\dataset_a\other\lsl-00_4-058.png","","819","","2864EAF3DB11D1DB823A1C290EB87CF286CF8BB0B3E91D30D10D8FEDC3161209","Extracted Dataset A file appeared during inventory."
"ADDED","Gait\dataset_a\other\lsl-00_4-059.png","","865","","FDC6EC4D73DAEF44FE3BBEA43F8528D66B3F5A1F81AE91164461B2B7E7E6BE85","Extracted Dataset A file appeared during inventory."
"ADDED","Gait\dataset_a\other\lsl-00_4-062.png","","851","","9B58D0B89C00B9A5823420F1B274848B2391769A51917A9610E03D0EA66A777B","Extracted Dataset A file appeared during inventory."
"ADDED","Gait\dataset_a\other\ml-00_1-001.png","","743","","EE926204D129956F56741444EC4E028C1FDFEBA1DAAD1FB53D3767294C45EDA7","Extracted Dataset A file appeared during inventory."
"ADDED","Gait\dataset_a\other\ml-00_1-002.png","","721","","4488A4231A202DF8C8DB2031D149F26A483AB2B844857FE9DBBB674933E1AA53","Extracted Dataset A file appeared during inventory."
"ADDED","Gait\dataset_a\other\ml-00_1-003.png","","761","","F76872735CBB6939E6D36EDF0A1B77BF397DFA7FBDAC96353AE5B6C6D32A8880","Extracted Dataset A file appeared during inventory."
"ADDED","Gait\dataset_a\other\ml-00_1-004.png","","799","","5772235BF4C813270B1C0B74EE15255BD0F1A7A9BCC73A14651A3C854B013D0C","Extracted Dataset A file appeared during inventory."
"ADDED","Gait\dataset_a\other\ml-00_1-005.png","","841","","C6480BF87F587571B757E1DD572686E9B34F7CF19285B070CE9DED83F34FC1D4","Extracted Dataset A file appeared during inventory."
"ADDED","Gait\dataset_a\other\ml-00_1-010.png","","814","","FCD9C98C9CF779DC401E928930CE943A6123BBC02BE380A29F0C443411B94D50","Extracted Dataset A file appeared during inventory."
"ADDED","Gait\dataset_a\other\ml-00_1-011.png","","806","","1DC5076DFAC75D8337E1ECB41BC070368359ED5D54C5D7D9E20FD0CDAF24FC02","Extracted Dataset A file appeared during inventory."
"ADDED","Gait\dataset_a\other\ml-00_1-012.png","","749","","7B6C8B16A29CE773837E0426619F1950736E2E8652DE2E1BCB8E21279D6988CD","Extracted Dataset A file appeared during inventory."
"ADDED","Gait\dataset_a\other\ml-00_1-013.png","","730","","F4C0796E93B22F5A7F45D384DBEF57DCBD9606FFB8E41433EEF436AD739EC46F","Extracted Dataset A file appeared during inventory."
"ADDED","Gait\dataset_a\other\ml-00_1-014.png","","715","","E712C982425B042E252C1196B03EDD918591332ADA58BE4AC9CB3EB90DF01E22","Extracted Dataset A file appeared during inventory."
"ADDED","Gait\dataset_a\other\ml-00_1-015.png","","714","","D587F35E803E21B390CC28FBD3ECD2A91D159B7EC489A00586311D515045A53A","Extracted Dataset A file appeared during inventory."
"ADDED","Gait\dataset_a\other\ml-00_1-016.png","","743","","D0B4CF00190F9E0A51461FEC511BAA85B70359FF0F60FE051C928FCBA6E07111","Extracted Dataset A file appeared during inventory."
"ADDED","Gait\dataset_a\other\ml-00_1-017.png","","822","","910BBD86C862A8ED7100EAF54AC9540211005B10604899F31DE4714FE4AD5EDF","Extracted Dataset A file appeared during inventory."
"ADDED","Gait\dataset_a\other\ml-00_1-018.png","","838","","F703459CA71894A76348940F414EFEA27FCB0184E94CB676E71EB1556422A3D4","Extracted Dataset A file appeared during inventory."
"ADDED","Gait\dataset_a\other\ml-00_1-020.png","","873","","29290A23FFB9F0031A278945FF1EAA9090D51CF8EC1B4B38BC9284AD26E7D7EA","Extracted Dataset A file appeared during inventory."
"ADDED","Gait\dataset_a\other\ml-00_1-023.png","","847","","BB1B88E13117C2C21DFF7D98403B8A470DC0E582C2BD800F18EBE773B22D97F9","Extracted Dataset A file appeared during inventory."
"ADDED","Gait\dataset_a\other\ml-00_1-024.png","","786","","BC15780E8B8B8286A2B19BD3713452F4E6935485C511C2006135065F475D0F79","Extracted Dataset A file appeared during inventory."
"ADDED","Gait\dataset_a\other\ml-00_1-025.png","","780","","C982C3538FAA745E1F0BEBE0F68030A946F80C188F6ACA8191539E559D4808BA","Extracted Dataset A file appeared during inventory."
"ADDED","Gait\dataset_a\other\ml-00_1-026.png","","779","","E4567986CF78B4B134CA5C2D5539DD7A21EA9FD7EEEF949EA0642964ACC1AE39","Extracted Dataset A file appeared during inventory."
"ADDED","Gait\dataset_a\other\ml-00_1-027.png","","779","","3492D42505F3C81EB321390C001988D80EAC4F1C5156F6EDDAF65DA1322C24E2","Extracted Dataset A file appeared during inventory."
"ADDED","Gait\dataset_a\other\ml-00_1-028.png","","845","","C0F3794863A48F8175B76DBB3C62CAA450A9AAFB9B2809994DDA0225CEAF6AE4","Extracted Dataset A file appeared during inventory."
"ADDED","Gait\dataset_a\other\ml-00_1-029.png","","939","","7313D082CF9001661EDE9B6E3F5F734FC0748457A5643A3A91899501850460EF","Extracted Dataset A file appeared during inventory."
"ADDED","Gait\dataset_a\other\ml-00_1-030.png","","899","","8BDA1BB77D697455707A36C9046835CD6F1B64ACD63AAD204E32D9CDB444D14A","Extracted Dataset A file appeared during inventory."
"ADDED","Gait\dataset_a\other\ml-00_1-033.png","","933","","03F9962A807C019936CDBD3C78B3529C395CFF2E18658551C1F5CC6DFDA185C3","Extracted Dataset A file appeared during inventory."
"ADDED","Gait\dataset_a\other\ml-00_1-036.png","","835","","77095BE4A399B8F524CA071652CDA5FAEE26CD49002DB3565287F7BF53B0413B","Extracted Dataset A file appeared during inventory."
"ADDED","Gait\dataset_a\other\ml-00_1-037.png","","821","","833204C9AD49078FE682B1701D0088C4959CCAFFD4019D5930A6933A7D0630AB","Extracted Dataset A file appeared during inventory."
"ADDED","Gait\dataset_a\other\ml-00_1-038.png","","806","","9D60DD398A7E55250272C664783267ED369BA6D002BE0A76A1D523547531EE45","Extracted Dataset A file appeared during inventory."
"ADDED","Gait\dataset_a\other\ml-00_1-039.png","","781","","DCDFEEC4D1B50961074DFAF1F91A4A2C179F722A73154916760AEA3E418FCE93","Extracted Dataset A file appeared during inventory."
"ADDED","Gait\dataset_a\other\ml-00_1-040.png","","773","","EF3638A082DE837F8E14BDC82E945420F1EA8BA472DBA9B63D676993FE0C5073","Extracted Dataset A file appeared during inventory."
"ADDED","Gait\dataset_a\other\ml-00_1-041.png","","814","","2A1B5070F07D407AE6DC72A4A9AF00642CE895A806D307941389251707661C8B","Extracted Dataset A file appeared during inventory."
"ADDED","Gait\dataset_a\other\ml-00_1-042.png","","870","","ADAD05AE0C3056FF36C34FE0F39D6D696FC450DC23F38F1C31906492C506C8FB","Extracted Dataset A file appeared during inventory."
"ADDED","Gait\dataset_a\other\ml-00_1-043.png","","885","","0FF0D92E4FED3D0E6E04AABD695D9C51B056A2D995331014AFBAA33563E7E5FB","Extracted Dataset A file appeared during inventory."
"ADDED","Gait\dataset_a\other\ml-00_1-048.png","","815","","59FC817C9191837A360DB4831C0254D2F88F06B78D370F7487D8E71C88041E38","Extracted Dataset A file appeared during inventory."
"ADDED","Gait\dataset_a\other\ml-00_1-049.png","","743","","506F6EAC361A98E25B37643A96E6F9F62DE00E192F603951365789CB29432EEB","Extracted Dataset A file appeared during inventory."
"ADDED","Gait\dataset_a\other\ml-00_1-050.png","","693","","810C98E5C4866C5FE65602E8457D5EA9128ED6EE40A00B0BC97BBA512078160D","Extracted Dataset A file appeared during inventory."
"ADDED","Gait\dataset_a\other\ml-00_1-051.png","","699","","633EACCE0CBE8AA913A05FE2C16F324C41FB4C87CECC60783BE9BA008BEBDC63","Extracted Dataset A file appeared during inventory."
"ADDED","Gait\dataset_a\other\ml-00_1-052.png","","712","","714D26608B2FC88CA2D006AA60A07977B1E8CA3C845B5A704E8AF83659C89990","Extracted Dataset A file appeared during inventory."
"ADDED","Gait\dataset_a\other\ml-00_1-053.png","","713","","ED51D2517D22DAEEB053819F265B19163EF6BF713D600B962AD3DE01810E273F","Extracted Dataset A file appeared during inventory."
"ADDED","Gait\dataset_a\other\ml-00_1-054.png","","771","","6F4028908917624C6D98A67AEC56E567CE76324C6509AA23BCEC9B9E639BD752","Extracted Dataset A file appeared during inventory."
"ADDED","Gait\dataset_a\other\ml-00_1-055.png","","772","","4AAE14CE85F3858785BFE472351D28044657C147CB88344CC172A7D7A00E6648","Extracted Dataset A file appeared during inventory."
"ADDED","Gait\dataset_a\other\ml-00_1-056.png","","801","","AC8EE1269C9FE7ED55DF86791275A8F4EB587C652FA923D2EBF207A7D4BBABFA","Extracted Dataset A file appeared during inventory."
"ADDED","Gait\dataset_a\other\ml-00_1-058.png","","842","","A6633CF8862FF6ABC9947D8E6EFACCCD173CF74DA1EEE6C2175AE1BE96D013E8","Extracted Dataset A file appeared during inventory."
"ADDED","Gait\dataset_a\other\ml-00_1-059.png","","814","","2E213817C4EFBF057A7800899D154E8B355C6F3E68DD055F3352B19BACC1FDB0","Extracted Dataset A file appeared during inventory."
"ADDED","Gait\dataset_a\other\ml-00_1-062.png","","715","","C0A625C707D0BBC83DAFA455D9391C546030CF3E33EE7A4866C561D0899847B6","Extracted Dataset A file appeared during inventory."
"ADDED","Gait\dataset_a\other\ml-00_2-001.png","","700","","38BC215934EAE1CED5F299EC703B6068AFEEEE88D3A18462F822FD91348713BB","Extracted Dataset A file appeared during inventory."
"ADDED","Gait\dataset_a\other\ml-00_2-004.png","","839","","2A604B4B2DCC7D393BF2CF484B3BCF01B2B08EEDE86288BD3632296F5E0ECC37","Extracted Dataset A file appeared during inventory."
"ADDED","Gait\dataset_a\other\ml-00_2-005.png","","842","","EB5223C5D876F900353B54D3C9E89E74F353D6B0438737BA0C6526102906E183","Extracted Dataset A file appeared during inventory."
"ADDED","Gait\dataset_a\other\ml-00_2-008.png","","734","","501ED715BC3AC63EEB8248AA4E28A175A945356EBC1A3F8EEBE0B3FA195E9CDB","Extracted Dataset A file appeared during inventory."
"ADDED","Gait\dataset_a\other\ml-00_2-009.png","","735","","2BC8A0B91DFFC6CC03F4047EFA85509361F20DCADFC53D9F7A8EF2183AC4A661","Extracted Dataset A file appeared during inventory."
"ADDED","Gait\dataset_a\other\ml-00_2-010.png","","731","","C18F6C90CCC666693E5BE5BC46497A6260431FBA1AF27983E3C034A9E78F2E64","Extracted Dataset A file appeared during inventory."
"ADDED","Gait\dataset_a\other\ml-00_2-011.png","","695","","283CCCEEBD25495B4AD9E96502FA17A6B5463AA129EECCEF9939E66CB2DDCB80","Extracted Dataset A file appeared during inventory."
"ADDED","Gait\dataset_a\other\ml-00_2-012.png","","709","","FC42C81D0BDA190789C63EAEECBAC1C01E3C52CEB6930B13B127A2140486A22E","Extracted Dataset A file appeared during inventory."
"ADDED","Gait\dataset_a\other\ml-00_2-013.png","","775","","431024AA875EB173D288EF6C99D9655D77CFE171FC3081252F33F0506A06FEDE","Extracted Dataset A file appeared during inventory."
"ADDED","Gait\dataset_a\other\ml-00_2-014.png","","832","","5FFE6F31B0CFBF11067272078490FA783D18F36DD8C9C65A6DBC8D33991DCDD0","Extracted Dataset A file appeared during inventory."
"ADDED","Gait\dataset_a\other\ml-00_2-015.png","","894","","0B01FEBCBB48905D70816CEEB2031FE519E05DCBD80809B2B3C7B9D675F0F417","Extracted Dataset A file appeared during inventory."
"ADDED","Gait\dataset_a\other\ml-00_2-017.png","","935","","84A301FA66F1E320D0CDD49B73B3520323D694161E7315D1BFB0314E94E678FB","Extracted Dataset A file appeared during inventory."
"ADDED","Gait\dataset_a\other\ml-00_2-020.png","","819","","A841EBBED75417F76599E1A5A52213176411C4DD107164FCC8C35F691226C2BA","Extracted Dataset A file appeared during inventory."
"ADDED","Gait\dataset_a\other\ml-00_2-021.png","","788","","F3F5DC92C57B89C40DD96DFE56AA7A44BAF0F661534E1FC06D5DCF5DF63D24E6","Extracted Dataset A file appeared during inventory."
"ADDED","Gait\dataset_a\other\ml-00_2-022.png","","785","","6829D64C162570A7637043D7AD65B50FC4B3A6EB4B49985C0239026128A56A47","Extracted Dataset A file appeared during inventory."
"ADDED","Gait\dataset_a\other\ml-00_2-023.png","","760","","DAA43754C497CC14F1182EA838C1FCC1BAADFAAFA83A07631072C810A2DC431C","Extracted Dataset A file appeared during inventory."
"ADDED","Gait\dataset_a\other\ml-00_2-024.png","","784","","35E45FE27F27C9E878E1C001F26780BE43AF75BA849A7631473AFBBF077A6B86","Extracted Dataset A file appeared during inventory."
"ADDED","Gait\dataset_a\other\ml-00_2-025.png","","858","","4ADF32B7898417C3B1F919A8C372A0970E319249CC91B85B755048D12F24E338","Extracted Dataset A file appeared during inventory."
"ADDED","Gait\dataset_a\other\ml-00_2-026.png","","896","","0163C94F58C4508BD474A696C7B846A59465D4141DA8744D8BCF3C32CA96A61E","Extracted Dataset A file appeared during inventory."
"ADDED","Gait\dataset_a\other\ml-00_2-027.png","","932","","DF05DBCDD453D2610110947FF33CF0F11443AAED5A228BC420CBD285EA710A76","Extracted Dataset A file appeared during inventory."
"ADDED","Gait\dataset_a\other\ml-00_2-029.png","","935","","F05017C42EB0E6B647C18E6A989A7AA28F15DA87F034B8C28ABF3CFCDCDB9336","Extracted Dataset A file appeared during inventory."
"ADDED","Gait\dataset_a\other\ml-00_2-030.png","","986","","52A07BA8484626075F83670F032F17F3EFAF09D3CDD1E52681C16EEA34B468BF","Extracted Dataset A file appeared during inventory."
"ADDED","Gait\dataset_a\other\ml-00_2-033.png","","881","","02F89AE9CD704E28415C1E1129E992C3A634BE50A6E37C6F3C4EC090A3433582","Extracted Dataset A file appeared during inventory."
"ADDED","Gait\dataset_a\other\ml-00_2-034.png","","849","","898550343D2A5C338F9F1BC63CA354419475FF44A32060AD141764A208B0A8AF","Extracted Dataset A file appeared during inventory."
"ADDED","Gait\dataset_a\other\ml-00_2-035.png","","792","","E52CA04BC9E611AC322B9E2B703B8472DB36E7266295D7B862089D7EA4C8B726","Extracted Dataset A file appeared during inventory."
"ADDED","Gait\dataset_a\other\ml-00_2-036.png","","771","","7A90A8C4E11D36D45F8351B0B46652DC13CDDF5D005C7D29608F5A389898A463","Extracted Dataset A file appeared during inventory."
"ADDED","Gait\dataset_a\other\ml-00_2-037.png","","806","","625707FAEDC3FBB5921DF0A7154785B044E6CB037C14B6BD523A6066187FB8A7","Extracted Dataset A file appeared during inventory."
"ADDED","Gait\dataset_a\other\ml-00_2-038.png","","885","","176EB47D3CCEC67AA2A6F1FDD2E9EDB4E2415FB7CF9AF34DF6BE35A73BC2591D","Extracted Dataset A file appeared during inventory."
"ADDED","Gait\dataset_a\other\ml-00_2-039.png","","908","","9292974CFBD26234F65297D176FDC692A42EAD6DF22DC2739ECCE9E3A3383CC7","Extracted Dataset A file appeared during inventory."
"ADDED","Gait\dataset_a\other\ml-00_2-040.png","","884","","B6BB4D089E51D2BD3CB0D4FC1EA05962E54849A793FABCD6075123D4C8F9F0B0","Extracted Dataset A file appeared during inventory."
"ADDED","Gait\dataset_a\other\ml-00_2-041.png","","901","","870458F48E6087C9E4F85D8067483F996BCE466DAC6610CCA1C90575A290A4D4","Extracted Dataset A file appeared during inventory."
"ADDED","Gait\dataset_a\other\ml-00_2-043.png","","822","","3DC6DC533EB63A886689D730DFB6165DC06A2E2B7E3E220B05384EED93F3A2BC","Extracted Dataset A file appeared during inventory."
"ADDED","Gait\dataset_a\other\ml-00_2-046.png","","800","","B4050F32975206D49E6728EF5F628431BDC8D9CC3B5BBBE0C37FDB30217C5094","Extracted Dataset A file appeared during inventory."
"ADDED","Gait\dataset_a\other\ml-00_2-047.png","","766","","383866374769420DF5E077FB26E21A6DB34EFBDE3E9C4D180E4515C97C7D1DEA","Extracted Dataset A file appeared during inventory."
"ADDED","Gait\dataset_a\other\ml-00_2-048.png","","768","","03D7BA3631DE4F5A286B61A36888BAB0733073716878365CCF73C40F687C8B7D","Extracted Dataset A file appeared during inventory."
"ADDED","Gait\dataset_a\other\ml-00_2-049.png","","744","","21973D96273747CAD18F87D6D3FE87B95A1F9F0001FCC50117C3BFBAC3A0932B","Extracted Dataset A file appeared during inventory."
"ADDED","Gait\dataset_a\other\ml-00_2-050.png","","780","","D982D33B9637A9A097C8D8EC9921A62EEBF2160B0BFA23A3D65DA07B8C288028","Extracted Dataset A file appeared during inventory."
"ADDED","Gait\dataset_a\other\ml-00_2-051.png","","826","","52AED85A1865F546143DFC4A2A2B0543E44E84BCE9D9C06742B6066CA11DE428","Extracted Dataset A file appeared during inventory."
"ADDED","Gait\dataset_a\other\ml-00_2-052.png","","881","","600CA3C8B69981D4A1EA1278FEF3C727F916DEEEBC086AEB809F5DB991DCE3B9","Extracted Dataset A file appeared during inventory."
"ADDED","Gait\dataset_a\other\ml-00_2-053.png","","901","","A48F179865E71DAFCA7A952ED769F302220BA495F5959BF4A3E6D9B9FC027AE0","Extracted Dataset A file appeared during inventory."
"ADDED","Gait\dataset_a\other\ml-00_2-056.png","","873","","992B7E4BAE75A3C76164B0C0F278ECD525CED24CCA95888E63FD225922F6A9E5","Extracted Dataset A file appeared during inventory."
"ADDED","Gait\dataset_a\other\ml-00_2-059.png","","763","","1A71BA86E4F11EAF4998D75F551C170512A64750F4B2A7022EFA428E53CCF61E","Extracted Dataset A file appeared during inventory."
"ADDED","Gait\dataset_a\other\ml-00_2-060.png","","738","","9793FDDC677BF2FE01242F157B12EBA9955B1A2809F3188529B0F918FD1CBFF2","Extracted Dataset A file appeared during inventory."
"ADDED","Gait\dataset_a\other\ml-00_2-061.png","","724","","DD80B1FE56E40D691443873CEA80C748D6D46ABB89418654CCA876A6A55F476F","Extracted Dataset A file appeared during inventory."
"ADDED","Gait\dataset_a\other\ml-00_2-062.png","","737","","F3C2B201722A282AA645ACBBF8F3946DB1211E53A38A250A2ACDEBC266AB7251","Extracted Dataset A file appeared during inventory."
"ADDED","Gait\dataset_a\other\ml-00_2-063.png","","754","","2F87B6E39DEA19CE3AA8A5DF8B8EA1CAACDE0FCE1D476BFC7DE7072C572AC571","Extracted Dataset A file appeared during inventory."
"ADDED","Gait\dataset_a\other\ml-00_3-001.png","","737","","9785E41E174F4B7B187FB712774D7F4C03F6581975A62940760E72FCABB3483D","Extracted Dataset A file appeared during inventory."
"ADDED","Gait\dataset_a\other\ml-00_3-002.png","","815","","F91493DA5CA3EF157F929F0AEFEA7EE7451B8C394AF83375F788AC9AC951B132","Extracted Dataset A file appeared during inventory."
"ADDED","Gait\dataset_a\other\ml-00_3-005.png","","872","","8E81FBFD78A8BE72AA95D289A836EDB12204356874E8DCC06AAD8AE66DD5BBFB","Extracted Dataset A file appeared during inventory."
"ADDED","Gait\dataset_a\other\ml-00_3-006.png","","848","","26B640BF7719566C86BB123D475B7396BC827BBA2212D3A373B9DB1859F113AC","Extracted Dataset A file appeared during inventory."
"ADDED","Gait\dataset_a\other\ml-00_3-009.png","","763","","122D1A6FA6AF5DFD89D004929D380B2697975167EB7CA78D31CF7E6179567E59","Extracted Dataset A file appeared during inventory."
"ADDED","Gait\dataset_a\other\ml-00_3-010.png","","736","","F617CD3F2D7FF925C145777F8B52ABAB7EB8DA98EA5CCE7872613F8C9C938BD4","Extracted Dataset A file appeared during inventory."
"ADDED","Gait\dataset_a\other\ml-00_3-011.png","","717","","6C970287CE120F317E4CFF09CBED7659250ABFBEC1D1181B623915B06C617134","Extracted Dataset A file appeared during inventory."
"ADDED","Gait\dataset_a\other\ml-00_3-012.png","","693","","3587DADE2EE87C3D813738707091D26D41010618BDB99109FD42998A28C52847","Extracted Dataset A file appeared during inventory."
"ADDED","Gait\dataset_a\other\ml-00_3-013.png","","739","","7148FFA058B1C38451E59F5A20D69C1EAC7DDE1EC92FAE66EFC85B7A1FD9439C","Extracted Dataset A file appeared during inventory."
"ADDED","Gait\dataset_a\other\ml-00_3-014.png","","724","","8AD50EE56A1225ABE0EFEFEA4ACC29BD32A803FD268F57DAFBD2B5B97214506B","Extracted Dataset A file appeared during inventory."
"ADDED","Gait\dataset_a\other\ml-00_3-015.png","","824","","8C2FE203CC0EAD53FD9AB06B65DA86302BA94D5CF29143C208E192F63DE41612","Extracted Dataset A file appeared during inventory."
"ADDED","Gait\dataset_a\other\ml-00_3-016.png","","873","","BFFA8557DA0DC9C59CD75499AB133923287073139DDCF8E511E1DAB97D38603F","Extracted Dataset A file appeared during inventory."
"ADDED","Gait\dataset_a\other\ml-00_3-018.png","","895","","758620F6FBD76382905E8EFE608AC7E9F8CCE33D7D384DE7C3F51D2ED66C1796","Extracted Dataset A file appeared during inventory."
"ADDED","Gait\dataset_a\other\ml-00_3-019.png","","856","","FFDFA138C0CF43D98A9CC4D0F1F989FBA0034FA7CCC101E0EC46C443EA956FCE","Extracted Dataset A file appeared during inventory."
"ADDED","Gait\dataset_a\other\ml-00_3-021.png","","745","","EF39EA25CD6E1C0623AB97C4D31CA6DB500BD9DAB05CD556BC916BDE65A9AED4","Extracted Dataset A file appeared during inventory."
"ADDED","Gait\dataset_a\other\ml-00_3-022.png","","804","","713AB9ACE23DE04A7CFF04E8F4EB8AF655AB50E4AB248693060B53C45F0F30EC","Extracted Dataset A file appeared during inventory."
"ADDED","Gait\dataset_a\other\ml-00_3-023.png","","782","","0CDE0E106D7B3796D88C971C2490FDD7964CD369C307442DEF68B3ADF6EDB5D7","Extracted Dataset A file appeared during inventory."
"ADDED","Gait\dataset_a\other\ml-00_3-024.png","","766","","1502569AAA83F92CDF2A2A03870B2A43232F32768FE3676844EC38497185176A","Extracted Dataset A file appeared during inventory."
"ADDED","Gait\dataset_a\other\ml-00_3-025.png","","830","","E0B780427B07E041472ADD05633799812A7FC7A4ECA8D4F594A5AB7E12AB1148","Extracted Dataset A file appeared during inventory."
"ADDED","Gait\dataset_a\other\ml-00_3-026.png","","781","","6C08C0015E629FAACA5236B2EE1EB650B67A744039CDF203FB06745E764585AB","Extracted Dataset A file appeared during inventory."
"ADDED","Gait\dataset_a\other\ml-00_3-027.png","","939","","746DEFBD2CDD5CF5DB5D45DDB607C5709ACAC1D91A0A5E58613F7ADF9D810EE9","Extracted Dataset A file appeared during inventory."
"ADDED","Gait\dataset_a\other\ml-00_3-028.png","","917","","AE91CF9C69F4A46AE99BCD22740E984EA6117CD5749413562B32DED6F382C5AD","Extracted Dataset A file appeared during inventory."
"ADDED","Gait\dataset_a\other\ml-00_3-029.png","","941","","365CDA985D499639350F0E6B441E4177FD3E9272BC89F57BCDA67E05AAA6D391","Extracted Dataset A file appeared during inventory."
"ADDED","Gait\dataset_a\other\ml-00_3-031.png","","909","","83041616B028885D91DA4631C9D2DAF451487C315FE9ABC68FBB4BFACEFFBF22","Extracted Dataset A file appeared during inventory."
"ADDED","Gait\dataset_a\other\ml-00_3-034.png","","832","","FCC85AC8E028C11C15176BEA73D2D4DAD9CC031544026FBA6C0E4FF313ED284E","Extracted Dataset A file appeared during inventory."
"ADDED","Gait\dataset_a\other\ml-00_3-035.png","","842","","B00F346B388197C50E224F63A1B85C24542B6665E60016B6C1D391F1B5C0A7A2","Extracted Dataset A file appeared during inventory."
"ADDED","Gait\dataset_a\other\ml-00_3-036.png","","790","","17DBB971D6E5987BE2FE32A52EFAB502EB09000984A6288C5D213BE5AE8D4F7E","Extracted Dataset A file appeared during inventory."
"ADDED","Gait\dataset_a\other\ml-00_3-037.png","","779","","037EF5B04149036B13F383F97278F93079D3367F42AC4DBC257DF5AAE33F7247","Extracted Dataset A file appeared during inventory."
"ADDED","Gait\dataset_a\other\ml-00_3-038.png","","759","","D52C56F6C4469CCB06AAE4E1D6534E0F77978F3FD96881BE0B04BAD664476E4C","Extracted Dataset A file appeared during inventory."
"ADDED","Gait\dataset_a\other\ml-00_3-039.png","","756","","536B37BA124D3D8DA7C79A149AE77F51FEF0323E3F2E48CC8BA2DFE7141DA662","Extracted Dataset A file appeared during inventory."
"ADDED","Gait\dataset_a\other\ml-00_3-040.png","","842","","34F8D0C5B6B852094DDD4B3F6C7B08817B53837F02BC41A2A2753641728B4F0E","Extracted Dataset A file appeared during inventory."
"ADDED","Gait\dataset_a\other\ml-00_3-041.png","","877","","7D026EFD757E4007F203A5C9576CD88B3ED9A21524851A1E5998C7C81C8C85E3","Extracted Dataset A file appeared during inventory."
"ADDED","Gait\dataset_a\other\ml-00_3-044.png","","890","","70E47B25EB0132C5F1DEF326B753A040A9241AB1E315F9C99ACB5AA26754EEA4","Extracted Dataset A file appeared during inventory."
"ADDED","Gait\dataset_a\other\ml-00_3-047.png","","733","","CE46FC21376D2C7A7FAB7E18DD1C7C750813E0CE4F6DEDBD5CD9CF829DC8A63A","Extracted Dataset A file appeared during inventory."
"ADDED","Gait\dataset_a\other\ml-00_3-048.png","","704","","554C29943E490567DFD70806529438DEF950C0ECEB3322FD9B88C36B071C08BA","Extracted Dataset A file appeared during inventory."
"ADDED","Gait\dataset_a\other\ml-00_3-049.png","","695","","483838E031D38AE9CBD36D94357E9307F321EB258718E7DB5A8C35E8DAD37483","Extracted Dataset A file appeared during inventory."
"ADDED","Gait\dataset_a\other\ml-00_3-050.png","","698","","764A2852127086F2DE5EEB3B9E256BE1406A8F6B5F7F240CF04BB0FA630BC60A","Extracted Dataset A file appeared during inventory."
"ADDED","Gait\dataset_a\other\ml-00_3-051.png","","706","","D7764AFC8D8579F7603FCA02988244FF4E1BA9E358FB14571645A42B73B5E6BE","Extracted Dataset A file appeared during inventory."
"ADDED","Gait\dataset_a\other\ml-00_3-052.png","","768","","9E36611BB622D31FCF9101E59172444B1DA4073D863C37B665EE6C5CF26C181B","Extracted Dataset A file appeared during inventory."
"ADDED","Gait\dataset_a\other\ml-00_3-053.png","","761","","7DC2CD12E97BB230413DE7F8E19E53C5E3001DA70781D0C0C6B4C5DE3858E18D","Extracted Dataset A file appeared during inventory."
"ADDED","Gait\dataset_a\other\ml-00_3-054.png","","777","","E2E3CA3367FA5022D96B5C1D768C449EA7CC58069C11B4B8835814260FA847EF","Extracted Dataset A file appeared during inventory."
"ADDED","Gait\dataset_a\other\ml-00_3-055.png","","804","","DAFD704DF8D0D617D6D230DA4B3E074FB357C550750DA04B848679B5781DC84A","Extracted Dataset A file appeared during inventory."
"ADDED","Gait\dataset_a\other\ml-00_3-057.png","","757","","3C624DD7709E8C15D6A03B55322D9DEB68CD800F554D0C4504E95CFE7900AC3C","Extracted Dataset A file appeared during inventory."
"ADDED","Gait\dataset_a\other\ml-00_3-060.png","","757","","30B5909F5144395F87623331AFF799682ECFE71EA1103B8F8DFF6044F85621F8","Extracted Dataset A file appeared during inventory."
"ADDED","Gait\dataset_a\other\ml-00_3-061.png","","728","","FE5C0072DE2BDB77EFAB117528A36B7F1D45D2EA3FFD2902854BC0AB55F3FC80","Extracted Dataset A file appeared during inventory."
"ADDED","Gait\dataset_a\other\ml-00_3-062.png","","655","","67D07AA679630AB0FB0D115031AEDB99743074C7755AFA775B6C921AC32D28DD","Extracted Dataset A file appeared during inventory."
"ADDED","Gait\dataset_a\other\ml-00_4-001.png","","720","","4D226FF8C0DEA5FD63C6807DCD896448EB95CAA5CD25E99222B229E2DE403AAB","Extracted Dataset A file appeared during inventory."
"ADDED","Gait\dataset_a\other\ml-00_4-002.png","","680","","7BECCCE0D86262AB1FE9E01A98ECF9B1AD1952E9B96030D3E3BE33B58C5AD8B3","Extracted Dataset A file appeared during inventory."
"ADDED","Gait\dataset_a\other\ml-00_4-003.png","","677","","1E3F738850C279617A6BBDB344CE78AC057EA5EE9D3F72DF8A99BFD57CF5328A","Extracted Dataset A file appeared during inventory."
"ADDED","Gait\dataset_a\other\ml-00_4-004.png","","680","","8C2A9490C01CB711F36FC63615CB09CF0B7C1709230884A00900A69F075A0D2F","Extracted Dataset A file appeared during inventory."
"ADDED","Gait\dataset_a\other\ml-00_4-005.png","","759","","ECE17B2BB7EB14F0FE460BC9488152F4297C1B77D0EC3174B845C57148077AC4","Extracted Dataset A file appeared during inventory."
"ADDED","Gait\dataset_a\other\ml-00_4-006.png","","802","","4B3326C402BE8A7A2A76D976EAE14A85D1DEBCFB6C2B284001710CB95F7FE20F","Extracted Dataset A file appeared during inventory."
"ADDED","Gait\dataset_a\other\ml-00_4-007.png","","850","","22DC7436C632C2A76878C9AE62C7BC06D2F255FBC48C6FA9DB28AB00CEAC0F66","Extracted Dataset A file appeared during inventory."
"ADDED","Gait\dataset_a\other\ml-00_4-009.png","","862","","FD8704FFC54A60F0356F043F109577DD0012ADF9B82462C3AA84C4574E9D0AC8","Extracted Dataset A file appeared during inventory."
"ADDED","Gait\dataset_a\other\ml-00_4-012.png","","762","","F74B37170BC9AA7959EEF08EE95F2C28A51A1B464113B816ADAA1CC033D3B6B0","Extracted Dataset A file appeared during inventory."
"ADDED","Gait\dataset_a\other\ml-00_4-013.png","","725","","0B2AA43FF5C9A88182C36B55CFC2327ACB7A5B33B89B268F45865D5C94CDE065","Extracted Dataset A file appeared during inventory."
"ADDED","Gait\dataset_a\other\ml-00_4-014.png","","735","","211180807F72CEFEA066BAA671AA076EFBFFE1673CA3E0C0C4134FFF4D564E65","Extracted Dataset A file appeared during inventory."
"ADDED","Gait\dataset_a\other\ml-00_4-015.png","","685","","06F97814CECABBCC63AB7F294DC7C49E28F3A59597BA725DED0675470DB2077F","Extracted Dataset A file appeared during inventory."
"ADDED","Gait\dataset_a\other\ml-00_4-016.png","","710","","4CE45E174F80AF087C14C0B2B01D34BA8FE654CE00C340DB7834D80C4F3081CB","Extracted Dataset A file appeared during inventory."
"ADDED","Gait\dataset_a\other\ml-00_4-017.png","","777","","414EB20290A233B418E565D1344CD59A37856EE268808920BDF5794D7D885DB0","Extracted Dataset A file appeared during inventory."
"ADDED","Gait\dataset_a\other\ml-00_4-018.png","","791","","1C04A608B56130D4ACCC7AD43280CD8E0D496126EEDEB64FBCA8C5C62630CDDF","Extracted Dataset A file appeared during inventory."
"ADDED","Gait\dataset_a\other\ml-00_4-019.png","","861","","D42CD4060B5502175AEF2150A58CB287683CF692403B999BCAA55BC27728D751","Extracted Dataset A file appeared during inventory."
"ADDED","Gait\dataset_a\other\ml-00_4-020.png","","892","","D7EEBE29FE0F1B6574E45EA0A74F9AA47DDF4E32D77638A1F7AB64936E90210F","Extracted Dataset A file appeared during inventory."
"ADDED","Gait\dataset_a\other\ml-00_4-024.png","","790","","5359A9EE9E92C67FD495E2B5A70506E5913FAD8FCF5FABE86D104F165232A237","Extracted Dataset A file appeared during inventory."
"ADDED","Gait\dataset_a\other\ml-00_4-025.png","","776","","87C973CD91BB740D82023422DF95C2123EE34CC1C7A51653DB0261E394C736AC","Extracted Dataset A file appeared during inventory."
"ADDED","Gait\dataset_a\other\ml-00_4-026.png","","782","","8501C2B8A018B7D137AEF1767DC71CBA9058EC5DE614C71B015D80B766C5299C","Extracted Dataset A file appeared during inventory."
"ADDED","Gait\dataset_a\other\ml-00_4-027.png","","770","","91624F6917AB18C380A595B01DFA779D223FEFBE14D592F1E334F50B62B43601","Extracted Dataset A file appeared during inventory."
"ADDED","Gait\dataset_a\other\ml-00_4-028.png","","759","","4A619F35D31EB8ED4B17C3B40DB86FC56F2FA232AAD1B9C67C2A0971FD9DC737","Extracted Dataset A file appeared during inventory."
"ADDED","Gait\dataset_a\other\ml-00_4-029.png","","821","","78E4D98A6D81AC8ADF842D63B0A70A418E3992AA65D01722EB9C8E8FE36BCA30","Extracted Dataset A file appeared during inventory."
"ADDED","Gait\dataset_a\other\ml-00_4-030.png","","852","","346AF05184CF6F7A600D2D2CECD7CAF0EB2563A6BBF899FDFCD663B3830DEFDF","Extracted Dataset A file appeared during inventory."
"ADDED","Gait\dataset_a\other\ml-00_4-031.png","","920","","6C06C774D58BD90AE852FD800742983E8A097995A9AC12E064192F693C676025","Extracted Dataset A file appeared during inventory."
"ADDED","Gait\dataset_a\other\ml-00_4-032.png","","929","","6F24FA0AD5B6D3FBF6F0C868E245BF16A45301F0AD94011F0440C3D9FA1B5746","Extracted Dataset A file appeared during inventory."
"ADDED","Gait\dataset_a\other\ml-00_4-034.png","","870","","F59CB38A4B09B2CDFFA36FEFBCA74B68C77361C2E8BE7C106B47BBAAB9E743BB","Extracted Dataset A file appeared during inventory."
"ADDED","Gait\dataset_a\other\ml-00_4-036.png","","797","","77DB9DB645E78A69DE21D916191ADB7533FC62BF8D6C7654F5896E9FE584ED14","Extracted Dataset A file appeared during inventory."
"ADDED","Gait\dataset_a\other\ml-00_4-037.png","","792","","346A894D970CCE5AC20555D3CEF43D505FB6740CD424516D8EC037A06E6BDBF2","Extracted Dataset A file appeared during inventory."
"ADDED","Gait\dataset_a\other\ml-00_4-038.png","","750","","0F7F48EFBBA5FE9A0BD624B1E2DC671B00D64DC3393D314F8D1069108CB27008","Extracted Dataset A file appeared during inventory."
"ADDED","Gait\dataset_a\other\ml-00_4-039.png","","665","","4FE76F34E1C4401E4F781EC3A9B99A4E228CE65AC1E11D9DCE500EECA34F3CC8","Extracted Dataset A file appeared during inventory."
"ADDED","Gait\dataset_a\other\ml-00_4-040.png","","623","","B4B6E0204963D9111178A04B56D6DE6DCC8C1AB41AF58CEEF71863E64A426BC9","Extracted Dataset A file appeared during inventory."
"ADDED","Gait\dataset_a\other\ml-00_4-041.png","","666","","23D99FCE01AC0501754C11761CED0D13C427F2ABF3A578D4C33E4401F6E7D672","Extracted Dataset A file appeared during inventory."
"ADDED","Gait\dataset_a\other\ml-00_4-042.png","","791","","E19838E9B6D97581DB317B7A3F244FEBCA47D4793FA1DB71127A26B0EFAD800E","Extracted Dataset A file appeared during inventory."
"ADDED","Gait\dataset_a\other\ml-00_4-043.png","","811","","FA0034A079DE0C79AEAF518810996757931C9730962257B048C6ADDDCC557699","Extracted Dataset A file appeared during inventory."
"ADDED","Gait\dataset_a\other\ml-00_4-044.png","","834","","60186001996CA7DFCFD65A1DFCF13AA4396EB576EFF93B76802A8650C557970A","Extracted Dataset A file appeared during inventory."
"ADDED","Gait\dataset_a\other\ml-00_4-046.png","","866","","52C9E2E60001EB4A4CE55E252F0570132F3EF681CCEB8382F40A784CF08E8F41","Extracted Dataset A file appeared during inventory."
"ADDED","Gait\dataset_a\other\ml-00_4-049.png","","744","","B8C00D5E266D1FB274E276F90DA9388AC28FD2A29555FD2B4F898B7FA283054C","Extracted Dataset A file appeared during inventory."
"ADDED","Gait\dataset_a\other\ml-00_4-050.png","","757","","6DD085F31EE61E27E915FFB5622B261C5FE9CB069AE9397F820483FE096DF27E","Extracted Dataset A file appeared during inventory."
"ADDED","Gait\dataset_a\other\ml-00_4-051.png","","713","","357D01564787481757A2ECC78A78720C97998CC60BC1650C8CA2261F550110F0","Extracted Dataset A file appeared during inventory."
"ADDED","Gait\dataset_a\other\ml-00_4-052.png","","701","","9AF771485CB647FD82A2AA89A3E5AD09AF49EA376C072CBB08293454F6A800BD","Extracted Dataset A file appeared during inventory."
"ADDED","Gait\dataset_a\other\ml-00_4-053.png","","724","","807F87A0AB9A9AF8F72FB493D9EEA2584843CED01A1E0717A1314D55C1D6E128","Extracted Dataset A file appeared during inventory."
"ADDED","Gait\dataset_a\other\ml-00_4-054.png","","765","","11029844B0A1D0F58200EA1E955F71A08C391B573058F45F7323D3209D4BE8F2","Extracted Dataset A file appeared during inventory."
"ADDED","Gait\dataset_a\other\ml-00_4-055.png","","787","","3DD3C5B1688D4DE120281609E18C07FC51F0839B3A8423F12BD4D6ED099B2D8F","Extracted Dataset A file appeared during inventory."
"ADDED","Gait\dataset_a\other\ml-00_4-056.png","","804","","794CBA807A4F6210014EAC983A5D613BB0D64938E3D888612D1632AFCEB7B06F","Extracted Dataset A file appeared during inventory."
"ADDED","Gait\dataset_a\other\nhz-00_1-001.png","","762","","546684B09D126157C5B819A7E72B98338082ADD97F55A087B1A7F45F08BEA990","Extracted Dataset A file appeared during inventory."
"ADDED","Gait\dataset_a\other\nhz-00_1-002.png","","718","","B2122B833DD10EB39CD1B0C07EE2607927FC78F6A873A023FBA9035A9443B891","Extracted Dataset A file appeared during inventory."
"ADDED","Gait\dataset_a\other\nhz-00_1-003.png","","705","","8CE96534D5DF124DFB2BD744FB574E9FBEBA51E93805B84C63249F3156A981A9","Extracted Dataset A file appeared during inventory."
"ADDED","Gait\dataset_a\other\nhz-00_1-004.png","","676","","8D73180EA089082355581864B34C6D1913ADD4EE863199E60336A5CA5CE1AE31","Extracted Dataset A file appeared during inventory."
"ADDED","Gait\dataset_a\other\nhz-00_1-005.png","","751","","9BB5D06CA1F4A64FBA72059D626E2B8850436CC5627DC753E171365E592B3D7F","Extracted Dataset A file appeared during inventory."
"ADDED","Gait\dataset_a\other\nhz-00_1-006.png","","813","","C049DD25B18FFAA409588C2CC4AFE5B6C61ED39DA3375AFB8A6ED5A2D4B1266C","Extracted Dataset A file appeared during inventory."
"ADDED","Gait\dataset_a\other\nhz-00_1-007.png","","888","","4F2417F3489063A67E7731F6CA4118B5B1A88802E29DE046EA172BADEE690851","Extracted Dataset A file appeared during inventory."
"ADDED","Gait\dataset_a\other\nhz-00_1-010.png","","866","","DC758D2E0FC328CCA38BC868BB98CA5DB5B4EE232E35962A6D1C297C6DCB7191","Extracted Dataset A file appeared during inventory."
"ADDED","Gait\dataset_a\other\nhz-00_1-011.png","","844","","6A15947C8159542815117F967C623DFF777DA631C7483FC59AA7DC0F3C1DDD66","Extracted Dataset A file appeared during inventory."
"ADDED","Gait\dataset_a\other\nhz-00_1-013.png","","773","","E5CFAC0A5369E70F09189A095A89F79984A2C927EADDC253061BFBE5592D3BDF","Extracted Dataset A file appeared during inventory."
"ADDED","Gait\dataset_a\other\nhz-00_1-014.png","","788","","1FF74430C619EE746AA784D4BC3E0EE53CAD5005EF450047F7139A568C13CBD8","Extracted Dataset A file appeared during inventory."
"ADDED","Gait\dataset_a\other\nhz-00_1-015.png","","771","","9E0D2F51368056C23EC7B60D05F66D2BB7710F1D57FC7D4BE009DB20A39C7C5A","Extracted Dataset A file appeared during inventory."
"ADDED","Gait\dataset_a\other\nhz-00_1-016.png","","773","","BC8806856121B1A1624438F13963A4825D56A0827A198320C2F11439A0995C96","Extracted Dataset A file appeared during inventory."
"ADDED","Gait\dataset_a\other\nhz-00_1-017.png","","760","","845A872DEFFB33E0244A0627908F5710179F2825331CCFFB751A6CEB21C1AB7E","Extracted Dataset A file appeared during inventory."
"ADDED","Gait\dataset_a\other\nhz-00_1-018.png","","861","","28E6C3AA8924F457ABC5A31E8B6AAA1649792ECA64446D9EE8207279983CDB51","Extracted Dataset A file appeared during inventory."
"ADDED","Gait\dataset_a\other\nhz-00_1-023.png","","968","","588B628E81B31F3F0B433B993D9885249F3B9CEAF01D62D30F11611016E1798A","Extracted Dataset A file appeared during inventory."
"ADDED","Gait\dataset_a\other\nhz-00_1-026.png","","816","","C1D2B31FBFE9C3EA866998F61F942A4039544C9332D23A77B3F3364E4838CB73","Extracted Dataset A file appeared during inventory."
"ADDED","Gait\dataset_a\other\nhz-00_1-027.png","","790","","1D0854FEB02F88BAD54CA4C45B08752ABCAE962A4052967EA5E3397046763D7F","Extracted Dataset A file appeared during inventory."
"ADDED","Gait\dataset_a\other\nhz-00_1-028.png","","814","","E63A12B2EFE0BF2829B1ABF52C76C0DDB100ABD96186EDEB87277A3973952891","Extracted Dataset A file appeared during inventory."
"ADDED","Gait\dataset_a\other\nhz-00_1-029.png","","807","","8886BDDC55F13E3A73CD14BFFD7509C649A68B80111BAB79F3A67BF2D301FF9F","Extracted Dataset A file appeared during inventory."
"ADDED","Gait\dataset_a\other\nhz-00_1-030.png","","774","","84390C8942507D597D55474BD2A1387126244A64ADFF00F3C4AD484C71DA54E4","Extracted Dataset A file appeared during inventory."
"ADDED","Gait\dataset_a\other\nhz-00_1-031.png","","842","","42DC3544C4F8E98AD9948D9BB805CCA93E6A1C7E138166AAF11923AC3A66193E","Extracted Dataset A file appeared during inventory."
"ADDED","Gait\dataset_a\other\nhz-00_1-032.png","","832","","ED249153FF795A4A2A72FCD9A91CFFF17C9BF1133F7BDFC46625CBB45F831FDF","Extracted Dataset A file appeared during inventory."
"ADDED","Gait\dataset_a\other\nhz-00_1-036.png","","882","","04CB3BD7269FD0DC4AA7F07A76E0E45463B6C3096790221BA0EE9DD41BAF1155","Extracted Dataset A file appeared during inventory."
"ADDED","Gait\dataset_a\other\nhz-00_1-037.png","","850","","1D40AD1A9928F13D89761A9878EFE7BAD578AB068AA2F2464BC364C835A98714","Extracted Dataset A file appeared during inventory."
"ADDED","Gait\dataset_a\other\nhz-00_1-039.png","","762","","73056BC0E373376E84B2E183505B2D66F61571A34890750ED1390AA34226EA7B","Extracted Dataset A file appeared during inventory."
"ADDED","Gait\dataset_a\other\nhz-00_1-040.png","","752","","DB247DC639AFB9346C09E661B550A28BD99B86160192476A89CD75D183267E57","Extracted Dataset A file appeared during inventory."
"ADDED","Gait\dataset_a\other\nhz-00_1-041.png","","738","","9524AEFCCEBEE303C45921E915DF824E21019593EA8EC599FAE7C1EA66CF96CE","Extracted Dataset A file appeared during inventory."
"ADDED","Gait\dataset_a\other\nhz-00_1-042.png","","700","","6902B766A6A98E08DDBD0923066CEE26369930717D45043F1835E5D4F309528D","Extracted Dataset A file appeared during inventory."
"ADDED","Gait\dataset_a\other\nhz-00_1-043.png","","717","","C48B1A7B314B93869C5BA9ED0E4BD9F81E9D7D175334981F97378124A07A4C3B","Extracted Dataset A file appeared during inventory."
"ADDED","Gait\dataset_a\other\nhz-00_1-044.png","","776","","284BE9E4146B4C52C39D0D12C92358436A6E7BB195BB79094FCD95B49B946C63","Extracted Dataset A file appeared during inventory."
"ADDED","Gait\dataset_a\other\nhz-00_1-045.png","","818","","A910A5508D6A53F48A9CA21734FB0935CE65B6635AE2437E4B4CE2E4FF6706E0","Extracted Dataset A file appeared during inventory."
"ADDED","Gait\dataset_a\other\nhz-00_1-046.png","","855","","FFBE3C2BA75DE8A102FB2F9DFA6462A3042E09A348D7EF023F9ADBBF0D05AA6D","Extracted Dataset A file appeared during inventory."
"ADDED","Gait\dataset_a\other\nhz-00_1-049.png","","843","","CD98866CB9AD4E09FC874C60D0529328D78215CCB604BAC9D96ED08CC9977447","Extracted Dataset A file appeared during inventory."
"ADDED","Gait\dataset_a\other\nhz-00_1-052.png","","718","","58D4B28FEEFBD91E1CE482DF9DA73285F87049BBB781C1F4C09339878A90F81F","Extracted Dataset A file appeared during inventory."
"ADDED","Gait\dataset_a\other\nhz-00_1-053.png","","684","","A0D3975862D4B204E15437A287D4B139AC77E34ADE998E82347527927772E2D9","Extracted Dataset A file appeared during inventory."
"ADDED","Gait\dataset_a\other\nhz-00_1-054.png","","661","","0422CEF6BFAA478B30F579D29432F8604DD25D31E249360B95B8492ACBDFD623","Extracted Dataset A file appeared during inventory."
"ADDED","Gait\dataset_a\other\nhz-00_1-055.png","","631","","05A1150C4F3261D28BE0F9A022A5987BA87FF801A084BB795E156C406BA5E2B1","Extracted Dataset A file appeared during inventory."
"ADDED","Gait\dataset_a\other\nhz-00_1-056.png","","651","","090B77AF20FCE5D37DCDE6F3DED576F4B5774CDBB02B20AF0E3E3C5759F047EB","Extracted Dataset A file appeared during inventory."
"ADDED","Gait\dataset_a\other\nhz-00_2-001.png","","737","","87B406757725F226B843BC56F219740405ED95750DB68E915B0A0EB7EE753BA1","Extracted Dataset A file appeared during inventory."
"ADDED","Gait\dataset_a\other\nhz-00_2-002.png","","706","","FFEB6BF3732DF6F5BA5CD6DA355413421B45DFBE58982B431CA8835A9E665387","Extracted Dataset A file appeared during inventory."
"ADDED","Gait\dataset_a\other\nhz-00_2-003.png","","698","","12C05D7577277FC4A8A56B79BC2608F311F2F8185E4781CDFA7EAE6D488FE5A0","Extracted Dataset A file appeared during inventory."
"ADDED","Gait\dataset_a\other\nhz-00_2-004.png","","674","","5428E033BE8743C85E5464B5B8D5B994A8243E7FDA92A3881FF213F0C6FEC4E1","Extracted Dataset A file appeared during inventory."
"ADDED","Gait\dataset_a\other\nhz-00_2-005.png","","711","","B5D688EEF85E5A934D0DA5E0D544E961B8B1895442E8387B1C853F9E20E02CF3","Extracted Dataset A file appeared during inventory."
"ADDED","Gait\dataset_a\other\nhz-00_2-006.png","","729","","A60CD4DF66C970560C4715CE1FE6015A69FEA4F701828EF3EA938FDD10D97F3D","Extracted Dataset A file appeared during inventory."
"ADDED","Gait\dataset_a\other\nhz-00_2-007.png","","787","","70FBEBF7E3E8A63D75098ACAF1DE1F8B01E79003A936CF736A4592B60AE7629D","Extracted Dataset A file appeared during inventory."
"ADDED","Gait\dataset_a\other\nhz-00_2-008.png","","836","","68E7BFD05CF88BA5F22AC9439721EED531A1B2DA4E5A48A9EFB98FD1B583FD2B","Extracted Dataset A file appeared during inventory."
"ADDED","Gait\dataset_a\other\nhz-00_2-011.png","","831","","1898A572BCB0496D632A9AEC9A3860DDA127C3DCCA9CE2545435D5EB5A079241","Extracted Dataset A file appeared during inventory."
"ADDED","Gait\dataset_a\other\nhz-00_2-012.png","","802","","3B1387864AC1848ED00B6529F1271E95AF9E8AACED827A04D37136A240BD8B42","Extracted Dataset A file appeared during inventory."
"ADDED","Gait\dataset_a\other\nhz-00_2-014.png","","771","","020A9EDC5C2E0B0B1E30E550321BD86C01378D39DC84D9C8698C96DBE0848052","Extracted Dataset A file appeared during inventory."
"ADDED","Gait\dataset_a\other\nhz-00_2-015.png","","764","","4668B6053BC3687EE8D4225C5BFDB8F8FEFC75B09D0DB6AD1C024AD4CEC71457","Extracted Dataset A file appeared during inventory."
"ADDED","Gait\dataset_a\other\nhz-00_2-016.png","","749","","94B5FD9863F9C989598FC1D83A9BF3CFBC1D6EEFD2B621308E0C2A4A39923C31","Extracted Dataset A file appeared during inventory."
"ADDED","Gait\dataset_a\other\nhz-00_2-017.png","","785","","090E07CBD821508CF02B9BE602DBC2F8C4C29F6BE674995E4DA807C3A87C28B9","Extracted Dataset A file appeared during inventory."
"ADDED","Gait\dataset_a\other\nhz-00_2-018.png","","780","","8CF7848CEE78DBDD11EC4DA0EBFC669B7A3A6CF1C4500C89D8F0B3B354405652","Extracted Dataset A file appeared during inventory."
"ADDED","Gait\dataset_a\other\nhz-00_2-019.png","","828","","E7D7728D901E0479D78EBB80747E743B8E75C0EAEAB9915EF84D3E307D376E4A","Extracted Dataset A file appeared during inventory."
"ADDED","Gait\dataset_a\other\nhz-00_2-020.png","","848","","18D27D8F6F9CB0A0EFC9725D7A5FE7271171686109B8FC3D77E8B9FAE13A3E43","Extracted Dataset A file appeared during inventory."
"ADDED","Gait\dataset_a\other\nhz-00_2-021.png","","930","","C1F27E67C8BCCDD0C677D065F2DF5C8E28FE96BA26F375A4076B4C3102751206","Extracted Dataset A file appeared during inventory."
"ADDED","Gait\dataset_a\other\nhz-00_2-024.png","","925","","575DB33A0B729419B39BB8946691A1361C3FC1AA4B8722FC0211C39369DE27D6","Extracted Dataset A file appeared during inventory."
"ADDED","Gait\dataset_a\other\nhz-00_2-025.png","","942","","B1BDBF30C452E251AB54DF182D39456B8E9B0DFA9C33AC90C69CC4503C46CE75","Extracted Dataset A file appeared during inventory."
"ADDED","Gait\dataset_a\other\nhz-00_2-028.png","","852","","F03B6E7263D9829D401F67B3F3C6FFC456F1D679BFF8BE63D1FD8E109D01E50E","Extracted Dataset A file appeared during inventory."
"ADDED","Gait\dataset_a\other\nhz-00_2-029.png","","824","","7F0E9F108DA5EAFAE841F0115E7FFC39B258B5E584B574D7829064B1E79BA459","Extracted Dataset A file appeared during inventory."
"ADDED","Gait\dataset_a\other\nhz-00_2-030.png","","817","","3386962AEB194093B682F8FA6DA9A1F6F2E4146EA3531C9779BBD3C279FBAB5E","Extracted Dataset A file appeared during inventory."
"ADDED","Gait\dataset_a\other\nhz-00_2-031.png","","748","","D81C043AB316E63CAC603C285A8DAEBD55BD0B994B5FBDDB6086DE4B3F94EA12","Extracted Dataset A file appeared during inventory."
"ADDED","Gait\dataset_a\other\nhz-00_2-032.png","","755","","5E859AEFD815AA8F56EB081BE8006A9EA753AC3724A30CEAEB63602DCE924B24","Extracted Dataset A file appeared during inventory."
"ADDED","Gait\dataset_a\other\nhz-00_2-033.png","","829","","1B8192D15EC1BDEA80372B01D7D171C824A0F0FB56468D445DE74AC211F842AE","Extracted Dataset A file appeared during inventory."
"ADDED","Gait\dataset_a\other\nhz-00_2-034.png","","839","","0E91EE5D6E66704EA780928F7E48D428262F7FBA1E446B5C50B6716E71FE64EB","Extracted Dataset A file appeared during inventory."
"ADDED","Gait\dataset_a\other\nhz-00_2-035.png","","922","","E9D8B6D23390FE5B78C47FCAFEC3FA69CA6C9F7131EF69852D1774EE114F2696","Extracted Dataset A file appeared during inventory."
"ADDED","Gait\dataset_a\other\nhz-00_2-038.png","","954","","2E2FA4A3937750D35A1FF12F7035182694B473AA916E5B0A4E9ACE8627AF6989","Extracted Dataset A file appeared during inventory."
"ADDED","Gait\dataset_a\other\nhz-00_2-041.png","","840","","17DBA0991908129DCEA50BF7D4A9B5CEC3FB5AD20A3E5834818497B4540BFFE8","Extracted Dataset A file appeared during inventory."
"ADDED","Gait\dataset_a\other\nhz-00_2-042.png","","803","","176797CC049005AF3D132AC174F7759BC0CCD973F7887D67C5DB0B3EC67B11EB","Extracted Dataset A file appeared during inventory."
"ADDED","Gait\dataset_a\other\nhz-00_2-043.png","","763","","A7D150A784F411E26C4A0ED6370B125C1DA8EA316D9897BCB3736C8B1E887F5A","Extracted Dataset A file appeared during inventory."
"ADDED","Gait\dataset_a\other\nhz-00_2-044.png","","732","","3563497E45B9C970415115166809E1868D2D1F5E965DADD7A0B4B5070DA8E1E5","Extracted Dataset A file appeared during inventory."
"ADDED","Gait\dataset_a\other\nhz-00_2-045.png","","707","","CD3A69AFF40401F47BD00A618F676974951918755AD85BD4DE6C76EFE34AC309","Extracted Dataset A file appeared during inventory."
"ADDED","Gait\dataset_a\other\nhz-00_2-046.png","","753","","A7A4141702C39807383D3ECC84FAA07A9ABBCDD47532A006B72726B58B3E43A3","Extracted Dataset A file appeared during inventory."
"ADDED","Gait\dataset_a\other\nhz-00_2-047.png","","795","","2107C429879BA17FDF2E8385F470C182BC31591EF24949C3E175B1B8DA294949","Extracted Dataset A file appeared during inventory."
"ADDED","Gait\dataset_a\other\nhz-00_2-048.png","","860","","C84AAA97047BC6E48D6EDDB582E7D76E5C77345886A05D094EEC51353547D59D","Extracted Dataset A file appeared during inventory."
"ADDED","Gait\dataset_a\other\nhz-00_2-049.png","","871","","D04C13A8DCECA7D6D105357EFC0E842E3178005EE9F542838E51A038A03CFD87","Extracted Dataset A file appeared during inventory."
"ADDED","Gait\dataset_a\other\nhz-00_2-052.png","","814","","FB8364D709A88A63E86D6AA6203C8053A2B2C22245D9545DD764EC22E85B4A89","Extracted Dataset A file appeared during inventory."
"ADDED","Gait\dataset_a\other\nhz-00_2-055.png","","745","","285AEA90966B11AED74B892A52CE4D9A73B9B55E42E3D999620F4FB82B00A5EF","Extracted Dataset A file appeared during inventory."
"ADDED","Gait\dataset_a\other\nhz-00_2-056.png","","765","","1FB3CDCDD4EE585485FC414DFAB6C6198A26FA8A4C74884BE6E2F14D581AFCF2","Extracted Dataset A file appeared during inventory."
"ADDED","Gait\dataset_a\other\nhz-00_2-057.png","","724","","FE89EF7657E538F5323D7830C7CC060458212F4DAA20C48CF2E447513CA97B14","Extracted Dataset A file appeared during inventory."
"ADDED","Gait\dataset_a\other\nhz-00_2-058.png","","682","","0D12E8AAABAB786732EE801F3481A0485A2CEB286F8171878DEC00028C8ED7B7","Extracted Dataset A file appeared during inventory."
"ADDED","Gait\dataset_a\other\nhz-00_2-059.png","","723","","1D2A4036FBB5A4C3E83CC53A322A4B72093654EDA9BFE71FAD4FDA92D2B499FE","Extracted Dataset A file appeared during inventory."
"ADDED","Gait\dataset_a\other\nhz-00_2-060.png","","774","","6756982CE49AD6BD5264E5EDA4ED83C9BC94849080B9599CDFC19DA3BE878C43","Extracted Dataset A file appeared during inventory."
"ADDED","Gait\dataset_a\other\nhz-00_3-001.png","","777","","2737DC254A33E956DBB8AD670782FC355C94019A531B5191319BDFC7CA202081","Extracted Dataset A file appeared during inventory."
"ADDED","Gait\dataset_a\other\nhz-00_3-002.png","","839","","226CF9A6F9CAD4FFA998A29BB45B590745B1FE813F4FAE233D90391C19A15186","Extracted Dataset A file appeared during inventory."
"ADDED","Gait\dataset_a\other\nhz-00_3-003.png","","859","","8E7C5BD38407B89F690FB2CADE7B9B13DA4EAB5ADFDC540BFAAEAB324E365933","Extracted Dataset A file appeared during inventory."
"ADDED","Gait\dataset_a\other\nhz-00_3-004.png","","883","","BC04C8D1A4263C9381579FD569D6FD51E21C808D89F14E3F522BE9A6F5B2CA04","Extracted Dataset A file appeared during inventory."
"ADDED","Gait\dataset_a\other\nhz-00_3-006.png","","817","","80345F272E8C404390E7824B305F8CD7A69DF60B60BC5A61C8DE1F348EF9FD3A","Extracted Dataset A file appeared during inventory."
"ADDED","Gait\dataset_a\other\nhz-00_3-009.png","","754","","35EE113704534C1197D05947F2B9C3F51F5B7B2C0760E7EAD418561CFD6C19F5","Extracted Dataset A file appeared during inventory."
"ADDED","Gait\dataset_a\other\nhz-00_3-010.png","","730","","EC1B8FB44B26C5D564986F4BD4C8DB786D861E4D677E9AD65E9168E5B3359FB3","Extracted Dataset A file appeared during inventory."
"ADDED","Gait\dataset_a\other\nhz-00_3-011.png","","740","","2A06FFEA58F1AED75499CA0BE62807836D63437219502C11F17D210ABDB4D336","Extracted Dataset A file appeared during inventory."
"ADDED","Gait\dataset_a\other\nhz-00_3-012.png","","699","","1DFAE337084BF87FF6DE4BA07E231D98C3F8AC317986CB954CE9C4F8861FC2BB","Extracted Dataset A file appeared during inventory."
"ADDED","Gait\dataset_a\other\nhz-00_3-013.png","","637","","8A664A694ECAD0B92D9E83746195433161216FAD21277EC96BE943D316DED6BC","Extracted Dataset A file appeared during inventory."
"ADDED","Gait\dataset_a\other\nhz-00_3-014.png","","721","","7353767A2832E7F25713D72E3F97303BFD9AD494EF183117A24D7D07F398559E","Extracted Dataset A file appeared during inventory."
"ADDED","Gait\dataset_a\other\nhz-00_3-015.png","","789","","C26F1A288A28BF4256A13FCD9EA15E907D9FEAA0B9DD69D705A3B22C577B0E7D","Extracted Dataset A file appeared during inventory."
"ADDED","Gait\dataset_a\other\nhz-00_3-016.png","","883","","32B4FB97CF4B62E6E17F27468B95B05F6304C38A2824DEF701E7D9D98B08BEB5","Extracted Dataset A file appeared during inventory."
"ADDED","Gait\dataset_a\other\nhz-00_3-017.png","","929","","650A2195F10DCA4BAE160615ECBB1B2E74742B3F79B404140B6A4C6338869A12","Extracted Dataset A file appeared during inventory."
"ADDED","Gait\dataset_a\other\nhz-00_3-020.png","","874","","B0742FAB4AAC9543E934F9C4B5EDC5BFD0992AB2105228D1DDF4DCCFA829E8C0","Extracted Dataset A file appeared during inventory."
"ADDED","Gait\dataset_a\other\nhz-00_3-023.png","","821","","6B63821FDE31CA4025B41881F2A816C0A1F5D6C775274BF426600BA032FCEF06","Extracted Dataset A file appeared during inventory."
"ADDED","Gait\dataset_a\other\nhz-00_3-024.png","","865","","624E97E1D398063EE4382162C320DE186AC7E4110EA550AE1C9495C92293CF7A","Extracted Dataset A file appeared during inventory."
"ADDED","Gait\dataset_a\other\nhz-00_3-025.png","","833","","BFDBD6C4384452F5E1FDB549D1D4DCC1A7E651C3DA6A47A0D2984973CABCF84E","Extracted Dataset A file appeared during inventory."
"ADDED","Gait\dataset_a\other\nhz-00_3-026.png","","824","","F77A96B95C34226823150041555ACD9C89CEA6F26B5AF8FBE3C117C35A659BC2","Extracted Dataset A file appeared during inventory."
"ADDED","Gait\dataset_a\other\nhz-00_3-027.png","","841","","0F8F133A19E5B9960E453055213823122411F78C4B349DAB40D724945C51675D","Extracted Dataset A file appeared during inventory."
"ADDED","Gait\dataset_a\other\nhz-00_3-028.png","","887","","6309E867F0FF835506A1E5FB6F250F5FAA6DEBE36B10CFB94A27F5AEBBBD1F5F","Extracted Dataset A file appeared during inventory."
"ADDED","Gait\dataset_a\other\nhz-00_3-029.png","","896","","29392FA8ECF35774BB7341197A7A205AF91312E0A3DD5DA9EF574C72E8D099E6","Extracted Dataset A file appeared during inventory."
"ADDED","Gait\dataset_a\other\nhz-00_3-030.png","","948","","97159B83994D4EE889A667582C7E372E551D4D1EAFB9CF815DB1DD2B147EAD8A","Extracted Dataset A file appeared during inventory."
"ADDED","Gait\dataset_a\other\nhz-00_3-032.png","","890","","2D7FD34E3C9FCC4B023027A7F0F00381C433E53CDE5BBD810F0878E5DC613EA4","Extracted Dataset A file appeared during inventory."
"ADDED","Gait\dataset_a\other\nhz-00_3-033.png","","896","","53785BA37278DFF27E4AF8A718EC93DF8DCC3A588132399CA0FCB338B830C7B0","Extracted Dataset A file appeared during inventory."
"ADDED","Gait\dataset_a\other\nhz-00_3-036.png","","810","","A4BCCF1D5C57BDAA084F779B56204F0051CE8A2D00C75C5ABAA34E5BACB413AC","Extracted Dataset A file appeared during inventory."
"ADDED","Gait\dataset_a\other\nhz-00_3-037.png","","828","","2F27EA9058098F52482150FF9CA303099D2DDF2E5E500630F1C964C648942CA8","Extracted Dataset A file appeared during inventory."
"ADDED","Gait\dataset_a\other\nhz-00_3-038.png","","801","","3C24B10D682DDC23BFA4BCE317E38CC28311469BEA4A700BF64B980584A23A1D","Extracted Dataset A file appeared during inventory."
"ADDED","Gait\dataset_a\other\nhz-00_3-039.png","","774","","8CBDD258E3E8BAFEE99D8BD1199F4CA606BA8936D790DFB87A46F5BF768ECF9E","Extracted Dataset A file appeared during inventory."
"ADDED","Gait\dataset_a\other\nhz-00_3-040.png","","766","","A3EEE7695CE2DAE582738283CDA0C107FBDC0F1AF6E23F9CCEDFF02B6B20F344","Extracted Dataset A file appeared during inventory."
"ADDED","Gait\dataset_a\other\nhz-00_3-041.png","","813","","B683C25BE8C27A282E5866A248B57A1B4C7C5F1948BDB26203E34AD97489CBAD","Extracted Dataset A file appeared during inventory."
"ADDED","Gait\dataset_a\other\nhz-00_3-042.png","","878","","A2090E0FD739283392E10AD68B2A45EEAC7C715D3EBBFD5A906292D523D898CF","Extracted Dataset A file appeared during inventory."
"ADDED","Gait\dataset_a\other\nhz-00_3-043.png","","918","","B6D960D14F9BD2597F588E512090FDAC8AB84D3740E778D499CB30DFCDC4F59D","Extracted Dataset A file appeared during inventory."
"ADDED","Gait\dataset_a\other\nhz-00_3-046.png","","875","","829FC3800243A3E4F7BDED1EB3492361966AA55580D73ADFB6CCD9F283DC86B4","Extracted Dataset A file appeared during inventory."
"ADDED","Gait\dataset_a\other\nhz-00_3-047.png","","842","","0F0BD8B038CB45FFBE935612F7A7FB3612CD791A6769CAAC68FF4134A248B7B4","Extracted Dataset A file appeared during inventory."
"ADDED","Gait\dataset_a\other\nhz-00_3-049.png","","746","","3B27441EE1218467B03871E7D086B862A22A724D5C01629BB305F92B45291801","Extracted Dataset A file appeared during inventory."
"ADDED","Gait\dataset_a\other\nhz-00_3-050.png","","732","","4DF18754C9DA9F65B7319A4480F0AEE17706B607308083EB3FFA3A5E3554E6BF","Extracted Dataset A file appeared during inventory."
"ADDED","Gait\dataset_a\other\nhz-00_3-051.png","","706","","26CFC3018C0C769F884BE50458B94564F091D52365A739774E8D317082EECBE2","Extracted Dataset A file appeared during inventory."
"ADDED","Gait\dataset_a\other\nhz-00_3-052.png","","690","","DDBDA05004423173C52E5DC992847FE9EE6ED7663E81DDE48A3783311398389A","Extracted Dataset A file appeared during inventory."
"ADDED","Gait\dataset_a\other\nhz-00_3-053.png","","712","","949913C4005E8FEAF47B8E1F9BC2A489644954AC4313D2D08CC0F4884E6F6071","Extracted Dataset A file appeared during inventory."
"ADDED","Gait\dataset_a\other\nhz-00_3-054.png","","702","","03A92E83733FC41D731E73E9F1E1489FD2E0F162A2FDFA6500A1174E8D8FB9D8","Extracted Dataset A file appeared during inventory."
"ADDED","Gait\dataset_a\other\nhz-00_3-055.png","","751","","B0DFF63E1E7EF6BEB07CC6E164F6EAB0C84D52ED3285F574F276AF3EE2DA5876","Extracted Dataset A file appeared during inventory."
"ADDED","Gait\dataset_a\other\nhz-00_3-056.png","","799","","B4BE99F0E4F007C8463B2C0F57CBBB07FA71664639121BA1ACF87F44D707D9BE","Extracted Dataset A file appeared during inventory."
"ADDED","Gait\dataset_a\other\nhz-00_4-001.png","","736","","A2FB53AC25665F6F498B6831A05F961E2785677BFB406359A5D4463D1D558257","Extracted Dataset A file appeared during inventory."
"ADDED","Gait\dataset_a\other\nhz-00_4-002.png","","728","","FA0D8A977866A8A48A4539C63AE2B1E0F593440AA7D5BBBB411A6E84D1C86104","Extracted Dataset A file appeared during inventory."
"ADDED","Gait\dataset_a\other\nhz-00_4-003.png","","680","","50D523839AB34B7F387C3FF750A5EA1C37BB318817F6F9F83D915DE26B8CAABD","Extracted Dataset A file appeared during inventory."
"ADDED","Gait\dataset_a\other\nhz-00_4-004.png","","678","","02532C5CD6893A27B2AFFD4A6ECEF543896C671F8EFAEF506FE185DB311E26EC","Extracted Dataset A file appeared during inventory."
"ADDED","Gait\dataset_a\other\nhz-00_4-005.png","","722","","F6124227C1338936D5752D5699CBDB160D6CBBBBDD16A1A2D8250E40A9DBC669","Extracted Dataset A file appeared during inventory."
"ADDED","Gait\dataset_a\other\nhz-00_4-006.png","","717","","0B36CD47791C996678D8FD29BBF8C84FF2844800512BBB10B664A7A62E10165C","Extracted Dataset A file appeared during inventory."
"ADDED","Gait\dataset_a\other\nhz-00_4-007.png","","748","","67BE5B72EAEA6C28753FEE2CC33ED63B2601B507329269A4443E43DE809A87C6","Extracted Dataset A file appeared during inventory."
"ADDED","Gait\dataset_a\other\nhz-00_4-011.png","","804","","45033FAB84CFD2590FF0CFDBAA91FC28D0BF098852965544858BBC871D83A294","Extracted Dataset A file appeared during inventory."
"ADDED","Gait\dataset_a\other\nhz-00_4-014.png","","768","","807F3B0CD9942983CF775242739F34E9C64790F742DFEFAFFC999A02BCE7DE6F","Extracted Dataset A file appeared during inventory."
"ADDED","Gait\dataset_a\other\nhz-00_4-015.png","","759","","8E4888668110A837137482C881B8BEC072E5241A3AD9ED0DEE3163F0866673F5","Extracted Dataset A file appeared during inventory."
"ADDED","Gait\dataset_a\other\nhz-00_4-016.png","","755","","79B9585AB444493EDE78ED24D180FA29C2969712EDF1B88994DECF122640A991","Extracted Dataset A file appeared during inventory."
"ADDED","Gait\dataset_a\other\nhz-00_4-017.png","","754","","AAF12509AB3882D0DCA536645CC881E4F26E98509E7E5AFD24608C6EF8757D8E","Extracted Dataset A file appeared during inventory."
"ADDED","Gait\dataset_a\other\nhz-00_4-018.png","","747","","8EB7FB87B22F29C37A1DF843F6F37EAD565E44C5E5C0F570B543FAE0F83C7FEE","Extracted Dataset A file appeared during inventory."
"ADDED","Gait\dataset_a\other\nhz-00_4-019.png","","803","","018CDC0E6D6842C0DFF95FBC02374B9FC5BE0AA45E5352893573B50D8AEE8395","Extracted Dataset A file appeared during inventory."
"ADDED","Gait\dataset_a\other\nhz-00_4-020.png","","841","","D3078C72B9FE028CB53F55003C25AF00CD95DEA606E9D7DB45BB125872643D44","Extracted Dataset A file appeared during inventory."
"ADDED","Gait\dataset_a\other\nhz-00_4-021.png","","898","","FC7A49FC28D63BBCDAA349F18E5D644EECEE365D4F4E84723D97959078417C97","Extracted Dataset A file appeared during inventory."
"ADDED","Gait\dataset_a\other\nhz-00_4-022.png","","927","","07583C7FF5AD2281310CE3D488D781645B783214C0366FFC114E50718D44DBA6","Extracted Dataset A file appeared during inventory."
"ADDED","Gait\dataset_a\other\nhz-00_4-025.png","","913","","231C70261B87E27EA3A4CFC0BE32E9021F4FBEBCFEF6F24C7AE88F91C911F541","Extracted Dataset A file appeared during inventory."
"ADDED","Gait\dataset_a\other\nhz-00_4-028.png","","847","","62E21195C3B844DA84B9D8A3188448F30654A2C238244E7502D464A7F34EA677","Extracted Dataset A file appeared during inventory."
"ADDED","Gait\dataset_a\other\nhz-00_4-029.png","","793","","BB79DE122A96775247CE3BB9B5D9A4FD375C08ABDD39A04B12ED0D3F4E8160F6","Extracted Dataset A file appeared during inventory."
"ADDED","Gait\dataset_a\other\nhz-00_4-030.png","","775","","9AE761C08667E1BF8F0E42FA6E01FA5F8D763B5D8D9700B6EEC7EDAE7B86633F","Extracted Dataset A file appeared during inventory."
"ADDED","Gait\dataset_a\other\nhz-00_4-031.png","","790","","E638E8C9D81E0ACEC7452B2F79E81E52906D9EA6DA5877BE93C60D432B7FF312","Extracted Dataset A file appeared during inventory."
"ADDED","Gait\dataset_a\other\nhz-00_4-032.png","","794","","652ACFD146B01F2164E2A7A0D6057BAC82CC557800E1D2DA9C3FD1C8250FAB30","Extracted Dataset A file appeared during inventory."
"ADDED","Gait\dataset_a\other\nhz-00_4-033.png","","865","","43B6BC67142930D4C9AA1E613028265187EC1F68E26C2467693C5AF44C78A7AF","Extracted Dataset A file appeared during inventory."
"ADDED","Gait\dataset_a\other\nhz-00_4-034.png","","909","","AE08595F119DB759ED486A5B757B48544DF17514F1DBE52CF74F4314753B1DF8","Extracted Dataset A file appeared during inventory."
"ADDED","Gait\dataset_a\other\nhz-00_4-035.png","","949","","8EEA6976C3F264702C8D8FB954FC0A1FAF72477B9FB0786940B2398763EA6362","Extracted Dataset A file appeared during inventory."
"ADDED","Gait\dataset_a\other\nhz-00_4-036.png","","991","","EC870C24188062961ED77EA344EA4A85C8BBFF450EDA122FA58586AC786261FB","Extracted Dataset A file appeared during inventory."
"ADDED","Gait\dataset_a\other\nhz-00_4-037.png","","980","","EBE1D659BBB422AD9C74909C1C78BEC12D4DA69B8996168B6FEB1066EE09AA8C","Extracted Dataset A file appeared during inventory."
"ADDED","Gait\dataset_a\other\nhz-00_4-041.png","","817","","614ABFFF27C069C383D8090F84B08CEB36D685ECD79C121801C3DFC8815032FC","Extracted Dataset A file appeared during inventory."
"ADDED","Gait\dataset_a\other\nhz-00_4-042.png","","731","","AAD1E0AF1DBA100DEBA93D1FA4926EA3122D5CD0087A98C2DDC140D72D51EC39","Extracted Dataset A file appeared during inventory."
"ADDED","Gait\dataset_a\other\nhz-00_4-043.png","","716","","80A897BC11562CD62A66D2DD89F2CB7B0A72F56FF2D7478AC6B7277C499554DC","Extracted Dataset A file appeared during inventory."
"ADDED","Gait\dataset_a\other\nhz-00_4-044.png","","716","","9D93FC61CDD6369634D3B3ED534734CC4073CE465399E9B039B8CFA87EA58993","Extracted Dataset A file appeared during inventory."
"ADDED","Gait\dataset_a\other\nhz-00_4-045.png","","739","","5D1A61420692A2A8A9100FF4AA35BF940CFD1903BAEC73C33983181D722B0B93","Extracted Dataset A file appeared during inventory."
"ADDED","Gait\dataset_a\other\nhz-00_4-046.png","","771","","E88EEA54D99CFE3E335F5C05A00D1A0208E25762D2DF6CEE0CC232F243E2BAAE","Extracted Dataset A file appeared during inventory."
"ADDED","Gait\dataset_a\other\nhz-00_4-047.png","","804","","BF7AA2883B37FB53BE453F635E94A5751A60F827EC57415FCEBC0977E1E1BDB0","Extracted Dataset A file appeared during inventory."
"ADDED","Gait\dataset_a\other\nhz-00_4-048.png","","844","","07577E01635E8A7924FEE80C3E47E9DFD9DEF45A81B0A257F097BECAF403549F","Extracted Dataset A file appeared during inventory."
"ADDED","Gait\dataset_a\other\nhz-00_4-051.png","","805","","56EAEB74E53A52DFA62FF72EDF69B1FC9CC7BD211B90A1B3D74144A75E3D49E1","Extracted Dataset A file appeared during inventory."
"ADDED","Gait\dataset_a\other\nhz-00_4-054.png","","773","","2964CA16167A9CC1C209F420AEF5C62716EAD7FE3EC73203BB89C04EBBC4EA0F","Extracted Dataset A file appeared during inventory."
"ADDED","Gait\dataset_a\other\nhz-00_4-055.png","","710","","73341DD5C765BE5ED07FE0384D918BB6C7C22D4354624AC37F387915564C6BED","Extracted Dataset A file appeared during inventory."
"ADDED","Gait\dataset_a\other\nhz-00_4-056.png","","724","","5B9C35BFB63039AA84D00B7CB01D87ED661DEDA310890FAB7FEFA0FBD94A4636","Extracted Dataset A file appeared during inventory."
"ADDED","Gait\dataset_a\other\nhz-00_4-057.png","","712","","86B998F247BD8194EA216FBACD4AB70E89355C9B047882EF3E1695C4D5779320","Extracted Dataset A file appeared during inventory."
"ADDED","Gait\dataset_a\other\nhz-00_4-058.png","","708","","2B0B7F7DEDFD40D487B0A4159C70418960132607C06E025427E6B76C53E5C644","Extracted Dataset A file appeared during inventory."
"ADDED","Gait\dataset_a\other\rj-00_1-001.png","","689","","EB921846662AC5F6872A774A49F6182AC847F197B1B73A7D89A60FB2BFC1EA33","Extracted Dataset A file appeared during inventory."
"ADDED","Gait\dataset_a\other\rj-00_1-002.png","","687","","6FC2B2537AC0CAEFCE7895F27D27471CE876AF63BA34D34BCD205F7DB1808FB4","Extracted Dataset A file appeared during inventory."
"ADDED","Gait\dataset_a\other\rj-00_1-003.png","","689","","1C839FF1745A5382BDDF2ED6B582B7ADF7C78EEC75CC273CC0D459DC2FF68C56","Extracted Dataset A file appeared during inventory."
"ADDED","Gait\dataset_a\other\rj-00_1-004.png","","657","","CDCC7080D0679AE2D8D92BCC81CD9E7B4094367933B61751F7E8B31081AEA177","Extracted Dataset A file appeared during inventory."
"ADDED","Gait\dataset_a\other\rj-00_1-005.png","","635","","6C2F1F6C0294A624C4AA5B5D08868EAB87D964668BA25FF243C1E6D33E4BF03E","Extracted Dataset A file appeared during inventory."
"ADDED","Gait\dataset_a\other\rj-00_1-006.png","","642","","C1077F5B3F85992FAA258E26BFB5B9B6EE3A7E535D30487912E19CCBD2297B7E","Extracted Dataset A file appeared during inventory."
"ADDED","Gait\dataset_a\other\rj-00_1-007.png","","621","","78DC5D4A6821C5C6E21211B436A58042B996DC60E2E1207EACFC9B77E8C6666D","Extracted Dataset A file appeared during inventory."
"ADDED","Gait\dataset_a\other\rj-00_1-008.png","","710","","727EC91192BD0705AE5747365B81DE317CE11F9CDFF9A3E17AC1B6C5A081660F","Extracted Dataset A file appeared during inventory."
"ADDED","Gait\dataset_a\other\rj-00_1-009.png","","789","","D8CF3BA19971A0D97B2737F49B575CD148EF022250A9F11672C60700C382F964","Extracted Dataset A file appeared during inventory."
"ADDED","Gait\dataset_a\other\rj-00_1-011.png","","828","","574C5BA7CE96763502015A58F8F99A656AFA52B8F7C8E9DAD0E29DB129391B73","Extracted Dataset A file appeared during inventory."
"ADDED","Gait\dataset_a\other\rj-00_1-014.png","","741","","3798ABA3EA1FE8DFAE495DEB8365FF841A1C476B98AC8B7209EBADF5B957C9D9","Extracted Dataset A file appeared during inventory."
"ADDED","Gait\dataset_a\other\rj-00_1-015.png","","678","","CB87644B5464D04EBBAB68EBA33095043EC337C26579B7184866E75D87D50BAE","Extracted Dataset A file appeared during inventory."
"ADDED","Gait\dataset_a\other\rj-00_1-016.png","","647","","563C6219C966518FF8AB585CB9DC53E5D7B66CC199118B57417DED848830D452","Extracted Dataset A file appeared during inventory."
"ADDED","Gait\dataset_a\other\rj-00_1-017.png","","665","","A5FDC196CEE0251AD35F0499BC95AAD7878116F83F733587A992F32934D40F0D","Extracted Dataset A file appeared during inventory."
"ADDED","Gait\dataset_a\other\rj-00_1-018.png","","699","","642F9E7357094AD6A9936361A81EF93E4FC75EED3418C17C5AB784BA30EDF0B4","Extracted Dataset A file appeared during inventory."
"ADDED","Gait\dataset_a\other\rj-00_1-019.png","","693","","3BBB0866BD7CD783C18E2E40ECB89A816D80F7AFDAFE086A225E9A5CBDAC088C","Extracted Dataset A file appeared during inventory."
"ADDED","Gait\dataset_a\other\rj-00_1-020.png","","747","","9E3B6F31DD87C3E9BD2FFCBBEA133AA79DEFF0499149321833E635837C6C7082","Extracted Dataset A file appeared during inventory."
"ADDED","Gait\dataset_a\other\rj-00_1-023.png","","850","","D37F4F8ED51C5F1671EAD34EECB18A436A1AA3FF5011FF6604AE991B1ABB2B93","Extracted Dataset A file appeared during inventory."
"ADDED","Gait\dataset_a\other\rj-00_1-026.png","","811","","DA714BFC15AE32ADF90CC55D456D6A4EEC0DB264922E86A904E4BC2B4E2E4157","Extracted Dataset A file appeared during inventory."
"ADDED","Gait\dataset_a\other\rj-00_1-027.png","","803","","7B351ECCBBF219A9D4958815B705123A9FBC7348B0448EC97DC6124FABEDF7B8","Extracted Dataset A file appeared during inventory."
"ADDED","Gait\dataset_a\other\rj-00_1-028.png","","740","","3C14ED8B752DA270963E71CBE737C1DD11C76D18840D4DD06B2CE98684DCD667","Extracted Dataset A file appeared during inventory."
"ADDED","Gait\dataset_a\other\rj-00_1-029.png","","727","","D6007BF95D5FAD4805AA5CEFEAAEF74C715CF387EEC4BD3DB67F5BEBD7A96259","Extracted Dataset A file appeared during inventory."
"ADDED","Gait\dataset_a\other\rj-00_1-030.png","","746","","5589AA1A674B0686B6717D2CC84B3451E2DFD594FDB40D87F11C0D0B35698497","Extracted Dataset A file appeared during inventory."
"ADDED","Gait\dataset_a\other\rj-00_1-031.png","","831","","11146E51A6E651671ADDCD0D3BA6A613A98F30BB33E7BD4084936C913EA40E87","Extracted Dataset A file appeared during inventory."
"ADDED","Gait\dataset_a\other\rj-00_1-034.png","","919","","9852647544E51772A6C8B514847D02291EEF4F54E16C80BF7C442003C452E16C","Extracted Dataset A file appeared during inventory."
"ADDED","Gait\dataset_a\other\rj-00_1-037.png","","899","","EA89A5E9FBD1B2C296FF40A7B946950CFBE68C24365D17DC8739C3F72C04BB57","Extracted Dataset A file appeared during inventory."
"ADDED","Gait\dataset_a\other\rj-00_1-038.png","","843","","8A6C78A5879A4EBB8E90100BBC248DBF60E8528A1449AAB2146005060E8CA86F","Extracted Dataset A file appeared during inventory."
"ADDED","Gait\dataset_a\other\rj-00_1-039.png","","741","","719B027E95490697D64A4F0053CD7EB50EFD439533301BCCAD5F07BBADC31D8B","Extracted Dataset A file appeared during inventory."
"ADDED","Gait\dataset_a\other\rj-00_1-040.png","","710","","D2E56FB4753D35A7463853786DCA1C76AE0491AA9CFD21497B669374219F7C34","Extracted Dataset A file appeared during inventory."
"ADDED","Gait\dataset_a\other\rj-00_1-041.png","","719","","75B289534CF21638B896D0D0F3406F428F509816A590FA669429453303E23DB8","Extracted Dataset A file appeared during inventory."
"ADDED","Gait\dataset_a\other\rj-00_1-042.png","","732","","192778D5BC6EBF53F20BA27419B3E374FF4CA60B6382F4CFAA0B7955A7B40A97","Extracted Dataset A file appeared during inventory."
"ADDED","Gait\dataset_a\other\rj-00_1-043.png","","788","","09CDE94B2AB2C44230A34B2308F8CC2DE5766E62422BD15A3ED179B31DC5A27C","Extracted Dataset A file appeared during inventory."
"ADDED","Gait\dataset_a\other\rj-00_1-044.png","","846","","319B8C07E35C08010A3A5ADFDD9EADC443D35F7F364C6525A8132AB304320DD0","Extracted Dataset A file appeared during inventory."
"ADDED","Gait\dataset_a\other\rj-00_1-048.png","","766","","7D7FA2819DC99742F4CB024090CAD403468F4E942BEB550DFD8FD31E6C7654FB","Extracted Dataset A file appeared during inventory."
"ADDED","Gait\dataset_a\other\rj-00_1-049.png","","739","","92EC87BE32C4CEEC667389C1423A009560E33EEF8FB4095758BE2F99E885B637","Extracted Dataset A file appeared during inventory."
"ADDED","Gait\dataset_a\other\rj-00_1-050.png","","717","","A1611722BD7D885A257637A060DECCBE55D54DE96DCCF6282551219550E4DACB","Extracted Dataset A file appeared during inventory."
"ADDED","Gait\dataset_a\other\rj-00_1-051.png","","660","","E166E53164533A2BD5432C7BEC4ACD9821CE78D8B4522666CD1DCB698508ECBC","Extracted Dataset A file appeared during inventory."
"ADDED","Gait\dataset_a\other\rj-00_1-052.png","","657","","7CD4CBE4D63CF4B520889C694B4EA5E403F60D8338065B9D125D351C464B6DDB","Extracted Dataset A file appeared during inventory."
"ADDED","Gait\dataset_a\other\rj-00_1-053.png","","665","","6D1E872CC429A1A582B9570F4370E4B386537964D513E81EDAB09E934A78717E","Extracted Dataset A file appeared during inventory."
"ADDED","Gait\dataset_a\other\rj-00_1-054.png","","659","","F2D124B0D362FF5D982D081DF542297433DD96793B8931D921013C71D20E60EC","Extracted Dataset A file appeared during inventory."
"ADDED","Gait\dataset_a\other\rj-00_1-055.png","","744","","74753264A1119B0414CA2DB3786E9152D636B552475FF059D7C717519ABEC62C","Extracted Dataset A file appeared during inventory."
"ADDED","Gait\dataset_a\other\rj-00_1-057.png","","770","","4040F2F3F493AC4C3DEFC38A6267D0AFA08E16A4B9463C6F4ACB41748E6345CC","Extracted Dataset A file appeared during inventory."
"ADDED","Gait\dataset_a\other\rj-00_1-060.png","","732","","BCA30FB815FD8C77405C8540FE69BAEEAC32BD10149E4F9610B6480A2776AAFD","Extracted Dataset A file appeared during inventory."
"ADDED","Gait\dataset_a\other\rj-00_1-061.png","","677","","6D0A8718FEE5EC18C15FC031B1A285754207F8A01B5747DA714F6A72A1CAD82D","Extracted Dataset A file appeared during inventory."
"ADDED","Gait\dataset_a\other\rj-00_1-062.png","","669","","CF363105FFA3A7D96E753BA3EB00C0979C07EFF3C3936AA202C6F83F84D12F78","Extracted Dataset A file appeared during inventory."
"ADDED","Gait\dataset_a\other\rj-00_1-063.png","","621","","6AE728978A0010B071B3EC9D558DD2100BA395E75BF923AD043D516986B52FBD","Extracted Dataset A file appeared during inventory."
"ADDED","Gait\dataset_a\other\rj-00_2-001.png","","651","","DC8C220A3F99E7606BC373DB0E86D941C808B947098387FC276D80C80FB681D0","Extracted Dataset A file appeared during inventory."
"ADDED","Gait\dataset_a\other\rj-00_2-002.png","","652","","E908BB05B7362237E81725512E028990436D1C9A4768D7511B52603E2D588257","Extracted Dataset A file appeared during inventory."
"ADDED","Gait\dataset_a\other\rj-00_2-003.png","","718","","212059E95A65EB9E286DD43FDB4213CFDF4B53ACBB50509C04A2DC60B4112259","Extracted Dataset A file appeared during inventory."
"ADDED","Gait\dataset_a\other\rj-00_2-004.png","","778","","5951146A730057C64809917B5E797B42FC8A83CDB9E76787027658ED7F84838F","Extracted Dataset A file appeared during inventory."
"ADDED","Gait\dataset_a\other\rj-00_2-005.png","","793","","437996548A27D4E40F828022C2441B64C75A44242940B69E74651A88AB927969","Extracted Dataset A file appeared during inventory."
"ADDED","Gait\dataset_a\other\rj-00_2-007.png","","818","","59A2875974B4A6A5E3333826C55B0A86111CE47553CC9933315372EF92C81A72","Extracted Dataset A file appeared during inventory."
"ADDED","Gait\dataset_a\other\rj-00_2-009.png","","762","","A46B2798395C4637783C0B4F0446360414B1C83ABAF7853AD305B45FC3798116","Extracted Dataset A file appeared during inventory."
"ADDED","Gait\dataset_a\other\rj-00_2-010.png","","727","","76D922C7527FC2E6C33110C573F6AF03C9AA8FB089590AF1A23F763079BA3873","Extracted Dataset A file appeared during inventory."
"ADDED","Gait\dataset_a\other\rj-00_2-011.png","","706","","00677128E989D066E80CB70111608B56261861B4825D1F10479CFFCB106B8C44","Extracted Dataset A file appeared during inventory."
"ADDED","Gait\dataset_a\other\rj-00_2-012.png","","639","","8C55F8EA9B3BD6D2CF5110B409AB6FD7F51DD964A195D041FE59D85F3BD606BF","Extracted Dataset A file appeared during inventory."
"ADDED","Gait\dataset_a\other\rj-00_2-013.png","","673","","CD54377263BB4EC73D5ED1DF8851E65020B901FBD06FC0FD6A4487EBAD4DCFC6","Extracted Dataset A file appeared during inventory."
"ADDED","Gait\dataset_a\other\rj-00_2-014.png","","699","","4642A13676D5C60AD42A908E4DBE4CBB879110D2E16F7D7B62DE9555EF2D924A","Extracted Dataset A file appeared during inventory."
"ADDED","Gait\dataset_a\other\rj-00_2-015.png","","741","","AFC2F432DCCB4B96ADD642E789E2665167320CD556509A8A09203F32326C4D4B","Extracted Dataset A file appeared during inventory."
"ADDED","Gait\dataset_a\other\rj-00_2-016.png","","797","","D0523ACB257F414F3376BD46CE2D106CD11D5D7E3B58AD4E4A5CF3F8FE6A5057","Extracted Dataset A file appeared during inventory."
"ADDED","Gait\dataset_a\other\rj-00_2-018.png","","833","","61DB7F71BA223901BCD2BDDA10EEE91BA0A940F0AE5DBF21D077273B95DE3692","Extracted Dataset A file appeared during inventory."
"ADDED","Gait\dataset_a\other\rj-00_2-021.png","","764","","61285E46106189FA9B888D427586FCB2949714F1BA315A3A057F88217FEEFC80","Extracted Dataset A file appeared during inventory."
"ADDED","Gait\dataset_a\other\rj-00_2-022.png","","754","","7FABE80F44B3247A21206F6ACC7D375EAAFBCFB97D7F1F9AB54564EA654E83C4","Extracted Dataset A file appeared during inventory."
"ADDED","Gait\dataset_a\other\rj-00_2-023.png","","739","","1EB1D0CA7E36F4221FFF14AD82E73DB90E85684D000F9B1171942A78B79CD0C9","Extracted Dataset A file appeared during inventory."
"ADDED","Gait\dataset_a\other\rj-00_2-024.png","","780","","168E45062DD30EF20B6E7E77BD5B1BEFCC34D83F4E9894C957B5883A2DBC6B3B","Extracted Dataset A file appeared during inventory."
"ADDED","Gait\dataset_a\other\rj-00_2-025.png","","784","","04639DF3C8180C3C6E277A331C0A3788812B56A20649B884187C51B15B938C4F","Extracted Dataset A file appeared during inventory."
"ADDED","Gait\dataset_a\other\rj-00_2-026.png","","782","","FAF5973ABBF1C9A5973FB542E214042A4C09341E911E868FF631C0E053B0DD0D","Extracted Dataset A file appeared during inventory."
"ADDED","Gait\dataset_a\other\rj-00_2-027.png","","866","","B21231366BF43B90390948B6034FF1A53A826803EE813D5443DAD77E331BA002","Extracted Dataset A file appeared during inventory."
"ADDED","Gait\dataset_a\other\rj-00_2-028.png","","869","","D4FF0A752E0EF9A96A52344FABBB42DA18AEABDAF2ACC96B2A446DADFA5AD810","Extracted Dataset A file appeared during inventory."
"ADDED","Gait\dataset_a\other\rj-00_2-032.png","","831","","3D17C5992E9A60279238E0BD89B1F4E6270CEB223EEB94BA4292AF389A5CD598","Extracted Dataset A file appeared during inventory."
"ADDED","Gait\dataset_a\other\rj-00_2-033.png","","802","","E641FE3C3E039AC3E4C6942BC95C18A08E40ADC20F300319BFE690F5B5D3F3C1","Extracted Dataset A file appeared during inventory."
"ADDED","Gait\dataset_a\other\rj-00_2-034.png","","779","","4E6889F2A90F0CB4F85555737F1C670655CDA8C2B93CC482024492521665D1B4","Extracted Dataset A file appeared during inventory."
"ADDED","Gait\dataset_a\other\rj-00_2-035.png","","724","","F17A6D61BBA4EEA921146F21192836EBD66DAF1D81F8864AB926A6ECE49D559C","Extracted Dataset A file appeared during inventory."
"ADDED","Gait\dataset_a\other\rj-00_2-036.png","","712","","634C8962326B61F88939AD0B4E3A45A641858A2F286FBF5ED6B7B32997B55B9D","Extracted Dataset A file appeared during inventory."
"ADDED","Gait\dataset_a\other\rj-00_2-037.png","","744","","8A9DB17C4559050071AC8CF8B8DAC9D071055BE6229088B150A32A3E09ADF549","Extracted Dataset A file appeared during inventory."
"ADDED","Gait\dataset_a\other\rj-00_2-038.png","","766","","CC7280254A0EC0A386691BC03752432FE141F3ECA40B0043A1CEA70E0F68F02C","Extracted Dataset A file appeared during inventory."
"ADDED","Gait\dataset_a\other\rj-00_2-039.png","","816","","1A873762082395EBF3E1F27B5442B52DC0A31CBD8E5CA60519C2C53264C7F121","Extracted Dataset A file appeared during inventory."
"ADDED","Gait\dataset_a\other\rj-00_2-040.png","","846","","57C6386ACBB7F628E99F3BBCAA598B43C451B31E9721C4FB5483B1687AF6E33F","Extracted Dataset A file appeared during inventory."
"ADDED","Gait\dataset_a\other\rj-00_2-043.png","","792","","2A4941DE61BD7DF6538147BFB5490EABAEBC63B6A4C5B02182BE51820B6E3289","Extracted Dataset A file appeared during inventory."
"ADDED","Gait\dataset_a\other\rj-00_2-044.png","","760","","060FA71E5180D0DAB4F75DC94DF7C0BD37C6AE0E5A90915DC9725CD73C361C17","Extracted Dataset A file appeared during inventory."
"ADDED","Gait\dataset_a\other\rj-00_2-045.png","","736","","394C81EC94AA182DA79DEF86B4C2B6E40F6D07757F400445B3434EE839393152","Extracted Dataset A file appeared during inventory."
"ADDED","Gait\dataset_a\other\rj-00_2-046.png","","671","","2FF0F33AB3930BBDA1764DC4945FA87F39DE744AFFF5F1A549BE218481FD0A28","Extracted Dataset A file appeared during inventory."
"ADDED","Gait\dataset_a\other\rj-00_2-047.png","","677","","CA4BF9C2D468333E08623647A6B516F38E8E6262AE680CBD680CE9411B2D958D","Extracted Dataset A file appeared during inventory."
"ADDED","Gait\dataset_a\other\rj-00_2-048.png","","705","","32FA1980388D8A5BDD35D9AE7E4FEC79D825B422F850384541D2095E25F63238","Extracted Dataset A file appeared during inventory."
"ADDED","Gait\dataset_a\other\rj-00_2-049.png","","676","","5DC3E9B1B48E038BD8E17E8FEE65BA222C9B8057E4165597368EF75428D4E56B","Extracted Dataset A file appeared during inventory."
"ADDED","Gait\dataset_a\other\rj-00_2-050.png","","728","","321AABD4031C0F8F47BC01A9D73DCA7564E5D593E5532DC418C0A531FDB179EC","Extracted Dataset A file appeared during inventory."
"ADDED","Gait\dataset_a\other\rj-00_2-055.png","","688","","9FD0F072C737C2833C308FE546E7B136318CC2702D2CCF8EEE468F08F6CA45FB","Extracted Dataset A file appeared during inventory."
"ADDED","Gait\dataset_a\other\rj-00_2-056.png","","673","","E260EBCB65F08CC1E93865120E773D48BFE7968FFF71D948695FBF8413F4743C","Extracted Dataset A file appeared during inventory."
"ADDED","Gait\dataset_a\other\rj-00_2-057.png","","672","","1DC6A0BC752580CA53BE56EAE16296912A10C46C5FAC65491EB1460953CEFBFA","Extracted Dataset A file appeared during inventory."
"ADDED","Gait\dataset_a\other\rj-00_2-058.png","","630","","BE06025E1470E479F517E1DD487A7A0624DEB1F045A1DFB18E06C64E1DB56B3E","Extracted Dataset A file appeared during inventory."
"ADDED","Gait\dataset_a\other\rj-00_3-001.png","","610","","2DC6E34D5D4B5482F62F0A278DFDAFB966F1B67F0567038D57CA661E144FBDF6","Extracted Dataset A file appeared during inventory."
"ADDED","Gait\dataset_a\other\rj-00_3-002.png","","609","","4F463F020B45FE5048E8A7675915451E1366C60E5E9314B78B7E8B5789379D79","Extracted Dataset A file appeared during inventory."
"ADDED","Gait\dataset_a\other\rj-00_3-003.png","","670","","C23A343D6B052A8D44B261FD5CC9301A32507A3ED24B5BAD4B53C72EC4BC65FD","Extracted Dataset A file appeared during inventory."
"ADDED","Gait\dataset_a\other\rj-00_3-004.png","","672","","A5034B6CD412703876BD3A8E9BA98E50CB8AA2FAA66DC934BD2F94CA82C645ED","Extracted Dataset A file appeared during inventory."
"ADDED","Gait\dataset_a\other\rj-00_3-010.png","","727","","F38372E2C9B010630E65C779A1A0CA4CDC4A0A93ABD7EAB1DAA1F6222F6713DB","Extracted Dataset A file appeared during inventory."
"ADDED","Gait\dataset_a\other\rj-00_3-011.png","","682","","F718CBD3FD6F92A35EBEFA569A5619091CD53755D0ECB5B425CC29316D49D51E","Extracted Dataset A file appeared during inventory."
"ADDED","Gait\dataset_a\other\rj-00_3-012.png","","692","","EB13A6CDB1995E3C3222C22C462CD2F60107EE5EA9347FBBC88FC4C7C33ED625","Extracted Dataset A file appeared during inventory."
"ADDED","Gait\dataset_a\other\rj-00_3-013.png","","662","","FEDB0D7209E79CBBE4BF9A01E2F183F6C0DACF45F3E15889EF23E42E2B4DC059","Extracted Dataset A file appeared during inventory."
"ADDED","Gait\dataset_a\other\rj-00_3-014.png","","631","","C98E99D0D42E72BC547D6D3F1AAB7185F2FFC9B95D1CCE692E966B0247C50B3C","Extracted Dataset A file appeared during inventory."
"ADDED","Gait\dataset_a\other\rj-00_3-015.png","","704","","A02552765DD3C3944F6D5CCF7917CF6347F18A27CF6BB138F6278B6A017BC69C","Extracted Dataset A file appeared during inventory."
"ADDED","Gait\dataset_a\other\rj-00_3-016.png","","780","","77055932C7EE49C22A9D0704373A886D03263F3D62C843AB0D48406BD5C906E0","Extracted Dataset A file appeared during inventory."
"ADDED","Gait\dataset_a\other\rj-00_3-019.png","","881","","4F5659E1C29046B084C59B2674916AE16CC5C0060CDDFE064B4F3FFA9C0C6A7D","Extracted Dataset A file appeared during inventory."
"ADDED","Gait\dataset_a\other\rj-00_3-022.png","","750","","546BED9E1192C6740F971F147C52CD59A3251910DA7378C472F589828B472E81","Extracted Dataset A file appeared during inventory."
"ADDED","Gait\dataset_a\other\rj-00_3-023.png","","774","","BEB4BC436B73AAAEDD01EB05E6C0F4F11AD90AAE55AB9EA4247890E3959A36C1","Extracted Dataset A file appeared during inventory."
"ADDED","Gait\dataset_a\other\rj-00_3-024.png","","749","","74BF8F11B680E0A0B766B706412288B551692FC103E85C90A1C1F4004AFBA617","Extracted Dataset A file appeared during inventory."
"ADDED","Gait\dataset_a\other\rj-00_3-025.png","","717","","5041BD2A7E7B839646B49070BBBF627E002C398EAA258E3301D96EF38031EFBB","Extracted Dataset A file appeared during inventory."
"ADDED","Gait\dataset_a\other\rj-00_3-026.png","","770","","D66DDC3D9F6BF55EFEE1D759648C21B08920217BC7274BF9ABA369AA8E52B2A7","Extracted Dataset A file appeared during inventory."
"ADDED","Gait\dataset_a\other\rj-00_3-027.png","","799","","EEAE60396FB3936E2C383077DC6FFC9560A482DFEA03A462F5AC111E64C3724D","Extracted Dataset A file appeared during inventory."
"ADDED","Gait\dataset_a\other\rj-00_3-028.png","","856","","5DE73A5ECFEAE5D6A123D160B17A6EBBD07E9288B67690D3B1DF7E6C1AD3825B","Extracted Dataset A file appeared during inventory."
"ADDED","Gait\dataset_a\other\rj-00_3-033.png","","812","","B5AD265D144C985B36865F5206FF42A955337804936F91DDE93093DA737C38D8","Extracted Dataset A file appeared during inventory."
"ADDED","Gait\dataset_a\other\rj-00_3-034.png","","830","","FAD0986AB9413F7A2DACC9F778F064EF43D9812A4991F664B54D656C35FCD0C5","Extracted Dataset A file appeared during inventory."
"ADDED","Gait\dataset_a\other\rj-00_3-035.png","","759","","051D37F01E822D0B63A5BA01B332AE7056A8A55A548B2DCFB9B78B70849ABD1F","Extracted Dataset A file appeared during inventory."
"ADDED","Gait\dataset_a\other\rj-00_3-036.png","","702","","BDC0D859045201EE838E5DCA4DC860568700E66EE4513AB270A06BA0F3940219","Extracted Dataset A file appeared during inventory."
"ADDED","Gait\dataset_a\other\rj-00_3-037.png","","730","","5B3474F0AE58EB3AB0C0DD65D81FEDC3A118D30F8D6CB5B22105CCF64795CDDD","Extracted Dataset A file appeared during inventory."
"ADDED","Gait\dataset_a\other\rj-00_3-038.png","","750","","4FB75A82FCD064D596902E6F7ED77221605000FD224460EC5FC676A02C18D173","Extracted Dataset A file appeared during inventory."
"ADDED","Gait\dataset_a\other\rj-00_3-039.png","","792","","19E09E4BFAF56E59AD94EA0B213B4C4F289DD9028AC2DE08FD74A4225FB30247","Extracted Dataset A file appeared during inventory."
"ADDED","Gait\dataset_a\other\rj-00_3-041.png","","839","","D2123D285BDEFA29F403BA922D0C5003C8FA3488D4B4548F310745C98912241B","Extracted Dataset A file appeared during inventory."
"ADDED","Gait\dataset_a\other\rj-00_3-044.png","","758","","88989374D9DEE98F114A0E5B4535B0749CE8FC80094A890AC7B1E1966747A364","Extracted Dataset A file appeared during inventory."
"ADDED","Gait\dataset_a\other\rj-00_3-045.png","","716","","1C5B8B3FFE3A8F6459BBA6346E4EF9D0CFBE6DBB6EC81FB6EEDA896F26BD755B","Extracted Dataset A file appeared during inventory."
"ADDED","Gait\dataset_a\other\rj-00_3-046.png","","679","","C9C5228471D6F7DC9433A815C143DF3AF22F4CD26E5CBFB806A769171BB9C842","Extracted Dataset A file appeared during inventory."
"ADDED","Gait\dataset_a\other\rj-00_3-047.png","","635","","D94BF48999F7F6307AE6E6C1D591AF406A34DC68F97D3792BD2B5904F34E23D3","Extracted Dataset A file appeared during inventory."
"ADDED","Gait\dataset_a\other\rj-00_3-048.png","","674","","D15608A414A7EFF121464DF92896FF90BF67BAF5114925B27CE1DF375C6600AF","Extracted Dataset A file appeared during inventory."
"ADDED","Gait\dataset_a\other\rj-00_3-049.png","","694","","CBF92BE039C07A39A90A728656F92B9742C03ABCF92B62BCF03ADDB737BAA8AF","Extracted Dataset A file appeared during inventory."
"ADDED","Gait\dataset_a\other\rj-00_3-050.png","","779","","EF0B5C9F3145066380CB8DAE2A84FD02015CFDD183F13F61ADE08C50AA3FAAC0","Extracted Dataset A file appeared during inventory."
"ADDED","Gait\dataset_a\other\rj-00_3-054.png","","751","","D460B9CBE2AE39810125335D13117DB796F6D5609CDADB82BCA6EAE612018195","Extracted Dataset A file appeared during inventory."
"ADDED","Gait\dataset_a\other\rj-00_4-001.png","","644","","E2F83E27DFE5EE1EC8ED62101830EA22E54DAC47824290FACC581D7031B546F4","Extracted Dataset A file appeared during inventory."
"ADDED","Gait\dataset_a\other\rj-00_4-002.png","","653","","E1FD90EB746308FADEB474103C02442D5FEA926F3367FE30FBA586C399B4C13D","Extracted Dataset A file appeared during inventory."
"ADDED","Gait\dataset_a\other\rj-00_4-003.png","","711","","71ACB2DF7403A8850C0A50DAAAE59C499277F6298C059CEA22824687881734B0","Extracted Dataset A file appeared during inventory."
"ADDED","Gait\dataset_a\other\rj-00_4-004.png","","689","","CD3B02CC4FA1D9D8DA4853E6E8D1B2ED841EA836B0917634F2E9B816507B7B08","Extracted Dataset A file appeared during inventory."
"ADDED","Gait\dataset_a\other\rj-00_4-009.png","","716","","7F9D86A877C72EBF7EE0256FCBF10E7FA936DAE67521066D2A8DEF047127BD26","Extracted Dataset A file appeared during inventory."
"ADDED","Gait\dataset_a\other\rj-00_4-010.png","","708","","4A930199EC41A4BF8E4E60B40B048F7C31F909429217BCE805F3E8E4CBE62D02","Extracted Dataset A file appeared during inventory."
"ADDED","Gait\dataset_a\other\rj-00_4-011.png","","697","","D0B3D1AA6D1E2AB7B8A7663CB579CC5BE881345F0E319F40C6536EE23C55AED8","Extracted Dataset A file appeared during inventory."
"ADDED","Gait\dataset_a\other\rj-00_4-012.png","","631","","76123CE9EB32A44245BEA49B30BB79A046A99E247A6512FDE24211EB6D8C1585","Extracted Dataset A file appeared during inventory."
"ADDED","Gait\dataset_a\other\rj-00_4-013.png","","634","","140D6F3A043BE5E980D1A3C814DAB9D73CC17DBA34AF640A9702B7C6B86F72D1","Extracted Dataset A file appeared during inventory."
"ADDED","Gait\dataset_a\other\rj-00_4-014.png","","719","","C02B5F484EF388B9D4425CF16B61D15AB874D252369D31A0F27A3081C60905DC","Extracted Dataset A file appeared during inventory."
"ADDED","Gait\dataset_a\other\rj-00_4-015.png","","749","","37D371F6FE4E597F05CC6ACF4715BBD7D1B8D063E824BD88D7343943F02F2D66","Extracted Dataset A file appeared during inventory."
"ADDED","Gait\dataset_a\other\rj-00_4-016.png","","787","","846128D9C90DE1180EF1DEAC46DF469A214D37DFC8267CAFAD96DA6D54EF98D1","Extracted Dataset A file appeared during inventory."
"ADDED","Gait\dataset_a\other\rj-00_4-018.png","","884","","94ECDE2E42BBBB4C575A566691B8D7FC78BB3EF757C07A28F2B4D88EF918DE74","Extracted Dataset A file appeared during inventory."
"ADDED","Gait\dataset_a\other\rj-00_4-020.png","","803","","5E7E33002EEF279D537AB3899184A874CA72B9654D9388902DC96F8B03A1BBA8","Extracted Dataset A file appeared during inventory."
"ADDED","Gait\dataset_a\other\rj-00_4-021.png","","793","","8D57706767F54E0B355A47CCEDC7C76D65C32A47DE6C98A969E2A08C39283AB7","Extracted Dataset A file appeared during inventory."
"ADDED","Gait\dataset_a\other\rj-00_4-022.png","","781","","AD7BEBB2A96A8E11630E21873823B39DDC35096DF23C0FF676ED2751EC7EEEEC","Extracted Dataset A file appeared during inventory."
"ADDED","Gait\dataset_a\other\rj-00_4-023.png","","695","","6AA6205D4858AE3238D1EAFC554AA0C7C98931F78CFEDAA054E86BFE92B4EE33","Extracted Dataset A file appeared during inventory."
"ADDED","Gait\dataset_a\other\rj-00_4-024.png","","747","","BDF1EB35551B162A20A320B4E972A9E80CC1FAA5DBA5161EB10D887FE64EBE91","Extracted Dataset A file appeared during inventory."
"ADDED","Gait\dataset_a\other\rj-00_4-025.png","","796","","585250BD1D530C13F91FAD6B3E446AAC919491E2D084C8F8D85DE907F61E6FFE","Extracted Dataset A file appeared during inventory."
"ADDED","Gait\dataset_a\other\rj-00_4-026.png","","818","","682AB5D5402FAE0C4749B56754B5EC83CFA1F24D4CFA0EF329C0A20B74311465","Extracted Dataset A file appeared during inventory."
"ADDED","Gait\dataset_a\other\rj-00_4-031.png","","824","","53CB2DE26EA5AFFCFEC17F388CC95EC159CDE1C52733CBCE41C1E842AE035CE0","Extracted Dataset A file appeared during inventory."
"ADDED","Gait\dataset_a\other\rj-00_4-032.png","","780","","D80FDCE293234034A2B7F7696681A5B8D0466066DE3E109B9DAF57966E13F2AF","Extracted Dataset A file appeared during inventory."
"ADDED","Gait\dataset_a\other\rj-00_4-033.png","","743","","03F16B8AC4B88DA70F94BD2F03DE08CB8B090A8CCDE2ED102B0121E883F32C39","Extracted Dataset A file appeared during inventory."
"ADDED","Gait\dataset_a\other\rj-00_4-034.png","","771","","8514EBFEBE9C01BA15F226166857663A1A98DB06560F0083DFAF6D3977A4AC25","Extracted Dataset A file appeared during inventory."
"ADDED","Gait\dataset_a\other\rj-00_4-035.png","","793","","05F9BF3011F398397AB63AA26B4F2F48E0EE53FB8645ECA45E0E6B167AF2EE6B","Extracted Dataset A file appeared during inventory."
"ADDED","Gait\dataset_a\other\rj-00_4-036.png","","786","","08107EEA8B49682D41862FBC512569FD1CB45D608C9BAB9C184D47FAF2C457F5","Extracted Dataset A file appeared during inventory."
"ADDED","Gait\dataset_a\other\rj-00_4-037.png","","815","","6274C6FC45D9162F1812FAE4B8FBC61E216D3E68F1FCA329076EEE7823604B17","Extracted Dataset A file appeared during inventory."
"ADDED","Gait\dataset_a\other\rj-00_4-042.png","","750","","2A0C21CAF3D268DFD2D3AA7AD6F888AD7E378B44BB693BB09AB1F9BCF3739E41","Extracted Dataset A file appeared during inventory."
"ADDED","Gait\dataset_a\other\rj-00_4-043.png","","745","","7AB260A220DDD3CDDAAEC36BE7A98A38A107225DDED19291A549DDBA3F2310A1","Extracted Dataset A file appeared during inventory."
"ADDED","Gait\dataset_a\other\rj-00_4-044.png","","744","","F16A1DC26D331A489369EC0B0BA091FAD29127BC344C545A1B79E307732308CC","Extracted Dataset A file appeared during inventory."
"ADDED","Gait\dataset_a\other\rj-00_4-045.png","","685","","B4404D32458A1FA935A47D9A06480774B3407083AB3159976CB437B49A914AF5","Extracted Dataset A file appeared during inventory."
"ADDED","Gait\dataset_a\other\rj-00_4-046.png","","658","","0197B25E503E59CBCAB39089A020EA7A708DACCF4495696899BC51928CBA2BC5","Extracted Dataset A file appeared during inventory."
"ADDED","Gait\dataset_a\other\rj-00_4-047.png","","673","","26CA039E1A13C23DF39A14A469A53C887C285205635A693DC7E585392E4BF4C7","Extracted Dataset A file appeared during inventory."
"ADDED","Gait\dataset_a\other\rj-00_4-048.png","","736","","025E038508C19F15EC993824308A0F0BA81561E51176D2E0EC4F53C250794039","Extracted Dataset A file appeared during inventory."
"ADDED","Gait\dataset_a\other\rj-00_4-049.png","","794","","34BCB654723561170ABD9A8D5B2160AB2750E190778C5A7D60AD808AEC6AA334","Extracted Dataset A file appeared during inventory."
"ADDED","Gait\dataset_a\other\rj-00_4-051.png","","839","","6C0FB7C7334A04C9F8A3A3211EE3E888CD2018FB6C9F38446805A98C7CE1B075","Extracted Dataset A file appeared during inventory."
"ADDED","Gait\dataset_a\other\rj-00_4-054.png","","740","","13794672A7DD880ADF8BBDAD34373EC649C52C50BCACDFF61CED48A8F0CA0FD4","Extracted Dataset A file appeared during inventory."
"ADDED","Gait\dataset_a\other\rj-00_4-055.png","","685","","B541B46293BBDE24F9A5CEC8994B42A91BE093D83A142361454E7D8B5DDEA7BF","Extracted Dataset A file appeared during inventory."
"ADDED","Gait\dataset_a\other\rj-00_4-056.png","","688","","1291C004A960546120E828F8E694E5A722725546239B58FFFFBD66F755251BAB","Extracted Dataset A file appeared during inventory."
"ADDED","Gait\dataset_a\other\rj-00_4-057.png","","638","","AF43D7B5863E24209B468D9E28ADEF8313B65E4EDC8D9BE605A144B82346B19F","Extracted Dataset A file appeared during inventory."
"ADDED","Gait\dataset_a\other\rj-00_4-058.png","","620","","5458162B6DC59BF669BE1313E0098E10D6B7D67826C47E618EB83A597876B81F","Extracted Dataset A file appeared during inventory."
"ADDED","Gait\dataset_a\other\rj-00_4-059.png","","697","","3470C03A283C570DB8105329E35F91BA88A6D32AF24E478265AFBBF766F3035E","Extracted Dataset A file appeared during inventory."
"ADDED","Gait\dataset_a\other\syj-00_1-001.png","","794","","AFBD737E924BB30C939C8AEBDD4FC3D29C19438AF5572C170DC2A49596DE4A3D","Extracted Dataset A file appeared during inventory."
"ADDED","Gait\dataset_a\other\syj-00_1-002.png","","806","","40CF0E2AC83585420C4DE038B8C1147B9810F2328AD3AB88F966D9975102E01E","Extracted Dataset A file appeared during inventory."
"ADDED","Gait\dataset_a\other\syj-00_1-003.png","","827","","93A4091C78F7E816ADED67908F0024A6867D296A8025F718F4DA9D8ECE32BEE0","Extracted Dataset A file appeared during inventory."
"ADDED","Gait\dataset_a\other\syj-00_1-004.png","","838","","FA40EEE9FE0FBAA782E201FFCB52D42DB5106CA87D3BB049FEDE1B19D318DF08","Extracted Dataset A file appeared during inventory."
"ADDED","Gait\dataset_a\other\syj-00_1-005.png","","862","","D532DE333040739B23EB9CC5358B57A4570025647210441DBF2AD0959A731C45","Extracted Dataset A file appeared during inventory."
"ADDED","Gait\dataset_a\other\syj-00_1-006.png","","911","","B0C81F396357407B81CA29916CF1ECA8BD19D7B07413A35280B905FD2A5B207E","Extracted Dataset A file appeared during inventory."
"ADDED","Gait\dataset_a\other\syj-00_1-007.png","","925","","420267DA5992280A23E1EC9BB9E58B895878D41D30867AA00E2426962DAA95B3","Extracted Dataset A file appeared during inventory."
"ADDED","Gait\dataset_a\other\syj-00_1-009.png","","939","","25381A8A2804A7CF5F13F953A05A67363113221C62C685C999CC0938EE2ECF97","Extracted Dataset A file appeared during inventory."
"ADDED","Gait\dataset_a\other\syj-00_1-012.png","","916","","AA3FB287D588F2240279009C57067D9A1FDC84731D96C0F653EF28238EC01E10","Extracted Dataset A file appeared during inventory."
"ADDED","Gait\dataset_a\other\syj-00_1-013.png","","900","","E28B94DEA7A0E598D34F49E1F96924340BD4F15C799DD79A52F433A834773020","Extracted Dataset A file appeared during inventory."
"ADDED","Gait\dataset_a\other\syj-00_1-014.png","","826","","C5B03C6B21DE44E04EB969271ECA3E1DD941BB5B0C5B0910A0B2E405A6053E5E","Extracted Dataset A file appeared during inventory."
"ADDED","Gait\dataset_a\other\syj-00_1-015.png","","780","","C0279461B04053043D11BFC6511B80B4486230CC690D85EEFCD01ADA5A6E2693","Extracted Dataset A file appeared during inventory."
"ADDED","Gait\dataset_a\other\syj-00_1-016.png","","783","","01AEF974094F36268171C38974AD9B6E0AF092FF24D727AA23F6C09BCDC3CB82","Extracted Dataset A file appeared during inventory."
"ADDED","Gait\dataset_a\other\syj-00_1-017.png","","936","","2D9246931D7FCA82DE14B8F0D011D27C676659EED19103F5E79316F08EA62473","Extracted Dataset A file appeared during inventory."
"ADDED","Gait\dataset_a\other\syj-00_1-018.png","","944","","FEA587D3756BC9C0B21EF9E41F3577A97D37E1D1882507C7B4035E30B086AF14","Extracted Dataset A file appeared during inventory."
"ADDED","Gait\dataset_a\other\syj-00_1-019.png","","994","","10390987545BA09E7DED252DAD1370F74CDE44FA0931F8198DF7F01617E2DB9F","Extracted Dataset A file appeared during inventory."
"ADDED","Gait\dataset_a\other\syj-00_1-020.png","","1041","","DEA23C506ED13245D094035B915BAAEE5CE43029A5FED6BD39045F77FC50FFCB","Extracted Dataset A file appeared during inventory."
"ADDED","Gait\dataset_a\other\syj-00_1-022.png","","1065","","ED452AD1B46868E94CE51DCCBEF73332ACCB14F3959B54708D52F9C4123AEE8B","Extracted Dataset A file appeared during inventory."
"ADDED","Gait\dataset_a\other\syj-00_1-023.png","","1084","","AD305EC0BC71EBC183C7BF9E7B6C566535984F1177822E5ACF4BD3F5B24B0C48","Extracted Dataset A file appeared during inventory."
"ADDED","Gait\dataset_a\other\syj-00_1-025.png","","1001","","CE8D4FF668BEBB4E3A2B451D2EC7654E0E094792B2E5DFC7CF232CD8CE31FC20","Extracted Dataset A file appeared during inventory."
"ADDED","Gait\dataset_a\other\syj-00_1-026.png","","953","","BEFFBBFA964CC19DA1A3D7F906B6EDC12F00C111687AFAA220ECC5B3E9D702C3","Extracted Dataset A file appeared during inventory."
"ADDED","Gait\dataset_a\other\syj-00_1-027.png","","929","","08D017F9EB5A7F91AA33BA2A64CF1F8270B336A28CFC1913FAD7FC382ED96B5F","Extracted Dataset A file appeared during inventory."
"ADDED","Gait\dataset_a\other\syj-00_1-028.png","","778","","EAFC59D6F38720CD931D1B848571CDA685CAA84C95FDAFD063F3727B808CFFD7","Extracted Dataset A file appeared during inventory."
"ADDED","Gait\dataset_a\other\syj-00_1-029.png","","830","","FBAAF7758182D41EB0B1D8EB4EAB1969AB68B80883241D1DB3AC753E0661453F","Extracted Dataset A file appeared during inventory."
"ADDED","Gait\dataset_a\other\syj-00_1-030.png","","860","","1C411A4DA6F977A1052112F7A91FEA4FC8CB092D851DAAEF4C53D4233F281642","Extracted Dataset A file appeared during inventory."
"ADDED","Gait\dataset_a\other\syj-00_1-031.png","","897","","BADB6BC540A2016E92C6190226B430C451F57A1A4DCB4D80C833DC11B42C47DA","Extracted Dataset A file appeared during inventory."
"ADDED","Gait\dataset_a\other\syj-00_1-032.png","","970","","9CE5BBAA6D0EB6970EBC991A3D890D72E4E61C97C002B3F87D471554288A4C45","Extracted Dataset A file appeared during inventory."
"ADDED","Gait\dataset_a\other\syj-00_1-033.png","","1035","","C42B032BEC795FEA7E5C5C49ADF1F66E2C6E8127ABC7711E90DEB114F60A0884","Extracted Dataset A file appeared during inventory."
"ADDED","Gait\dataset_a\other\syj-00_1-035.png","","998","","4CF0D2324615245C3045F3001BE2ECC7FB4291A55EE83DE9F9DD4601CF6B5CC8","Extracted Dataset A file appeared during inventory."
"ADDED","Gait\dataset_a\other\syj-00_1-038.png","","871","","A316991E08CE5824163C2759B41113803732AFD4A2C3DB1ECD6B1C0A909B602A","Extracted Dataset A file appeared during inventory."
"ADDED","Gait\dataset_a\other\syj-00_1-039.png","","867","","7A0CAA1E06D2678F8A56B8C40849E397B3016670E6D2542042CA7E9C89953BF6","Extracted Dataset A file appeared during inventory."
"ADDED","Gait\dataset_a\other\syj-00_1-040.png","","794","","606B61F543B8120739BF55FCB47308A822EE05CEFC22C9468BF7838F88225DD0","Extracted Dataset A file appeared during inventory."
"ADDED","Gait\dataset_a\other\syj-00_1-041.png","","762","","3F5AC601F786B86700AD84715A1C95E2D670B9A53B80977F97B5856A58EB595B","Extracted Dataset A file appeared during inventory."
"ADDED","Gait\dataset_a\other\syj-00_1-042.png","","798","","7C10393CF3E914E4439E6F8DD4353A88ADC1D80B8AF15C1CB79A2BF9DD710566","Extracted Dataset A file appeared during inventory."
"ADDED","Gait\dataset_a\other\syj-00_1-043.png","","783","","6AE096B9CCF74F5C5797D9D99A9FF45ADE9DAC89697AD59C7969276A5C81FF80","Extracted Dataset A file appeared during inventory."
"ADDED","Gait\dataset_a\other\syj-00_1-044.png","","822","","212F9AB37E4E5786443896178861CA6BD8DA80F1BEE1545F98705D325FB9C276","Extracted Dataset A file appeared during inventory."
"ADDED","Gait\dataset_a\other\syj-00_1-045.png","","849","","2BBA5A4B6396C828AB7E32C96422037016A990CB4A46E10E0D4284635FD4329E","Extracted Dataset A file appeared during inventory."
"ADDED","Gait\dataset_a\other\syj-00_1-048.png","","888","","0E92EF7578850925038EEAB376C86BB9E490752EE8ECB03ACB5CD1AB2A551382","Extracted Dataset A file appeared during inventory."
"ADDED","Gait\dataset_a\other\syj-00_1-050.png","","822","","338DB38779F90332E31AD701B26191A6ED68A07F0CA07E9F32BB5CC6B2A40171","Extracted Dataset A file appeared during inventory."
"ADDED","Gait\dataset_a\other\syj-00_1-051.png","","773","","12CE8DA193A5209A9B6EB85AA3DBF6E8136CE01AC581FD17D728EFEF4D881DDB","Extracted Dataset A file appeared during inventory."
"ADDED","Gait\dataset_a\other\syj-00_1-052.png","","754","","65A84E5E13A45021DC37F3061D2610286EFC46B8EB0C94A286CF24B04CC4EACD","Extracted Dataset A file appeared during inventory."
"ADDED","Gait\dataset_a\other\syj-00_1-053.png","","773","","6B724854862CC5E09745990C026C1D5593CD292D76E4CDCDBA40BACD50F21916","Extracted Dataset A file appeared during inventory."
"ADDED","Gait\dataset_a\other\syj-00_2-003.png","","886","","606E6D101D85BE9D796A949E04DD7C95C36E137DED0076BF584BDF365B4FC9FA","Extracted Dataset A file appeared during inventory."
"ADDED","Gait\dataset_a\other\syj-00_2-004.png","","866","","2C40DECA5932C2E55F0607CC7580D595B4480C3F2D7DC289B28B1F0105823048","Extracted Dataset A file appeared during inventory."
"ADDED","Gait\dataset_a\other\syj-00_2-005.png","","795","","44AE8D9A504CD40C5CB08391497370D314E56DF4CAC92129DD459CFC163B4195","Extracted Dataset A file appeared during inventory."
"ADDED","Gait\dataset_a\other\syj-00_2-006.png","","767","","E8BB35BCE638CBDF94A91F40ABC3FF666CB15715BD13D9B05DC46B89EA1A78C3","Extracted Dataset A file appeared during inventory."
"ADDED","Gait\dataset_a\other\syj-00_2-007.png","","748","","81C0A608F8D6F0BAA83BB25F6A5F83E31DC540B10803820C13E85020574AD7D0","Extracted Dataset A file appeared during inventory."
"ADDED","Gait\dataset_a\other\syj-00_2-008.png","","750","","8FA3993D2EC1507E67A542AE4D6B628734A1226A556CB9F853054A533E9EA355","Extracted Dataset A file appeared during inventory."
"ADDED","Gait\dataset_a\other\syj-00_2-009.png","","757","","D352FCAAA8E0A1CBD244A31A1C725A5245053B0E8D02B71224226CED390C8729","Extracted Dataset A file appeared during inventory."
"ADDED","Gait\dataset_a\other\syj-00_2-010.png","","790","","AAAEFC85BD2AE181C34E96E342F7C4B14A77BAD43C8CD019019B30CDBE8D5C9E","Extracted Dataset A file appeared during inventory."
"ADDED","Gait\dataset_a\other\syj-00_2-011.png","","812","","475C76181CA74D853C8D9F49265A7EF62C7866A8D4DA48FB0BB32131EFFCD44D","Extracted Dataset A file appeared during inventory."
"ADDED","Gait\dataset_a\other\syj-00_2-012.png","","878","","95D0CB08A73F9837B1CD5F1D4BABE7EC41FF99B0A6094E57586FDFC8A6ECDE94","Extracted Dataset A file appeared during inventory."
"ADDED","Gait\dataset_a\other\syj-00_2-018.png","","854","","BCFD874157923E4CE4829F3CBB9031ECBE212510BC00117D1786EA6B963565D2","Extracted Dataset A file appeared during inventory."
"ADDED","Gait\dataset_a\other\syj-00_2-019.png","","862","","657FD6C00FD9723F9D0981B8F8A0F2A5C78AE8C3802D23C2F7CFCEFB93E5138D","Extracted Dataset A file appeared during inventory."
"ADDED","Gait\dataset_a\other\syj-00_2-020.png","","861","","7EDC5150CBB5FA567DD784A306FA046E255D270A423474C04A274C494AB8CF8B","Extracted Dataset A file appeared during inventory."
"ADDED","Gait\dataset_a\other\syj-00_2-021.png","","791","","41F8F844130366852A0AEF4E7431F1B4F1135D0D0201C2B6E7AD30BC40C1A63F","Extracted Dataset A file appeared during inventory."
"ADDED","Gait\dataset_a\other\syj-00_2-022.png","","801","","EADFB861F5403A13C4CF80ABF50C7BAF816D29DC97C7F8CEF6104E2D0D1967B5","Extracted Dataset A file appeared during inventory."
"ADDED","Gait\dataset_a\other\syj-00_2-023.png","","906","","51E9B07358E565CAF5A569619FA4FB2534B5378C83F6D319414C8698FC42FF19","Extracted Dataset A file appeared during inventory."
"ADDED","Gait\dataset_a\other\syj-00_2-024.png","","908","","9BB250D9734AE5072F73191A7BFBC5441D9C4AA188F60FE294A843A01FA19045","Extracted Dataset A file appeared during inventory."
"ADDED","Gait\dataset_a\other\syj-00_2-025.png","","1007","","11F540686007C78323129BDDE0CAA197FB818674206ACF7550906EA98502A2B3","Extracted Dataset A file appeared during inventory."
"ADDED","Gait\dataset_a\other\syj-00_2-030.png","","1019","","3F0D4610CEE848E16DFCA7BF5292768EB64B037BC6145C297067D4D6112CE003","Extracted Dataset A file appeared during inventory."
"ADDED","Gait\dataset_a\other\syj-00_2-031.png","","957","","6ACA59FEC2443DCA0EBF89818E2D97316EC3175407A65F102C3D034DD272A2A0","Extracted Dataset A file appeared during inventory."
"ADDED","Gait\dataset_a\other\syj-00_2-032.png","","940","","546016EE1447673698498B63FBD3753256C3FD621778951BFAA494886786B2F8","Extracted Dataset A file appeared during inventory."
"ADDED","Gait\dataset_a\other\syj-00_2-033.png","","890","","0A2D1C9FA290827E956122270DBBA8A49D95816BF93367148962928BA13EA47D","Extracted Dataset A file appeared during inventory."
"ADDED","Gait\dataset_a\other\syj-00_2-034.png","","903","","BF8702531508C35B4A381F00F8B44CD31AF89B1BA74DDC21E86FA5CFAA923B45","Extracted Dataset A file appeared during inventory."
"ADDED","Gait\dataset_a\other\syj-00_2-035.png","","852","","3FAD540E18CCC5A9F7ED8A7A22E1EC45CF4C8B069F27354D9EBB0F8FC94B771F","Extracted Dataset A file appeared during inventory."
"ADDED","Gait\dataset_a\other\syj-00_2-036.png","","863","","80047420BF430AA913B7519C70D33A06ED18F18FDD2F2930DE8CF14CFF2E5982","Extracted Dataset A file appeared during inventory."
"ADDED","Gait\dataset_a\other\syj-00_2-037.png","","933","","46369C5C6C858B3B82154DC449B2198148D9DC7BC61B5FA4F449EE713D5668A0","Extracted Dataset A file appeared during inventory."
"ADDED","Gait\dataset_a\other\syj-00_2-038.png","","987","","84257BA2A78671F13503F0BA703BEF38D3913C9EEFEA56AE35E722B8EF8A10D5","Extracted Dataset A file appeared during inventory."
"ADDED","Gait\dataset_a\other\syj-00_2-039.png","","1061","","7BE052F91766F73F5D339C8D6ACD7E6987904FF4F17859949802B2B36E35B0B4","Extracted Dataset A file appeared during inventory."
"ADDED","Gait\dataset_a\other\syj-00_2-041.png","","1073","","7FEBDCA69BC94230DC5EB6492D8FD036AF85F9D17CCBE06CAADCB7B351400F4C","Extracted Dataset A file appeared during inventory."
"ADDED","Gait\dataset_a\other\syj-00_2-044.png","","894","","02E6E3ADF71828A0E55519674F8AB216E1941B08B23E6162EAC29BDB36287317","Extracted Dataset A file appeared during inventory."
"ADDED","Gait\dataset_a\other\syj-00_2-045.png","","881","","3AA7892C8EB84008584A1E0C422ACDBDE0DC001A27961E8A5CDF9BC76FFADB0F","Extracted Dataset A file appeared during inventory."
"ADDED","Gait\dataset_a\other\syj-00_2-046.png","","832","","649A9C2378523D1DC5D9EADF70BA3FBF3E4B3836B5490575B90FE919712D191C","Extracted Dataset A file appeared during inventory."
"ADDED","Gait\dataset_a\other\syj-00_2-047.png","","777","","0967677C9E509D8B62C510461FD1502AC86C344F8431A3AA30F19507D2F19F26","Extracted Dataset A file appeared during inventory."
"ADDED","Gait\dataset_a\other\syj-00_2-048.png","","785","","B5F2E8C42CD5B450A2B30523132EF72A08BF7B47D2FDAB9E70527455319ED6D2","Extracted Dataset A file appeared during inventory."
"ADDED","Gait\dataset_a\other\syj-00_2-049.png","","830","","E4D328C6FB2F5EE65C3A0E81AA87202123F622BD819C611E25E03C77F217DF32","Extracted Dataset A file appeared during inventory."
"ADDED","Gait\dataset_a\other\syj-00_2-050.png","","824","","BBFB6C25B5D61FF0BB25EDED2992BC8ED60C3067296B6C12C2D49F50FAE4009C","Extracted Dataset A file appeared during inventory."
"ADDED","Gait\dataset_a\other\syj-00_2-051.png","","863","","137D1ADC1B87DA5F23499A7F8058E66502789CFC7FDA1F4571AF96C6411A0668","Extracted Dataset A file appeared during inventory."
"ADDED","Gait\dataset_a\other\syj-00_3-001.png","","771","","31ED1CB6882A2888982A340CA7295D662D380327DBABD865AB5ADA44E2EBB1F3","Extracted Dataset A file appeared during inventory."
"ADDED","Gait\dataset_a\other\syj-00_3-002.png","","779","","125C9AFE9D1DE47FFED6E10434A6154D084C101A34FB169A6C5321511F1B1B0A","Extracted Dataset A file appeared during inventory."
"ADDED","Gait\dataset_a\other\syj-00_3-003.png","","859","","128CEECDD481ED50153852AF8339CE8A633A35565E4280883A922CC5E0F0058D","Extracted Dataset A file appeared during inventory."
"ADDED","Gait\dataset_a\other\syj-00_3-004.png","","903","","B98C8695B1B3D48F5A01C525E97894AB566005678BC8F7DFFE375BC5C5D439BD","Extracted Dataset A file appeared during inventory."
"ADDED","Gait\dataset_a\other\syj-00_3-008.png","","838","","BF7582FCA6C37519976D3697BFE603D5E63F94DB068DB3D1241686E83FDE5639","Extracted Dataset A file appeared during inventory."
"ADDED","Gait\dataset_a\other\syj-00_3-009.png","","780","","C3A7FA165EA9001EB99110F08CF9AC4BD30B0FBADFB385E4FF64866608CC1F2E","Extracted Dataset A file appeared during inventory."
"ADDED","Gait\dataset_a\other\syj-00_3-010.png","","780","","190F1BA865337352EA226BF81869100BDE89C933F64F97E6835B64CC5FC36FFE","Extracted Dataset A file appeared during inventory."
"ADDED","Gait\dataset_a\other\syj-00_3-011.png","","832","","B60A57273F6F31B49148E4B69276532616E226E5F516EF053C85FCF6BC129157","Extracted Dataset A file appeared during inventory."
"ADDED","Gait\dataset_a\other\syj-00_3-012.png","","805","","4BAA7C597DDA991D7FBB3D5BE4A0F1D505018754DEEC6D54F9435BE1EF33893D","Extracted Dataset A file appeared during inventory."
"ADDED","Gait\dataset_a\other\syj-00_3-013.png","","780","","97925C2863540FC2A9AA6F129A86F7F3AA439CBF4EA1884EB96131D290355F40","Extracted Dataset A file appeared during inventory."
"ADDED","Gait\dataset_a\other\syj-00_3-014.png","","861","","7674DD88FF3A8E7D18EC7061C1C13406DE40052E064AB913A8544D33D7A40F34","Extracted Dataset A file appeared during inventory."
"ADDED","Gait\dataset_a\other\syj-00_3-015.png","","895","","638C508BCFD5566DDC0437CD1BBCBA96056BD7E108A0F1C81458B0BC1CB751D4","Extracted Dataset A file appeared during inventory."
"ADDED","Gait\dataset_a\other\syj-00_3-016.png","","899","","BDC8C35D9B371143E614F5562E6A384CC38CB5D8237C26E8DD2AF29A47EBCCE1","Extracted Dataset A file appeared during inventory."
"ADDED","Gait\dataset_a\other\syj-00_3-021.png","","994","","C89170BAC5798FBC69F91368DDABA9CDF08996D85451FAFF731BCE9F58E4D9F9","Extracted Dataset A file appeared during inventory."
"ADDED","Gait\dataset_a\other\syj-00_3-022.png","","940","","581F45541DE3F7CCEB1E4F46C24D295F561CEB6B367937597256BCC79E1145BA","Extracted Dataset A file appeared during inventory."
"ADDED","Gait\dataset_a\other\syj-00_3-023.png","","885","","85208ECD7AAFD7E2C11019E562BA06C393A5F640D1DCB105071597BAA752CEBA","Extracted Dataset A file appeared during inventory."
"ADDED","Gait\dataset_a\other\syj-00_3-024.png","","921","","DD8664DD64A7596966B9834772145F738BFC62C1E7265EC16178D43369581BD8","Extracted Dataset A file appeared during inventory."
"ADDED","Gait\dataset_a\other\syj-00_3-025.png","","899","","6C162D791996F54C6154FCDF342C8EBF594362DB222E5A77F234BA3F24FE2362","Extracted Dataset A file appeared during inventory."
"ADDED","Gait\dataset_a\other\syj-00_3-026.png","","851","","4DEB0F1B404EE9AD31BEB58450FB5CC0780AA6F0134BC23194F11FD5C1D6CB16","Extracted Dataset A file appeared during inventory."
"ADDED","Gait\dataset_a\other\syj-00_3-027.png","","875","","A99D2AEBBD47429F086DE26E5BF92342011ADB5B15587B95A12E1AE05ED0F95C","Extracted Dataset A file appeared during inventory."
"ADDED","Gait\dataset_a\other\syj-00_3-028.png","","853","","93E67049E241F5B090C34252478B9B6F9E4A61C917FBC3207E9069C0111CC038","Extracted Dataset A file appeared during inventory."
"ADDED","Gait\dataset_a\other\syj-00_3-029.png","","909","","B63FB89A4C32AB18A0A027E96857C7D055311E7E53E35D1D07F8873084836D49","Extracted Dataset A file appeared during inventory."
"ADDED","Gait\dataset_a\other\syj-00_3-030.png","","966","","1BCEFB9FD2BD0C8AE18577F2D98D1CAC850CCE909758EEDE2B88B6A5928911DD","Extracted Dataset A file appeared during inventory."
"ADDED","Gait\dataset_a\other\syj-00_3-032.png","","972","","F2BABCAFBC0A20551DF1BB031919CB0B1A34B4193FC42A9F6E46A0F06AED2DDE","Extracted Dataset A file appeared during inventory."
"ADDED","Gait\dataset_a\other\syj-00_3-035.png","","878","","157308EF95397FBFC0A639346B285CC46A4AA59175CD4975639E827930A10750","Extracted Dataset A file appeared during inventory."
"ADDED","Gait\dataset_a\other\syj-00_3-036.png","","838","","FAAED37624FAD8F711FF90DC7C1347A8B7F8AEA0F9D4F7FC1D155D8D63CC8D89","Extracted Dataset A file appeared during inventory."
"ADDED","Gait\dataset_a\other\syj-00_3-037.png","","807","","D3CAB73D24F464C9A1DCC36FBFB6C1B779BD67B18E8C09E48D3ED8ECE6497B77","Extracted Dataset A file appeared during inventory."
"ADDED","Gait\dataset_a\other\syj-00_3-038.png","","796","","D25577A476E6947B7DC9C1F74ED609B0101623882AEDD7C837DB135345E547EF","Extracted Dataset A file appeared during inventory."
"ADDED","Gait\dataset_a\other\syj-00_3-039.png","","776","","9CCA4FF47C13B96A2668CDD67F740E5BB5BFF3F6ABCCEB92042E277D741610E6","Extracted Dataset A file appeared during inventory."
"ADDED","Gait\dataset_a\other\syj-00_3-040.png","","800","","43436A6584B056AB745A7A11422C4D9F3E1D580F7BE36684C6026B7D34C9E8A7","Extracted Dataset A file appeared during inventory."
"ADDED","Gait\dataset_a\other\syj-00_3-041.png","","806","","5EDF552B50F46D629C2F71AF9CD2BCE1C95C32E0E738A9EC43BB122CE6B42270","Extracted Dataset A file appeared during inventory."
"ADDED","Gait\dataset_a\other\syj-00_3-042.png","","837","","FCE74FAA1FAF237F772AA214F9E71F55259083BE35CB3F3966478C9B2C185386","Extracted Dataset A file appeared during inventory."
"ADDED","Gait\dataset_a\other\syj-00_3-043.png","","889","","5EDC7E09634BCA8286A3ABF9DC43FF52C387893642E5891F3C2EFF674E67C313","Extracted Dataset A file appeared during inventory."
"ADDED","Gait\dataset_a\other\syj-00_3-048.png","","792","","90C8864420E70B4C7875EF01CD687488B4088CE3C7AAE070D2300925687A0453","Extracted Dataset A file appeared during inventory."
"ADDED","Gait\dataset_a\other\syj-00_3-049.png","","752","","C80D3C44BF296356FF918012BFD7A8095E4E6FE57659E2512BDACCA96D3BD226","Extracted Dataset A file appeared during inventory."
"ADDED","Gait\dataset_a\other\syj-00_3-050.png","","784","","110C34D1E3D982FB0AF5795B3BBE0F943C18AB047694DB5FEA6EF52F3100C675","Extracted Dataset A file appeared during inventory."
"ADDED","Gait\dataset_a\other\syj-00_3-051.png","","719","","B8F1CCFD09DA18C3E28CF980B5E0105C76D1230879A33B125F5D4B830CA7F97D","Extracted Dataset A file appeared during inventory."
"ADDED","Gait\dataset_a\other\syj-00_3-052.png","","694","","2DB10708FC861329DC8F9D5EF7E7F9A286FCB0197CEE60FCA4D01FF840E76D0B","Extracted Dataset A file appeared during inventory."
"ADDED","Gait\dataset_a\other\syj-00_3-053.png","","701","","9AAD3DDE3643A676A20E11130953D015C3F74B1423F74F086929C6AE35FB990B","Extracted Dataset A file appeared during inventory."
"ADDED","Gait\dataset_a\other\syj-00_3-054.png","","773","","A8F37A383B114E4EACEC34ED28E46BB40A38CB713746E80BE54DE143FEE944F1","Extracted Dataset A file appeared during inventory."
"ADDED","Gait\dataset_a\other\syj-00_4-001.png","","874","","9279C12283E9F8376A1354E8B8BDBFF22E73054154973965AF662BF8475CAB76","Extracted Dataset A file appeared during inventory."
"ADDED","Gait\dataset_a\other\syj-00_4-002.png","","842","","ADE88242F17DEB17BB52067F9EE23AF90783B39CEEE95DCB7B3EF3960A89F324","Extracted Dataset A file appeared during inventory."
"ADDED","Gait\dataset_a\other\syj-00_4-003.png","","764","","66FF67B48A7ACFD955DD0D1D7E4A2854350603E72C1C68DA41201EF321A6D81D","Extracted Dataset A file appeared during inventory."
"ADDED","Gait\dataset_a\other\syj-00_4-004.png","","769","","B0EABDF11F06B1CF5719DD4BC5842EBF59C648FACA1834DEA5AA26DFB342E18D","Extracted Dataset A file appeared during inventory."
"ADDED","Gait\dataset_a\other\syj-00_4-005.png","","787","","280167077C512961BC10CEE22A9B9CB15981C680D6B9FC09D7F49F21785149E5","Extracted Dataset A file appeared during inventory."
"ADDED","Gait\dataset_a\other\syj-00_4-006.png","","749","","D0A06B755FF5098B55CF0CAED8455148D789E71C440006BA5A9EFC807A2EB8A1","Extracted Dataset A file appeared during inventory."
"ADDED","Gait\dataset_a\other\syj-00_4-007.png","","681","","AC86EE22233B5834ADE1778D64DE9C49C0961F618E8FD3242E0EEB4CB518496E","Extracted Dataset A file appeared during inventory."
"ADDED","Gait\dataset_a\other\syj-00_4-008.png","","680","","86B11A21A57794BB0BEC7F10E90E5C29326E52CFA69C9886B29BDFE60C4B074B","Extracted Dataset A file appeared during inventory."
"ADDED","Gait\dataset_a\other\syj-00_4-009.png","","744","","A6459B53E0BD90CC1CD3E3DE8D500A9DFC51CCF9A781F9458CDD58E5BAE26FB6","Extracted Dataset A file appeared during inventory."
"ADDED","Gait\dataset_a\other\syj-00_4-010.png","","819","","4E089F81642DBC27BEF27296C5E5CD5BBC040FBA85142E0234845580119ED46F","Extracted Dataset A file appeared during inventory."
"ADDED","Gait\dataset_a\other\syj-00_4-011.png","","895","","4F9494823A57618B2F5B37FEC43215AC5CBFB679E8D3D877AF4E344F6036A2B8","Extracted Dataset A file appeared during inventory."
"ADDED","Gait\dataset_a\other\syj-00_4-016.png","","837","","6E7A7FD3B24411E2FEDBA7D079E39B21ACDEC9BEF61484A515CB8709D5AB841D","Extracted Dataset A file appeared during inventory."
"ADDED","Gait\dataset_a\other\syj-00_4-017.png","","842","","8BDF481F273D3579DBB408B762C1CC59915B9561EE682BC0BF2CF37C0AE18DD9","Extracted Dataset A file appeared during inventory."
"ADDED","Gait\dataset_a\other\syj-00_4-018.png","","828","","6806DEFA41C6199A27CE0A6083C2FF9A84287C08EBD7DD85647F4979F8342FF6","Extracted Dataset A file appeared during inventory."
"ADDED","Gait\dataset_a\other\syj-00_4-019.png","","825","","65C48E63695E5C2BF0C070F19D07ED74FAEFF97FD0925E650973A94F1D44A09B","Extracted Dataset A file appeared during inventory."
"ADDED","Gait\dataset_a\other\syj-00_4-020.png","","762","","4308CD5B751D3C8C5EE311B356DCAEEBC10EEF7F71E162A896B437EC809857BD","Extracted Dataset A file appeared during inventory."
"ADDED","Gait\dataset_a\other\syj-00_4-021.png","","840","","9E5DEF13240B0F5B68D150991000CB0E4D4814148F18F6F761BB0AD33364FCCE","Extracted Dataset A file appeared during inventory."
"ADDED","Gait\dataset_a\other\syj-00_4-022.png","","835","","FDE7F3EDA43581B1CC1CE617408CFB1405AE452DA84EA89FE5389808E67A2A04","Extracted Dataset A file appeared during inventory."
"ADDED","Gait\dataset_a\other\syj-00_4-023.png","","859","","DFDB4F2AD94C69456A1DF953C4D9762E21C51D79A402C31A9834C2B6E48DB261","Extracted Dataset A file appeared during inventory."
"ADDED","Gait\dataset_a\other\syj-00_4-024.png","","958","","DFCD39CD1F6C756D20A894388C4499A352E184B3EAA89896538C1B4FFB0DD769","Extracted Dataset A file appeared during inventory."
"ADDED","Gait\dataset_a\other\syj-00_4-025.png","","1006","","68C967065EEFA1EBAAA5C0841E47C66376DD9B8ED6258830492B3DA864E5C7C1","Extracted Dataset A file appeared during inventory."
"ADDED","Gait\dataset_a\other\syj-00_4-029.png","","974","","E70EDF20C92816E84D3476F8D6FB41BBB90E4EAC1D6771EACD3BEAF009F00F16","Extracted Dataset A file appeared during inventory."
"ADDED","Gait\dataset_a\other\syj-00_4-030.png","","964","","DBF7630078EBEFC9A213E73CEAF3C08A65EC92197E10797A49AD1382C2CA3992","Extracted Dataset A file appeared during inventory."
"ADDED","Gait\dataset_a\other\syj-00_4-031.png","","888","","99C191D49798630CF8827F53A78797577D78BB67998AAB037C7396F417C4DC6E","Extracted Dataset A file appeared during inventory."
"ADDED","Gait\dataset_a\other\syj-00_4-032.png","","840","","E960B19343935C0EE437D5AA60D5109FE02D00FB5E3B7276E5242E8EB947BED1","Extracted Dataset A file appeared during inventory."
"ADDED","Gait\dataset_a\other\syj-00_4-033.png","","808","","0F6184418B23DD27A33ADC9BC82B57199F97C9D2F945B0B43E1A142FA2775304","Extracted Dataset A file appeared during inventory."
"ADDED","Gait\dataset_a\other\syj-00_4-034.png","","766","","7CBFF1A45CE3964254A8D341D42128543AEB5902EB0F88E8DE21AC3083DEC9E2","Extracted Dataset A file appeared during inventory."
"ADDED","Gait\dataset_a\other\syj-00_4-035.png","","767","","65EA0E4F7CA0BB6EC8B054231356BF9DABAEFC2078984355D40A9933C3034330","Extracted Dataset A file appeared during inventory."
"ADDED","Gait\dataset_a\other\syj-00_4-036.png","","839","","7CFD2E1CD9A0FD064F1EB6610F1B39A9B2E54BC02BBC709DF04E3239BB9B154A","Extracted Dataset A file appeared during inventory."
"ADDED","Gait\dataset_a\other\syj-00_4-037.png","","940","","977C93C726EBC4B2C92C9C21F1052CA4B89799188FCA15059775D7C8DC11CA82","Extracted Dataset A file appeared during inventory."
"ADDED","Gait\dataset_a\other\syj-00_4-038.png","","978","","755D6F3278BE5D9245BD8724B7952B57BDB6DB8E8EF65632D315B7221C1FEAB5","Extracted Dataset A file appeared during inventory."
"ADDED","Gait\dataset_a\other\syj-00_4-040.png","","1002","","4FF6D846227468DA0BBDED0CBD3B8E4B06525AF95CA5EE4996592F8AE238C1F7","Extracted Dataset A file appeared during inventory."
"ADDED","Gait\dataset_a\other\syj-00_4-043.png","","916","","07B1EF475A13811ACC72D6B34F085F4CF3ABF012EDBD6232C724EE5B822C3BB6","Extracted Dataset A file appeared during inventory."
"ADDED","Gait\dataset_a\other\syj-00_4-044.png","","867","","AF563D67B8D8C07325D9018C56C268F970E601266C03C29F95F6EF5E86BBE24F","Extracted Dataset A file appeared during inventory."
"ADDED","Gait\dataset_a\other\syj-00_4-045.png","","833","","1B6CBAD4FD227F282D2846091B893143063A5DCA6BC64AA1EFB9D37A5A5878E0","Extracted Dataset A file appeared during inventory."
"ADDED","Gait\dataset_a\other\syj-00_4-046.png","","759","","E3167F07139774A4E82950875A6DB8FD5985C5A4AFBD891B215054F98EE51937","Extracted Dataset A file appeared during inventory."
"ADDED","Gait\dataset_a\other\syj-00_4-047.png","","729","","BCE053B6F3E89F12B098EB201B51B04615D095814327B68D861E24BC7AC21779","Extracted Dataset A file appeared during inventory."
"ADDED","Gait\dataset_a\other\syj-00_4-048.png","","769","","30A925A9E65012ED527438E17A600E0E4E476434EE1A3DFA94253AC5DFEDDFF2","Extracted Dataset A file appeared during inventory."
"ADDED","Gait\dataset_a\other\syj-00_4-049.png","","827","","E1DF9CEE6CD8D128CCFDD0E644A9974940BCF9FB2AC5362C98D81CDE7125480A","Extracted Dataset A file appeared during inventory."
"ADDED","Gait\dataset_a\other\syj-00_4-050.png","","828","","04A2BFE311088452784DFBFEED72421BA54DCAF41292DF8684B8672A977C05DB","Extracted Dataset A file appeared during inventory."
"ADDED","Gait\dataset_a\other\syj-00_4-051.png","","852","","FDA8284C3860F6E9A0B7527A0C11167CA9E4B4B0B3D8149E3A925E344DC0D590","Extracted Dataset A file appeared during inventory."
"ADDED","Gait\dataset_a\other\wl-00_1-001.png","","892","","FB4DCE9B9AFC4D660A85062E414994DC358FA6276F37D9F419E793B1C2C28770","Extracted Dataset A file appeared during inventory."
"ADDED","Gait\dataset_a\other\wl-00_1-002.png","","821","","0857E86DDCB5FF63005700A8D72B84F99501281D0F1C59EF27C0A4FCD8046032","Extracted Dataset A file appeared during inventory."
"ADDED","Gait\dataset_a\other\wl-00_1-003.png","","826","","BF5A9FB344C734D59F72CFD1F4DF69E36D5E6D96FE51A8B11F04CA26A96DC1F9","Extracted Dataset A file appeared during inventory."
"ADDED","Gait\dataset_a\other\wl-00_1-004.png","","855","","C4FE3014ED542B3E19489D4D364B4BE686D3723F7F1968BDB4CC7455C2A29FF8","Extracted Dataset A file appeared during inventory."
"ADDED","Gait\dataset_a\other\wl-00_1-005.png","","961","","692D1A00B388CA36554712C6A03C45A51E19A52D21002608B77D08E324FE923F","Extracted Dataset A file appeared during inventory."
"ADDED","Gait\dataset_a\other\wl-00_1-006.png","","969","","9A7F72AFA6DBDF2904BE350C418601D07CB0E94CA0795E6D90441DB1B8BE5B0F","Extracted Dataset A file appeared during inventory."
"ADDED","Gait\dataset_a\other\wl-00_1-007.png","","1090","","6AB7E53D9E38D6EC957D64DD3BC9C0E1A91810E5E8716B5D8143048167E6C784","Extracted Dataset A file appeared during inventory."
"ADDED","Gait\dataset_a\other\wl-00_1-008.png","","1122","","52407DFC05C90E7BB02E86AA12AE91173F794BDB3A491E11C29F65F72EE3A00C","Extracted Dataset A file appeared during inventory."
"ADDED","Gait\dataset_a\other\wl-00_1-013.png","","977","","62829C0B37D6BA2DD3BA2FA9868C5BAAF1F2F034029C89A2F0FEAC158AD3139B","Extracted Dataset A file appeared during inventory."
"ADDED","Gait\dataset_a\other\wl-00_1-014.png","","951","","B4E2DECC41D17DC64D2D966372F42217DB24D8036AD29D8AB2D65A7E8F2E3A46","Extracted Dataset A file appeared during inventory."
"ADDED","Gait\dataset_a\other\wl-00_1-015.png","","942","","6058227E7476EAC874EF6A793EEA8C7AD102AC597ED25DB769CEED3632F1338D","Extracted Dataset A file appeared during inventory."
"ADDED","Gait\dataset_a\other\wl-00_1-016.png","","923","","2A20B056AB936CA092A7270C74AD3E250273DDB7F3389DD9B6632C64A85D9E97","Extracted Dataset A file appeared during inventory."
"ADDED","Gait\dataset_a\other\wl-00_1-017.png","","843","","CBD4958E60CEC2F766F3F7847C4717A389C8DC7B6C7B530F38BA78CA97324D0E","Extracted Dataset A file appeared during inventory."
"ADDED","Gait\dataset_a\other\wl-00_1-018.png","","956","","A5536AB8771C70B9C1880E0B9A0573BBE3A49A6EAD479086BE16A70DA0C637D7","Extracted Dataset A file appeared during inventory."
"ADDED","Gait\dataset_a\other\wl-00_1-019.png","","1007","","022892379E22EFF987F57662986AF7418CAA043BB705E34070555C960264661C","Extracted Dataset A file appeared during inventory."
"ADDED","Gait\dataset_a\other\wl-00_1-020.png","","1106","","1B1779569BDC44A23E1985536C78DCC19661709D65DD8FD7B402F6E4012BE390","Extracted Dataset A file appeared during inventory."
"ADDED","Gait\dataset_a\other\wl-00_1-021.png","","1178","","981D27188E827D16063E26A942349959AC679B3CAEBE1138724C89BD354B1F63","Extracted Dataset A file appeared during inventory."
"ADDED","Gait\dataset_a\other\wl-00_1-023.png","","1180","","88B71AB68016BBECEE28E1FB69562D54AEE8709A9A77F39067CC551CBF2C6A80","Extracted Dataset A file appeared during inventory."
"ADDED","Gait\dataset_a\other\wl-00_1-024.png","","1131","","3C54317F02A8BB746FB024F84C085DA784347310EDA0D9EEFE94303FC03B1AA9","Extracted Dataset A file appeared during inventory."
"ADDED","Gait\dataset_a\other\wl-00_1-026.png","","1000","","FAF51ADEC81508D6B6681115D445418C8EA916CDF0AA8CD26AF689242DAD6D74","Extracted Dataset A file appeared during inventory."
"ADDED","Gait\dataset_a\other\wl-00_1-027.png","","931","","0F4397379A158FF16CED9852BA953270308ECF7525BD98A8DC1A8CB6C94C592C","Extracted Dataset A file appeared during inventory."
"ADDED","Gait\dataset_a\other\wl-00_1-028.png","","916","","05F4CA323A65944E535E8FDD1D5E07582B2BA4BF47A55CF4A69DD0B7F704D8F3","Extracted Dataset A file appeared during inventory."
"ADDED","Gait\dataset_a\other\wl-00_1-029.png","","852","","D007FAAAD4BD61162F3B432D436C6BD27737D876E26E6572DE4A2507A3660F43","Extracted Dataset A file appeared during inventory."
"ADDED","Gait\dataset_a\other\wl-00_1-030.png","","825","","0F4C1D3F31F4E2C315A59F02BA26E399658A0BF1754198A42BCFD29626E47671","Extracted Dataset A file appeared during inventory."
"ADDED","Gait\dataset_a\other\wl-00_1-031.png","","951","","67AF6559A51118EA15B81B19FAF348CCA6E149731BB6A7EEEE66F811537CBC29","Extracted Dataset A file appeared during inventory."
"ADDED","Gait\dataset_a\other\wl-00_1-032.png","","975","","667B9286355C3D248CAAECE6B01213AD5BE1B8DC496F59A69D0E8DBAC7651F93","Extracted Dataset A file appeared during inventory."
"ADDED","Gait\dataset_a\other\wl-00_1-033.png","","1075","","E04036ADFCDF6B89865CA387A9B321414C01F52E8815D556A0D8E67844EDDD9A","Extracted Dataset A file appeared during inventory."
"ADDED","Gait\dataset_a\other\wl-00_1-034.png","","1132","","182F42923FDF7C1BBB1A5AAA8F7E2CA0678175D06DBA5B257EA9F6B93588B5EE","Extracted Dataset A file appeared during inventory."
"ADDED","Gait\dataset_a\other\wl-00_1-035.png","","1157","","9A21E5A7785801B5947C33441041101A21F4B1C3ED89C0461A842263AF389714","Extracted Dataset A file appeared during inventory."
"ADDED","Gait\dataset_a\other\wl-00_2-001.png","","823","","EFB3898FA4FABC1819252E012B63977A7134DBE3B18B24A2EDE25BA0ADAB355F","Extracted Dataset A file appeared during inventory."
"ADDED","Gait\dataset_a\other\wl-00_2-002.png","","828","","C8672AF37E164F603BFFF2F0019B400C4C73B0D6ADB35CA71C46FC88817CFE62","Extracted Dataset A file appeared during inventory."
"ADDED","Gait\dataset_a\other\wl-00_2-003.png","","872","","5D279A60C2DD3F64C2D1294BE8824D5980F970641E58AAE9E516DDF0BF4EE565","Extracted Dataset A file appeared during inventory."
"ADDED","Gait\dataset_a\other\wl-00_2-004.png","","973","","DAF45C983B4D4381481DD768CE02F49D8E67831F5A4BF8E4EB454A91C1E5DFD6","Extracted Dataset A file appeared during inventory."
"ADDED","Gait\dataset_a\other\wl-00_2-005.png","","1065","","C60348D15BB0F405C26900D34C38EC58B0479BA71A101FC7B900D9E4605C8C9D","Extracted Dataset A file appeared during inventory."
"ADDED","Gait\dataset_a\other\wl-00_2-006.png","","1153","","450E85778B3873BCF5EBEBFEB0C2AC798FE3A4D59E951A0456D7F6A9A79F90A7","Extracted Dataset A file appeared during inventory."
"ADDED","Gait\dataset_a\other\wl-00_2-007.png","","1143","","B88D2A9B27AC9C0CD0FA161174913C2718F786AA1B0483F83528D024C1AE70CC","Extracted Dataset A file appeared during inventory."
"ADDED","Gait\dataset_a\other\wl-00_2-011.png","","1048","","8E62D6601691248FC50D545F3B74995B16D52F8586BAAF82B1E3D1693D4935B9","Extracted Dataset A file appeared during inventory."
"ADDED","Gait\dataset_a\other\wl-00_2-012.png","","985","","3AF9B9A84820154BCB3FE85752473350105E587F88D65F13C26FC1106753A87D","Extracted Dataset A file appeared during inventory."
"ADDED","Gait\dataset_a\other\wl-00_2-013.png","","923","","CA8612D036B726534832843910367823C2096AE4424E3D9A043648EE849CF1CA","Extracted Dataset A file appeared during inventory."
"ADDED","Gait\dataset_a\other\wl-00_2-014.png","","899","","BA592FFA6F0BEA11B5890CA9A51D792AEB79F8BB9CF98F8E289AE338F4D1FB2C","Extracted Dataset A file appeared during inventory."
"ADDED","Gait\dataset_a\other\wl-00_2-015.png","","878","","38CD522B3B7357FBA10AECDED768B276F0C09F90EC209B6CCB216078409C63F9","Extracted Dataset A file appeared during inventory."
"ADDED","Gait\dataset_a\other\wl-00_2-016.png","","962","","0FE105EA4A9627C85738D674A87BF95EF52A85CD095D38EC9499C8FECAC6A39A","Extracted Dataset A file appeared during inventory."
"ADDED","Gait\dataset_a\other\wl-00_2-017.png","","1050","","633D9DE2E64F281F853CC9403F064B0376F4790FD9430542FB6C76C1F2B05BB5","Extracted Dataset A file appeared during inventory."
"ADDED","Gait\dataset_a\other\wl-00_2-018.png","","1113","","1556A25DD9482C9C2D0297A8CFCA8E5D495B95F701B4DCF4EDBD9EAC8295627E","Extracted Dataset A file appeared during inventory."
"ADDED","Gait\dataset_a\other\wl-00_2-019.png","","1197","","B80667E3279FEAAE7EA8E62EFCCDC96949F556C8DE670BAAB53B6F7F70761E45","Extracted Dataset A file appeared during inventory."
"ADDED","Gait\dataset_a\other\wl-00_2-020.png","","1205","","171790F4265E1FE01733A9AD73812F0AC388A0CB7897B5BD585FDE5EB26E141F","Extracted Dataset A file appeared during inventory."
"ADDED","Gait\dataset_a\other\wl-00_2-022.png","","1124","","96F0B802BCF5D8194AB036F04C40433A6F40B51898299AC0A37B2A0B8EFD7941","Extracted Dataset A file appeared during inventory."
"ADDED","Gait\dataset_a\other\wl-00_2-023.png","","1103","","8EC1D90DCCAB3210E240D9E5B3EAD31D83C30A747B91D78CD6E8444B086F2EA2","Extracted Dataset A file appeared during inventory."
"ADDED","Gait\dataset_a\other\wl-00_2-024.png","","1044","","09DD0B0288951A6F793DF15FBD218F3F1694388AD79AF16188E4FF25DE5F6DA2","Extracted Dataset A file appeared during inventory."
"ADDED","Gait\dataset_a\other\wl-00_2-025.png","","917","","3DC031E3A8C9EBAE7F49CC0DD4C556DC53D050509EFEAAA5AB20A2C036DB859A","Extracted Dataset A file appeared during inventory."
"ADDED","Gait\dataset_a\other\wl-00_2-026.png","","918","","6B992A8EB6C203122994B65FA8A725EBB1D61E4C2087E2B35377155B2B4AFD8F","Extracted Dataset A file appeared during inventory."
"ADDED","Gait\dataset_a\other\wl-00_2-027.png","","828","","20D2D8D12A75315D70176A175828F9432C65EDDF4EA75CC84796198EAD18963B","Extracted Dataset A file appeared during inventory."
"ADDED","Gait\dataset_a\other\wl-00_2-028.png","","810","","2D20E7EC5CE8591A78EA21C63CFA0090444CC782308A0808421EBCC39EE1FECF","Extracted Dataset A file appeared during inventory."
"ADDED","Gait\dataset_a\other\wl-00_2-029.png","","817","","B975F4EC91BF2613B85337B5C63413DA2AA572DFAAF59636BCAC8E2DCDB07550","Extracted Dataset A file appeared during inventory."
"ADDED","Gait\dataset_a\other\wl-00_2-030.png","","913","","0CB890EDA2FD38C2E278A89503CBFDF956B1FD88441B68FD2C5A6610F0A546E7","Extracted Dataset A file appeared during inventory."
"ADDED","Gait\dataset_a\other\wl-00_2-031.png","","967","","8717381BDBAEB8406A169699A0CD296BD763369D6702535B669E09BEC591F635","Extracted Dataset A file appeared during inventory."
"ADDED","Gait\dataset_a\other\wl-00_2-032.png","","1032","","788A98E0CEA3607931038A3B246D0D4BC0DF689C0542D43543A8AFBE2CB82A49","Extracted Dataset A file appeared during inventory."
"ADDED","Gait\dataset_a\other\wl-00_2-037.png","","1014","","5EF3C87742818F248C6EB67F7E71F63008FAC040974A3E1D615B79D37BFD0FD7","Extracted Dataset A file appeared during inventory."
"ADDED","Gait\dataset_a\other\wl-00_2-038.png","","950","","C3C367B01D380301E573CA23228C91A4CCA5315188242BD3EA28A9A145BD7085","Extracted Dataset A file appeared during inventory."
"ADDED","Gait\dataset_a\other\wl-00_2-039.png","","879","","438B32552F1A5A047674C6BC26E10E2D1A320AC797ADAD3B5944C431027EB257","Extracted Dataset A file appeared during inventory."
"ADDED","Gait\dataset_a\other\wl-00_2-040.png","","860","","E3969D73B9E727E6A22EEC9B452B5A93FAB00B9A52BE13E76BA33528DD5E9A58","Extracted Dataset A file appeared during inventory."
"ADDED","Gait\dataset_a\other\wl-00_2-041.png","","829","","7A7CF0B34543DB671F54EA42084C2F904D568CD24A4B61965785A03CC8116E85","Extracted Dataset A file appeared during inventory."
"ADDED","Gait\dataset_a\other\wl-00_3-001.png","","869","","E90B35DCB43645CD8C432928E57B9455AAAE57B649DE4294125467874D6ED250","Extracted Dataset A file appeared during inventory."
"ADDED","Gait\dataset_a\other\wl-00_3-002.png","","868","","5475261E9AA8D8E21BCEEECD8B63A26D0D9B26869461CD6D1B9BACD5439B9FF0","Extracted Dataset A file appeared during inventory."
"ADDED","Gait\dataset_a\other\wl-00_3-003.png","","861","","C8C076499E05F9E75C5E44F6765A8B5444C3A1F1924FB34AF17DDA35ABDF2829","Extracted Dataset A file appeared during inventory."
"ADDED","Gait\dataset_a\other\wl-00_3-004.png","","931","","5CE6A1E14087C6F166D662310072DE2DD4D8DE82AC675F3F435F7F87F0566C65","Extracted Dataset A file appeared during inventory."
"ADDED","Gait\dataset_a\other\wl-00_3-005.png","","1014","","F36E66D41CD5942229637DEF8EEF26004E31B45C20E22AB6303D44E8C1AC95C1","Extracted Dataset A file appeared during inventory."
"ADDED","Gait\dataset_a\other\wl-00_3-006.png","","1076","","A262803B4504BD2D666EA69E87AB2D40319BC61CFA40013EC3CB8BB11FF4396B","Extracted Dataset A file appeared during inventory."
"ADDED","Gait\dataset_a\other\wl-00_3-007.png","","1157","","F4FEAEC45F0A4C2465A1D8DF2E5FA8FE82E38216D929827A1593184F0F12523C","Extracted Dataset A file appeared during inventory."
"ADDED","Gait\dataset_a\other\wl-00_3-009.png","","1137","","98AA1E9ADE4E03685197906E3AC9EADFBBDEBF905E5F590ECCD45943655EEA73","Extracted Dataset A file appeared during inventory."
"ADDED","Gait\dataset_a\other\wl-00_3-012.png","","993","","684CE2E9063605755FAA4A8039AB6217E8CA641CCAB7C8DB3E462D6334907971","Extracted Dataset A file appeared during inventory."
"ADDED","Gait\dataset_a\other\wl-00_3-013.png","","951","","54AA96521E5EAEDDDD23AEBCFBC628D2F85991EE65EFA9C69AE6692490D74F67","Extracted Dataset A file appeared during inventory."
"ADDED","Gait\dataset_a\other\wl-00_3-014.png","","924","","B44F08AFAC069C8C66E7F5FA2D7E7470C58EC770629F704CE18457C0728FA7D9","Extracted Dataset A file appeared during inventory."
"ADDED","Gait\dataset_a\other\wl-00_3-015.png","","938","","D2E1F28E926069548EC382BD0558DE9D6CC5668767BB5E76922B44C686BEE335","Extracted Dataset A file appeared during inventory."
"ADDED","Gait\dataset_a\other\wl-00_3-016.png","","880","","09C546835B6AAE8B80C929584985DC3AB189612A8049FCFF55F0F5D3513F0A03","Extracted Dataset A file appeared during inventory."
"ADDED","Gait\dataset_a\other\wl-00_3-017.png","","850","","6ED16B50549522C2844C3DECE6DD678672EE70291D6BFE929EDF21BAACAAFCF2","Extracted Dataset A file appeared during inventory."
"ADDED","Gait\dataset_a\other\wl-00_3-018.png","","918","","4C65B8B5264AD3169984AE41752CF90319D0AABABBD971934A828266730BC8A3","Extracted Dataset A file appeared during inventory."
"ADDED","Gait\dataset_a\other\wl-00_3-019.png","","1020","","1C54037BEDE864F181D0C981515BC311CC8ADA0A95DCAAC2C9B876FEC0658BFF","Extracted Dataset A file appeared during inventory."
"ADDED","Gait\dataset_a\other\wl-00_3-020.png","","1034","","705BF20A42A442E127E6F2F5406E401723513C9EF4FAC2502738B16B47B25BF3","Extracted Dataset A file appeared during inventory."
"ADDED","Gait\dataset_a\other\wl-00_3-021.png","","1065","","CE5EF639E083D0609F4C573342FDC44E76444EE832513B160DF31A86710195A8","Extracted Dataset A file appeared during inventory."
"ADDED","Gait\dataset_a\other\wl-00_3-022.png","","1130","","89DF9D05DD916FFFD361E4B07F9809B1860BE77477CCEFBADB9A4F2843DE1014","Extracted Dataset A file appeared during inventory."
"ADDED","Gait\dataset_a\other\wl-00_3-025.png","","1166","","B91382AC86DE040FDC3D2D1E84D468EF387397F915F24FBE83671C79276213D2","Extracted Dataset A file appeared during inventory."
"ADDED","Gait\dataset_a\other\wl-00_3-028.png","","1111","","5F85CB7931D526B6461EF43294129AB3A6661E92FD6C6C2C0087107AA125909F","Extracted Dataset A file appeared during inventory."
"ADDED","Gait\dataset_a\other\wl-00_3-029.png","","1051","","4205B94116C96E318489882986476F7C782E3C2E32D91C004530C4B2977548F5","Extracted Dataset A file appeared during inventory."
"ADDED","Gait\dataset_a\other\wl-00_3-030.png","","991","","4CF4216564AE87D5DB96B236F210C6AABADC973AF71240AB12769AFF98CA1C87","Extracted Dataset A file appeared during inventory."
"ADDED","Gait\dataset_a\other\wl-00_3-031.png","","908","","50BA9B65A65111E828834AE36DA71891EC75E27D1A5A43F9A348C106BE3E16CC","Extracted Dataset A file appeared during inventory."
"ADDED","Gait\dataset_a\other\wl-00_3-032.png","","846","","C4866934250160F15E6138FE4E7C44D088324C5CBAD6CDAD9148E312AF9F3FDD","Extracted Dataset A file appeared during inventory."
"ADDED","Gait\dataset_a\other\wl-00_3-033.png","","859","","DB339BA092DE27D396F3D3BBE6C4E2D2A6A4B091B2357D5586983FA206807BE3","Extracted Dataset A file appeared during inventory."
"ADDED","Gait\dataset_a\other\wl-00_3-034.png","","852","","FF8A5C549DC344A9CD79CCC2401AB68B6B733FCCBA348BC16A4AA938B856A44B","Extracted Dataset A file appeared during inventory."
"ADDED","Gait\dataset_a\other\wl-00_3-035.png","","997","","32EEF040D12146A3575E15DF927205E59D2FC9A8B6D9470FBE88C107E4274F86","Extracted Dataset A file appeared during inventory."
"ADDED","Gait\dataset_a\other\wl-00_3-036.png","","1043","","740334ACE86D28DF53DC2F5A45F564D25251BF37C364DEAE2B63FF2E11332AEF","Extracted Dataset A file appeared during inventory."
"ADDED","Gait\dataset_a\other\wl-00_3-037.png","","1133","","EC86E942E680D2D0AAF8C4A24757BCF99E84E8421CAC15D8AD0B4A4C178C69E8","Extracted Dataset A file appeared during inventory."
"ADDED","Gait\dataset_a\other\wl-00_3-038.png","","1127","","01094F2530A9C0C927B572F31E03A4BD6FA93E1560686069AEA4E504E168522D","Extracted Dataset A file appeared during inventory."
"ADDED","Gait\dataset_a\other\wl-00_3-039.png","","1150","","7AF0900DB553E113D176B162D75288C0C8D85E09DE9F9E49117F92AA586705FE","Extracted Dataset A file appeared during inventory."
"ADDED","Gait\dataset_a\other\wl-00_3-043.png","","1091","","C5549329844C4B670C20C3FA434F5CD6441B087637258618A2320C2C5A91B8B8","Extracted Dataset A file appeared during inventory."
"ADDED","Gait\dataset_a\other\wl-00_3-044.png","","1002","","D499DE728934F3E4FF7605B486D7EB40077E45B42AF5BD5249E80A92731164F4","Extracted Dataset A file appeared during inventory."
"ADDED","Gait\dataset_a\other\wl-00_3-045.png","","996","","ACD930F8D9199C3C8EBB00AB1E12A3AC4D0DFAAA403526258E2B60C324E1900F","Extracted Dataset A file appeared during inventory."
"ADDED","Gait\dataset_a\other\wl-00_3-046.png","","960","","6A487CAF0F5453AC36E4814C6EC50248E672711FB28D1C527F3BB0B56AB8A7FF","Extracted Dataset A file appeared during inventory."
"ADDED","Gait\dataset_a\other\wl-00_3-047.png","","878","","874D569C11BE806CC0B966A5E4D3CC3183E6E2B86A2A6A8343A87FD3B736D418","Extracted Dataset A file appeared during inventory."
"ADDED","Gait\dataset_a\other\wl-00_3-048.png","","820","","541C0250A617762F13BAF837A7720D8855172705F83151B1FEB38840FF3E810B","Extracted Dataset A file appeared during inventory."
"ADDED","Gait\dataset_a\other\wl-00_3-049.png","","836","","C7505039FC6607C77C25F1431D88AE4AA9EA77E70C4480D13459108BE8471777","Extracted Dataset A file appeared during inventory."
"ADDED","Gait\dataset_a\other\wl-00_3-050.png","","907","","71C59F6A6B536D8377BCCADA5D86FB13CB76DDBD8398803D90A0D513D8411824","Extracted Dataset A file appeared during inventory."
"ADDED","Gait\dataset_a\other\wl-00_3-051.png","","917","","D6D53DDBBBE7E5F4F1D7B8EF3FEA5C9838AA8C27F7E8629CD15CC201CBCCC5FF","Extracted Dataset A file appeared during inventory."
"ADDED","Gait\dataset_a\other\wl-00_4-001.png","","1011","","C6870D852D0BB4CE811F313380BE3F2B6D50EBAC8028A13A13A8D52EF1814816","Extracted Dataset A file appeared during inventory."
"ADDED","Gait\dataset_a\other\wl-00_4-002.png","","1078","","48F562BD3DCCD51EC7C2C75D1AFC72E08A822F5E2E98635A256FC34DC57FBD80","Extracted Dataset A file appeared during inventory."
"ADDED","Gait\dataset_a\other\wl-00_4-003.png","","1112","","A69B52D84BC2A209A3FF1ED8A741ABC5D3230D237FED35F593809AA5E0327676","Extracted Dataset A file appeared during inventory."
"ADDED","Gait\dataset_a\other\wl-00_4-005.png","","1120","","C911C179D902066AC522405BBCCD6657E1853004FA1DA03AF9C57D83A8CC879F","Extracted Dataset A file appeared during inventory."
"ADDED","Gait\dataset_a\other\wl-00_4-008.png","","1013","","9315A3687047156E2301F3B436CE99B968D0F72F48CDE49097AF82D786F9F60F","Extracted Dataset A file appeared during inventory."
"ADDED","Gait\dataset_a\other\wl-00_4-009.png","","921","","0F862B6252F608C554937EE8D32070A743EA416326C793CFF197F003A77BE30D","Extracted Dataset A file appeared during inventory."
"ADDED","Gait\dataset_a\other\wl-00_4-010.png","","887","","2915B43676FDB9D36F6CFE5D5A7480AF5136A084ADB9C6B824F247E5568172D1","Extracted Dataset A file appeared during inventory."
"ADDED","Gait\dataset_a\other\wl-00_4-011.png","","825","","5392FCA31702B55DD87E2CA5DB635C7FD50EF2A8CB2FB17A8FB34F1DA9FAFB9F","Extracted Dataset A file appeared during inventory."
"ADDED","Gait\dataset_a\other\wl-00_4-012.png","","787","","144E0D509488573ECE6FAEECADDF147BF7F1B8E965471639166A4CB1666858AF","Extracted Dataset A file appeared during inventory."
"ADDED","Gait\dataset_a\other\wl-00_4-013.png","","919","","A895691D680EC193F0C109736A0DB8F2D0866E4721E1435D0D6B0AED00500458","Extracted Dataset A file appeared during inventory."
"ADDED","Gait\dataset_a\other\wl-00_4-014.png","","999","","403CDE2AD02FF9BF9AFF128891E7CCD3019C6321383A01C2AF7AF838F76761A7","Extracted Dataset A file appeared during inventory."
"ADDED","Gait\dataset_a\other\wl-00_4-015.png","","1115","","73C7EB038FADBCCBE4456C6411D453DB5D82CB2E16699A240330DCA8EAB42B82","Extracted Dataset A file appeared during inventory."
"ADDED","Gait\dataset_a\other\wl-00_4-016.png","","1181","","CD1489C9B2213AB32FB5F2717118A9BE8D00D8929B3ED8DB1A32FBE05EE37152","Extracted Dataset A file appeared during inventory."
"ADDED","Gait\dataset_a\other\wl-00_4-018.png","","1155","","F060B7C8C65113E6510FD933CC47BE12AA46DA67FDFE741D57F810772A787464","Extracted Dataset A file appeared during inventory."
"ADDED","Gait\dataset_a\other\wl-00_4-021.png","","1012","","900DAB2608F511BAE54A1E7A17DD263E8D4DB52A1FE30BF67C90AE84FAD5118C","Extracted Dataset A file appeared during inventory."
"ADDED","Gait\dataset_a\other\wl-00_4-022.png","","949","","B986A63CD0910A40D5CE494C295671D30134615619DF48C456205CCF19727832","Extracted Dataset A file appeared during inventory."
"ADDED","Gait\dataset_a\other\wl-00_4-023.png","","893","","C84BE4399C44CABE48EFF8ACC8DDCA9AC4698F6D38E90251FA27A6F499BB4E0C","Extracted Dataset A file appeared during inventory."
"ADDED","Gait\dataset_a\other\wl-00_4-024.png","","824","","8B59E23142D2FD88751451C4E546445450F373D9BD76A08895E4AFF7AC37DDE3","Extracted Dataset A file appeared during inventory."
"ADDED","Gait\dataset_a\other\wl-00_4-025.png","","858","","FBAEB3E9B897152BE3CBA70BBDEDEB66BEB22CC1693DC7F353D2802F4493A9BE","Extracted Dataset A file appeared during inventory."
"ADDED","Gait\dataset_a\other\wl-00_4-026.png","","960","","62D7A02C2E1E42248D36C8AE39BC40B1AF2C7A073729A220A125CC43C9DE47DF","Extracted Dataset A file appeared during inventory."
"ADDED","Gait\dataset_a\other\wl-00_4-027.png","","959","","4338FAA8527407EF9FAE77A75699BA8CB9530D1A73AA163878693B961CE65D69","Extracted Dataset A file appeared during inventory."
"ADDED","Gait\dataset_a\other\wl-00_4-028.png","","1010","","61BE0A240275AD3E3AF8A7C9EE7876F0EEBE6C60988D85DE3B309D8DBED7E0F7","Extracted Dataset A file appeared during inventory."
"ADDED","Gait\dataset_a\other\wl-00_4-029.png","","1074","","39A6F54BC7C8823E8B627A2759AD9D91E76488D40EB5C6AC55279F051584866D","Extracted Dataset A file appeared during inventory."
"ADDED","Gait\dataset_a\other\wl-00_4-031.png","","1116","","464590A1308054226F43074A97D3249E26B291C5FF687003B0C9C553878A6408","Extracted Dataset A file appeared during inventory."
"ADDED","Gait\dataset_a\other\wl-00_4-034.png","","925","","4C8A1AE71D092858B9F91B69B5C089A78A56B614694F3A9530C80AD3E57BF3EF","Extracted Dataset A file appeared during inventory."
"ADDED","Gait\dataset_a\other\wl-00_4-035.png","","879","","7AD9EA5E53DB1AF044060CA8CDE27AFB77EFC092F139147D808DE47C95CE27EC","Extracted Dataset A file appeared during inventory."
"ADDED","Gait\dataset_a\other\wl-00_4-036.png","","819","","6BBD5A579CADD930133D4CFF4348D6D6332A066C05B088FEB385E1C311EF439A","Extracted Dataset A file appeared during inventory."
"ADDED","Gait\dataset_a\other\wl-00_4-037.png","","817","","8B10E65B7B05EBA2E2A4C9D1915BECF0644DAA6C02D7A069F1BB9DCBFB013E49","Extracted Dataset A file appeared during inventory."
"ADDED","Gait\dataset_a\other\wl-00_4-038.png","","810","","AE5F8354CD6EDBE139810249847B5E220BCB034EB1260443F142EA58495F31E4","Extracted Dataset A file appeared during inventory."
"ADDED","Gait\dataset_a\other\wl-00_4-039.png","","895","","75536D50B95090483F2311A719408E7AB0B81F587CED907B68A2B44B2BBB3B84","Extracted Dataset A file appeared during inventory."
"ADDED","Gait\dataset_a\other\wl-00_4-040.png","","953","","60FA58E37CCAF9F20AA06B4021BFF71763B168B1987FC8BE55630BD059CEEE33","Extracted Dataset A file appeared during inventory."
"ADDED","Gait\dataset_a\other\wl-00_4-041.png","","1022","","739FDB137C9D6B12AF08A4789396033D7CB7E3BD2E36A54CE02D3A75DEC0ADBF","Extracted Dataset A file appeared during inventory."
"ADDED","Gait\dataset_a\other\wq-00_1-001.png","","826","","C31332C07323E08B6369423D7C7A1B850BDADAA30ABD66050712AC0248B0679C","Extracted Dataset A file appeared during inventory."
"ADDED","Gait\dataset_a\other\wq-00_1-002.png","","836","","23DBA9C0459E903273717D26EFC7C94BFF6B18E2FE59B10DA51DFFAAB2F3C651","Extracted Dataset A file appeared during inventory."
"ADDED","Gait\dataset_a\other\wq-00_1-003.png","","785","","B5B03E4DFFD181FCB33B5C68C9A4509E70BF6BDC2B513BCF49E55F5588914CBD","Extracted Dataset A file appeared during inventory."
"ADDED","Gait\dataset_a\other\wq-00_1-004.png","","725","","2EBA94A22DFBEF664A1CE0FD3631E2B652EEFD4A6DE6CF834F5A125B4D3B35FD","Extracted Dataset A file appeared during inventory."
"ADDED","Gait\dataset_a\other\wq-00_1-005.png","","666","","BB70618BFA44E1C9482BA8E2D9E7BC643F9E89CCDF8517F6E955A32D49AC3204","Extracted Dataset A file appeared during inventory."
"ADDED","Gait\dataset_a\other\wq-00_1-006.png","","653","","88C2D0B72A4A6441E8D6B0D9CA02B2B703DD88017CE032BF96CB98EAED900CB5","Extracted Dataset A file appeared during inventory."
"ADDED","Gait\dataset_a\other\wq-00_1-007.png","","689","","D750C53768978DF5BE5C032AE1EE13C81906EF85A05A54C2A3E833ED188A9507","Extracted Dataset A file appeared during inventory."
"ADDED","Gait\dataset_a\other\wq-00_1-008.png","","706","","11F8162A4A826C747BC17221CB5551D5A37E74A80C47E71461207CFA23054F4B","Extracted Dataset A file appeared during inventory."
"ADDED","Gait\dataset_a\other\wq-00_1-009.png","","768","","908212A2608518BCEBD8D5C8EC7C2C4226CB3425809DA2510838ED73527399EE","Extracted Dataset A file appeared during inventory."
"ADDED","Gait\dataset_a\other\wq-00_1-012.png","","835","","063E92132EC11334B4BF64CA21F1E937225019346610FD871AD0AE98DE0A83B0","Extracted Dataset A file appeared during inventory."
"ADDED","Gait\dataset_a\other\wq-00_1-015.png","","766","","AB48B6CAEBFD8BF1EB290463F65CB6CFCD4162028B62E4D293038517C0A9F626","Extracted Dataset A file appeared during inventory."
"ADDED","Gait\dataset_a\other\wq-00_1-016.png","","770","","B36362E4FCE1554FE199F312446B3698FFB5FB3C74033C90DF05256DFC58D76C","Extracted Dataset A file appeared during inventory."
"ADDED","Gait\dataset_a\other\wq-00_1-017.png","","725","","21DE443A36BD6C0E5051A504F4DB06F21DF1A97BDFB49F2DEE9248352EAA80D8","Extracted Dataset A file appeared during inventory."
"ADDED","Gait\dataset_a\other\wq-00_1-018.png","","714","","90C0CABD56F1BC7C15366A56818A1813E609192A629280A11F874428B4BF1A2E","Extracted Dataset A file appeared during inventory."
"ADDED","Gait\dataset_a\other\wq-00_1-019.png","","733","","959E41C84314DABB857B2372972CC765CFB3FADE9A8B56AC649ADF856A05D718","Extracted Dataset A file appeared during inventory."
"ADDED","Gait\dataset_a\other\wq-00_1-020.png","","715","","1042F3AEA3037AD992E6F180BDBF4F4BB7BF6AA20612ED42924DDE71543B99E0","Extracted Dataset A file appeared during inventory."
"ADDED","Gait\dataset_a\other\wq-00_1-021.png","","830","","AD3DA802E4BDC6AC26B123D8AAC0F942E7B0057A2AC30431C2FFC63952BDCDBE","Extracted Dataset A file appeared during inventory."
"ADDED","Gait\dataset_a\other\wq-00_1-022.png","","915","","CAF280763A266F405B57723052890D77BDF7C075FA65C1BE0D1DC7F140DF1577","Extracted Dataset A file appeared during inventory."
"ADDED","Gait\dataset_a\other\wq-00_1-023.png","","942","","3A6A78D5C11DF5A95AB0B241D0CB0218641372929629A295FCD8214C76422672","Extracted Dataset A file appeared during inventory."
"ADDED","Gait\dataset_a\other\wq-00_1-025.png","","920","","D077E1B5EF2AD9E29972062F7E96CAA33D71A8524E39CC37CB9E61CF703AAC89","Extracted Dataset A file appeared during inventory."
"ADDED","Gait\dataset_a\other\wq-00_1-027.png","","858","","AE43E55BF7AE04615AD4E1B6BEBB04DEAFF65D1F7D35B62569C46BE55D220D6F","Extracted Dataset A file appeared during inventory."
"ADDED","Gait\dataset_a\other\wq-00_1-028.png","","858","","1799D412110117C845C60525E31C2EC0B204E5FBCFBAA05680AA0BFD4EAC261C","Extracted Dataset A file appeared during inventory."
"ADDED","Gait\dataset_a\other\wq-00_1-029.png","","805","","7CB5E495F93569FDD196DDDC14DA7E0F7F69CEB21D646A7D90545635BDB7A8A1","Extracted Dataset A file appeared during inventory."
"ADDED","Gait\dataset_a\other\wq-00_1-030.png","","769","","FF6D1453317DB7B891C1A17DFBC6B4E79A82504E18147E901523E600C2CD2B69","Extracted Dataset A file appeared during inventory."
"ADDED","Gait\dataset_a\other\wq-00_1-031.png","","766","","94C06D5043166107DD7AC283E752C76C943B125ACE6D39B40564E70ED2B2E440","Extracted Dataset A file appeared during inventory."
"ADDED","Gait\dataset_a\other\wq-00_1-032.png","","772","","D167FB2417B5A608B0CC9A92F5651D96E1BE871F66EAE60FCC5E272D3D2CBE99","Extracted Dataset A file appeared during inventory."
"ADDED","Gait\dataset_a\other\wq-00_1-033.png","","856","","6F89804E4FF869FF8CB5AE34CB7686366DFF7890C67609A55D0376D5A67DE8E6","Extracted Dataset A file appeared during inventory."
"ADDED","Gait\dataset_a\other\wq-00_1-034.png","","911","","5736E246E65B486B9A75437503FC144F3F73F3DDE3FAE0871D3861552F58921B","Extracted Dataset A file appeared during inventory."
"ADDED","Gait\dataset_a\other\wq-00_1-035.png","","984","","B343EFAE1538E489BAEA5957B883013BBC652A65C816A46A31A7378E4C3DB23D","Extracted Dataset A file appeared during inventory."
"ADDED","Gait\dataset_a\other\wq-00_1-039.png","","844","","E65D3CC1258E63BFF8B0F12BE4DF112C32AFA3A7277E46F4C97AD20C43742385","Extracted Dataset A file appeared during inventory."
"ADDED","Gait\dataset_a\other\wq-00_1-040.png","","777","","CA822E790D283B528152BAAA3AC8CE7F0D735E8DA4B61F2BEC4F7AA0D6C1108A","Extracted Dataset A file appeared during inventory."
"ADDED","Gait\dataset_a\other\wq-00_1-041.png","","751","","7AE3DDF2B3F026AD92EDCB7AD5193E782E9C9E4EB61A50EDB84623850BC6572F","Extracted Dataset A file appeared during inventory."
"ADDED","Gait\dataset_a\other\wq-00_1-042.png","","698","","4CA7D29EAB23FB653CE7CF0F81BFD435A2E678AE8DFE1A946C41707945452724","Extracted Dataset A file appeared during inventory."
"ADDED","Gait\dataset_a\other\wq-00_1-043.png","","660","","B2DE741400A33F652199728ECEB921249B8046695C327848997C4E4F5721F693","Extracted Dataset A file appeared during inventory."
"ADDED","Gait\dataset_a\other\wq-00_1-044.png","","650","","F14EE13C60DA16A5C61C6EA868067345D9A1455C772E99955817E7DBCFEE00E1","Extracted Dataset A file appeared during inventory."
"ADDED","Gait\dataset_a\other\wq-00_1-045.png","","687","","F116CD66546806F6ABE7A17A484F9AD1A61108CCC21C7D1D396D034B53577F5A","Extracted Dataset A file appeared during inventory."
"ADDED","Gait\dataset_a\other\wq-00_1-046.png","","685","","C10420726067EB839D34E5EEBF6F60F078EF3E319388D932FBB369506454E855","Extracted Dataset A file appeared during inventory."
"ADDED","Gait\dataset_a\other\wq-00_1-047.png","","752","","CDBD7FF419DAE3451DE841349BEAA7F2AAC0E4F40CDE9F7D8B8F6AC7A18A6068","Extracted Dataset A file appeared during inventory."
"ADDED","Gait\dataset_a\other\wq-00_1-050.png","","802","","00754E05DE3C951A471E4A01A8CC196EEC5BF985E5EBCD762419C9E600CB3638","Extracted Dataset A file appeared during inventory."
"ADDED","Gait\dataset_a\other\wq-00_1-053.png","","758","","72FB4CA764C87FCD82136B56BE2FC15061E8B63FA44C48FEFBAE8F88D0B6CB36","Extracted Dataset A file appeared during inventory."
"ADDED","Gait\dataset_a\other\wq-00_1-054.png","","762","","D372C738AE1C6B8A442E866C47C916DCEFD61AEECBA76BFBBD91BDF4CDE6A811","Extracted Dataset A file appeared during inventory."
"ADDED","Gait\dataset_a\other\wq-00_1-055.png","","739","","37C738F633634E09D5FF59E75390A270233E0C24BEA45CD2EA4D87E3DA3CBF16","Extracted Dataset A file appeared during inventory."
"ADDED","Gait\dataset_a\other\wq-00_1-056.png","","697","","BF222070DE8FAD28843E18AD11428D5F1C12629A7DE1E5E8250D37D5E9AD5194","Extracted Dataset A file appeared during inventory."
"ADDED","Gait\dataset_a\other\wq-00_1-057.png","","687","","0C522ABB10308AD2FD998ECE2528E411B2D205D04CF8279811DE8A1A6C2E4D85","Extracted Dataset A file appeared during inventory."
"ADDED","Gait\dataset_a\other\wq-00_1-058.png","","729","","169FD958D4405AB66F2DAC73F12D6332A64A44E282572CFC7DCBD9D143220333","Extracted Dataset A file appeared during inventory."
"ADDED","Gait\dataset_a\other\wq-00_1-059.png","","738","","5C5F4FF205A0EEF69306828C4A4ADF217335F9BE52342937DB259CA3F0D84037","Extracted Dataset A file appeared during inventory."
"ADDED","Gait\dataset_a\other\wq-00_2-001.png","","756","","7201D5C81888EE351056245649BBB22F0A24D098D4F5F44EA2D4B782F4809DDF","Extracted Dataset A file appeared during inventory."
"ADDED","Gait\dataset_a\other\wq-00_2-002.png","","741","","53FB652911C60EACC6FEAB631661EDF56218BC56BC3E38B915F305606A866896","Extracted Dataset A file appeared during inventory."
"ADDED","Gait\dataset_a\other\wq-00_2-003.png","","755","","31C520BE948146D1754855EB2F1D243DCEF536A65B051A2B145755E8BDB44CB6","Extracted Dataset A file appeared during inventory."
"ADDED","Gait\dataset_a\other\wq-00_2-004.png","","711","","3DB6A670632619308570B578ADCB3A36758C88EE4766681D8A8FE05061D87D9E","Extracted Dataset A file appeared during inventory."
"ADDED","Gait\dataset_a\other\wq-00_2-005.png","","690","","D591AF82FF9004E611E686CB8A26C0244FFE8F057534088653DEFAB78AA8067E","Extracted Dataset A file appeared during inventory."
"ADDED","Gait\dataset_a\other\wq-00_2-006.png","","714","","D396E2636DE9D87730A61C1E37C83C97112DE21B09E4E5F0E3E01FF25705CCC1","Extracted Dataset A file appeared during inventory."
"ADDED","Gait\dataset_a\other\wq-00_2-007.png","","746","","5A421A4A08D1796583C65D1415345EC8C2814E0AB7B0E58E41950040DCBEA995","Extracted Dataset A file appeared during inventory."
"ADDED","Gait\dataset_a\other\wq-00_2-008.png","","763","","A0AB07319FBA8FC2FF3287F7F075829F9E1744138AFE159161469ACF50FD5011","Extracted Dataset A file appeared during inventory."
"ADDED","Gait\dataset_a\other\wq-00_2-014.png","","806","","1F1653A7C0AFA216E89E0107C5E965EBC9C1C189DEB5462D335E418F5F683438","Extracted Dataset A file appeared during inventory."
"ADDED","Gait\dataset_a\other\wq-00_2-015.png","","770","","F7195A2E6DAEC5C2EDD889944E377A90551C6BBADF0C81A93646C09EB85F9186","Extracted Dataset A file appeared during inventory."
"ADDED","Gait\dataset_a\other\wq-00_2-016.png","","735","","5FE62E42ACB17F74C6682AC653A370712E8D5FBBDA4E8DE3A84394DAC54E0EB9","Extracted Dataset A file appeared during inventory."
"ADDED","Gait\dataset_a\other\wq-00_2-017.png","","762","","FB7B664A90A1157B784C5A79DC53A7F03B7BA177A38F69C14F2C304C27C2A9F2","Extracted Dataset A file appeared during inventory."
"ADDED","Gait\dataset_a\other\wq-00_2-018.png","","742","","F52B7F4C360C9874142A7FB18ECCD2682E66C36A24BC21F8243C4588DFAA50C6","Extracted Dataset A file appeared during inventory."
"ADDED","Gait\dataset_a\other\wq-00_2-019.png","","754","","A817C2E1F3F7F6C07D59877DD7E3D0B44CB72790E01DE54906EB64E954D73F0C","Extracted Dataset A file appeared during inventory."
"ADDED","Gait\dataset_a\other\wq-00_2-020.png","","823","","D83C61FDAF9ED61CD2D5367528E1BBA602189A652039A334BFC7A5A8F2DCEA1B","Extracted Dataset A file appeared during inventory."
"ADDED","Gait\dataset_a\other\wq-00_2-021.png","","894","","B2CD67E693486F615C6E28F354EFACD6B7976EF588D0016C53DB1F3F04229A82","Extracted Dataset A file appeared during inventory."
"ADDED","Gait\dataset_a\other\wq-00_2-022.png","","983","","F9C07EE1FBDE5EEECEA5A182368AADB54F1A87A2E7AB6F609F7BDC57A4CDC590","Extracted Dataset A file appeared during inventory."
"ADDED","Gait\dataset_a\other\wq-00_2-023.png","","966","","126BC229B8F2D0CC1CBC36651A976070D0C414DF171BC4E6D01966B87C4C2AC4","Extracted Dataset A file appeared during inventory."
"ADDED","Gait\dataset_a\other\wq-00_2-027.png","","811","","EC01D63C64B81906117465286CBC3F86281AF020FBF95AD00347566DC273F4F6","Extracted Dataset A file appeared during inventory."
"ADDED","Gait\dataset_a\other\wq-00_2-028.png","","774","","3F1818D0A2109EC7F75DAC84E021482F61A9E11D0045B30A00495CB019831850","Extracted Dataset A file appeared during inventory."
"ADDED","Gait\dataset_a\other\wq-00_2-029.png","","743","","6CB78C7127D2055FC768A3AB5B707738DCE22536F8AE0C5E3C0CCB9D36C07088","Extracted Dataset A file appeared during inventory."
"ADDED","Gait\dataset_a\other\wq-00_2-030.png","","770","","46447273D5B5BA61962E16C7615437DE517ADF7E88DBAEF5FF49F7FFE2E6D55A","Extracted Dataset A file appeared during inventory."
"ADDED","Gait\dataset_a\other\wq-00_2-031.png","","736","","8BE000B384B833CF4E0C64FB9C0450A15C3BC13639D3601D07B47621412F8E01","Extracted Dataset A file appeared during inventory."
"ADDED","Gait\dataset_a\other\wq-00_2-032.png","","777","","837BE44C6662A9B0FCA5A2DE524335704FE2F1B436F0A0780A6B286549C62F53","Extracted Dataset A file appeared during inventory."
"ADDED","Gait\dataset_a\other\wq-00_2-033.png","","837","","F6F7D8C1CA5109DD6AC9E6DA713B062BF7251E8AFDD4C7AD68279563574312B4","Extracted Dataset A file appeared during inventory."
"ADDED","Gait\dataset_a\other\wq-00_2-034.png","","842","","2977308D3108F16768701BAC2A5B80A4037507A34E7C210E0FEF0E04C13CE98C","Extracted Dataset A file appeared during inventory."
"ADDED","Gait\dataset_a\other\wq-00_2-035.png","","909","","D4CAB645F712DE8DDB6C5E974E7295AC2E56F590EECBBB3A8B814074C3600A0E","Extracted Dataset A file appeared during inventory."
"ADDED","Gait\dataset_a\other\wq-00_2-036.png","","887","","7013478850C85EA974A5DFAF56C38E1568B5DBC2BDE082B6AAFB63D3234FD278","Extracted Dataset A file appeared during inventory."
"ADDED","Gait\dataset_a\other\wq-00_2-037.png","","910","","A9F6F17FD01626772010367F96F46422F22EA884AC8E8609CA2B51FBDF4E8D4D","Extracted Dataset A file appeared during inventory."
"ADDED","Gait\dataset_a\other\wq-00_2-041.png","","817","","2767727043B650D1D2606D264A3671D86F82C7C4B21D1E33D5F3693B95FEFA66","Extracted Dataset A file appeared during inventory."
"ADDED","Gait\dataset_a\other\wq-00_2-042.png","","780","","7BB5EBCC130010A013CBAF78F491B9A33E2EB30F7C12BFD6E32A42A6650EF68C","Extracted Dataset A file appeared during inventory."
"ADDED","Gait\dataset_a\other\wq-00_2-043.png","","759","","827966D0782E4F8136536F69C6EDC0A75C988F7C58818965A594DEABAC38FCCE","Extracted Dataset A file appeared during inventory."
"ADDED","Gait\dataset_a\other\wq-00_2-044.png","","700","","8599E18FEB62811058AE0349BF4A1639BBFF8323DD4EFC1FEAF67A2D0451E58D","Extracted Dataset A file appeared during inventory."
"ADDED","Gait\dataset_a\other\wq-00_2-045.png","","695","","64ABE8389A67A93EF80C7AAED3AF95908B6B8D272ADF8CD05F122627AC6F0674","Extracted Dataset A file appeared during inventory."
"ADDED","Gait\dataset_a\other\wq-00_2-046.png","","711","","EFDE6E00E4A8394698EF24A2E720A61B79AB784F093ED660FE9003852D382F27","Extracted Dataset A file appeared during inventory."
"ADDED","Gait\dataset_a\other\wq-00_2-047.png","","775","","5681D1036BE005683FC57660388A44D4327C7A67669F0834D5D217729F2EC9CA","Extracted Dataset A file appeared during inventory."
"ADDED","Gait\dataset_a\other\wq-00_2-048.png","","809","","1B19EE170A48CA3D7DB98B2C389F72F7F3DF6CAD8E7EB8980824274B858861B7","Extracted Dataset A file appeared during inventory."
"ADDED","Gait\dataset_a\other\wq-00_2-049.png","","856","","AA49C98448FAAC5C0D4839DC2D1AF02C3DC4D394D572D6530AD459724D71BC2F","Extracted Dataset A file appeared during inventory."
"ADDED","Gait\dataset_a\other\wq-00_2-051.png","","819","","3D825E504224B63A0817ECB75E31E40D2DC168D7E32671924C34AE7A75DC62C0","Extracted Dataset A file appeared during inventory."
"ADDED","Gait\dataset_a\other\wq-00_2-054.png","","728","","B677BA836844A89DE222653057EC603511D80A346C81FB1F68291F757E538979","Extracted Dataset A file appeared during inventory."
"ADDED","Gait\dataset_a\other\wq-00_2-055.png","","707","","5B23B29B41A20E46779673ECFF884608E15B9E36743975FD71DF1BCDAA32918A","Extracted Dataset A file appeared during inventory."
"ADDED","Gait\dataset_a\other\wq-00_2-056.png","","634","","101B095407D74E4246DFD4D2CD22AB5BF94AC60B284A4AD5F86173B52695F91D","Extracted Dataset A file appeared during inventory."
"ADDED","Gait\dataset_a\other\wq-00_2-057.png","","567","","8995776074549E594919B8781EC83AD4207D2AFEB49827C97E0B25B18B1DD344","Extracted Dataset A file appeared during inventory."
"ADDED","Gait\dataset_a\other\wq-00_2-058.png","","606","","9EC4D985348F66889BCCAF4AC4C9CAD9AB12A61CEEA4589C37D5AE34D57985C1","Extracted Dataset A file appeared during inventory."
"ADDED","Gait\dataset_a\other\wq-00_2-059.png","","697","","30619BB0E90A1298A93DA89527B873F587C0E06AE6FD041F0BD53290B300222B","Extracted Dataset A file appeared during inventory."
"ADDED","Gait\dataset_a\other\wq-00_2-060.png","","708","","5E5D2E4EBACE4618C4DE93370AB0E547FA982DD86754EB3BD8EBAF167E2E4DF3","Extracted Dataset A file appeared during inventory."
"ADDED","Gait\dataset_a\other\wq-00_3-001.png","","769","","E691742C82D84712F276B739A93EE2B7A456EF3FA864929DFD1CF2843E93C883","Extracted Dataset A file appeared during inventory."
"ADDED","Gait\dataset_a\other\wq-00_3-002.png","","707","","3FB0912D5D4B417FD43D83E24945DAEA6CCAE0374D1C5AFF839FFC2C025C3E01","Extracted Dataset A file appeared during inventory."
"ADDED","Gait\dataset_a\other\wq-00_3-003.png","","632","","9BD8BCC72323036317F5BFCDABCB6D60BDD22CD07089B70E5F58ADDD5FE8C004","Extracted Dataset A file appeared during inventory."
"ADDED","Gait\dataset_a\other\wq-00_3-004.png","","646","","F2581652BA7A067FC9B4E9304198A497B83809556B14D3167A415AF41EAE6BFF","Extracted Dataset A file appeared during inventory."
"ADDED","Gait\dataset_a\other\wq-00_3-005.png","","688","","A07046E8A7E71D1AFEEE7B1F7FF1BD759DBCDAE6112963C728C20B0611B86595","Extracted Dataset A file appeared during inventory."
"ADDED","Gait\dataset_a\other\wq-00_3-006.png","","762","","05F049D65A584C34FA099D39B171E33CE543AC035F8670B2A087DE7F2CC4D294","Extracted Dataset A file appeared during inventory."
"ADDED","Gait\dataset_a\other\wq-00_3-007.png","","791","","9E551F5638326CA99636E3BF43D0BCFD606C915F879E43D677CD1523708DEFDD","Extracted Dataset A file appeared during inventory."
"ADDED","Gait\dataset_a\other\wq-00_3-010.png","","851","","F3F30F7701EBF422AF5C37291D70D4528DE63B95BBBDDEDFF67BFDDC49888FC0","Extracted Dataset A file appeared during inventory."
"ADDED","Gait\dataset_a\other\wq-00_3-013.png","","791","","F40178EE5D85B134DFC547C61ADBE5A89BA3B81976B591C5791C478D1B2B92DE","Extracted Dataset A file appeared during inventory."
"ADDED","Gait\dataset_a\other\wq-00_3-014.png","","756","","76FA8791F603248CE7E3C5038ECBAD104AF069E784E3B68AC7B7C07F29DE0594","Extracted Dataset A file appeared during inventory."
"ADDED","Gait\dataset_a\other\wq-00_3-015.png","","700","","047A0E6085996EF216A98D58FF5A1F10E1CF4728614E633597C92851F57F4B90","Extracted Dataset A file appeared during inventory."
"ADDED","Gait\dataset_a\other\wq-00_3-016.png","","693","","B7BDBB42BCBF1B41AC4D069FB263E191B94CEB79986CA7C8B890FE42EBD43B80","Extracted Dataset A file appeared during inventory."
"ADDED","Gait\dataset_a\other\wq-00_3-017.png","","674","","5980C1187F9E74F12F6E5648412B9224CC4F99AB7E014EFBF5E49C1176EAA24A","Extracted Dataset A file appeared during inventory."
"ADDED","Gait\dataset_a\other\wq-00_3-018.png","","751","","849332E7CE99D9640492104D117AB8BCCD7BB355CEE5C7528860878E56E2BF2D","Extracted Dataset A file appeared during inventory."
"ADDED","Gait\dataset_a\other\wq-00_3-019.png","","764","","414369BC53AC10600AA933CE4F09773516D476271BFB527353C3E96278C106D5","Extracted Dataset A file appeared during inventory."
"ADDED","Gait\dataset_a\other\wq-00_3-020.png","","845","","F66B2A4129341EC79BE96BD805A444273C555C6866166263A88C011D73D8B291","Extracted Dataset A file appeared during inventory."
"ADDED","Gait\dataset_a\other\wq-00_3-021.png","","861","","58474C1D7D560D4B73D1BBA31091A90C25DA8D207A60DE420ED39FF3846321DB","Extracted Dataset A file appeared during inventory."
"ADDED","Gait\dataset_a\other\wq-00_3-023.png","","885","","4444F22AC59AC92FD659287A4256F591799F699A1284E4C501283884D4EC7E8A","Extracted Dataset A file appeared during inventory."
"ADDED","Gait\dataset_a\other\wq-00_3-024.png","","903","","AB7998C2F2B956718CEBFA8A15136E1CAA2F497169E3C73A4D4D0FF41CE6FC33","Extracted Dataset A file appeared during inventory."
"ADDED","Gait\dataset_a\other\wq-00_3-027.png","","823","","C462BB0D62F97EDFD97C374EBB6AF142585028993B8ABBA1ACEB1379C1051E7C","Extracted Dataset A file appeared during inventory."
"ADDED","Gait\dataset_a\other\wq-00_3-028.png","","802","","01560C06FEB6D2EC59C4CD53E748AEF125C48D64A9011440F1B8ED403E10AC42","Extracted Dataset A file appeared during inventory."
"ADDED","Gait\dataset_a\other\wq-00_3-029.png","","757","","35B49881F8141A40A948EA970800AB6B32D2953CA78D6CF063615EC57C5501D2","Extracted Dataset A file appeared during inventory."
"ADDED","Gait\dataset_a\other\wq-00_3-030.png","","722","","5C3ABFE9A8014CE69DF3CA2678E7ECB9FCBE3C30E4160666C614CFCD6918F41F","Extracted Dataset A file appeared during inventory."
"ADDED","Gait\dataset_a\other\wq-00_3-031.png","","730","","66798E3A1A460863968015B1B758CE8608F9021AA6A56878ED3AEBC6E2F2AFBC","Extracted Dataset A file appeared during inventory."
"ADDED","Gait\dataset_a\other\wq-00_3-032.png","","797","","568379DC2BE362CFE1F0942C3D0A80FA11D2C1D90F7C112B39AA7C519CA9A277","Extracted Dataset A file appeared during inventory."
"ADDED","Gait\dataset_a\other\wq-00_3-033.png","","850","","201F84AFA2F8A01936014C9456CD0E621C7A2180BA29C35FBEB9E49131C33BC7","Extracted Dataset A file appeared during inventory."
"ADDED","Gait\dataset_a\other\wq-00_3-034.png","","895","","9477D9C938186612375CB5167FD1B644835BE18AEB0DCC7A254A6E9CABB99E71","Extracted Dataset A file appeared during inventory."
"ADDED","Gait\dataset_a\other\wq-00_3-035.png","","910","","5495D62D646B271C28B4B71B870FEEA9273D2AFA2972B59C51718B70A9138A04","Extracted Dataset A file appeared during inventory."
"ADDED","Gait\dataset_a\other\wq-00_3-037.png","","887","","DEB8CFC8AF5C5C38FFF172A82E199FB852FAE5A183E752230968C75ADE63D089","Extracted Dataset A file appeared during inventory."
"ADDED","Gait\dataset_a\other\wq-00_3-040.png","","803","","3BC3D450D0B44EAE98F319F15B64D1D3F5F1417FED4E272A113759404EBB1D77","Extracted Dataset A file appeared during inventory."
"ADDED","Gait\dataset_a\other\wq-00_3-041.png","","808","","89A3271CA70235449AA979D9033F7377EFEBD6EEDE28652CE95CA9E63F584F02","Extracted Dataset A file appeared during inventory."
"ADDED","Gait\dataset_a\other\wq-00_3-042.png","","793","","6D00665C13744E5FC01368B7450AD7878D0B7E72C82F66950AB947E7932F471C","Extracted Dataset A file appeared during inventory."
"ADDED","Gait\dataset_a\other\wq-00_3-043.png","","720","","18402A33E8E5DC57AC46103A7C21A8EBE72B1EBF16BD40503D7976190095B7C3","Extracted Dataset A file appeared during inventory."
"ADDED","Gait\dataset_a\other\wq-00_3-044.png","","674","","AB9A4DE595813194EFF9F2ADA2DE32E29D442BD96E168618F045A827D3C7F72E","Extracted Dataset A file appeared during inventory."
"ADDED","Gait\dataset_a\other\wq-00_3-045.png","","699","","4C57229BE2A831BBB0F8DEA0E9FA07A566EF17364D9D0EA642E9B9BB8C6B82F7","Extracted Dataset A file appeared during inventory."
"ADDED","Gait\dataset_a\other\wq-00_3-046.png","","725","","0E1FC5787989D76C28C8F866793EFA789DD0B69A6F69F3149571643DEB8C3296","Extracted Dataset A file appeared during inventory."
"ADDED","Gait\dataset_a\other\wq-00_3-047.png","","803","","92501690203340CD6D9B2A837D5972FC5CF0B83098395AD63D0AFDABE1147D39","Extracted Dataset A file appeared during inventory."
"ADDED","Gait\dataset_a\other\wq-00_3-048.png","","865","","4F08B72048D0F3096BEB71F10D8F228A7BFC8A13AF40AE49ED032C96939E34B3","Extracted Dataset A file appeared during inventory."
"ADDED","Gait\dataset_a\other\wq-00_3-050.png","","812","","CC44DBC45F900CFE26F24933E8F76C89E7AA638766E191D3482324B144352DD8","Extracted Dataset A file appeared during inventory."
"ADDED","Gait\dataset_a\other\wq-00_3-053.png","","741","","0E564DA503D11A3967E94DB0C85D575CA5ED1C9EAC37A285A26F86D06B0CB2D0","Extracted Dataset A file appeared during inventory."
"ADDED","Gait\dataset_a\other\wq-00_3-054.png","","715","","E1DD30BA4BF83BA922F909A1B81582D25B1EE3E64AD1CB4B2D8F90F8A91C690F","Extracted Dataset A file appeared during inventory."
"ADDED","Gait\dataset_a\other\wq-00_3-055.png","","704","","CFC9ABE8AE79E4A9376714E0F61793232105E73F10619AEAED250651D5FCC791","Extracted Dataset A file appeared during inventory."
"ADDED","Gait\dataset_a\other\wq-00_3-056.png","","690","","45D305B6CCFE4536C2CA90B7C81247DE9B771914A85CC21D2F91FE1AEFB99144","Extracted Dataset A file appeared during inventory."
"ADDED","Gait\dataset_a\other\wq-00_3-057.png","","674","","BA921CF6985D2279D15DDB1A4368A7732502D29C08DDC16BE7091DCD77421F6E","Extracted Dataset A file appeared during inventory."
"ADDED","Gait\dataset_a\other\wq-00_3-058.png","","720","","97AD048CD4719551C4245A9D543757DDD4B735832CFC2B580C65E91D3D67EE86","Extracted Dataset A file appeared during inventory."
"ADDED","Gait\dataset_a\other\wq-00_3-059.png","","724","","C5E5564FD257AF53919103B56D5AA0FE7A585C85C3613D96278DFB4A24E3C672","Extracted Dataset A file appeared during inventory."
"ADDED","Gait\dataset_a\other\wq-00_3-060.png","","787","","35420283565E8309CB65E584EDAD049C732D782918CBCE8A047DE456E3A0FA21","Extracted Dataset A file appeared during inventory."
"ADDED","Gait\dataset_a\other\wq-00_4-001.png","","772","","C2431D7A53DBE94AF2DEFEE36FB6D2CCA8F41087D18AEF7E5CAD2F976A198D5A","Extracted Dataset A file appeared during inventory."
"ADDED","Gait\dataset_a\other\wq-00_4-002.png","","755","","96DA2520D356E93C34137D5D075C4E20F52576B0FE71B36CFCF4AEC0F84F2782","Extracted Dataset A file appeared during inventory."
"ADDED","Gait\dataset_a\other\wq-00_4-003.png","","705","","63A4F621EA18C36B6DFE06A6B63ED48F5646344C36859F132CB79732C3AF8E0F","Extracted Dataset A file appeared during inventory."
"ADDED","Gait\dataset_a\other\wq-00_4-004.png","","723","","BDC5A2BCE16C40F9D049F5FD6197BEEACF60095630FBBE5749FCB0095F329F0B","Extracted Dataset A file appeared during inventory."
"ADDED","Gait\dataset_a\other\wq-00_4-005.png","","745","","403F5B361B3CD74FBBC96D0DB72D52D7EFDFE585CF2E8DC5CB1C03144D9CCB62","Extracted Dataset A file appeared during inventory."
"ADDED","Gait\dataset_a\other\wq-00_4-006.png","","795","","39178961663D5378EA21F1DA686DB2C604C0E5BF9AD3AF3D3F87CF6694093329","Extracted Dataset A file appeared during inventory."
"ADDED","Gait\dataset_a\other\wq-00_4-009.png","","853","","4EB74FE012F4FD94F7F34D73E4B104C21315504E97FE3BCFC73CC41C51DBEA10","Extracted Dataset A file appeared during inventory."
"ADDED","Gait\dataset_a\other\wq-00_4-012.png","","805","","9CCE6C9BA9279675838572DC5EB321C68D225E43B02B560DD9E70A6C24D1BAE0","Extracted Dataset A file appeared during inventory."
"ADDED","Gait\dataset_a\other\wq-00_4-013.png","","787","","9C8BC520346334D73E756347DC24C3E3DC9EECB4456EB276907E41698193B39F","Extracted Dataset A file appeared during inventory."
"ADDED","Gait\dataset_a\other\wq-00_4-014.png","","787","","21ACEAE3377ADF62327394DA81E6BB1B6055736B0D1B35D711644B86C925D06F","Extracted Dataset A file appeared during inventory."
"ADDED","Gait\dataset_a\other\wq-00_4-015.png","","718","","9548059BE88C1FA8AEBCABFAADC5D82514AE597FD602C77F832E8C98F658AAC5","Extracted Dataset A file appeared during inventory."
"ADDED","Gait\dataset_a\other\wq-00_4-016.png","","716","","E7C9B4C9BEBD0F2AEA6DA19F3DD6B4D6450447ABAC05F065BA26C5F285C49C18","Extracted Dataset A file appeared during inventory."
"ADDED","Gait\dataset_a\other\wq-00_4-017.png","","753","","42E9A3904233D9490C32CF199F17207B5614443C59C486254EE09D06A1FAF1EC","Extracted Dataset A file appeared during inventory."
"ADDED","Gait\dataset_a\other\wq-00_4-018.png","","834","","EFB93FB1585FBD7DC9A582B429B69D57FB7AAF490EAD911C0A452010AC83E457","Extracted Dataset A file appeared during inventory."
"ADDED","Gait\dataset_a\other\wq-00_4-019.png","","855","","77E32A31DC89591D7F2E39972346C36DDB4056979EC06232C514C9BCD731B3FE","Extracted Dataset A file appeared during inventory."
"ADDED","Gait\dataset_a\other\wq-00_4-020.png","","950","","45F3690A994DC0CE2EE7E536E2FAA25D83F76E288D4FAEDE54D5931027FB6B45","Extracted Dataset A file appeared during inventory."
"ADDED","Gait\dataset_a\other\wq-00_4-021.png","","990","","4FC5916A0042BE916ABD33B4710EEE535879412F7ECDC07FE96B77E5C68ECDD5","Extracted Dataset A file appeared during inventory."
"ADDED","Gait\dataset_a\other\wq-00_4-023.png","","959","","FDD9F049443F25FA464734D33BFAEBDEDBE605C46315A0FC8DD290DE48A1C3B1","Extracted Dataset A file appeared during inventory."
"ADDED","Gait\dataset_a\other\wq-00_4-026.png","","804","","D51F8ADD477B884F5F3CCF5DDBAC49AF26BC9EC321CFB6C5ECFC55E27BBFE65C","Extracted Dataset A file appeared during inventory."
"ADDED","Gait\dataset_a\other\wq-00_4-027.png","","793","","84CFED04ED1BAFA7845BB322C58F6468E6D5E4F2A37517CDB0245E414F072A8A","Extracted Dataset A file appeared during inventory."
"ADDED","Gait\dataset_a\other\wq-00_4-028.png","","788","","1937BFE9D097AB4C954EAB517F5DD9A8AE95E452B25E22699132474030F58EF9","Extracted Dataset A file appeared during inventory."
"ADDED","Gait\dataset_a\other\wq-00_4-029.png","","758","","A6F2449762D459CC94B7481C27A0F28911CAC2E0A8C33BEB517248217082B621","Extracted Dataset A file appeared during inventory."
"ADDED","Gait\dataset_a\other\wq-00_4-030.png","","741","","F5C2F91047B97631CA025294400339B5A6C32103CF1E98720302C93F94170927","Extracted Dataset A file appeared during inventory."
"ADDED","Gait\dataset_a\other\wq-00_4-031.png","","816","","FB61F79A802B18F92DAE873079EC60E6096DF16C02736BC23C47273255BC707F","Extracted Dataset A file appeared during inventory."
"ADDED","Gait\dataset_a\other\wq-00_4-032.png","","850","","CC8348C4FD376DEA2E13872AE74114584A22A0A660E727F47BFF5BF007B93B67","Extracted Dataset A file appeared during inventory."
"ADDED","Gait\dataset_a\other\wq-00_4-033.png","","851","","B2B6EB9A20234A777DCF6B77B00A737507F8F489FB2D14D23EBE6BB8A0CD3CF9","Extracted Dataset A file appeared during inventory."
"ADDED","Gait\dataset_a\other\wq-00_4-034.png","","881","","DDB3D960456535046F5E7A78849E9D8CF52071A6C59279413794E89E6890DFF1","Extracted Dataset A file appeared during inventory."
"ADDED","Gait\dataset_a\other\wq-00_4-036.png","","899","","CB679E6563BD76B54E84F0F5AAD867BA845B3488CB1AFC2E7CBFFBD6D157DC74","Extracted Dataset A file appeared during inventory."
"ADDED","Gait\dataset_a\other\wq-00_4-042.png","","694","","EB99B3E35CF8CDE4AE04D3635DB271AB03C8B21125FEFCA162ABC7B83EAEF801","Extracted Dataset A file appeared during inventory."
"ADDED","Gait\dataset_a\other\wq-00_4-043.png","","668","","5A7A8DCD58ED8604366C61A2CE9997C37B348070CD693E62659AFCACAB50FE0D","Extracted Dataset A file appeared during inventory."
"ADDED","Gait\dataset_a\other\wq-00_4-044.png","","735","","7C81C18F98F03406B2D3E8462534B0167839855EFA59CDEEEB77DCB78BBE9956","Extracted Dataset A file appeared during inventory."
"ADDED","Gait\dataset_a\other\wq-00_4-045.png","","798","","6763C1B857EA0DCD763E2B570606521A9C09E8DDA6F3A8FE0FD9B1EF87B54512","Extracted Dataset A file appeared during inventory."
"ADDED","Gait\dataset_a\other\wq-00_4-046.png","","853","","E691E475F9E6F2F168C3D04F4F7DA0271A76194B1ADA6C4ABC4B24F95ADE2780","Extracted Dataset A file appeared during inventory."
"ADDED","Gait\dataset_a\other\wq-00_4-047.png","","880","","8D30955E04B67FFEDCA6945AEE07FFFDE100CD580C8EE23AEF91700688AB8914","Extracted Dataset A file appeared during inventory."
"ADDED","Gait\dataset_a\other\wq-00_4-049.png","","832","","8012C6301B909B1C1D2EA1947A58B2ACECD8B3D699B61F6940AE4DA909B2934F","Extracted Dataset A file appeared during inventory."
"ADDED","Gait\dataset_a\other\wq-00_4-052.png","","711","","FFB8A9083BC8E65CCCBA6FB556E8C0368A7CFE9CF497A5FE8D4F7DF41D37A498","Extracted Dataset A file appeared during inventory."
"ADDED","Gait\dataset_a\other\wq-00_4-053.png","","751","","EAC264FEB9CA0D65C2E55F372464B273AE1C502BC1DE3D0D8AEFB3ED7EFE3F89","Extracted Dataset A file appeared during inventory."
"ADDED","Gait\dataset_a\other\wq-00_4-054.png","","631","","4C5669EED8E0031777EB45D2F4C9629E652AB0F128BE4EF4F89F77D33E1E6ACE","Extracted Dataset A file appeared during inventory."
"ADDED","Gait\dataset_a\other\wq-00_4-055.png","","588","","42C3B423FC022DEE8D194A7252B0EE521D500F72E18C5D818FB3763A38228DFC","Extracted Dataset A file appeared during inventory."
"ADDED","Gait\dataset_a\other\wq-00_4-056.png","","657","","B1EB0DC698C12819DE6699E518F7C4207A3E99D1FED54614C0E4967F6FA983AC","Extracted Dataset A file appeared during inventory."
"ADDED","Gait\dataset_a\other\wq-00_4-057.png","","705","","FC23965C79FA920AFD8CF8D4AE012249DE49ABF8C3BD3D7389968C5BE47B89A7","Extracted Dataset A file appeared during inventory."
"ADDED","Gait\dataset_a\other\wq-00_4-058.png","","688","","16A2E0693F5B4B0819E0B0520B63EEE5FF3164F77274C7251CD621EE0AD720F7","Extracted Dataset A file appeared during inventory."
"ADDED","Gait\dataset_a\other\wyc-00_1-001.png","","773","","3A885AE93A315F51314DAE6F1C9B11A7576F739BD2215EFDDAE36A2F53B25C26","Extracted Dataset A file appeared during inventory."
"ADDED","Gait\dataset_a\other\wyc-00_1-002.png","","764","","44C42B72677584115A842EFB9B9EFB020ECFDB998D057EE9867FDDCF66D5A293","Extracted Dataset A file appeared during inventory."
"ADDED","Gait\dataset_a\other\wyc-00_1-003.png","","770","","5578BC4C9015294B98F3C1F1F8C0382BAFC97AC30F470D873A98D9A2B73BFB57","Extracted Dataset A file appeared during inventory."
"ADDED","Gait\dataset_a\other\wyc-00_1-004.png","","734","","4C0D3F43427296FBC36AF2B16CB63B50F6740B130C17404F660A45D99C16BC15","Extracted Dataset A file appeared during inventory."
"ADDED","Gait\dataset_a\other\wyc-00_1-005.png","","732","","7CE4AE7EF38D5A27B0B71354CF2DA50B5E6E0F02FC3028432CFFD19A0E5EFA29","Extracted Dataset A file appeared during inventory."
"ADDED","Gait\dataset_a\other\wyc-00_1-006.png","","764","","7EF0D5AB040B01644DD17C72987359209FD282536E6F474ED9D4F89E7D1904F7","Extracted Dataset A file appeared during inventory."
"ADDED","Gait\dataset_a\other\wyc-00_1-007.png","","822","","F979829EFE511AD04B157635D2AA48C4107809C7A699D517A53F530DDA72EC70","Extracted Dataset A file appeared during inventory."
"ADDED","Gait\dataset_a\other\wyc-00_1-010.png","","940","","6438383D8624B5DFC9801C8E901DECC918A12B4D083A90BBC652A557FB28AF1C","Extracted Dataset A file appeared during inventory."
"ADDED","Gait\dataset_a\other\wyc-00_1-011.png","","961","","5D0AA6370653882527D935DB44E1B9285F72A07EC87B9E80AD6F97E43A66529B","Extracted Dataset A file appeared during inventory."
"ADDED","Gait\dataset_a\other\wyc-00_1-014.png","","918","","5CE089241CB64C58263A9AD03EB1900997C5B37A8FA48FCA92F1E102DF8B4095","Extracted Dataset A file appeared during inventory."
"ADDED","Gait\dataset_a\other\wyc-00_1-015.png","","865","","10C163D0C87061B4BC75D9F00ACC420BF59A40FE85AB014470209177149F20C6","Extracted Dataset A file appeared during inventory."
"ADDED","Gait\dataset_a\other\wyc-00_1-016.png","","828","","6DEBDDB5DFB1D55157664F4D5E21BCFB4207063006905BF30BAE6869A25C17B3","Extracted Dataset A file appeared during inventory."
"ADDED","Gait\dataset_a\other\wyc-00_1-017.png","","803","","C99F119987F8AFA64761E01F2EE2CA2FA6C480A6E218BCD7F1C4D3CF0C4A04C3","Extracted Dataset A file appeared during inventory."
"ADDED","Gait\dataset_a\other\wyc-00_1-018.png","","850","","B86604A47CB0452DD889A3649E1E52029110247B6AE3371B830F5A6955B881B2","Extracted Dataset A file appeared during inventory."
"ADDED","Gait\dataset_a\other\wyc-00_1-019.png","","929","","AB189FC2EA0FBA9798CD39DC2CA61BB0C8AAE1C871B9CA9881B29B95783CC231","Extracted Dataset A file appeared during inventory."
"ADDED","Gait\dataset_a\other\wyc-00_1-020.png","","945","","43CBAEE26C01BE430E7679EAF61D435354ADB88CF1567D7B6E659DC0A37E63DC","Extracted Dataset A file appeared during inventory."
"ADDED","Gait\dataset_a\other\wyc-00_1-021.png","","855","","1556ABE837F389AD3A27C8A96B7632589A56941279D0164FA89623844E2ED770","Extracted Dataset A file appeared during inventory."
"ADDED","Gait\dataset_a\other\wyc-00_1-022.png","","931","","8223B035BDE320F1B5F0AD21C6BB774D8C5CE9B2B1F7DB545AF06479AA04FA67","Extracted Dataset A file appeared during inventory."
"ADDED","Gait\dataset_a\other\wyc-00_1-024.png","","916","","5252CBE65891C30F68935C6A0342DC36CD042090FBEA41430528DF83C067786A","Extracted Dataset A file appeared during inventory."
"ADDED","Gait\dataset_a\other\wyc-00_1-027.png","","848","","7545DE420192C338EF564FDD192360056A0B43ECD07275A17060C1B1E344224A","Extracted Dataset A file appeared during inventory."
"ADDED","Gait\dataset_a\other\wyc-00_1-028.png","","814","","549D074B0175E781936126242B1DC5CC76694193CFE4D29F6541D7DAF10510FB","Extracted Dataset A file appeared during inventory."
"ADDED","Gait\dataset_a\other\wyc-00_1-029.png","","858","","1FB225D6F59BBDF9BFFF4B05C78537CB1421070406A7648B9FB90BD8D74B0D47","Extracted Dataset A file appeared during inventory."
"ADDED","Gait\dataset_a\other\wyc-00_1-030.png","","832","","42F22BDB1215E8B36DBA6DF7232050EBAD0EDB5239E3D3E4D34BF84124B7C8EA","Extracted Dataset A file appeared during inventory."
"ADDED","Gait\dataset_a\other\wyc-00_1-031.png","","815","","3AE0867072C43FF09F64364C02A47CC7C52701942DF0C537B3CA3B101812498D","Extracted Dataset A file appeared during inventory."
"ADDED","Gait\dataset_a\other\wyc-00_1-032.png","","778","","F4F1978A0E8527DDB6697C059059FA638FB7C4A339867CF43193D44A78662228","Extracted Dataset A file appeared during inventory."
"ADDED","Gait\dataset_a\other\wyc-00_1-033.png","","772","","8C1DAB00327470D51C62789DDBDECA5F29D0DECC6014AF9EAB3E553655AA6329","Extracted Dataset A file appeared during inventory."
"ADDED","Gait\dataset_a\other\wyc-00_1-034.png","","815","","803C97F5E96A66CFD29F2473F55AC680E022B09544936531228B718BA67099D6","Extracted Dataset A file appeared during inventory."
"ADDED","Gait\dataset_a\other\wyc-00_1-036.png","","970","","D3A6B6758F34E42BA444FA80B84CB25F5799ED18D47EEE3A24B6186C638803EF","Extracted Dataset A file appeared during inventory."
"ADDED","Gait\dataset_a\other\wyc-00_1-039.png","","790","","9A1510E03A8078218BA440D7606D3548EC621F6526DD23409531C158DFCA9CB0","Extracted Dataset A file appeared during inventory."
"ADDED","Gait\dataset_a\other\wyc-00_1-040.png","","770","","73EDCDD450AD69F92570EE65E050DD3884E02B2CADD96C66918221D9BBB463D5","Extracted Dataset A file appeared during inventory."
"ADDED","Gait\dataset_a\other\wyc-00_1-041.png","","712","","CA90232BC3F3F84E392FCA2E2159C4630E5DB847BA4A31CCCC570082CD79FA20","Extracted Dataset A file appeared during inventory."
"ADDED","Gait\dataset_a\other\wyc-00_1-042.png","","709","","B6F58DDD6591C7B20D7FE0BB07A8429844EB87F2C1677C880DE3A1FF80976486","Extracted Dataset A file appeared during inventory."
"ADDED","Gait\dataset_a\other\wyc-00_1-043.png","","680","","B2CDA4588E781BE405EC6D7E08EB8E85C6D0893E5ADAB05CE6CDDA51B672BD60","Extracted Dataset A file appeared during inventory."
"ADDED","Gait\dataset_a\other\wyc-00_1-044.png","","740","","DC97B9198C7565D02000E97CFDEE15A540FC0BE292A6C794DF92CF3D2FAF4EE8","Extracted Dataset A file appeared during inventory."
"ADDED","Gait\dataset_a\other\wyc-00_1-045.png","","839","","F54BA8D3B17247F88C8E30DED4AD956483E8C5B94F96187FEC044A5DDAF5E75F","Extracted Dataset A file appeared during inventory."
"ADDED","Gait\dataset_a\other\wyc-00_1-046.png","","843","","B25CFC36BA27C3DAA4D5C9B4DF92386BFD014A12BB4B456A7981F34CB34E2626","Extracted Dataset A file appeared during inventory."
"ADDED","Gait\dataset_a\other\wyc-00_1-047.png","","912","","FDEC2C91AB3E872F4A942CAC567C21C9A15827D4E8996661AB221A0DD67D5762","Extracted Dataset A file appeared during inventory."
"ADDED","Gait\dataset_a\other\wyc-00_1-048.png","","918","","F883D3013DEC0AEB3E350428334EC9C926507E18D8EE0B158B7E3A77B090296C","Extracted Dataset A file appeared during inventory."
"ADDED","Gait\dataset_a\other\wyc-00_1-050.png","","850","","21C5C49FB350014D3B96479FE62CD1EAB317FC6D0E1C6496278818FEE67C3352","Extracted Dataset A file appeared during inventory."
"ADDED","Gait\dataset_a\other\wyc-00_1-053.png","","777","","1B0827F39FDE98DE2CBA423AF275E78D67E398E158CAE3E959F03D1BDB4EEE8F","Extracted Dataset A file appeared during inventory."
"ADDED","Gait\dataset_a\other\wyc-00_1-054.png","","790","","865507152E79237D6E6033A7DDF8AA6320808C6A90139CAED5AD267903A9D1DF","Extracted Dataset A file appeared during inventory."
"ADDED","Gait\dataset_a\other\wyc-00_1-055.png","","760","","5AD387BF777FC6F7C3E405FF922AC1B1A0453199E5DF5833C0CC17218E338ADE","Extracted Dataset A file appeared during inventory."
"ADDED","Gait\dataset_a\other\wyc-00_1-056.png","","719","","186702A16CDE447BAD8D1BEE717407D97F0E68DB06BF83BE0748DD8B79604A6F","Extracted Dataset A file appeared during inventory."
"ADDED","Gait\dataset_a\other\wyc-00_2-001.png","","743","","AF7187958717836A6DC853EE4ED97DC174FB2A87198886B8D69A0D57F6274C3C","Extracted Dataset A file appeared during inventory."
"ADDED","Gait\dataset_a\other\wyc-00_2-002.png","","778","","349B6539C974B2BE2A947D7CEE1E3A70905C7F525843B01C2FCA31F92A6AEFC3","Extracted Dataset A file appeared during inventory."
"ADDED","Gait\dataset_a\other\wyc-00_2-003.png","","803","","EE1EF0AA71DE1307D5D28D4D959249F66C1188E52AF504B67AF25E7DD7370DD1","Extracted Dataset A file appeared during inventory."
"ADDED","Gait\dataset_a\other\wyc-00_2-004.png","","858","","A27EBF20F4E505E1644A3C99052C21FD12C3165523E0C309F9E5BE810C734331","Extracted Dataset A file appeared during inventory."
"ADDED","Gait\dataset_a\other\wyc-00_2-005.png","","880","","9845790EEDA5AA96122A98E9CBE18014C438CD0D1414E766C39367B5A5A91170","Extracted Dataset A file appeared during inventory."
"ADDED","Gait\dataset_a\other\wyc-00_2-007.png","","863","","30266667946D9A6E6809B904489151021C758E043B1D68707480B9173BD736CF","Extracted Dataset A file appeared during inventory."
"ADDED","Gait\dataset_a\other\wyc-00_2-008.png","","871","","CC6C15BA8BCBB8650D044E1124A1E6518CDEEE91255542C6B73C76A5C88B7204","Extracted Dataset A file appeared during inventory."
"ADDED","Gait\dataset_a\other\wyc-00_2-011.png","","780","","B85DEB9F206B0C02696677233DA02C3DE4EB08C2FE46FC053D0CA03D6675BC7C","Extracted Dataset A file appeared during inventory."
"ADDED","Gait\dataset_a\other\wyc-00_2-012.png","","763","","AB311487AF1843396126FA7E4DBED2E0C805D1E077070F6B15831EAD63F5C03A","Extracted Dataset A file appeared during inventory."
"ADDED","Gait\dataset_a\other\wyc-00_2-013.png","","753","","52F1986C6645BAFFB6B39E45C76F7317161AFA1850D9AF98FE80CC8C915B01D2","Extracted Dataset A file appeared during inventory."
"ADDED","Gait\dataset_a\other\wyc-00_2-014.png","","775","","25F79B1D7E1031ECD4A2DEF8783DACA82B05910A8EE81737A3B9A2E294645C97","Extracted Dataset A file appeared during inventory."
"ADDED","Gait\dataset_a\other\wyc-00_2-015.png","","844","","E4235112BAD08519AD24DD780A450D70B6F70CC30B0160DE3BC64866275D6A94","Extracted Dataset A file appeared during inventory."
"ADDED","Gait\dataset_a\other\wyc-00_2-016.png","","832","","4D000FDE8B580AFBD63B9332125E008094F96EEBF89C425CAD3EBDDAC6EA6898","Extracted Dataset A file appeared during inventory."
"ADDED","Gait\dataset_a\other\wyc-00_2-017.png","","861","","B0D0C1CA0F96F8DC1E73B52A0ECB8F061A010694653279D41450E40BA342A560","Extracted Dataset A file appeared during inventory."
"ADDED","Gait\dataset_a\other\wyc-00_2-018.png","","975","","BF315635FE7EC515B137ADAF714BF5E69EE30633A38B20C5F2AB92CEE887ACF2","Extracted Dataset A file appeared during inventory."
"ADDED","Gait\dataset_a\other\wyc-00_2-020.png","","979","","8B181C48460A70A58ABA5DE7F4BBB5041002D4A94737DDFDC3C12CE610D06985","Extracted Dataset A file appeared during inventory."
"ADDED","Gait\dataset_a\other\wyc-00_2-021.png","","973","","52E68362D911358BF9BE4364C335876332F0F247484D7C099850FF4EAA596E00","Extracted Dataset A file appeared during inventory."
"ADDED","Gait\dataset_a\other\wyc-00_2-024.png","","817","","04B4DD5CE35A246E3D67C3DF0866DDD121A8EA8AAEF44FFDA61A304A16AC54BF","Extracted Dataset A file appeared during inventory."
"ADDED","Gait\dataset_a\other\wyc-00_2-025.png","","902","","FDCDA5C29B33F97D6016C9A4458D84EB6B651E38D2DC31EBFBEDA5FB047DBEDF","Extracted Dataset A file appeared during inventory."
"ADDED","Gait\dataset_a\other\wyc-00_2-026.png","","846","","7D5A041DBA73F02D198DB462A823B6EDBA560FC2CEBBB172F100798AFF9D9E92","Extracted Dataset A file appeared during inventory."
"ADDED","Gait\dataset_a\other\wyc-00_2-027.png","","819","","093F5A714EF9F72EE659996FF1CA946DA04D365B66F9C8E10DFF3EA340DA37FB","Extracted Dataset A file appeared during inventory."
"ADDED","Gait\dataset_a\other\wyc-00_2-028.png","","871","","A826518C88E218CD5D8CDA2D5CAE6151012B0E182E85104F6DE6859A3033E4DF","Extracted Dataset A file appeared during inventory."
"ADDED","Gait\dataset_a\other\wyc-00_2-029.png","","855","","173B3D7F90A2B976AA82A1370585296C52BF5475B5F3F736FA8C4C1ECB819783","Extracted Dataset A file appeared during inventory."
"ADDED","Gait\dataset_a\other\wyc-00_2-030.png","","911","","2B28C07C0B07E312D18706BA481850F1878671B4E94718A20C92338F85A7C186","Extracted Dataset A file appeared during inventory."
"ADDED","Gait\dataset_a\other\wyc-00_2-031.png","","945","","6546211A75ED2B9CE30587B7F6011A4793D8C68184253B07FEEC511CA3C58D61","Extracted Dataset A file appeared during inventory."
"ADDED","Gait\dataset_a\other\wyc-00_2-033.png","","980","","3DBE514E1E8EB944F767880B1AF377EE660451FEC2E9D454F0521EA31F0D53C4","Extracted Dataset A file appeared during inventory."
"ADDED","Gait\dataset_a\other\wyc-00_2-036.png","","890","","D70B3AC2BE0DE4D07B38A3DD3EE8BD5896E2094F6780AE59ACC6D01107A11740","Extracted Dataset A file appeared during inventory."
"ADDED","Gait\dataset_a\other\wyc-00_2-037.png","","809","","A62603B125D648B29ADDF08BF2FE20D3D0F07F4565C64BD9BBF599DD19C8A556","Extracted Dataset A file appeared during inventory."
"ADDED","Gait\dataset_a\other\wyc-00_2-038.png","","816","","8B223A3C1A2F3F942CF6796D8C3AB08DE3B4AB55CC48C143893DF4ED42075667","Extracted Dataset A file appeared during inventory."
"ADDED","Gait\dataset_a\other\wyc-00_2-039.png","","799","","33A7490DD72491A209A18120392A9E7DED0AFCF1E254C5C2AFF760A55281F2FD","Extracted Dataset A file appeared during inventory."
"ADDED","Gait\dataset_a\other\wyc-00_2-040.png","","726","","53A321BFBC7745EF090F57E3A74EB706C79E986765542BC3B4D5D3BC1707C43C","Extracted Dataset A file appeared during inventory."
"ADDED","Gait\dataset_a\other\wyc-00_2-041.png","","875","","E98122602D359DBC7457C8D0D554E47CBF852552E1EF866B3A4A1AB614C32C49","Extracted Dataset A file appeared during inventory."
"ADDED","Gait\dataset_a\other\wyc-00_2-042.png","","914","","040EC39EA36F9A7E032D40511F1BBBDB3D41657B57636B01F994A388239FEC30","Extracted Dataset A file appeared during inventory."
"ADDED","Gait\dataset_a\other\wyc-00_2-043.png","","930","","448E7B72C7A02EB5D32093FB09DB9DC8FC5238103405C1B2D052E7F5900F3A1C","Extracted Dataset A file appeared during inventory."
"ADDED","Gait\dataset_a\other\wyc-00_2-044.png","","973","","1B8DA9D348CA388E2A0F122B17CEC6FE5DB1C4D1CE289A9B5C2AA022A252241C","Extracted Dataset A file appeared during inventory."
"ADDED","Gait\dataset_a\other\wyc-00_2-046.png","","892","","DE68023CFAA78A60DE9AC00D13C8871DA2FE54A2DEC8674CFE98E03EB8A238B4","Extracted Dataset A file appeared during inventory."
"ADDED","Gait\dataset_a\other\wyc-00_2-049.png","","867","","69C633B36FFF3CB68E2C16285193F4BCDC9CF4AF86E7B4F576FE8E26CC40FED9","Extracted Dataset A file appeared during inventory."
"ADDED","Gait\dataset_a\other\wyc-00_2-050.png","","845","","058A769447F0F641D500C091493EB997037CBE7CADDC3C920582846C290E30F1","Extracted Dataset A file appeared during inventory."
"ADDED","Gait\dataset_a\other\wyc-00_2-051.png","","768","","3DE8669A8D7CAF8F9E0603E5014C9CC6061D38016809EC4390B8CF75B778B519","Extracted Dataset A file appeared during inventory."
"ADDED","Gait\dataset_a\other\wyc-00_2-052.png","","766","","3386F77C674A7EA535E8D0A76352F34931302E02D131BD7692582884B52B16E1","Extracted Dataset A file appeared during inventory."
"ADDED","Gait\dataset_a\other\wyc-00_2-053.png","","742","","8287D7772C360240E8C218DD8C05DD3763F14DD39924022CF82104F5FEA95174","Extracted Dataset A file appeared during inventory."
"ADDED","Gait\dataset_a\other\wyc-00_2-054.png","","837","","DE77BF260B46141D4E3BD2E8100F6936C2DE6E9197F81D79C1DF51D69922157C","Extracted Dataset A file appeared during inventory."
"ADDED","Gait\dataset_a\other\wyc-00_2-055.png","","800","","E8349B50A6FE946DC9D000AE5E463E1C38562AEF313B9A7AF61C169EACD8F475","Extracted Dataset A file appeared during inventory."
"ADDED","Gait\dataset_a\other\wyc-00_3-001.png","","838","","D44896A451E855FDB8B4DC2A01C55F47035DC48F8D71B82FD5462F0CCAAE8299","Extracted Dataset A file appeared during inventory."
"ADDED","Gait\dataset_a\other\wyc-00_3-002.png","","842","","8343F7C21D0048AB9EB14FFB3624BF72DC73BED4E3F9A92CD0F68E23876DD45B","Extracted Dataset A file appeared during inventory."
"ADDED","Gait\dataset_a\other\wyc-00_3-003.png","","825","","28AA081E65A2B222F07ADF24984DCD8AFA8294B4A2DA84507901BBF395D99CC7","Extracted Dataset A file appeared during inventory."
"ADDED","Gait\dataset_a\other\wyc-00_3-004.png","","895","","AD1F11D18CDC9B8BF11D7D43BC723AE7D14D167F75C3008D687A633B3E28A44A","Extracted Dataset A file appeared during inventory."
"ADDED","Gait\dataset_a\other\wyc-00_3-006.png","","840","","94F57E39043A371CBAF7E93A4824A1BA639FF3D485D7F0F4A55B70EDFE694A73","Extracted Dataset A file appeared during inventory."
"ADDED","Gait\dataset_a\other\wyc-00_3-008.png","","873","","B0B4661E8A27EBCAD7959829C259042975AD878F7CDB861EA8540182A1BAA8B1","Extracted Dataset A file appeared during inventory."
"ADDED","Gait\dataset_a\other\wyc-00_3-009.png","","798","","1539D2528E5F5570F4035A11559837973B646EC9B30C29EF5F44DA12F2DDFB57","Extracted Dataset A file appeared during inventory."
"ADDED","Gait\dataset_a\other\wyc-00_3-010.png","","793","","EFCE1D61801441F62B8D512F87DFFE1FA81A4C09096B5A0E341E0D3308D48D6B","Extracted Dataset A file appeared during inventory."
"ADDED","Gait\dataset_a\other\wyc-00_3-011.png","","728","","723F78BB98FC2D300407807B493A7749AFB4FE4210D15FCF346698565ABB2625","Extracted Dataset A file appeared during inventory."
"ADDED","Gait\dataset_a\other\wyc-00_3-012.png","","733","","68C075392F47CDD2F69F2CF3A72EAF4B9DCAE603725961DD6F0158D988C22A45","Extracted Dataset A file appeared during inventory."
"ADDED","Gait\dataset_a\other\wyc-00_3-013.png","","748","","12655BF7BDC7481F6A1297F6E38AC6C8FBE2D079D3F52E588C117096DCE217E5","Extracted Dataset A file appeared during inventory."
"ADDED","Gait\dataset_a\other\wyc-00_3-014.png","","772","","4949EA86B029540C20CD94C798066F98519EE801CAE19D48DC607E76AB206AE0","Extracted Dataset A file appeared during inventory."
"ADDED","Gait\dataset_a\other\wyc-00_3-015.png","","795","","0BAC8F4E08DB1A9D474FCD9333DE2634BF5C1EC86921CE5069C51EAE402C7E1C","Extracted Dataset A file appeared during inventory."
"ADDED","Gait\dataset_a\other\wyc-00_3-016.png","","850","","F4F961BAEC49B8B859A8AC5DADEE5829ECEA92D95605F383725F0BBA5E1ED251","Extracted Dataset A file appeared during inventory."
"ADDED","Gait\dataset_a\other\wyc-00_3-017.png","","839","","C3CADC4750E793C132F0DC89CB2723B7944E5BC640099B4BDE48CDF949A4D96D","Extracted Dataset A file appeared during inventory."
"ADDED","Gait\dataset_a\other\wyc-00_3-019.png","","894","","695F6344A8BC3D5B885B7493B532017ED0D6D8F9D6EEFD6C57A7ACD1AE3E3C9D","Extracted Dataset A file appeared during inventory."
"ADDED","Gait\dataset_a\other\wyc-00_3-022.png","","805","","255638F35F6BEC18AFD2417E266321FDFD81E77033862E5838880CA7880F6EBB","Extracted Dataset A file appeared during inventory."
"ADDED","Gait\dataset_a\other\wyc-00_3-023.png","","858","","743FF2A2E3FCB1D2E7A73D38BAD26686EC86F337D2C6F0CCED59E3818E855CF7","Extracted Dataset A file appeared during inventory."
"ADDED","Gait\dataset_a\other\wyc-00_3-024.png","","803","","590082BB81EFEC92365B7674C45C405C5344E3F7B4AEFFCAC0E0AA5D41BE9B9A","Extracted Dataset A file appeared during inventory."
"ADDED","Gait\dataset_a\other\wyc-00_3-025.png","","854","","C97D6A8B84AF3A81797E60A3D9E56E1E5B7F7A6D30A5EC4502B79A7A89986679","Extracted Dataset A file appeared during inventory."
"ADDED","Gait\dataset_a\other\wyc-00_3-026.png","","867","","6D7557B7840275D447BD46AE2F5B32617202ED86DACDC877BDD6CEFDE3F59497","Extracted Dataset A file appeared during inventory."
"ADDED","Gait\dataset_a\other\wyc-00_3-027.png","","919","","91E98361B64626584997D87E823EF8E7B0A8200956D0496815A177C0D5E7DF0F","Extracted Dataset A file appeared during inventory."
"ADDED","Gait\dataset_a\other\wyc-00_3-028.png","","887","","7EDC0ED290D6774EBD9CB1B5A4393EC19F19606AC53F1D2CE4EB268FA473A30A","Extracted Dataset A file appeared during inventory."
"ADDED","Gait\dataset_a\other\wyc-00_3-029.png","","938","","A6175618EC859FB5256F9BAC1FCB273B8478518202ED145FD2611735BA6B30A2","Extracted Dataset A file appeared during inventory."
"ADDED","Gait\dataset_a\other\wyc-00_3-031.png","","893","","DED034706878DCBFFB479B15205D79BCBBC55C5A8E87A7DB9AE4C0A811748E16","Extracted Dataset A file appeared during inventory."
"ADDED","Gait\dataset_a\other\wyc-00_3-034.png","","811","","FFB96874CC5AA52074445E893E9E0BE1ED52D9D252CDB02B085F6E03BA526722","Extracted Dataset A file appeared during inventory."
"ADDED","Gait\dataset_a\other\wyc-00_3-035.png","","845","","5F0FF08D90296BB506BD8B4F850BB5B88B27A0D901400BE7CFB6E652977ED438","Extracted Dataset A file appeared during inventory."
"ADDED","Gait\dataset_a\other\wyc-00_3-036.png","","762","","22632888DD25D07CB603FB7096090FA2C8948A5586AD843FA7161159EF1FB26C","Extracted Dataset A file appeared during inventory."
"ADDED","Gait\dataset_a\other\wyc-00_3-037.png","","724","","07CD39D537AAC094D847CD9A0A8C3441E20CBEBF250B1BB591218F3ADEFECBC0","Extracted Dataset A file appeared during inventory."
"ADDED","Gait\dataset_a\other\wyc-00_3-038.png","","715","","34ADD3A67B4AD8298C23F9C4DC6F871034B5F2A280D1C116A4A024C4B0826999","Extracted Dataset A file appeared during inventory."
"ADDED","Gait\dataset_a\other\wyc-00_3-039.png","","868","","9AADED1448BE99DC5B1DDD9E5FD9A551792AC0D41F20AC99A81393A49C60A357","Extracted Dataset A file appeared during inventory."
"ADDED","Gait\dataset_a\other\wyc-00_3-040.png","","861","","C74EC9357202B5E076F4EA856F42B6CC463728654DAFAF9D2B9A8B3E95D241B5","Extracted Dataset A file appeared during inventory."
"ADDED","Gait\dataset_a\other\wyc-00_3-041.png","","904","","E3BDB7B578E199F56192A37BB05D9F9F35B62F78C129F92E1FB8C64913138257","Extracted Dataset A file appeared during inventory."
"ADDED","Gait\dataset_a\other\wyc-00_3-042.png","","833","","75CC9F23293681296E7E90D8176CC4977BCB795B428427BC86882D3F31E72F3E","Extracted Dataset A file appeared during inventory."
"ADDED","Gait\dataset_a\other\wyc-00_3-047.png","","779","","DA7C1288A02BD4734E98B229CCA3A319C2411A3696A141E51CA8345C4E619A92","Extracted Dataset A file appeared during inventory."
"ADDED","Gait\dataset_a\other\wyc-00_3-048.png","","745","","28D5474E12666292ABFB5B933D62DACE1359741AF96F1DB47F7EAF23BFEC969B","Extracted Dataset A file appeared during inventory."
"ADDED","Gait\dataset_a\other\wyc-00_3-049.png","","691","","6F9BEC24BDCD326D6BDCE16A05BA18714FE3229B87A20CD574A0B07903495423","Extracted Dataset A file appeared during inventory."
"ADDED","Gait\dataset_a\other\wyc-00_3-050.png","","706","","50F4D0E66FB9431E056A6A850DF954FE4381DAF05A09EC58F2AC5D4BEE965AB4","Extracted Dataset A file appeared during inventory."
"ADDED","Gait\dataset_a\other\wyc-00_3-051.png","","732","","01253606E17B5C264836E5E8B08EEB9FD3D5D9D965948F28B58F15863309B8F7","Extracted Dataset A file appeared during inventory."
"ADDED","Gait\dataset_a\other\wyc-00_3-052.png","","763","","4273121405E1CD74F930606A31D35A37E0855C63558516235678373D4062FE50","Extracted Dataset A file appeared during inventory."
"ADDED","Gait\dataset_a\other\wyc-00_3-053.png","","784","","3C2E3B9E4D84A6B08112E200C411B85E70CFE2FFCBC697E6445F8B13F0A09AD8","Extracted Dataset A file appeared during inventory."
"ADDED","Gait\dataset_a\other\wyc-00_3-054.png","","767","","D4C9C945E635A980AB1AC881CD4923D7411D005F7CC842576B5167901F5989D5","Extracted Dataset A file appeared during inventory."
"ADDED","Gait\dataset_a\other\wyc-00_4-001.png","","753","","5F402B8DEE3735769822FA91AAA69A22D0EF4DAFB81B8349B72BF8F5EC885F81","Extracted Dataset A file appeared during inventory."
"ADDED","Gait\dataset_a\other\wyc-00_4-002.png","","790","","4802D3166F13E1F616ECD4F38AA113688FDB59F776C1BA8A5C94B552E5127424","Extracted Dataset A file appeared during inventory."
"ADDED","Gait\dataset_a\other\wyc-00_4-003.png","","878","","3174F18701A6658935F16DEA7C8C3103F60098CB05428B5D99589E689CE1922E","Extracted Dataset A file appeared during inventory."
"ADDED","Gait\dataset_a\other\wyc-00_4-004.png","","864","","07D92F6E862E8201434F8266EFDB0C13039CCE6B0E1D3462224E7B04560243B7","Extracted Dataset A file appeared during inventory."
"ADDED","Gait\dataset_a\other\wyc-00_4-005.png","","864","","2D1F9BE87C962BA871770E6AC322DCE7F33732A2C03803BC987E8887A91715AC","Extracted Dataset A file appeared during inventory."
"ADDED","Gait\dataset_a\other\wyc-00_4-007.png","","817","","D83A331101B20D513A9A596B1D4A6A639E7F2677306CC74110B99A8B15D154F3","Extracted Dataset A file appeared during inventory."
"ADDED","Gait\dataset_a\other\wyc-00_4-011.png","","749","","81F3DDD8FF283551A00FF4980B2D5E0E22F3B07E82D5648B4AEE2FDF361DAB7E","Extracted Dataset A file appeared during inventory."
"ADDED","Gait\dataset_a\other\wyc-00_4-012.png","","707","","1F4C648793B527A846D16D35C7D42FBF000A6C036A8D638E3DA79F572161FFDA","Extracted Dataset A file appeared during inventory."
"ADDED","Gait\dataset_a\other\wyc-00_4-013.png","","696","","33D3DA6C9D3560EFE9C8086C510750D9DB5200F7D157C92368BCB603A9B11064","Extracted Dataset A file appeared during inventory."
"ADDED","Gait\dataset_a\other\wyc-00_4-014.png","","666","","97243A7C92C194DD920714F9A70DD7FEBD0EDE0E3666F135249D725BA76BD1FC","Extracted Dataset A file appeared during inventory."
"ADDED","Gait\dataset_a\other\wyc-00_4-015.png","","743","","1DCAEF80CC9F7395E9252A839ACE34A4BF95D348A441D22E6E51CFE685ECABCF","Extracted Dataset A file appeared during inventory."
"ADDED","Gait\dataset_a\other\wyc-00_4-016.png","","782","","45D1754258A2AD05FB0D34E4793669E6BF028F9B8553BB08743DD6CE33654454","Extracted Dataset A file appeared during inventory."
"ADDED","Gait\dataset_a\other\wyc-00_4-017.png","","829","","257767BAB6EFB702974120EBC82B1A15927D60C2D820E8D992E91E28DD661FDB","Extracted Dataset A file appeared during inventory."
"ADDED","Gait\dataset_a\other\wyc-00_4-018.png","","900","","B5E0D392928FDF69E1D35D1391C95FB674C6F8DEACCF8E41862970C1C9EDF8A1","Extracted Dataset A file appeared during inventory."
"ADDED","Gait\dataset_a\other\wyc-00_4-020.png","","790","","50B45FE720FADE6EEF457D3C9376956FA1D51018733255578C3F92B6AD3A85F9","Extracted Dataset A file appeared during inventory."
"ADDED","Gait\dataset_a\other\wyc-00_4-023.png","","793","","9AECF46AD58B1BCA717170D713CFED58B7EA58C100A03EE59DB40024B1A38134","Extracted Dataset A file appeared during inventory."
"ADDED","Gait\dataset_a\other\wyc-00_4-024.png","","848","","569DD1CE827D4AFC6E8ECC41FFBB134793DC541C491A445517B18DB7D2784984","Extracted Dataset A file appeared during inventory."
"ADDED","Gait\dataset_a\other\wyc-00_4-025.png","","871","","01B685A7036084AA4BCC65B4EAD1AFE9F7FECEEF08085CB8DD33207CFA257D78","Extracted Dataset A file appeared during inventory."
"ADDED","Gait\dataset_a\other\wyc-00_4-026.png","","891","","D9FA9BE57D75217520C0B5DB3F492BCBDFAB8B6E7D8C9DD6A3D9B22EDED24142","Extracted Dataset A file appeared during inventory."
"ADDED","Gait\dataset_a\other\wyc-00_4-027.png","","818","","0B9DF3225D30F9217F16DE3EF1527FCCC112A5FD53562563DD1E6843F4FD83D2","Extracted Dataset A file appeared during inventory."
"ADDED","Gait\dataset_a\other\wyc-00_4-028.png","","894","","1146A908469C8DDF52B66AD56F2EE5EB048E3AA4FB0A2F6BC51F6CE1FA95C13D","Extracted Dataset A file appeared during inventory."
"ADDED","Gait\dataset_a\other\wyc-00_4-029.png","","924","","EA3E3A66D99A6BAA71C34B7675FA01EB1704D0B38A212D75A16AC1285D0F23B9","Extracted Dataset A file appeared during inventory."
"ADDED","Gait\dataset_a\other\wyc-00_4-030.png","","952","","B50E92EC1BF5A7615A7CF23EA7D1F560AE4DE7117DCB43BD3F78E0E84F841B2F","Extracted Dataset A file appeared during inventory."
"ADDED","Gait\dataset_a\other\wyc-00_4-031.png","","904","","DB00C211EAC137A1F850734F40C2856F410B0A76CB631DD002831825276F18C7","Extracted Dataset A file appeared during inventory."
"ADDED","Gait\dataset_a\other\wyc-00_4-033.png","","928","","A9C8B3541499D454C5D993DA9899D36AE25CC60E0671B392AA6F16FDD4B34992","Extracted Dataset A file appeared during inventory."
"ADDED","Gait\dataset_a\other\wyc-00_4-036.png","","887","","0C9F14A2C31BDB32FDEB4DEFE5ACD6DCF02803D4FCB317BB8B4027195BE6B7E2","Extracted Dataset A file appeared during inventory."
"ADDED","Gait\dataset_a\other\wyc-00_4-037.png","","850","","C4528A71ED114655AD8A0A5C550F624A70F87F28073EB97CC6BEF778E79AA170","Extracted Dataset A file appeared during inventory."
"ADDED","Gait\dataset_a\other\wyc-00_4-038.png","","851","","FF4E6735ED52E3E28051689C63D999A3D01AA9323D3549DEFBAE15889D6D9A79","Extracted Dataset A file appeared during inventory."
"ADDED","Gait\dataset_a\other\wyc-00_4-039.png","","827","","5586F3AED648296194689A0BD24FD4D4562299038B77C2430824AF001E8D6C23","Extracted Dataset A file appeared during inventory."
"ADDED","Gait\dataset_a\other\wyc-00_4-040.png","","856","","3932310C7E9D2CBCE0170862330B32ABC2D957780A7E7BA14DBFB2369D98736B","Extracted Dataset A file appeared during inventory."
"ADDED","Gait\dataset_a\other\wyc-00_4-041.png","","861","","9C97402F22EDB1623BC7324A8D7F3D43CA82DA87485432453E742C2A0B6C3B81","Extracted Dataset A file appeared during inventory."
"ADDED","Gait\dataset_a\other\wyc-00_4-042.png","","898","","39F8B18AFBC3AE531AEBE8335B16CAAAF9AB10BFA5BFEBF8E5550E70D097B2DC","Extracted Dataset A file appeared during inventory."
"ADDED","Gait\dataset_a\other\wyc-00_4-043.png","","870","","33F286C68EAF50F33533F721CF3F2F641D471CDE54A0174998AA21FBCFA99805","Extracted Dataset A file appeared during inventory."
"ADDED","Gait\dataset_a\other\wyc-00_4-044.png","","936","","B52A157999C4754294898CFD0EF84196A45025DCAE481E67288FAB28A6442BF6","Extracted Dataset A file appeared during inventory."
"ADDED","Gait\dataset_a\other\wyc-00_4-045.png","","908","","7EC43AA4413821CC0BCE556D7AC2D6AFFB168670A6E155F916B6BB051E76B61A","Extracted Dataset A file appeared during inventory."
"ADDED","Gait\dataset_a\other\wyc-00_4-047.png","","911","","E5723BA0470C2526F68903320573359D21BA15C6E31141B297274D1EC5A82957","Extracted Dataset A file appeared during inventory."
"ADDED","Gait\dataset_a\other\wyc-00_4-050.png","","800","","9E9A2789CDCAE03FD73C41090CE2136481E790EBE29F66673834E630E2FF7C4D","Extracted Dataset A file appeared during inventory."
"ADDED","Gait\dataset_a\other\wyc-00_4-051.png","","745","","D275E6D5827A1CDD5774E0B06502B742B84FF46C82EA4213F1C50B9151E9FB75","Extracted Dataset A file appeared during inventory."
"ADDED","Gait\dataset_a\other\wyc-00_4-052.png","","684","","BAB8DBC01264DE638F6626F4F2EFBA6EB57D76FC1ACA9121B68E5570D79B5857","Extracted Dataset A file appeared during inventory."
"ADDED","Gait\dataset_a\other\wyc-00_4-053.png","","724","","9F211AB5A074BCAD347BA59BD80031FBFD60530D9205A940CA470D649FA23F26","Extracted Dataset A file appeared during inventory."
"ADDED","Gait\dataset_a\other\wyc-00_4-054.png","","756","","7EECBC73A1CB908D2CA5C222A460F6D8A6498DDDDDB5D5A5A15640DF7CD0CAD5","Extracted Dataset A file appeared during inventory."
"ADDED","Gait\dataset_a\other\wyc-00_4-055.png","","750","","3371CB667189924A5E1ADF997CF5741167B22CB2964129BA2010059C381DBDDB","Extracted Dataset A file appeared during inventory."
"ADDED","Gait\dataset_a\other\wyc-00_4-056.png","","858","","3EACB21FF57B84B40D931D7FC920FEBE3196AC794E2C2C9BCCC8A2BE3F463169","Extracted Dataset A file appeared during inventory."
"ADDED","Gait\dataset_a\other\wyc-00_4-057.png","","874","","34E73D579898544C6E2AAE3C0C5D267001F908117B2CE7F00AD5A6475075AD96","Extracted Dataset A file appeared during inventory."
"ADDED","Gait\dataset_a\other\wyc-00_4-058.png","","726","","19B5F557C0FA75BF73DDB7F19373268F43C543C3185FD3370966BC9EA7616BF5","Extracted Dataset A file appeared during inventory."
"ADDED","Gait\dataset_a\other\xch-00_1-003.png","","835","","2926EADF73A29042CB651F1D2FA1B30CC56698300711FABDDCCF22E378B5A3D5","Extracted Dataset A file appeared during inventory."
"ADDED","Gait\dataset_a\other\xch-00_1-004.png","","747","","E225C59E54CCB5743A98E9643A6A19BD9FDE925F9E99D3797267146F5AEAC7DB","Extracted Dataset A file appeared during inventory."
"ADDED","Gait\dataset_a\other\xch-00_1-005.png","","711","","9C26628DDEA459D0D222C45C43B1E483565CBC066866A0B4D8A0F385AF7D8CE5","Extracted Dataset A file appeared during inventory."
"ADDED","Gait\dataset_a\other\xch-00_1-006.png","","673","","1C3A0663D2B105DAD271A521452231B9E944B26E9E283DFB8A46F094A4E5E0E5","Extracted Dataset A file appeared during inventory."
"ADDED","Gait\dataset_a\other\xch-00_1-007.png","","666","","7851A4E5B165DEE1391E53FDF876195A5094BD6C2B68C81BD44541F1457B783D","Extracted Dataset A file appeared during inventory."
"ADDED","Gait\dataset_a\other\xch-00_1-008.png","","731","","CBE919DD104D9FCA0D9328A624ED4B5E3E205C3CABAF357E006F442F51B17C58","Extracted Dataset A file appeared during inventory."
"ADDED","Gait\dataset_a\other\xch-00_1-009.png","","827","","4FA8DF2A0D17375DD1D52B709DB9FB47D08405AF798D403B3B6437D54AAB067A","Extracted Dataset A file appeared during inventory."
"ADDED","Gait\dataset_a\other\xch-00_1-010.png","","903","","1E5E5EA93691B4ED4310AE9D05AFDA8FD3DE78B6DF8D6B849B95E8C42EEE1196","Extracted Dataset A file appeared during inventory."
"ADDED","Gait\dataset_a\other\xch-00_1-013.png","","921","","5DB04F1441507E8F40ACA68B313BAD131F4D451597A86FD632189D5CAAF4506D","Extracted Dataset A file appeared during inventory."
"ADDED","Gait\dataset_a\other\xch-00_1-016.png","","821","","9725C78A2818F362B89B7B77A63427B6EB50E9001C70943263BC17AED2DF7E12","Extracted Dataset A file appeared during inventory."
"ADDED","Gait\dataset_a\other\xch-00_1-017.png","","798","","EB8D81B54299E9EF6D48384BC7F3B91D3375616F83D4754E6305F55086E8A37D","Extracted Dataset A file appeared during inventory."
"ADDED","Gait\dataset_a\other\xch-00_1-018.png","","781","","630AF95566CA4173DA1CB3EF43812283599D746B2784BD7AB34E56B9FD09A41D","Extracted Dataset A file appeared during inventory."
"ADDED","Gait\dataset_a\other\xch-00_1-019.png","","768","","C6DF3F4ED6B664F0CFE9A65C8055F281C5B5E98637734874E4AEB4A7A65F12DC","Extracted Dataset A file appeared during inventory."
"ADDED","Gait\dataset_a\other\xch-00_1-020.png","","877","","D642F9AFF9E207FCE3540B1804D5585E7BBB68FEB6509AE657447B7AF6AC2AA4","Extracted Dataset A file appeared during inventory."
"ADDED","Gait\dataset_a\other\xch-00_1-021.png","","881","","390344A10C399CFD6A5A91CFF2142EB80200B8FD10D35DDB918BC284E1EF5EF3","Extracted Dataset A file appeared during inventory."
"ADDED","Gait\dataset_a\other\xch-00_1-022.png","","916","","12D3F1B4A0B951F8B2381D0AAF312B5C01DD2980961CB942C03B9015BB8C8AC1","Extracted Dataset A file appeared during inventory."
"ADDED","Gait\dataset_a\other\xch-00_1-023.png","","954","","5710BBA5CB753ADC5A22D24A3694C1FEBCC9EE3EAB8E28119D3D4E57E16D8407","Extracted Dataset A file appeared during inventory."
"ADDED","Gait\dataset_a\other\xch-00_1-025.png","","951","","F7B82985023799BE77D7EF47B58D4EEE6EF396CD720E4D2F9DB909DD61CFAFBD","Extracted Dataset A file appeared during inventory."
"ADDED","Gait\dataset_a\other\xch-00_1-028.png","","911","","A195CDE0AFC4CE37D5B80ACD24DC15D6CD65F8E1842BEA466A73007502305DD7","Extracted Dataset A file appeared during inventory."
"ADDED","Gait\dataset_a\other\xch-00_1-029.png","","858","","4B6E72B8FA70CEEA2FD013C86344CB2DE305983FDD25979D3648322550C1BEB8","Extracted Dataset A file appeared during inventory."
"ADDED","Gait\dataset_a\other\xch-00_1-030.png","","844","","BE776463B8D865CFFAA5ADB39AA226DD53103FC0810900CB098335ED28C2D17A","Extracted Dataset A file appeared during inventory."
"ADDED","Gait\dataset_a\other\xch-00_1-031.png","","761","","6F9E53CFAC956D9D0740307D1F81CFC9251E2CE0530899C0F9B2A8C6DF46F5E4","Extracted Dataset A file appeared during inventory."
"ADDED","Gait\dataset_a\other\xch-00_1-032.png","","803","","1B4444E507F9D2760DD5FF4364D065AAF4697614F8BEE293681CBF3B20210C71","Extracted Dataset A file appeared during inventory."
"ADDED","Gait\dataset_a\other\xch-00_1-033.png","","850","","EFA0431A66821095AAB1D7FC4B1EADDEB21FA40AF3907A25DC107871FB4E35AA","Extracted Dataset A file appeared during inventory."
"ADDED","Gait\dataset_a\other\xch-00_1-034.png","","912","","F5DD9DDD70C91DDD96F06E772FD382008D95FFE531AF9F73B064CA8A7A8239F4","Extracted Dataset A file appeared during inventory."
"ADDED","Gait\dataset_a\other\xch-00_1-035.png","","965","","26715499D8A18F02E6E9B668C1E2BF12DF28B7202BAF453240F119CBACBE2ADB","Extracted Dataset A file appeared during inventory."
"ADDED","Gait\dataset_a\other\xch-00_1-036.png","","980","","575123252233F66B317B7584EE8F5889408E92309045BCB213CA5FFA778B7F88","Extracted Dataset A file appeared during inventory."
"ADDED","Gait\dataset_a\other\xch-00_1-040.png","","791","","3ACEA050529420F5176A93FA8077D2C049766C8026531C12A95E57A0DBB92B47","Extracted Dataset A file appeared during inventory."
"ADDED","Gait\dataset_a\other\xch-00_1-041.png","","753","","247AEBFAFC65BA1FB7C7D9F7BA586DE38C0738197F48B84AC2AA3003FF9A3ADF","Extracted Dataset A file appeared during inventory."
"ADDED","Gait\dataset_a\other\xch-00_1-042.png","","698","","14C29482FC115BD5FEDFCAB71EF5B00ABC5947F97A7CEC87F7DE7DD74AA37A1B","Extracted Dataset A file appeared during inventory."
"ADDED","Gait\dataset_a\other\xch-00_1-043.png","","712","","2598E6EA867795E9169F46E214F5BE6D684B88D065C053CCF2AE843729DD4ADF","Extracted Dataset A file appeared during inventory."
"ADDED","Gait\dataset_a\other\xch-00_1-044.png","","696","","D9A72853AF29AFE20D18542FD86030AABC24815C47954FF188B423265F49E4E4","Extracted Dataset A file appeared during inventory."
"ADDED","Gait\dataset_a\other\xch-00_1-045.png","","761","","1E64C0ACD1AB98CE9C44138173B6AFA7B765B53DF446F80724ADA286DCAA9E13","Extracted Dataset A file appeared during inventory."
"ADDED","Gait\dataset_a\other\xch-00_1-046.png","","793","","5B45D67577200E5B8D7028C71BFC285B49EEA97C2F35037459AA8EE9FB46C22E","Extracted Dataset A file appeared during inventory."
"ADDED","Gait\dataset_a\other\xch-00_2-001.png","","770","","9069608AF425892100ABEDA0626C9BE44CF649840EB5858D8324A3B0BE52CB3A","Extracted Dataset A file appeared during inventory."
"ADDED","Gait\dataset_a\other\xch-00_2-002.png","","798","","1B0833D0125836EF4B94F3746C2C8FEF723061FAED8382CE8344482D33607B99","Extracted Dataset A file appeared during inventory."
"ADDED","Gait\dataset_a\other\xch-00_2-003.png","","780","","C1C2FD11775DA91BA22EEBF34245EBDE729AB0788B28D44FF52EA17D54C4952B","Extracted Dataset A file appeared during inventory."
"ADDED","Gait\dataset_a\other\xch-00_2-004.png","","813","","2DE67603E9A910DF02C7AE9974DBCC5DF25768A9E86BEE32E810B6FE8281BBB9","Extracted Dataset A file appeared during inventory."
"ADDED","Gait\dataset_a\other\xch-00_2-005.png","","892","","9C530C9FE59FBC46338BC9C8490764F25111C101191DF2E763D886E252992660","Extracted Dataset A file appeared during inventory."
"ADDED","Gait\dataset_a\other\xch-00_2-006.png","","889","","715D0988213090502F5E6BCD4E79BFC2DBB81AEF2A84D01B14A8691A5A3F2F61","Extracted Dataset A file appeared during inventory."
"ADDED","Gait\dataset_a\other\xch-00_2-009.png","","906","","B059FB33FD1D6E9DEA15704F5353BBC544B6D7EF65124286253656EC8916F2C0","Extracted Dataset A file appeared during inventory."
"ADDED","Gait\dataset_a\other\xch-00_2-012.png","","809","","EC5D53AF7AD966F6531ED6385A20F45DE3DDFE17610EEE6D53B1BBC120DB6D22","Extracted Dataset A file appeared during inventory."
"ADDED","Gait\dataset_a\other\xch-00_2-013.png","","746","","3B05F65D5DC44212F3A0309E4503681ABB87F46D6A2EF1E5B839FB689531C0A4","Extracted Dataset A file appeared during inventory."
"ADDED","Gait\dataset_a\other\xch-00_2-014.png","","747","","36738F1CEB155C0603DE8757F6631B57B9D7549BAAFC33E4CE246ABD495E95F7","Extracted Dataset A file appeared during inventory."
"ADDED","Gait\dataset_a\other\xch-00_2-015.png","","702","","19CF86E90EEC75DB5FDB6208F5B7EE1B96776594A5F9261B875069DC26FD0916","Extracted Dataset A file appeared during inventory."
"ADDED","Gait\dataset_a\other\xch-00_2-016.png","","756","","63B4A0F5FB5D12630820B38AF9785FF6A979C461B86533CB9F46C72B85A22CE9","Extracted Dataset A file appeared during inventory."
"ADDED","Gait\dataset_a\other\xch-00_2-017.png","","816","","BB06E766FC7A72B9851618C2300873C9320CF6A0A2AE7092AA27018A30CDEAC4","Extracted Dataset A file appeared during inventory."
"ADDED","Gait\dataset_a\other\xch-00_2-018.png","","835","","D72C5B27FE707DD531ADC6FA403C643C9C59EF2C7F6388627CBC9AF9A28B166F","Extracted Dataset A file appeared during inventory."
"ADDED","Gait\dataset_a\other\xch-00_2-019.png","","890","","8408709EDBFBA0AA0084EE1508712C4E76A4D7806ECE849D98812BE2E28964D4","Extracted Dataset A file appeared during inventory."
"ADDED","Gait\dataset_a\other\xch-00_2-020.png","","954","","E141B0426F1983950317731AFABD2A063DFA4F1603070B264E0F89CC04F10DAD","Extracted Dataset A file appeared during inventory."
"ADDED","Gait\dataset_a\other\xch-00_2-021.png","","952","","75F58FE74C435C305AC25944308D2A1B531EEDED4D4C20BD53AEA240C9AB3C5F","Extracted Dataset A file appeared during inventory."
"ADDED","Gait\dataset_a\other\xch-00_2-023.png","","1002","","07CA06C9FB7B777392FA81ED5F4CD839BAA7CBC3125F466A80D345543774DEA4","Extracted Dataset A file appeared during inventory."
"ADDED","Gait\dataset_a\other\xch-00_2-026.png","","903","","720B17F6EB5A90F5AA3F7866DDD0DD11420302807504FF158E71F155A431912F","Extracted Dataset A file appeared during inventory."
"ADDED","Gait\dataset_a\other\xch-00_2-027.png","","840","","C78E1DD8EF39E6DE31D9A5D34179B4B0B944AECB754B562A896005A51A8230C6","Extracted Dataset A file appeared during inventory."
"ADDED","Gait\dataset_a\other\xch-00_2-028.png","","802","","A69EBD18378EEA8E1EBFDE3E543A7B655689A06F9DB3D687CB9CE989513C058D","Extracted Dataset A file appeared during inventory."
"ADDED","Gait\dataset_a\other\xch-00_2-029.png","","783","","B5E84FF6D516BBCC7081038C7022ADAE50A44204B947AF20AC180BE7E2AC73C3","Extracted Dataset A file appeared during inventory."
"ADDED","Gait\dataset_a\other\xch-00_2-030.png","","826","","0741A2A182980FDE07BB21DEC4590479416DFAF4DC92E6FC4C0153908744522C","Extracted Dataset A file appeared during inventory."
"ADDED","Gait\dataset_a\other\xch-00_2-031.png","","847","","58D625274407FB5272293D983D545447A8A0CF5B64B5D111378AD6C344A5A58B","Extracted Dataset A file appeared during inventory."
"ADDED","Gait\dataset_a\other\xch-00_2-032.png","","916","","2243A41C19092BCC6F11AA721ABAB4F94ED2407312422818EA61371E5E3BC75A","Extracted Dataset A file appeared during inventory."
"ADDED","Gait\dataset_a\other\xch-00_2-033.png","","939","","377FF64F59211508B6958AFCBC8A7C9DDB904869C6BDE05B4823078E7B350620","Extracted Dataset A file appeared during inventory."
"ADDED","Gait\dataset_a\other\xch-00_2-034.png","","946","","E94E815FFF5301BCED24BFE2D189B3740EC2DFD1143172B9C6D68B7DA1CA0FD7","Extracted Dataset A file appeared during inventory."
"ADDED","Gait\dataset_a\other\xch-00_2-036.png","","927","","6614A241F0E0FBD5D38720093C54D26BCB84B410474723CA68D1F3BF41C9659B","Extracted Dataset A file appeared during inventory."
"ADDED","Gait\dataset_a\other\xch-00_2-037.png","","911","","2876550A56E6888C887E6C6220AF65658C2F55E2601D859FD322B3CC2A5E53A4","Extracted Dataset A file appeared during inventory."
"ADDED","Gait\dataset_a\other\xch-00_2-039.png","","832","","BD7E516E7FFEE13AEE9E86A2DFF9BC81218B923263EB82CE85D8ACD6DB45FB81","Extracted Dataset A file appeared during inventory."
"ADDED","Gait\dataset_a\other\xch-00_2-040.png","","770","","2D63CD0AE192BB222D975BD31D757FB00F81A6B132EE54F6D518689A4A79D6F4","Extracted Dataset A file appeared during inventory."
"ADDED","Gait\dataset_a\other\xch-00_2-041.png","","769","","C5DB25E0B52E257366076CC43C8BC90BAAE38855CF06476DDDB052A5FCA16675","Extracted Dataset A file appeared during inventory."
"ADDED","Gait\dataset_a\other\xch-00_2-042.png","","739","","561FCCD627EAA4D1526661AC907D5B7C146A6A7BD24083E00F66AFA2E2FF5D08","Extracted Dataset A file appeared during inventory."
"ADDED","Gait\dataset_a\other\xch-00_2-043.png","","741","","9D716BBF40D30FEC834C9D794E22AB6E69FC4F35A5322B42B983A607BBF66755","Extracted Dataset A file appeared during inventory."
"ADDED","Gait\dataset_a\other\xch-00_2-044.png","","789","","2327700FDDA7355E8E5595208C3CEBB3941B7B5911821D45C2D6CBBDC71244BE","Extracted Dataset A file appeared during inventory."
"ADDED","Gait\dataset_a\other\xch-00_2-045.png","","861","","1B964196C4C59FC767B8F3B5B68FC2953DAAA6A519152798047767A52CC09073","Extracted Dataset A file appeared during inventory."
"ADDED","Gait\dataset_a\other\xch-00_2-046.png","","900","","926A7669DC3B69AE867EEF01F244D8877F67F2A4F423EFD0D6EBFAE8556BA335","Extracted Dataset A file appeared during inventory."
"ADDED","Gait\dataset_a\other\xch-00_2-048.png","","968","","650FB3B8B435934375D70C0B7F0D442A988216824D5D1FD67CA3E05181C2B78E","Extracted Dataset A file appeared during inventory."
"ADDED","Gait\dataset_a\other\xch-00_2-049.png","","922","","6487C9B0D9AF686C00137F5FE4200F4083F72907DBB68F1C1652C1B43EF0E6D2","Extracted Dataset A file appeared during inventory."
"ADDED","Gait\dataset_a\other\xch-00_2-052.png","","768","","150ACC2F0A24203E9A0536261A11C8F599D9ED22555558EF818ACB746CF20D13","Extracted Dataset A file appeared during inventory."
"ADDED","Gait\dataset_a\other\xch-00_2-053.png","","708","","6458DD34AC4F8B6080A1091D75580B4BC62CD0C62D37B19B7091A448C49B85F5","Extracted Dataset A file appeared during inventory."
"ADDED","Gait\dataset_a\other\xch-00_2-054.png","","713","","0801B067866EE261A2A340FBA49517DC97F180053D8294AF9FE58358C29CA50E","Extracted Dataset A file appeared during inventory."
"ADDED","Gait\dataset_a\other\xch-00_2-055.png","","704","","6038717D544BF867E951FB68709813895BF8B0B1DC5765ABA9E7F24CEB0345AA","Extracted Dataset A file appeared during inventory."
"ADDED","Gait\dataset_a\other\xch-00_2-056.png","","661","","F9FE27FD80BD3664FF6503C971A3222D25B65242F2940E6D83B53A5AC05F775C","Extracted Dataset A file appeared during inventory."
"ADDED","Gait\dataset_a\other\xch-00_2-057.png","","689","","A1C3ECA34681619F3BB67AE2DA5EC0B3BE554C510A79AC9D0D13EFEDB4417B48","Extracted Dataset A file appeared during inventory."
"ADDED","Gait\dataset_a\other\xch-00_2-058.png","","772","","3D26E8CA07D87AB9ECB8EB94657849B27C77E15A6C11FB45EE06207EAB300331","Extracted Dataset A file appeared during inventory."
"ADDED","Gait\dataset_a\other\xch-00_2-059.png","","766","","AA84B3B983FCFF000BCD4487BA9D41F979A261B5C99DA0FB1A10753597C9A13F","Extracted Dataset A file appeared during inventory."
"ADDED","Gait\dataset_a\other\xch-00_2-060.png","","758","","0535FCE99A0A0382CBE78560CE3809306A812709D347712DB98C4988793F2F82","Extracted Dataset A file appeared during inventory."
"ADDED","Gait\dataset_a\other\xch-00_3-001.png","","736","","04793014432D734FA6FBA6C22C8D36C5F4FB6225B75BD0D480AD7A9A3794B87F","Extracted Dataset A file appeared during inventory."
"ADDED","Gait\dataset_a\other\xch-00_3-002.png","","724","","7E67E49F2D638FF3532D9001378031C09F74B75B6FE862E8CBAC6E0E66DF3C97","Extracted Dataset A file appeared during inventory."
"ADDED","Gait\dataset_a\other\xch-00_3-003.png","","762","","41CAF054F8560CA99718E2A5F105AEF9A43D2943AE7CA2C9F42C6157992731A5","Extracted Dataset A file appeared during inventory."
"ADDED","Gait\dataset_a\other\xch-00_3-004.png","","805","","C90364FF4B2B21C35761D09EC03EC7A34388E05FCF99C389037682293EF94F9A","Extracted Dataset A file appeared during inventory."
"ADDED","Gait\dataset_a\other\xch-00_3-005.png","","842","","33E4588500B01996FF1CECB0438BEC10093FB028771E57FC3A224B315856C1EA","Extracted Dataset A file appeared during inventory."
"ADDED","Gait\dataset_a\other\xch-00_3-006.png","","832","","EA493D30150D91C376D483D508D711957725BC6BF25DCD43C742542FD38E6D36","Extracted Dataset A file appeared during inventory."
"ADDED","Gait\dataset_a\other\xch-00_3-008.png","","909","","AC19069D24AC00EB64101DA96C698724EB9166ACC06D254C48ECA9E70B52B18F","Extracted Dataset A file appeared during inventory."
"ADDED","Gait\dataset_a\other\xch-00_3-009.png","","872","","82639A1064270C2605A2FFD387036451CF437FBC424C81CA7A2153A5F53B6722","Extracted Dataset A file appeared during inventory."
"ADDED","Gait\dataset_a\other\xch-00_3-010.png","","853","","C3FA054BD6A6F745305B2891E7DF01E4C75B3D9A26FFC7039F113D97EE3614F9","Extracted Dataset A file appeared during inventory."
"ADDED","Gait\dataset_a\other\xch-00_3-012.png","","755","","DD27D1E896AB9E86F0F26B88408363124B6C53B1B574963E3A5443C0FD6E6816","Extracted Dataset A file appeared during inventory."
"ADDED","Gait\dataset_a\other\xch-00_3-013.png","","688","","177EDF86DCE8CF651B94A164F129CEF3D683BE453F11EA3327148B4B4D5BC44F","Extracted Dataset A file appeared during inventory."
"ADDED","Gait\dataset_a\other\xch-00_3-014.png","","673","","C2F7F8C9BB3FE3C0319EF34E5330F1A07170F3BAF37F1203834BD51261638974","Extracted Dataset A file appeared during inventory."
"ADDED","Gait\dataset_a\other\xch-00_3-015.png","","639","","8C81E64D55DA285CFA1069B9B1A81C3BDCA63E6A4942C9FAAEB9A8D232108993","Extracted Dataset A file appeared during inventory."
"ADDED","Gait\dataset_a\other\xch-00_3-016.png","","688","","425941AE3BB7A624094DDD01511EFB2D0B931294E5914DF87EAD2CD8ACDA1C6E","Extracted Dataset A file appeared during inventory."
"ADDED","Gait\dataset_a\other\xch-00_3-017.png","","687","","27A39EF79FCF7BA2C499A54CAC79A1EB6A39C536C7DEF4D81F353774F05CDEEB","Extracted Dataset A file appeared during inventory."
"ADDED","Gait\dataset_a\other\xch-00_3-018.png","","790","","8618D5185413AA195997C476F5F66F9D46FE99DBD8515BEE7802E40C98610C67","Extracted Dataset A file appeared during inventory."
"ADDED","Gait\dataset_a\other\xch-00_3-020.png","","897","","347FC0CD72DC2686FC512BB7D374FF9853EEDDD0D80EC4ADB54C6030C9F28515","Extracted Dataset A file appeared during inventory."
"ADDED","Gait\dataset_a\other\xch-00_3-021.png","","903","","B95056A09D0511EBDB478D21BCB1A516381ED0D3FFCBF4920A4FE25AB68FE884","Extracted Dataset A file appeared during inventory."
"ADDED","Gait\dataset_a\other\xch-00_3-022.png","","877","","07D08CB4F4379F6BDDE0173CCF10809B8FA2787C395F57BAF96906BA00118F78","Extracted Dataset A file appeared during inventory."
"ADDED","Gait\dataset_a\other\xch-00_3-025.png","","782","","87629219E590B57F6A407F761D741B4FBF2D7C7A7487BD848D3523B7CC59CC94","Extracted Dataset A file appeared during inventory."
"ADDED","Gait\dataset_a\other\xch-00_3-026.png","","798","","F1ED306245305C3A8D0E1F8F77EC22964FC5BE0746EB2642E930D6A29A455BB3","Extracted Dataset A file appeared during inventory."
"ADDED","Gait\dataset_a\other\xch-00_3-027.png","","782","","BFC84E7CA7A4F3F5EFB2D01DD5F42303B89A6734A1B45790E831CF08FF496C57","Extracted Dataset A file appeared during inventory."
"ADDED","Gait\dataset_a\other\xch-00_3-028.png","","761","","5890041DCCBF20AD6EB93BAC519EC6215CDD64EF652B272C1D05618D054557B4","Extracted Dataset A file appeared during inventory."
"ADDED","Gait\dataset_a\other\xch-00_3-029.png","","840","","227E0AF05FE3FA42946FB964D897428A2954D99FB365D940788ECFCF8FD4EB41","Extracted Dataset A file appeared during inventory."
"ADDED","Gait\dataset_a\other\xch-00_3-030.png","","856","","A513F951FC980C3C5E9AA78BD8F1035E1EBD2ED8BE967BDE633DA89A941E2B2E","Extracted Dataset A file appeared during inventory."
"ADDED","Gait\dataset_a\other\xch-00_3-031.png","","860","","41D2296A308FD70E8B3A087DC356E4F43921523F179C9D90A8B6187619BB1021","Extracted Dataset A file appeared during inventory."
"ADDED","Gait\dataset_a\other\xch-00_3-032.png","","908","","17256B4CCB6622820A68F4D0BD63C9FEBB5F6C4BD273349C619C334B84CFF48F","Extracted Dataset A file appeared during inventory."
"ADDED","Gait\dataset_a\other\xch-00_3-034.png","","948","","01F142654C9A4D06984692E9B0EE8D9011B00781B21EF15103A52C5D00C016A8","Extracted Dataset A file appeared during inventory."
"ADDED","Gait\dataset_a\other\xch-00_3-035.png","","938","","DAA75D11FE1260D22461FCC672AD1CE4AAFF56C6044E4D33E2B1118AE0BEF3A2","Extracted Dataset A file appeared during inventory."
"ADDED","Gait\dataset_a\other\xch-00_3-038.png","","882","","563B0615E41131BEE78CD0EA7CB747BDF87720F6E67FE81C8993D3D09565D76C","Extracted Dataset A file appeared during inventory."
"ADDED","Gait\dataset_a\other\xch-00_3-039.png","","928","","D61A1006183FB1BCBEB61446D5889AE2A2A457D2A310FEF2B0EBFD5A08281385","Extracted Dataset A file appeared during inventory."
"ADDED","Gait\dataset_a\other\xch-00_3-040.png","","864","","172F27FCE6746BF4CA0F0F87D6FD061D95A7E7DF4DB264C3CEFF2B9865BF3892","Extracted Dataset A file appeared during inventory."
"ADDED","Gait\dataset_a\other\xch-00_3-041.png","","832","","E54A42F7C9DA9E6295051DD04F65698B5D3A77C0751040F9EF8C119F8B402E00","Extracted Dataset A file appeared during inventory."
"ADDED","Gait\dataset_a\other\xch-00_3-042.png","","731","","8C17C56EFFE031B9CBB698220C7F759686989D5EE1259BCF07FDBC99A21BAF10","Extracted Dataset A file appeared during inventory."
"ADDED","Gait\dataset_a\other\xch-00_3-043.png","","797","","5948CD20C536693DA16815971F76ACFEA36AD9519274DD07F50DDED7660BE81D","Extracted Dataset A file appeared during inventory."
"ADDED","Gait\dataset_a\other\xch-00_3-044.png","","839","","228CEFFFB9E30401A9753D84475EC6045F64629B697A5A098A02B11DEED88877","Extracted Dataset A file appeared during inventory."
"ADDED","Gait\dataset_a\other\xch-00_3-045.png","","893","","8858DF04FB7571228FED523DEC59DE0F231AA306AD57FA3C889BD854FCEFA83D","Extracted Dataset A file appeared during inventory."
"ADDED","Gait\dataset_a\other\xch-00_3-046.png","","940","","7B49215FEA140D5611CEE5B35EE6B344265B3FE79A5B890F3E44171E00F934DA","Extracted Dataset A file appeared during inventory."
"ADDED","Gait\dataset_a\other\xch-00_3-048.png","","891","","FB0DF0433F29002399842A6EEAC20A7C55C5CEDCCF99B2E00347EFF5AE98D199","Extracted Dataset A file appeared during inventory."
"ADDED","Gait\dataset_a\other\xch-00_3-049.png","","891","","820055F1060776F6885575AB489443FA477441C7D0D64C21FD5D62A5F811E846","Extracted Dataset A file appeared during inventory."
"ADDED","Gait\dataset_a\other\xch-00_3-052.png","","743","","B730F467506FB09FCAEB5F470BB2145E40D7B1E22486736F30BF18F907C0BF15","Extracted Dataset A file appeared during inventory."
"ADDED","Gait\dataset_a\other\xch-00_3-053.png","","712","","0337DB6DC134F65AA0F4C3CD4B5D784BB388482EFBB0B89CABBDDD079BBA641E","Extracted Dataset A file appeared during inventory."
"ADDED","Gait\dataset_a\other\xch-00_3-054.png","","704","","1D09AC54AD256C2A22FE1AAC59F8611304648F06CF01BB18DA00EB862FFAA882","Extracted Dataset A file appeared during inventory."
"ADDED","Gait\dataset_a\other\xch-00_3-055.png","","658","","A3FB45CF16686D787825A07F8174F4297B4C29C5B092D9B0853149CBAAD7BBF1","Extracted Dataset A file appeared during inventory."
"ADDED","Gait\dataset_a\other\xch-00_3-056.png","","712","","40E757679F9031BEDCA1C7238CB7859AED567558C7C79FB917C3AF7426A1E080","Extracted Dataset A file appeared during inventory."
"ADDED","Gait\dataset_a\other\xch-00_3-057.png","","721","","ED91E5F3357DF5C2DEC51D570BE431D88802599C9D423E16C83B0DFC8D119FBF","Extracted Dataset A file appeared during inventory."
"ADDED","Gait\dataset_a\other\xch-00_3-058.png","","759","","07DC28BA84E9B1C1BD94686B26C4CD79D93A7D77E5326232EC107C369CE90AC9","Extracted Dataset A file appeared during inventory."
"ADDED","Gait\dataset_a\other\xch-00_3-059.png","","818","","32A9C01AB0E2612BF59B3C3DAB8CDCEAFE36685680731CF3E6DAAE38069B1F06","Extracted Dataset A file appeared during inventory."
"ADDED","Gait\dataset_a\other\xch-00_4-001.png","","743","","B36FC89E025C12B4CAC2E863061D3CD0F0ACA069069042C851D688E25F46CF11","Extracted Dataset A file appeared during inventory."
"ADDED","Gait\dataset_a\other\xch-00_4-002.png","","721","","C85870D04372173718BBBDCE5262A4D0737C2E935CA623EFD056E762D9F43AC4","Extracted Dataset A file appeared during inventory."
"ADDED","Gait\dataset_a\other\xch-00_4-003.png","","701","","D5E7E8A712352EC77B15FACAD4D1C6C53843784B449E6E90E58C549CA47F00E9","Extracted Dataset A file appeared during inventory."
"ADDED","Gait\dataset_a\other\xch-00_4-004.png","","774","","FDE18A9CEA42EBDB24589995F401199141D9B4F79A924E1D5B91BB8C8971B8AF","Extracted Dataset A file appeared during inventory."
"ADDED","Gait\dataset_a\other\xch-00_4-005.png","","830","","A1D2EBD0E615BF17A9D06193DF0976C88A24430D2AABB48ED1811D0AEB5D5873","Extracted Dataset A file appeared during inventory."
"ADDED","Gait\dataset_a\other\xch-00_4-006.png","","888","","1E8B11483D13DA2B5A06DBDE1A8ED757FC42D0AE9BC2DC861BB4A0F7F01F1301","Extracted Dataset A file appeared during inventory."
"ADDED","Gait\dataset_a\other\xch-00_4-007.png","","911","","CBDD1FEAEC3FD0005FB9BE5F11BAD912EC10D389D070B333276FC75AACF2FCED","Extracted Dataset A file appeared during inventory."
"ADDED","Gait\dataset_a\other\xch-00_4-009.png","","858","","A873C75DF168DA73DBF685F77329B0DF647D9B67809C2CB696E32C47B5575C97","Extracted Dataset A file appeared during inventory."
"ADDED","Gait\dataset_a\other\xch-00_4-012.png","","768","","C47F1ECF2156FB44FDEEC4C7D7D1FF111A671E3B460F984B31815E36533EFC16","Extracted Dataset A file appeared during inventory."
"ADDED","Gait\dataset_a\other\xch-00_4-013.png","","765","","98AD1898C7DD3D92DFE5F59A19FC7B2512B0D19404DD7AADC10E9300E3616117","Extracted Dataset A file appeared during inventory."
"ADDED","Gait\dataset_a\other\xch-00_4-014.png","","745","","6881B5E9E97B2CAD6A99C166A8490654DC4BE2AFF32DBC8154D0D26C61EA175D","Extracted Dataset A file appeared during inventory."
"ADDED","Gait\dataset_a\other\xch-00_4-015.png","","725","","DBF0B30819A4BB32F4FAF6C19B2322E3D8222FB6CA0EED3BAD8731A1936A333B","Extracted Dataset A file appeared during inventory."
"ADDED","Gait\dataset_a\other\xch-00_4-016.png","","763","","2CB8B74B1C1DE843B7E32CBCE318D24BCC3AA905A95756613E378D616DBBF979","Extracted Dataset A file appeared during inventory."
"ADDED","Gait\dataset_a\other\xch-00_4-017.png","","802","","9DB87D30A544B1A386F3DB05E6DE06EF0E63C23EAA4A5DF94FAA19B0161BB95E","Extracted Dataset A file appeared during inventory."
"ADDED","Gait\dataset_a\other\xch-00_4-018.png","","908","","B5DD8631A37743EDE412BD34D7F1621F1B7C8698BA10C1520F148552277524A3","Extracted Dataset A file appeared during inventory."
"ADDED","Gait\dataset_a\other\xch-00_4-019.png","","938","","5D80136EF494226EB98263E5847047140E5F98E0E1DA6ECE48BCA37CC00B83EC","Extracted Dataset A file appeared during inventory."
"ADDED","Gait\dataset_a\other\xch-00_4-021.png","","998","","27A2E5D09D32D2BAF688B025E5F255AFCE01CA1346992B5BC9792E291CB94128","Extracted Dataset A file appeared during inventory."
"ADDED","Gait\dataset_a\other\xch-00_4-022.png","","1004","","A0393D2F8BF61F1B51A55C8F587D785BA528A4662039F100B79617D7586C80BB","Extracted Dataset A file appeared during inventory."
"ADDED","Gait\dataset_a\other\xch-00_4-025.png","","869","","E37DA92AC7FCFC398DC7052B116E91B5E90CCEDC17C99C1F17001C7455C79097","Extracted Dataset A file appeared during inventory."
"ADDED","Gait\dataset_a\other\xch-00_4-026.png","","821","","D20DEFF6DC3BD61F61F190A32E6B02E4EBE6B82E004E8D16E8A889D83888FCFB","Extracted Dataset A file appeared during inventory."
"ADDED","Gait\dataset_a\other\xch-00_4-027.png","","795","","FB1BC6596E0EF105C1D3752BC60488D362AE24F0D9094AC195B10EBC7FCA2065","Extracted Dataset A file appeared during inventory."
"ADDED","Gait\dataset_a\other\xch-00_4-028.png","","755","","8753CB24E13591C50FFBEB3AD2C9AFCE17E86C7DB63171B9B0F59D4E010D6122","Extracted Dataset A file appeared during inventory."
"ADDED","Gait\dataset_a\other\xch-00_4-029.png","","761","","A147DFB406376E69755EE364757028E92662836AFFBB868DF6AE9F89750B41BF","Extracted Dataset A file appeared during inventory."
"ADDED","Gait\dataset_a\other\xch-00_4-030.png","","844","","2A6F3316CCEDE951BB9AE59A3D74E8595FBAA6D9D50FF42A2496E3C3C7810BDB","Extracted Dataset A file appeared during inventory."
"ADDED","Gait\dataset_a\other\xch-00_4-031.png","","886","","19E8F39BA64697830D881C24F2D50B2CDEC77C4520EAB0A3E86E7E7D27461D32","Extracted Dataset A file appeared during inventory."
"ADDED","Gait\dataset_a\other\xch-00_4-032.png","","941","","C4A73F7E49FE9C8FFDD3F044C6F7E7065E48FEA1D993D9DAED34703CB986A636","Extracted Dataset A file appeared during inventory."
"ADDED","Gait\dataset_a\other\xch-00_4-034.png","","961","","12CBE22699039DF6E51C520DD817F9A84425AB6627B0EC67C4FFB471BCABD768","Extracted Dataset A file appeared during inventory."
"ADDED","Gait\dataset_a\other\xch-00_4-035.png","","942","","64D37B4901D8C92A948E14174C2322112C2AF90383630E221579F71F02EA9E74","Extracted Dataset A file appeared during inventory."
"ADDED","Gait\dataset_a\other\xch-00_4-038.png","","821","","F325322D0595318DEEE2F9A5CDF8FA155249334E7677A79F2938C54EC97DDE1A","Extracted Dataset A file appeared during inventory."
"ADDED","Gait\dataset_a\other\xch-00_4-039.png","","772","","B9BC22DED09BCD94B58452237046BFD01F5E5E5713600596203C1270C9E4AA00","Extracted Dataset A file appeared during inventory."
"ADDED","Gait\dataset_a\other\xch-00_4-040.png","","732","","CBB3B0A86A184E37B8C4B4A01A8294142B46C148053A4EB811D87CD4A9D56A1B","Extracted Dataset A file appeared during inventory."
"ADDED","Gait\dataset_a\other\xch-00_4-041.png","","686","","F0FAD0F3BC37D561E1D913E112E4A4F50F6B15B9F7EA12C2A472951C38FB134E","Extracted Dataset A file appeared during inventory."
"ADDED","Gait\dataset_a\other\xch-00_4-042.png","","717","","6752182C4E2B5D619F94685D8307CABB46141AEB68A4BC8C84F832A650ABB91A","Extracted Dataset A file appeared during inventory."
"ADDED","Gait\dataset_a\other\xch-00_4-043.png","","787","","FADAE625BBF6DC72BCAD50D943C5499B3E1ACBAC1F56AE0B387C9A39DF8C44FE","Extracted Dataset A file appeared during inventory."
"ADDED","Gait\dataset_a\other\xch-00_4-044.png","","803","","966406DC00C5876BF759BC54BE4E367E7EE7D9D83624930ABF9F05DB4125A662","Extracted Dataset A file appeared during inventory."
"ADDED","Gait\dataset_a\other\xch-00_4-045.png","","846","","0A31E7CAAC357018EF70E9008D2BE8675B782B61FD8B3888946A50F73668ED71","Extracted Dataset A file appeared during inventory."
"ADDED","Gait\dataset_a\other\xch-00_4-046.png","","878","","0D2C5A61723964D1373F05B90DE1013338C02A5EE8967BDC9D4BD371796B7959","Extracted Dataset A file appeared during inventory."
"ADDED","Gait\dataset_a\other\xch-00_4-048.png","","904","","7C0F4670A4A6F901B80D8E95F20170D18EAC4D398DFD3AB7A7D9238992DD7DF6","Extracted Dataset A file appeared during inventory."
"ADDED","Gait\dataset_a\other\xch-00_4-049.png","","863","","1A36637B830FDFCBCEB4D77D8DCE55CCF6BB0FC988D23055B592721953A8A1C2","Extracted Dataset A file appeared during inventory."
"ADDED","Gait\dataset_a\other\xch-00_4-052.png","","755","","B365104012E44ED02DB2709EF9D7A0FC9752B87F3CD43DF1E00AE435EEA48488","Extracted Dataset A file appeared during inventory."
"ADDED","Gait\dataset_a\other\xch-00_4-053.png","","696","","4191326CAA75DA9D5DD4E5BF22F7590CCF3A17AE1F7D11034794E3AF5428EFBD","Extracted Dataset A file appeared during inventory."
"ADDED","Gait\dataset_a\other\xch-00_4-054.png","","697","","2EE0717C74BA1668156FDF57B781C606D7457F9C41F5A2262A7FD6AAFCE51C62","Extracted Dataset A file appeared during inventory."
"ADDED","Gait\dataset_a\other\xch-00_4-055.png","","667","","1BFD1AB06D48C223E250B198708A275FAC6E9B60AA0D1F43082605D0FAECC95C","Extracted Dataset A file appeared during inventory."
"ADDED","Gait\dataset_a\other\xch-00_4-056.png","","686","","1F8ED7D2534495C21300F7191391547AD19BE365DC863DC14723A82B333E2FC1","Extracted Dataset A file appeared during inventory."
"ADDED","Gait\dataset_a\other\xch-00_4-057.png","","723","","4C13911E0E9321EDDDDC1A2901362C0865A2BE8C9DC6A77CB0885D5364271991","Extracted Dataset A file appeared during inventory."
"ADDED","Gait\dataset_a\other\xch-00_4-058.png","","735","","A876CBB79C9CA0F952DC69B6E707E8E264A8A2BA36F6888025C4CB66F5669B9B","Extracted Dataset A file appeared during inventory."
"ADDED","Gait\dataset_a\other\xxj-00_1-001.png","","673","","AEEDF30EE15DD310FE67BE984622279AF913292F054BAF9E19665B644630D17D","Extracted Dataset A file appeared during inventory."
"ADDED","Gait\dataset_a\other\xxj-00_1-002.png","","649","","7A7C2A14289C9DA6FB67B4E9533AE5E76BF92851C4D3FAA18BF5D6777EA230D4","Extracted Dataset A file appeared during inventory."
"ADDED","Gait\dataset_a\other\xxj-00_1-003.png","","678","","1AB6DF8CF14423DA345ED637889EEAE2E6F01561E2F2FAE03EFFFCFE9B059A13","Extracted Dataset A file appeared during inventory."
"ADDED","Gait\dataset_a\other\xxj-00_1-004.png","","669","","123756215D4611ECAC9E92880C67373CBFE8604F6188C497DB93AD32377A1C0E","Extracted Dataset A file appeared during inventory."
"ADDED","Gait\dataset_a\other\xxj-00_1-005.png","","747","","AEC6D0D39D55D1001A4576F8127282831B645000B4F8C6D096E3E1160CE951F7","Extracted Dataset A file appeared during inventory."
"ADDED","Gait\dataset_a\other\xxj-00_1-006.png","","767","","3A7670FF1567CA0FA7F0D6ED9B66A64DE9E7C9EC7D04EA36320B9E8C352E433E","Extracted Dataset A file appeared during inventory."
"ADDED","Gait\dataset_a\other\xxj-00_1-007.png","","809","","7CFADE3E6C97FDD0B9EF9E5652B8E1BD9253DC9E4F657152AE359AF714464592","Extracted Dataset A file appeared during inventory."
"ADDED","Gait\dataset_a\other\xxj-00_1-009.png","","879","","AE66F00C1F968CFE09A46D878DE237C3169B29F5711DE7732A5B2F892399F645","Extracted Dataset A file appeared during inventory."
"ADDED","Gait\dataset_a\other\xxj-00_1-012.png","","768","","14DEC4912604AA1621ED9AA921226F892E6BFDC209C693020494322D910E35D5","Extracted Dataset A file appeared during inventory."
"ADDED","Gait\dataset_a\other\xxj-00_1-013.png","","711","","10A00B4A0DDCA0BE666A44BD4464ABFC1FAAA5CD50E09421583A0D6D26566341","Extracted Dataset A file appeared during inventory."
"ADDED","Gait\dataset_a\other\xxj-00_1-014.png","","692","","A5192FE5F02CB84C214254A616F8A52D9142D1D1947F0DF4053D5FD71549BB0E","Extracted Dataset A file appeared during inventory."
"ADDED","Gait\dataset_a\other\xxj-00_1-015.png","","713","","340BFA338E92EA556B3DA9E5453BFDAB36E4C7E99F8B27BF5133B4E318FA03D2","Extracted Dataset A file appeared during inventory."
"ADDED","Gait\dataset_a\other\xxj-00_1-016.png","","702","","EFC63F13F71422FEF409842B69E0D4F950B6943F3F7D6423DF9927CD5CAEA5EF","Extracted Dataset A file appeared during inventory."
"ADDED","Gait\dataset_a\other\xxj-00_1-017.png","","750","","16B379DEBAA4A6F2A48BBFE6B56301E4AFCF885F1106701776DCA5580D0B32FC","Extracted Dataset A file appeared during inventory."
"ADDED","Gait\dataset_a\other\xxj-00_1-018.png","","844","","973551724691B11D99A35217B97712142CEBF4F1737CAA39E95647B9463B3960","Extracted Dataset A file appeared during inventory."
"ADDED","Gait\dataset_a\other\xxj-00_1-019.png","","913","","DB7A80F5FA6F84B8D5D3AF3D60CEA9EA04A939B0F309CDFD685E605489BC7126","Extracted Dataset A file appeared during inventory."
"ADDED","Gait\dataset_a\other\xxj-00_1-021.png","","909","","21A4D4CA6EBFB5E795569D804BDCA38D7415A36F498A50330993C767ACCA7FC4","Extracted Dataset A file appeared during inventory."
"ADDED","Gait\dataset_a\other\xxj-00_1-024.png","","840","","B6C1F7F5F89BCB23896FBD06995EFE3174A190D4A916D69FFE93C7B03D094AA4","Extracted Dataset A file appeared during inventory."
"ADDED","Gait\dataset_a\other\xxj-00_1-025.png","","812","","B0F6AC5DAE4B832EEBA77533AE2F1FE0305430E78D635EB2670953B326FEC60E","Extracted Dataset A file appeared during inventory."
"ADDED","Gait\dataset_a\other\xxj-00_1-026.png","","803","","5632C11E2E2AC9C748E6CD352B6EE7161928F9216B008676542394D1784EC573","Extracted Dataset A file appeared during inventory."
"ADDED","Gait\dataset_a\other\xxj-00_1-027.png","","810","","0164178540836EC97E6F99FFF1653CDF7AB060C9706A6C0B250DCD4AAE784984","Extracted Dataset A file appeared during inventory."
"ADDED","Gait\dataset_a\other\xxj-00_1-028.png","","845","","142AC915F8547D5248C97C9FE334CE3277CD5CE3EF466DBA974C755FA87BF8AC","Extracted Dataset A file appeared during inventory."
"ADDED","Gait\dataset_a\other\xxj-00_1-029.png","","909","","C0C1A1C3154091DC6DDD91187FC25EC6BC1E6C55E549438D0A0DD60D2B72B207","Extracted Dataset A file appeared during inventory."
"ADDED","Gait\dataset_a\other\xxj-00_1-030.png","","916","","B50AB028D733CB9A2CD8FB7EC25CCC58ED65A828AA56C0E26CA190F6E8B4218D","Extracted Dataset A file appeared during inventory."
"ADDED","Gait\dataset_a\other\xxj-00_1-031.png","","961","","E9A463A9596B5EE42D4669B8E8E97832F5D2042971C8553FFF590C7F04DC9DEC","Extracted Dataset A file appeared during inventory."
"ADDED","Gait\dataset_a\other\xxj-00_1-033.png","","945","","ED867573F552C11CA157FCC430C01A4F5D74CF868FD4A52C856DF2C677C24F34","Extracted Dataset A file appeared during inventory."
"ADDED","Gait\dataset_a\other\xxj-00_1-036.png","","853","","79EAB44CB7FE2FD7AF8DD250C4225EA57A1BF961F3646A9F29D23F3FFE239637","Extracted Dataset A file appeared during inventory."
"ADDED","Gait\dataset_a\other\xxj-00_1-037.png","","820","","17671AA9B553A39224071C22A4BAC12C7217DF3DDAB2D0230FF6783DF6397F45","Extracted Dataset A file appeared during inventory."
"ADDED","Gait\dataset_a\other\xxj-00_1-038.png","","772","","3F04349228FB47C6641562352B3BB197238863A5DF6A779912F2F70EF89D8779","Extracted Dataset A file appeared during inventory."
"ADDED","Gait\dataset_a\other\xxj-00_1-039.png","","758","","ABF0F1357EF8CBFB0AC27E90EB16F9A7181FBE2428013C3CAB6FC99234A8D370","Extracted Dataset A file appeared during inventory."
"ADDED","Gait\dataset_a\other\xxj-00_1-040.png","","799","","7CF49CED631B2D26AB4D231349FBF8E7B88A2B72236D5B1C9CBBF91E9DA8F201","Extracted Dataset A file appeared during inventory."
"ADDED","Gait\dataset_a\other\xxj-00_1-041.png","","806","","8D18B1DC970492006E653B5970015BE6EF3D1A093343597F970E00FF121507A5","Extracted Dataset A file appeared during inventory."
"ADDED","Gait\dataset_a\other\xxj-00_1-042.png","","852","","DCA79429CD070B0008FE30057EC5AB2072D95E735E2E6B19D6F73B32093EBA94","Extracted Dataset A file appeared during inventory."
"ADDED","Gait\dataset_a\other\xxj-00_1-044.png","","895","","5E22186F16CD9F413000EA653555DD983378EE2487E6686101DCE942C2A8E810","Extracted Dataset A file appeared during inventory."
"ADDED","Gait\dataset_a\other\xxj-00_1-047.png","","815","","44E6D8BEFEDB961ACE2966230934D08FEAC8C58C05EE18D7943D4E80B4BFED29","Extracted Dataset A file appeared during inventory."
"ADDED","Gait\dataset_a\other\xxj-00_1-048.png","","746","","8BAE8ED5202DF1E0DB51663C4F67708BB0B44D4157373E2299C0CB286ABCE672","Extracted Dataset A file appeared during inventory."
"ADDED","Gait\dataset_a\other\xxj-00_1-049.png","","669","","243FAE75090F94D95E0A25902D855187A1ADD50E06D569515B866F62411FED59","Extracted Dataset A file appeared during inventory."
"ADDED","Gait\dataset_a\other\xxj-00_1-050.png","","701","","AAE96E091EA618A74E27BAEC0C293F6184E71B5EE4488A359E051114E46AC788","Extracted Dataset A file appeared during inventory."
"ADDED","Gait\dataset_a\other\xxj-00_1-051.png","","724","","F952ACF754E646004C58EDEC144E78CF4674FD34EF61DC71C30DA3956FA21449","Extracted Dataset A file appeared during inventory."
"ADDED","Gait\dataset_a\other\xxj-00_1-052.png","","730","","9DDEBD623728A1A981E33CFCB7E789454DAD887E30918391E121BA1592D8B8C8","Extracted Dataset A file appeared during inventory."
"ADDED","Gait\dataset_a\other\xxj-00_1-053.png","","712","","3AFAE0860119EEBC3094D7C4996BBF819029283E6343F97D963224340EF4C92D","Extracted Dataset A file appeared during inventory."
"ADDED","Gait\dataset_a\other\xxj-00_1-054.png","","759","","0E96B89668F189CCC4079B01CF24ABFC84985283B9EBF7D0F5A2FD7A04906C01","Extracted Dataset A file appeared during inventory."
"ADDED","Gait\dataset_a\other\xxj-00_1-056.png","","832","","4841E590B0727968352B8A3B994B4BCEB9BD52CA997E715664BE56A43DF6C4E1","Extracted Dataset A file appeared during inventory."
"ADDED","Gait\dataset_a\other\xxj-00_1-060.png","","720","","FFE102B940B335107432A01D0F9D40BBAAAC72446D90FE6FFBEAC3343A5099D3","Extracted Dataset A file appeared during inventory."
"ADDED","Gait\dataset_a\other\xxj-00_1-061.png","","699","","701FF6BB5F58295267DD2A504042A77D6EB2C5091BBDA31A8BBD3C957BA097C3","Extracted Dataset A file appeared during inventory."
"ADDED","Gait\dataset_a\other\xxj-00_1-062.png","","666","","AAEEDD54AE54093118005994820838002EFE76091B7E70C4373C66D894C16A16","Extracted Dataset A file appeared during inventory."
"ADDED","Gait\dataset_a\other\xxj-00_1-063.png","","673","","05E2B66F0013CCBC5488DC4798B006B4E160A21F16DC8B4B681C590DAEC30214","Extracted Dataset A file appeared during inventory."
"ADDED","Gait\dataset_a\other\xxj-00_1-064.png","","663","","948E9DC7907513E5FEFA8EE5C60C94CB47924C3B31A6B68A315643CF88108550","Extracted Dataset A file appeared during inventory."
"ADDED","Gait\dataset_a\other\xxj-00_1-065.png","","731","","A07193D0C09A74B0F8CDC9482022C7C84049E3E29637D506F3DE0F704CF95646","Extracted Dataset A file appeared during inventory."
"ADDED","Gait\dataset_a\other\xxj-00_2-001.png","","663","","51DC7D44CE5370826DB305779B5B79FB418E593541DB9845745E1D6E6D540914","Extracted Dataset A file appeared during inventory."
"ADDED","Gait\dataset_a\other\xxj-00_2-002.png","","695","","6EAC7084C481866361EDBD7169D470A5F107C5C052A2A81EAFA0DE8EBAF2DCD2","Extracted Dataset A file appeared during inventory."
"ADDED","Gait\dataset_a\other\xxj-00_2-003.png","","761","","5214B01730B15F721A5F916F5BA1317BD2E5D725784B731E858393F34C2BAC4F","Extracted Dataset A file appeared during inventory."
"ADDED","Gait\dataset_a\other\xxj-00_2-004.png","","795","","08C36EC7F971B50AE944D29956557E3929746639FBFF26F0B4F5FE6D0FA1FDD1","Extracted Dataset A file appeared during inventory."
"ADDED","Gait\dataset_a\other\xxj-00_2-005.png","","809","","2FC86345517C3B2E43E9EAF68E19205FB42E7B969714A68D4B338261CC1B7B9C","Extracted Dataset A file appeared during inventory."
"ADDED","Gait\dataset_a\other\xxj-00_2-007.png","","837","","3C8EC0100658F881A116BA1F7A8D68EA891C68608C0A8353CF98DB32ED307E8B","Extracted Dataset A file appeared during inventory."
"ADDED","Gait\dataset_a\other\xxj-00_2-010.png","","745","","5983579A22171A81CB66478C0A28051C88162920C3C83FB36A4497F542712E25","Extracted Dataset A file appeared during inventory."
"ADDED","Gait\dataset_a\other\xxj-00_2-011.png","","723","","EDFB67EA4814904B3E4977B576574E1C6AD7F149D11E34A73F18E3F1F99FD389","Extracted Dataset A file appeared during inventory."
"ADDED","Gait\dataset_a\other\xxj-00_2-012.png","","702","","2666D27174E500F976E099E26E26FDDB2DBD9001470F551C4B0258D5BE379CE6","Extracted Dataset A file appeared during inventory."
"ADDED","Gait\dataset_a\other\xxj-00_2-013.png","","705","","9FDEC4E26C790B4B48F7D552E2E50B1F882BFF5E29133CA520FA63DD828AFDF4","Extracted Dataset A file appeared during inventory."
"ADDED","Gait\dataset_a\other\xxj-00_2-014.png","","725","","0E4BC2337C894B4599D47B09F8EA407B5712F2B29FC8CB812F76C2A31C3B4C20","Extracted Dataset A file appeared during inventory."
"ADDED","Gait\dataset_a\other\xxj-00_2-015.png","","701","","044EA11C369CE5C71BE72AB6E070ECA8EE8336382E61B6ABCE1B12DE14A8034A","Extracted Dataset A file appeared during inventory."
"ADDED","Gait\dataset_a\other\xxj-00_2-016.png","","726","","F3FC246B7499F917F6569710D32B6B9178077F1C66A54079DC7C8BAC36D37E52","Extracted Dataset A file appeared during inventory."
"ADDED","Gait\dataset_a\other\xxj-00_2-018.png","","806","","0894B3032BA40E57654F1D8C3A599ADA1A2581249C08940826B6B27DC45D6EE6","Extracted Dataset A file appeared during inventory."
"ADDED","Gait\dataset_a\other\xxj-00_2-021.png","","771","","1B8793B38B613EA3E77C98F235DE74009E4D84DDDEBFD8B07794C5D865F5FA83","Extracted Dataset A file appeared during inventory."
"ADDED","Gait\dataset_a\other\xxj-00_2-022.png","","735","","AB40E3407EC09FB5A0DCB11D982A2A3484D41AE5952DAF8D4A5169E1E660E51E","Extracted Dataset A file appeared during inventory."
"ADDED","Gait\dataset_a\other\xxj-00_2-023.png","","726","","7031724FDE1F2F7C658781A40D6A28C9F9FA6AC96D38464F5DA3A1EA96CAAC0C","Extracted Dataset A file appeared during inventory."
"ADDED","Gait\dataset_a\other\xxj-00_2-024.png","","691","","51221E4E58CA529FCAC846F0662FD78AD4AB4BD047A74CECF2E888A1F94183FB","Extracted Dataset A file appeared during inventory."
"ADDED","Gait\dataset_a\other\xxj-00_2-025.png","","721","","533DE461D765C6FA872BE497555713C7FF603D5C7B5E3DAA11A4EAB4C96C2D74","Extracted Dataset A file appeared during inventory."
"ADDED","Gait\dataset_a\other\xxj-00_2-026.png","","729","","0D730B7CBC9331686BCFF52EBA04F5782798650F161B7B63BE0FF144CD47246F","Extracted Dataset A file appeared during inventory."
"ADDED","Gait\dataset_a\other\xxj-00_2-027.png","","775","","515C481C0FC44CB5E2FFA578D27D92B6D7CCADF015891816BFD6054D329C0B98","Extracted Dataset A file appeared during inventory."
"ADDED","Gait\dataset_a\other\xxj-00_2-028.png","","793","","FC446153B69561088E905BF24BDE39EA5423D0082B932DD1468B3B96A5769A1A","Extracted Dataset A file appeared during inventory."
"ADDED","Gait\dataset_a\other\xxj-00_2-029.png","","868","","7EEB8682E053AD31B7AC1BECCE0B813E3A086DAEDA605D5A871596D7110348FA","Extracted Dataset A file appeared during inventory."
"ADDED","Gait\dataset_a\other\xxj-00_2-031.png","","886","","EF5AA75AF4CF4DA5D2956FDABB1180F61B585D645AB8B5A5A6840B3B648FC469","Extracted Dataset A file appeared during inventory."
"ADDED","Gait\dataset_a\other\xxj-00_2-034.png","","801","","254C6ECB99F4172346A270F5900F278FDA1F85CF2FC0ECB823758991EF7C33A9","Extracted Dataset A file appeared during inventory."
"ADDED","Gait\dataset_a\other\xxj-00_2-035.png","","803","","DC323F5E506E3676C1DA2A134E8703E08FCA47BE4F3A80277D0D7D1C6FBC8CE0","Extracted Dataset A file appeared during inventory."
"ADDED","Gait\dataset_a\other\xxj-00_2-036.png","","811","","8D73EBCF5C919DE3543549C6E899E98445F8FE64340C886F64DACE476EDEC7C8","Extracted Dataset A file appeared during inventory."
"ADDED","Gait\dataset_a\other\xxj-00_2-037.png","","788","","ABB9E37BC3CE44C1245144455F1DDF8FE9AAF0F2F0B64AF232C25DA77379372E","Extracted Dataset A file appeared during inventory."
"ADDED","Gait\dataset_a\other\xxj-00_2-038.png","","743","","86F41DC2249713D0B33DFB536C735BC585A27135436566DA1C3F6E71B53A35BA","Extracted Dataset A file appeared during inventory."
"ADDED","Gait\dataset_a\other\xxj-00_2-039.png","","785","","32469C94C54EDE8CE468D4438F2486D018EC3B1F3CEFFB646DEF27638D2BFADB","Extracted Dataset A file appeared during inventory."
"ADDED","Gait\dataset_a\other\xxj-00_2-040.png","","861","","B2EDC0E33F458EE564F6E84945C1E6419C63E1B7452790B61AF40454E1EF838F","Extracted Dataset A file appeared during inventory."
"ADDED","Gait\dataset_a\other\xxj-00_2-041.png","","893","","7E9F9851FCC8CB068911259388BBFE70C2609793A4AB74F9857EA9E5A34D30B6","Extracted Dataset A file appeared during inventory."
"ADDED","Gait\dataset_a\other\xxj-00_2-043.png","","1002","","B3671EBBFD4203157200C35A495336DF9F60629279CB3FB41C957356E16C8B7E","Extracted Dataset A file appeared during inventory."
"ADDED","Gait\dataset_a\other\xxj-00_2-046.png","","875","","F2ADFA002F56CCFF7C1D3FAAE7423A633505915F187EFCF7D9BFECDB07BCE6EE","Extracted Dataset A file appeared during inventory."
"ADDED","Gait\dataset_a\other\xxj-00_2-047.png","","844","","80A6E8ED6F6CA9E8474827FD56340688274B3C1C8EDAF8E8EB9CF2D9FE9E71FE","Extracted Dataset A file appeared during inventory."
"ADDED","Gait\dataset_a\other\xxj-00_2-048.png","","821","","64A75D91431BCBC410FDD22F0E5630DEDC6D60DAD444A0288CE2C4AD6E82D687","Extracted Dataset A file appeared during inventory."
"ADDED","Gait\dataset_a\other\xxj-00_2-049.png","","747","","D73A896B3F2D9BA6C624BC727D6195C564E65AF5B1D711FA43E4F4BF9A143BC7","Extracted Dataset A file appeared during inventory."
"ADDED","Gait\dataset_a\other\xxj-00_2-050.png","","737","","CDD63F97D559F4F08C7EE5D8624BA15D9E9A7EE066414099CC1C5F9CD1417857","Extracted Dataset A file appeared during inventory."
"ADDED","Gait\dataset_a\other\xxj-00_2-051.png","","786","","6126E914A7AAB2A827210755F9BDEBE753CFF7807EC24D22FE0E1556306949ED","Extracted Dataset A file appeared during inventory."
"ADDED","Gait\dataset_a\other\xxj-00_2-052.png","","741","","FC324F50A462E287DD2C58546AB53C68A9A3021ADA75992ED0C6A6B55154E11F","Extracted Dataset A file appeared during inventory."
"ADDED","Gait\dataset_a\other\xxj-00_2-053.png","","775","","5BD547EFA0C0A4CDD4E458076F857231023DBEB98CED20BF39888D9C7D8B0058","Extracted Dataset A file appeared during inventory."
"ADDED","Gait\dataset_a\other\xxj-00_2-054.png","","844","","B257BB607090DD4E80A99753EB21CE1BCD82637641D10003D05684B90F150898","Extracted Dataset A file appeared during inventory."
"ADDED","Gait\dataset_a\other\xxj-00_2-056.png","","819","","E7530234481B2364BB943F7420A064B8E9AF33D4829F2D104F8E335CF83501C4","Extracted Dataset A file appeared during inventory."
"ADDED","Gait\dataset_a\other\xxj-00_2-059.png","","766","","4B83B7EF4AD36A4F9FF9770778ADAEDF3D0276830C6A664EA9079AA341224231","Extracted Dataset A file appeared during inventory."
"ADDED","Gait\dataset_a\other\xxj-00_2-060.png","","740","","C8BB40BB1B14C6F50A693CAA2787913C34441A5BF8EEA1D26C6612E5E2D97F55","Extracted Dataset A file appeared during inventory."
"ADDED","Gait\dataset_a\other\xxj-00_2-061.png","","728","","A17DACF5408744FCC2B4FFE58BCD5960B207537A7AE952CE9B636209DED1A972","Extracted Dataset A file appeared during inventory."
"ADDED","Gait\dataset_a\other\xxj-00_2-062.png","","700","","F2132171D2661CF8BA0AE3C494A7F03199DA3C4E609ACFD7A956396709DF1CA7","Extracted Dataset A file appeared during inventory."
"ADDED","Gait\dataset_a\other\xxj-00_2-063.png","","710","","77734FBD658EC4492FE74CEBB0B6D37967CC8138B8F9E22E0B7229649B0C32D6","Extracted Dataset A file appeared during inventory."
"ADDED","Gait\dataset_a\other\xxj-00_2-064.png","","705","","640D99299145EAB7D55F20B5621224C9B0B0422DD65D2D9D2B6F318632181A20","Extracted Dataset A file appeared during inventory."
"ADDED","Gait\dataset_a\other\xxj-00_2-065.png","","771","","B4B096504CB2C613D487FC579B24A3003DDA72A3139D051E9564D248AC40B628","Extracted Dataset A file appeared during inventory."
"ADDED","Gait\dataset_a\other\xxj-00_2-066.png","","766","","C3BF5CB332312C8532D51AF0E194588A46D4BA7785C6EA07D655039FFC4D4E75","Extracted Dataset A file appeared during inventory."
"ADDED","Gait\dataset_a\other\xxj-00_2-067.png","","809","","044D4F7EECD8C22D5E55E000CC69F7F849F5511BF5DBAB595B3106E4EC67C978","Extracted Dataset A file appeared during inventory."
"ADDED","Gait\dataset_a\other\xxj-00_2-069.png","","840","","C9D4F9559B6C044E403A9BBFB0CFE6E64D930472135D4654614010017C50C4ED","Extracted Dataset A file appeared during inventory."
"ADDED","Gait\dataset_a\other\xxj-00_2-072.png","","685","","B03C069D5C17EBD23B2AAB31ADFB1EE7B4B6A561C0320A9B9FB56E1AA42EA8AF","Extracted Dataset A file appeared during inventory."
"ADDED","Gait\dataset_a\other\xxj-00_2-073.png","","658","","247E85B7E975D472BFD4F665DFEBE0F99EF7C52F2085ABB2E4FDA75A2637A354","Extracted Dataset A file appeared during inventory."
"ADDED","Gait\dataset_a\other\xxj-00_2-074.png","","627","","5B6D1BBD3CACC42B5663B222F43EA2EFC6BD6B47C1B16693FA0F885A7860D4AD","Extracted Dataset A file appeared during inventory."
"ADDED","Gait\dataset_a\other\xxj-00_2-075.png","","605","","9BD67AEF3574BB2A9BFFBC1A8BB56A0686FEAD2E6B74EB6E79EA347DF4B50E54","Extracted Dataset A file appeared during inventory."
"ADDED","Gait\dataset_a\other\xxj-00_3-001.png","","701","","734760D3E9AD3FDFC79FB74085681A3F7A503E1E51335FD167C95DEC4CBF735B","Extracted Dataset A file appeared during inventory."
"ADDED","Gait\dataset_a\other\xxj-00_3-002.png","","670","","F77B0ED55CF9B3740DDE0C06849ED9050F3FBD4E0D7E0983384AF93E3A1D0F25","Extracted Dataset A file appeared during inventory."
"ADDED","Gait\dataset_a\other\xxj-00_3-003.png","","657","","7EB8A223967EEBACE1E817532F4D33897794264A526D8F5E27E50B9A1321CFAD","Extracted Dataset A file appeared during inventory."
"ADDED","Gait\dataset_a\other\xxj-00_3-004.png","","673","","090785982CA886A7B7ED936ED0A59F0E0743610D983F753B24641E38957666B8","Extracted Dataset A file appeared during inventory."
"ADDED","Gait\dataset_a\other\xxj-00_3-005.png","","661","","2F7AFDF99027C83F3BC24BB68C781556E059D147F590F71E1C3A0FE5CCA51DE4","Extracted Dataset A file appeared during inventory."
"ADDED","Gait\dataset_a\other\xxj-00_3-006.png","","706","","1DE9660E6B9FE902774030F4B70600A8D48082839182708343329D9AEA367F76","Extracted Dataset A file appeared during inventory."
"ADDED","Gait\dataset_a\other\xxj-00_3-007.png","","753","","9ADC05C9876C092FA2E4BEE21607690C2CF966AD42EBE52B781074DECAA67C66","Extracted Dataset A file appeared during inventory."
"ADDED","Gait\dataset_a\other\xxj-00_3-009.png","","840","","668C73F49064FE6FB2B581C069FC1C74B8A110909224A8C9B940C253B291713A","Extracted Dataset A file appeared during inventory."
"ADDED","Gait\dataset_a\other\xxj-00_3-013.png","","736","","3225FAA66A83F349D5B8B81C353BAD7F51F17B90A3B571806553745A9366C05C","Extracted Dataset A file appeared during inventory."
"ADDED","Gait\dataset_a\other\xxj-00_3-014.png","","732","","3DB39E323C076EA583573B9547AE950159E634DC1A35479EBDC4E5E02422DBA9","Extracted Dataset A file appeared during inventory."
"ADDED","Gait\dataset_a\other\xxj-00_3-015.png","","676","","059717F5AF8B99E36BC5C01CFB499531329B547EEB31A5025A585E7812B38330","Extracted Dataset A file appeared during inventory."
"ADDED","Gait\dataset_a\other\xxj-00_3-016.png","","718","","9B4C419614AF8C69E802EDB1D3334747B8EBC8C204107FA45DC617D3848475C2","Extracted Dataset A file appeared during inventory."
"ADDED","Gait\dataset_a\other\xxj-00_3-017.png","","733","","5C9C9B060798EEE5A3247E78E41907A4890840808085CFFFB165FC807DA5B206","Extracted Dataset A file appeared during inventory."
"ADDED","Gait\dataset_a\other\xxj-00_3-018.png","","784","","BA44FF440670B0F73C8BAAA526B34C290EA093DD5994E3B8FE1FB13C4B759046","Extracted Dataset A file appeared during inventory."
"ADDED","Gait\dataset_a\other\xxj-00_3-019.png","","892","","ADD74A64029382DDF9576B60ABA45E25E110FAD367FC552E9E58155148F18E69","Extracted Dataset A file appeared during inventory."
"ADDED","Gait\dataset_a\other\xxj-00_3-020.png","","966","","2988C6CDF7E2DA4B3C6107A2EB6453E0AC0AA7EFD00FF86AE346436CAA37FA99","Extracted Dataset A file appeared during inventory."
"ADDED","Gait\dataset_a\other\xxj-00_3-025.png","","860","","85041415AD429C76856F39F1088825E1CBB93D7DAC395BFE26497D49926442E8","Extracted Dataset A file appeared during inventory."
"ADDED","Gait\dataset_a\other\xxj-00_3-026.png","","869","","90F564AFBE937D5C0E0CDCF0E8131465FCB6C153FA66A785C5D1BA5990932A65","Extracted Dataset A file appeared during inventory."
"ADDED","Gait\dataset_a\other\xxj-00_3-027.png","","839","","0D676D5046854A81B68CF2053C85B6C1A8372745C363F26637E981F4DFF54531","Extracted Dataset A file appeared during inventory."
"ADDED","Gait\dataset_a\other\xxj-00_3-028.png","","785","","1BAB47812C5F33906F95CC32E7B6BF64ED844E2D6C72D21B6CF9D791BB7DD892","Extracted Dataset A file appeared during inventory."
"ADDED","Gait\dataset_a\other\xxj-00_3-029.png","","785","","0982254D3E3985ADA43AB0BDA50FB3C8879A62800F922D4738DEFE2D30C4E083","Extracted Dataset A file appeared during inventory."
"ADDED","Gait\dataset_a\other\xxj-00_3-030.png","","857","","F7D790F5FA4A5E6B853108B6BE9A8ADC035D13AAE977EF51C5EDF90B9DCDF0DF","Extracted Dataset A file appeared during inventory."
"ADDED","Gait\dataset_a\other\xxj-00_3-031.png","","905","","CB1D2C219508CE58FA3C3A9CD9065C00BEE8C1A3D0A098D229CFD93FC76EA4B8","Extracted Dataset A file appeared during inventory."
"ADDED","Gait\dataset_a\other\xxj-00_3-032.png","","947","","8644438B0F310BA1674800985F3EF794854DF5A51DC06B40D0EFE7444F39648A","Extracted Dataset A file appeared during inventory."
"ADDED","Gait\dataset_a\other\xxj-00_3-036.png","","937","","03641D18997371257862F9B7E7379DF983CEF2CB4CAF761B9D1097B53AD4CE1E","Extracted Dataset A file appeared during inventory."
"ADDED","Gait\dataset_a\other\xxj-00_3-037.png","","876","","8092EE5757BDAC7E8622C2D4FDC787EDC16E19C3306073E966C0CAAE0481D5F9","Extracted Dataset A file appeared during inventory."
"ADDED","Gait\dataset_a\other\xxj-00_3-038.png","","847","","5E373748FB86F8CEBD439AAE4E2B048A3046EA885568083C2A9EDD60C54278ED","Extracted Dataset A file appeared during inventory."
"ADDED","Gait\dataset_a\other\xxj-00_3-039.png","","744","","058071C0B8FEBBEB4D0C1383376B9B6BABED61E97B26BDA5A051E87E2C6D1968","Extracted Dataset A file appeared during inventory."
"ADDED","Gait\dataset_a\other\xxj-00_3-040.png","","763","","5305656653E7BCBBE109B509968E49C8AD8D5071BBB5574A993B6B945C808077","Extracted Dataset A file appeared during inventory."
"ADDED","Gait\dataset_a\other\xxj-00_3-041.png","","758","","2C2994A44304FFAEAB5A14D75E8116400D0A9881CCF19180102C42A44EC157BF","Extracted Dataset A file appeared during inventory."
"ADDED","Gait\dataset_a\other\xxj-00_3-042.png","","749","","367BF844A584140103E5EE6074165EAFE52AF47973909C1162A3AF4A4B8DDC27","Extracted Dataset A file appeared during inventory."
"ADDED","Gait\dataset_a\other\xxj-00_3-043.png","","772","","6904A397EEC35918602FC331A95262D89D919718231E61C588A595B0DBC1C14B","Extracted Dataset A file appeared during inventory."
"ADDED","Gait\dataset_a\other\xxj-00_3-048.png","","794","","CDB9BD0BEECD221037917F22ECFA63EA8FBAF14C2746D46BA286E6D02988C5F7","Extracted Dataset A file appeared during inventory."
"ADDED","Gait\dataset_a\other\xxj-00_3-049.png","","769","","8DF40DB078339853E0FFF371EE2941251EEEE4A12C94B85E4ED9CAF5DE48D2FE","Extracted Dataset A file appeared during inventory."
"ADDED","Gait\dataset_a\other\xxj-00_3-050.png","","724","","E315F52474989838CB447FA0AEBF1387C0B2A6A3B52090F82F8FA1471AF0D61F","Extracted Dataset A file appeared during inventory."
"ADDED","Gait\dataset_a\other\xxj-00_3-051.png","","700","","089D4ED5A7C2822C2CC5A971242FADB73DEC3242A5A844B5797FB87CD27D8F41","Extracted Dataset A file appeared during inventory."
"ADDED","Gait\dataset_a\other\xxj-00_3-052.png","","700","","BA01AEB4AD446F56FE6BCF284847C79E4BA31F0312B9487136FC81BD0EF37EDC","Extracted Dataset A file appeared during inventory."
"ADDED","Gait\dataset_a\other\xxj-00_3-053.png","","691","","EEEC7DDD5A5BFF41AF44B2A1598F5E1829606233BD7ADF5DD87B81E063A603CF","Extracted Dataset A file appeared during inventory."
"ADDED","Gait\dataset_a\other\xxj-00_3-054.png","","725","","CC94E0DB69161DB90D1F64CD4C19837B320B545C91842548A2948FD70EB3D7A0","Extracted Dataset A file appeared during inventory."
"ADDED","Gait\dataset_a\other\xxj-00_3-055.png","","742","","00D5A7E70F6FC890E7535F928D2723546D0A29AB7ADBA798AD73125A8328D2F0","Extracted Dataset A file appeared during inventory."
"ADDED","Gait\dataset_a\other\xxj-00_3-056.png","","797","","F4D08C3DA91ABDB96F664AF5DC579928C37CF0169AACE8526DCE3233F7390F70","Extracted Dataset A file appeared during inventory."
"ADDED","Gait\dataset_a\other\xxj-00_3-061.png","","805","","D32E0AE2B4FFF4E380D1F0F4B80BEB3C6FAA28EC8DC79B6D090803764E88F35F","Extracted Dataset A file appeared during inventory."
"ADDED","Gait\dataset_a\other\xxj-00_3-062.png","","772","","BD3B896A40277FC09468CCF976068D1FDCAEA5673CB6957279ED81055828088A","Extracted Dataset A file appeared during inventory."
"ADDED","Gait\dataset_a\other\xxj-00_3-063.png","","706","","B6876631D730342303085D38734B28194A579316D109F70623B351F29D672878","Extracted Dataset A file appeared during inventory."
"ADDED","Gait\dataset_a\other\xxj-00_3-064.png","","656","","9A002EAB7C8BA3C270AD53E2EA9EF58E031088A719B03010FC79AE3595445C9A","Extracted Dataset A file appeared during inventory."
"ADDED","Gait\dataset_a\other\xxj-00_3-065.png","","668","","EF6962C8AB30B49B94143FB8295819249BFD4C02D0C3BFD9FF9C4E94A9844575","Extracted Dataset A file appeared during inventory."
"ADDED","Gait\dataset_a\other\xxj-00_3-066.png","","695","","0129545AA3739B946579CDAB163F9881333DCB69D8D09671DE242CFA26631F59","Extracted Dataset A file appeared during inventory."
"ADDED","Gait\dataset_a\other\xxj-00_3-067.png","","702","","57A1CDE43FF492A4574AD853C93290BFC51006F4436C15CF0C376B5BA3A2FD24","Extracted Dataset A file appeared during inventory."
"ADDED","Gait\dataset_a\other\xxj-00_4-001.png","","722","","5B4AEBDB62F2A8133B6E83240BDADA78F438D3334AC7A2ABC8D81982A62970D5","Extracted Dataset A file appeared during inventory."
"ADDED","Gait\dataset_a\other\xxj-00_4-002.png","","677","","5C1A328110B2B6D369FE8F8A9C5E58F15CB468BA53436F36BA8574F5536ADF0D","Extracted Dataset A file appeared during inventory."
"ADDED","Gait\dataset_a\other\xxj-00_4-003.png","","668","","6C9E2914D5074EDCB2AF4EB9D870E8E9B8F5CD2C9A8A65967BFC0557A12C8288","Extracted Dataset A file appeared during inventory."
"ADDED","Gait\dataset_a\other\xxj-00_4-004.png","","651","","C0C29CB3552FA70895D9229737F106498E6B60404F30DF7CCB27B5186DDE4D46","Extracted Dataset A file appeared during inventory."
"ADDED","Gait\dataset_a\other\xxj-00_4-005.png","","699","","CC76A4C0F3C22CA0A5C8B5017476A894290F8539BC488C2C00EA46F1B739A82E","Extracted Dataset A file appeared during inventory."
"ADDED","Gait\dataset_a\other\xxj-00_4-006.png","","706","","8A38A005659D0091537F63835FEB26EF205997B2EBA9F562CAF3D5ADFAEAA1A7","Extracted Dataset A file appeared during inventory."
"ADDED","Gait\dataset_a\other\xxj-00_4-007.png","","746","","699B11E977049127340C3B37B87A2AB34167E954400B36CE608A4BC264344140","Extracted Dataset A file appeared during inventory."
"ADDED","Gait\dataset_a\other\xxj-00_4-008.png","","787","","DC3F26B95FB6ED7415EB3D268EFFF86B6F7AD2F1A24AC8AB7AA0F54C50A9A12E","Extracted Dataset A file appeared during inventory."
"ADDED","Gait\dataset_a\other\xxj-00_4-010.png","","766","","98407E35F21DCC5C39D7F3A1473419241515E85BF74953DA5D53358D3B6A9331","Extracted Dataset A file appeared during inventory."
"ADDED","Gait\dataset_a\other\xxj-00_4-013.png","","706","","D6AD4B57F1D7BCD5CB949F57C56B210FD5A34F416FFC469D341CC37CA83D3C00","Extracted Dataset A file appeared during inventory."
"ADDED","Gait\dataset_a\other\xxj-00_4-014.png","","759","","D5649F00C030EA57199648AF179019DA9AFAE2EB4B304F3D6B790E2227C7CD9E","Extracted Dataset A file appeared during inventory."
"ADDED","Gait\dataset_a\other\xxj-00_4-015.png","","680","","347F1E383804A612F557DF6D9841275A3791BC3C6CB064F989ED99CCEEE0513F","Extracted Dataset A file appeared during inventory."
"ADDED","Gait\dataset_a\other\xxj-00_4-016.png","","668","","029DB06F94FBB3BAC568BBE26D8D0DE2A5F5B7B48D43A5A64F6BCF82521B1087","Extracted Dataset A file appeared during inventory."
"ADDED","Gait\dataset_a\other\xxj-00_4-017.png","","700","","9EE4A34F6FB76F042E37403171DEE352F141643DB7DB5C3D57F473E5C190314A","Extracted Dataset A file appeared during inventory."
"ADDED","Gait\dataset_a\other\xxj-00_4-018.png","","776","","0AEF8AE2CB049D6EACACE443825B495B0F8301A84F247D1B4EBEE959EE1FAEB1","Extracted Dataset A file appeared during inventory."
"ADDED","Gait\dataset_a\other\xxj-00_4-019.png","","792","","FD310D1AD3B14C4E5D39A92EE9391E98A3D8D762BEE1F5C0B2642CE5A8B416B2","Extracted Dataset A file appeared during inventory."
"ADDED","Gait\dataset_a\other\xxj-00_4-020.png","","845","","877BFEA1BBB60C88079967078E8860A42CE49AE2F10A2DDDE60A9FB3E993B2F3","Extracted Dataset A file appeared during inventory."
"ADDED","Gait\dataset_a\other\xxj-00_4-024.png","","813","","E301F84433F0963D273EAAEE9159199F4A4314023185DCAB35D1DE7DFC02847B","Extracted Dataset A file appeared during inventory."
"ADDED","Gait\dataset_a\other\xxj-00_4-025.png","","791","","15A715D909E478DD19D01D764EB20C68643FCAB13820DCD0EC23C27065382C1B","Extracted Dataset A file appeared during inventory."
"ADDED","Gait\dataset_a\other\xxj-00_4-026.png","","758","","79C271E965EFDEF4E7DCC3AA8C6BD8FE241EA1979611FE9459FA50C0FF7F010D","Extracted Dataset A file appeared during inventory."
"ADDED","Gait\dataset_a\other\xxj-00_4-027.png","","773","","4F07D8AA134AA096850A04C77EED9CC8E373140B031F9753D033484BFA706936","Extracted Dataset A file appeared during inventory."
"ADDED","Gait\dataset_a\other\xxj-00_4-028.png","","734","","1FE47316695488482C3A361390134208BABDD21F1A920A8E70759BD740DE8169","Extracted Dataset A file appeared during inventory."
"ADDED","Gait\dataset_a\other\xxj-00_4-029.png","","717","","7C2DA2C6523E09605FF59F52B8F5BB566335858C3E8446128C143EC97BA3256C","Extracted Dataset A file appeared during inventory."
"ADDED","Gait\dataset_a\other\xxj-00_4-030.png","","838","","6E94DFAC492262DA1463FE314FAC96C135BCF92F4BD7A3BFA31B49E0A720CA47","Extracted Dataset A file appeared during inventory."
"ADDED","Gait\dataset_a\other\xxj-00_4-031.png","","829","","1E4EDEE71CD5E4CF85CB3C8BB6357D042C235D63313736AB07331090AF48A41C","Extracted Dataset A file appeared during inventory."
"ADDED","Gait\dataset_a\other\xxj-00_4-032.png","","922","","283B6EB13B9CB2FA281F7D6D0E74DB27811A08575F03EF9C40DA781B9782BA76","Extracted Dataset A file appeared during inventory."
"ADDED","Gait\dataset_a\other\xxj-00_4-037.png","","828","","1DB46ABB6B99DC21DF0BDE9D1E3638775CF29FFFE30289E25CA01D80178DEA01","Extracted Dataset A file appeared during inventory."
"ADDED","Gait\dataset_a\other\xxj-00_4-038.png","","776","","CC74AC0690FA2F8A5E39DDDAF79D669CAE7058BDF49682F9DE5729C6DCE5DEF1","Extracted Dataset A file appeared during inventory."
"ADDED","Gait\dataset_a\other\xxj-00_4-039.png","","795","","2F9160021849A6C203B8098D3DAA53CF19B781C48E12B3E35627D79E6B54F090","Extracted Dataset A file appeared during inventory."
"ADDED","Gait\dataset_a\other\xxj-00_4-040.png","","799","","B37318E6EFA0D11109068C193A16D757970BF6E1142517743935F95A80343C56","Extracted Dataset A file appeared during inventory."
"ADDED","Gait\dataset_a\other\xxj-00_4-041.png","","764","","798D8BC9FAB7703EEB78BA9782882F5373FAAEB43CB4119F00FFBCBAFD8EFC09","Extracted Dataset A file appeared during inventory."
"ADDED","Gait\dataset_a\other\xxj-00_4-042.png","","800","","789F6827606C08F7FF0D257B64F8B46AA8A5E23557F7FF58A84A122D4CDD4B18","Extracted Dataset A file appeared during inventory."
"ADDED","Gait\dataset_a\other\xxj-00_4-043.png","","859","","1591EAF77C0EA63CD6065B6291151478C0CDF4A0C64BC8F4E1425144E09DBFD2","Extracted Dataset A file appeared during inventory."
"ADDED","Gait\dataset_a\other\xxj-00_4-044.png","","845","","7275F89BD36E5D8F8DE1A312754DFCD75C8BF5DBC5BBB166977D6944E5765C9C","Extracted Dataset A file appeared during inventory."
"ADDED","Gait\dataset_a\other\xxj-00_4-045.png","","877","","0C92920B77CAC1D831A5A7B95D3FF2993B93A919FDF1A93CD12D1592C65F506F","Extracted Dataset A file appeared during inventory."
"ADDED","Gait\dataset_a\other\xxj-00_4-047.png","","873","","5FEE5A84F256ECE083020006ACF5F5F572022806A6B0CF62DF66DE40A39E7C38","Extracted Dataset A file appeared during inventory."
"ADDED","Gait\dataset_a\other\xxj-00_4-050.png","","788","","33A866D7652B212BE89E7F62B99A6387C0E3FC2E12EC49E693C8ACAFE54DEB1E","Extracted Dataset A file appeared during inventory."
"ADDED","Gait\dataset_a\other\xxj-00_4-051.png","","737","","2B68730E8449126373CB16FD6BF5E959A6A1A83DBAC7909D12FEFDFA25A06117","Extracted Dataset A file appeared during inventory."
"ADDED","Gait\dataset_a\other\xxj-00_4-052.png","","716","","B000FA781653C3BF8D1F4BAB2A390F31B4F82A4BA9FFD170D8FD8681D689F922","Extracted Dataset A file appeared during inventory."
"ADDED","Gait\dataset_a\other\xxj-00_4-053.png","","664","","044C2909DD8E02CB392173BE22B3632BCD09A2E65E35EAEBF0F2A158C3C752CB","Extracted Dataset A file appeared during inventory."
"ADDED","Gait\dataset_a\other\xxj-00_4-054.png","","691","","4F8BBA54120E8AF053D6B438B93408F3A2D3926E121BAA5B0046D5EDE99FB8C8","Extracted Dataset A file appeared during inventory."
"ADDED","Gait\dataset_a\other\xxj-00_4-055.png","","734","","B6F1667540C1CF1889710CA81A8745A527C0F1ACE81CBDA27E0F7A9D7C77562C","Extracted Dataset A file appeared during inventory."
"ADDED","Gait\dataset_a\other\xxj-00_4-056.png","","780","","60DA88FDD706569775C567B98548AECFDFC2A8B64A0B55DC83CA28497DF724A2","Extracted Dataset A file appeared during inventory."
"ADDED","Gait\dataset_a\other\xxj-00_4-057.png","","850","","2D9A5D601A3800C8508FF6C67147776B140A470C2A3181714CABDDBB44443274","Extracted Dataset A file appeared during inventory."
"ADDED","Gait\dataset_a\other\xxj-00_4-058.png","","877","","73E06E07847ABF20DB488EF8821FA1CC54D5A87DCAB3211D940F01E638EE9097","Extracted Dataset A file appeared during inventory."
"ADDED","Gait\dataset_a\other\xxj-00_4-062.png","","692","","810BE5446BEE45C05FB659E664038A98EEF630E164E89B118C8F6BD52BF95DB0","Extracted Dataset A file appeared during inventory."
"ADDED","Gait\dataset_a\other\xxj-00_4-063.png","","739","","DB8B13D6F04EADC8C25C70C8A3D8B452714DADBE1AFBAED362AF1DC16F63CF43","Extracted Dataset A file appeared during inventory."
"ADDED","Gait\dataset_a\other\xxj-00_4-064.png","","649","","B64C641011193E485F711B53C47ED90BEFD4ED42C7DBCCC1FFCFD27BBB7B2112","Extracted Dataset A file appeared during inventory."
"ADDED","Gait\dataset_a\other\xxj-00_4-065.png","","622","","092D464337477A4131655C7DA60AD025D25E0CB8BD26CE3676531C0FC5F3E6FF","Extracted Dataset A file appeared during inventory."
"ADDED","Gait\dataset_a\other\xxj-00_4-066.png","","637","","7F5779CC95C12675DCCF8AB553D641137D56B95BBD179126443E522CA881DF01","Extracted Dataset A file appeared during inventory."
"ADDED","Gait\dataset_a\other\xxj-00_4-067.png","","680","","F4F42A2C44C5E42AE7E20F1AFFD63DC82C600219EE689766A0E3928B97B1304D","Extracted Dataset A file appeared during inventory."
"ADDED","Gait\dataset_a\other\xxj-00_4-068.png","","690","","45FCEFA1B8377138E4D8194BC941BC446A1F74AB7AD40E63DA72A815C2A642D1","Extracted Dataset A file appeared during inventory."
"ADDED","Gait\dataset_a\other\yjf-00_1-001.png","","791","","6D70844FBD4A21E2805FC259E6BE38EB9F5FE03FA8B2514F59E16D7DD4AC5D3B","Extracted Dataset A file appeared during inventory."
"ADDED","Gait\dataset_a\other\yjf-00_1-002.png","","738","","97B3839B316EBF4E649F0665FA25FBB5CF3889E50D5FE6D97267EF43CF77A0D7","Extracted Dataset A file appeared during inventory."
"ADDED","Gait\dataset_a\other\yjf-00_1-003.png","","802","","91C2D38F6618F207E02D29F61E99C228BE6A4B803932C214BF6877809F0D03BA","Extracted Dataset A file appeared during inventory."
"ADDED","Gait\dataset_a\other\yjf-00_1-004.png","","799","","B3D3D272D74CDAB05EADC0E35B11B0E06FD8F0A44C8872CD27CE1E26B5ABB104","Extracted Dataset A file appeared during inventory."
"ADDED","Gait\dataset_a\other\yjf-00_1-005.png","","847","","EB93122CF75CF51226CADFD4A30A9DD027ECCAF5467329DD96C5899801E054AB","Extracted Dataset A file appeared during inventory."
"ADDED","Gait\dataset_a\other\yjf-00_1-008.png","","928","","2B88D02791BBEF222140E3E7FC9115017BCEFB85A877B829E2672601589371F0","Extracted Dataset A file appeared during inventory."
"ADDED","Gait\dataset_a\other\yjf-00_1-011.png","","796","","E603D013DE85577AF5EFA825EBD3E8EF2F8F46336898D2B27E8E359BFCCB505D","Extracted Dataset A file appeared during inventory."
"ADDED","Gait\dataset_a\other\yjf-00_1-012.png","","786","","7968994A91C565E5BE7F308B56C3D9471ADCA308BB5E4663C36DDA0D706A85E3","Extracted Dataset A file appeared during inventory."
"ADDED","Gait\dataset_a\other\yjf-00_1-013.png","","784","","C41148AE642C417FFBF1368FF822D1FF997B752D7FC523098AD8903A61F7E059","Extracted Dataset A file appeared during inventory."
"ADDED","Gait\dataset_a\other\yjf-00_1-014.png","","766","","A1944D001FA20DD9951CB6BD18F987FEAF7B070079D653C86707B8A1125D0B0A","Extracted Dataset A file appeared during inventory."
"ADDED","Gait\dataset_a\other\yjf-00_1-015.png","","774","","590782A189D4C0CB82D8037A8E76D2B6AD5B528395534C2489C28AFE5A9ED792","Extracted Dataset A file appeared during inventory."
"ADDED","Gait\dataset_a\other\yjf-00_1-016.png","","802","","615E9073D8D222EF6C9FFE1519246E0FE2C7B59CA16FCAA7A4280C166EC595A0","Extracted Dataset A file appeared during inventory."
"ADDED","Gait\dataset_a\other\yjf-00_1-017.png","","921","","EFE2E9F4C2C408E0A9EAC98AFCDE88E155A3E4EDAB5B1DBB84EACE48AE6B3914","Extracted Dataset A file appeared during inventory."
"ADDED","Gait\dataset_a\other\yjf-00_1-018.png","","929","","D75AB5E0FE653707DC11C7AA2C68B5EE3F071D007640D4D06F89579528F9F4ED","Extracted Dataset A file appeared during inventory."
"ADDED","Gait\dataset_a\other\yjf-00_1-019.png","","1003","","CAE7A2875203FE70C539DA315557342AFF9343B0F6B4F8BD8E126D7A6153A74E","Extracted Dataset A file appeared during inventory."
"ADDED","Gait\dataset_a\other\yjf-00_1-021.png","","1021","","F96AAA029601EA40D356A7A57496303DC3DDFE05559BBE6473B4657676B5D7E3","Extracted Dataset A file appeared during inventory."
"ADDED","Gait\dataset_a\other\yjf-00_1-022.png","","1044","","E1AB197FE7D417365F1E462EA2E3189F1EE348A8A6A645FBFC5FED475D7EDBD8","Extracted Dataset A file appeared during inventory."
"ADDED","Gait\dataset_a\other\yjf-00_1-025.png","","931","","CD35FB92EFD6D8A4CD44822F495268965D393858FF71DB05990C6E604A472A2E","Extracted Dataset A file appeared during inventory."
"ADDED","Gait\dataset_a\other\yjf-00_1-026.png","","863","","15511D2819072806EC6F970F54A9D663B223DBB33BAD386CCA075100DA2F3465","Extracted Dataset A file appeared during inventory."
"ADDED","Gait\dataset_a\other\yjf-00_1-027.png","","849","","A66B83D1D72B4E8F8C98FD141A42318B38E5BC2128A9AE94280380E10D63FE59","Extracted Dataset A file appeared during inventory."
"ADDED","Gait\dataset_a\other\yjf-00_1-028.png","","831","","BC6AB8BEFBDE500D5436CB9144B9D95D36E4C7363A036A8E70734505DCE6C5E4","Extracted Dataset A file appeared during inventory."
"ADDED","Gait\dataset_a\other\yjf-00_1-029.png","","836","","E19A1B62D3C275C4BF42EC4DBF25839E68B78F023DA54565611955BBFEBD9C3D","Extracted Dataset A file appeared during inventory."
"ADDED","Gait\dataset_a\other\yjf-00_1-030.png","","859","","A71ACF3546069C937D90A2D3610EDFA12E19F98A23F053FE2CCE1A0B21CC5A04","Extracted Dataset A file appeared during inventory."
"ADDED","Gait\dataset_a\other\yjf-00_1-031.png","","947","","20E32123C8C26390BC1D90780C8411C9F6C5CD3E6FA9A167344341ADD92A4F5A","Extracted Dataset A file appeared during inventory."
"ADDED","Gait\dataset_a\other\yjf-00_1-032.png","","1021","","701492CB5667707603BCD40F64EE66DC521691D9A6F1649558E4DDD1B9F4FE19","Extracted Dataset A file appeared during inventory."
"ADDED","Gait\dataset_a\other\yjf-00_1-033.png","","1061","","4980A53B32AABDDE64879588DE940044FB4AE6F619496CBE286784789764D4F8","Extracted Dataset A file appeared during inventory."
"ADDED","Gait\dataset_a\other\yjf-00_1-035.png","","1051","","34E1D1BB6E47C7D51694513E21128836EA3E32A60F670DF1A777B39B2BF47D40","Extracted Dataset A file appeared during inventory."
"ADDED","Gait\dataset_a\other\yjf-00_1-038.png","","879","","1FA644FD80DCE2D9AC57315CD97DC56AFFB3A536742EDB3C43E8A2613ACFA4EA","Extracted Dataset A file appeared during inventory."
"ADDED","Gait\dataset_a\other\yjf-00_1-039.png","","817","","BA726518FB990EF1CF5E684657925096388E63EE3E436D418C3D81D9926FF250","Extracted Dataset A file appeared during inventory."
"ADDED","Gait\dataset_a\other\yjf-00_1-040.png","","819","","5CDE7BFBD2109D9FEB64747F4E97BEDA5A4066C9D965B3AC55D78F9122270312","Extracted Dataset A file appeared during inventory."
"ADDED","Gait\dataset_a\other\yjf-00_1-041.png","","749","","505243A87E76F36325082D2C1DBE210D51D53ADCF8C50F5C9DCA87CC3BB3BDB7","Extracted Dataset A file appeared during inventory."
"ADDED","Gait\dataset_a\other\yjf-00_1-042.png","","725","","5FFE8B0D843282C2BD4751143DCC1285AA4A3AF3CB9D053E5E9B94882E99E9F0","Extracted Dataset A file appeared during inventory."
"ADDED","Gait\dataset_a\other\yjf-00_1-043.png","","760","","1531B39F7014873092474CEF97AE8BDB63E2AD3B2C5D09AD4CDB01C79479E3FA","Extracted Dataset A file appeared during inventory."
"ADDED","Gait\dataset_a\other\yjf-00_1-044.png","","805","","1CC6503A7D7B438833609AC23C6C579AC3EC35DCCD92CE80925DC88DC3E1A600","Extracted Dataset A file appeared during inventory."
"ADDED","Gait\dataset_a\other\yjf-00_1-045.png","","831","","DBC9FEE7619F8EA46C784D556D1F67535ED61E77E80586997A05B5A8CF5F2AD7","Extracted Dataset A file appeared during inventory."
"ADDED","Gait\dataset_a\other\yjf-00_1-046.png","","912","","207C73D5FEB7D55AC1F22A1DF7B76EA9DFC293C5CCA86F4F1D4183234CC85F0B","Extracted Dataset A file appeared during inventory."
"ADDED","Gait\dataset_a\other\yjf-00_1-048.png","","917","","BB1E2248FE7A0F90081197FB8E468181DAF7846B911759E697982579CD7544FD","Extracted Dataset A file appeared during inventory."
"ADDED","Gait\dataset_a\other\yjf-00_1-049.png","","883","","DEFD424340A9E78F19E72C8053BF81D4EAF9536C600509D6F26CDC0870E0271E","Extracted Dataset A file appeared during inventory."
"ADDED","Gait\dataset_a\other\yjf-00_1-052.png","","762","","0C29A41BB0EADAE951CC46C4CE4C94597853F2F7E16783445359A70932F9792C","Extracted Dataset A file appeared during inventory."
"ADDED","Gait\dataset_a\other\yjf-00_1-053.png","","770","","A9ECB31259D7DCE3C5ED219C120ADB8DD582D094A7EBCE3C79910C7F313B8F4C","Extracted Dataset A file appeared during inventory."
"ADDED","Gait\dataset_a\other\yjf-00_1-054.png","","776","","6BEC530C28853E2AE67BA24BDC3410636F20B9FBA3FEB7876AC7F446A71BE733","Extracted Dataset A file appeared during inventory."
"ADDED","Gait\dataset_a\other\yjf-00_1-055.png","","741","","F58AAA44A3FA0A5ED003A94DDBED11ADB77D24A6737A3457BCFACF11878EE0EF","Extracted Dataset A file appeared during inventory."
"ADDED","Gait\dataset_a\other\yjf-00_2-001.png","","742","","0D6AF9BC0EBA36651F490CFFD074A1DB7E47A47BD3FC636D314C651DABBB0E75","Extracted Dataset A file appeared during inventory."
"ADDED","Gait\dataset_a\other\yjf-00_2-002.png","","736","","DA5E8EC90142B39F992558EBB7B047728477686FB5EE67B551764A1A155FE403","Extracted Dataset A file appeared during inventory."
"ADDED","Gait\dataset_a\other\yjf-00_2-003.png","","729","","51833478DE6AB55C82B3960FB1DE02512B2B9FF83DE434B930638A84F77ADDC2","Extracted Dataset A file appeared during inventory."
"ADDED","Gait\dataset_a\other\yjf-00_2-004.png","","788","","ED8A3AAE4885737DDB74318C5293836AFC656023B62D21AFFBE97974A68BA06E","Extracted Dataset A file appeared during inventory."
"ADDED","Gait\dataset_a\other\yjf-00_2-005.png","","834","","3B7AEDC3327EFE0F0D81E01811960D05B9E3629481C11B587757054D8AD0BBAA","Extracted Dataset A file appeared during inventory."
"ADDED","Gait\dataset_a\other\yjf-00_2-006.png","","929","","6D5D0DFE6B819DA9460DE7355D97DDF7535FE0A767FB401496315F155BCE34DC","Extracted Dataset A file appeared during inventory."
"ADDED","Gait\dataset_a\other\yjf-00_2-007.png","","949","","4811EE46817F20868697CC2861963BC2CB0072C1A62CB137F5B532DB44A9165B","Extracted Dataset A file appeared during inventory."
"ADDED","Gait\dataset_a\other\yjf-00_2-009.png","","967","","EAE9888924A477B4688FEFDFA253CD44149C57F9A8847A33BC4F1972835F958D","Extracted Dataset A file appeared during inventory."
"ADDED","Gait\dataset_a\other\yjf-00_2-012.png","","855","","9293808C2B5D0304925D4F8366521936ABD62C52FBAFFBFBAB8D2114CDC16D78","Extracted Dataset A file appeared during inventory."
"ADDED","Gait\dataset_a\other\yjf-00_2-013.png","","820","","E8C31A561FB857B11FEA43187BD0B1C1EF431F146BAD221E648E2CBCB56671FD","Extracted Dataset A file appeared during inventory."
"ADDED","Gait\dataset_a\other\yjf-00_2-014.png","","793","","1DF525F5D30107A6776C786EEF1718239A4D07B267458E52725F3BA937D793B6","Extracted Dataset A file appeared during inventory."
"ADDED","Gait\dataset_a\other\yjf-00_2-015.png","","806","","45003553CAEF9B9A85CB986D4F0DBAF1070438150B2EEBF7A98B819BB24BEDCD","Extracted Dataset A file appeared during inventory."
"ADDED","Gait\dataset_a\other\yjf-00_2-016.png","","781","","F4CB7E3B7522DE34466389A8F01C9089C33F5E79D6133E87FBAD4611AE595A3C","Extracted Dataset A file appeared during inventory."
"ADDED","Gait\dataset_a\other\yjf-00_2-017.png","","879","","EF858D2D762EAF71683EE2DA471D231D20DB3877BA5F81B287DF18DAF7C83EBF","Extracted Dataset A file appeared during inventory."
"ADDED","Gait\dataset_a\other\yjf-00_2-018.png","","922","","368C5EABB7A9EE043D8E0F587749E6B34CE0C605D4192A00012F68F21DDD896B","Extracted Dataset A file appeared during inventory."
"ADDED","Gait\dataset_a\other\yjf-00_2-019.png","","990","","0BFD9D626340E706B926EB3C6E0BE733AA3A22FEE62FC081C66433E40D0B63DC","Extracted Dataset A file appeared during inventory."
"ADDED","Gait\dataset_a\other\yjf-00_2-020.png","","1036","","CB867030F85ABEAC695506A3515F45C184110AD7559B1B23F42B448D05894981","Extracted Dataset A file appeared during inventory."
"ADDED","Gait\dataset_a\other\yjf-00_2-021.png","","1030","","26D04656ADB8DA0B7E121747B4D2CF37D95ECDD7F050FA973AE09127FF30776D","Extracted Dataset A file appeared during inventory."
"ADDED","Gait\dataset_a\other\yjf-00_2-025.png","","945","","1657D351EC375CC99074A9D68C5F0F63C86A37CE4F4C0960096F7FEA79AC0063","Extracted Dataset A file appeared during inventory."
"ADDED","Gait\dataset_a\other\yjf-00_2-026.png","","936","","C8E6FBEA1CD3B95FA4A62B0069408CBB1C8E7131C1FA1C50C613CB8037BC606F","Extracted Dataset A file appeared during inventory."
"ADDED","Gait\dataset_a\other\yjf-00_2-027.png","","903","","AA9F3E801EC4FDCD5B33898C3911CFA76F70E1FC48AEA60D82321604A353E81C","Extracted Dataset A file appeared during inventory."
"ADDED","Gait\dataset_a\other\yjf-00_2-028.png","","849","","878A48AE6B9BC480C3A4812A3F9AF8408B74E2B940B7BC2DE6D33E122D55DC21","Extracted Dataset A file appeared during inventory."
"ADDED","Gait\dataset_a\other\yjf-00_2-029.png","","854","","00935D2B36599E6BBE570500446A4F1C265DBA5D6717BCE63B30C9CA5AC9CF75","Extracted Dataset A file appeared during inventory."
"ADDED","Gait\dataset_a\other\yjf-00_2-030.png","","823","","F546B5984CC7C5FD59E4AD4A068DDA27F03D1F118E7F354A0924D06CF4370B5E","Extracted Dataset A file appeared during inventory."
"ADDED","Gait\dataset_a\other\yjf-00_2-031.png","","935","","25EF7B9EBBC6F061D8210B3BC44F1786C053DC5CA11879F94B12F35AB6277F9A","Extracted Dataset A file appeared during inventory."
"ADDED","Gait\dataset_a\other\yjf-00_2-032.png","","1000","","8A43A4912180A7F6F97125D48E5FED3960621F40558BFE2130B4308AF0352EC7","Extracted Dataset A file appeared during inventory."
"ADDED","Gait\dataset_a\other\yjf-00_2-033.png","","1087","","576DD6E8A57C68519371E2336B2EAC4057DB3B49FDE53C5BE48505F49E9E6491","Extracted Dataset A file appeared during inventory."
"ADDED","Gait\dataset_a\other\yjf-00_2-034.png","","1064","","8651CE12FB3FEC579BD26395578D1389CA86FD2974EFE6157827D1B3DE1503B1","Extracted Dataset A file appeared during inventory."
"ADDED","Gait\dataset_a\other\yjf-00_2-038.png","","936","","451CE0CF50D4E55DB83C4032077775FBCE9EF1AE93F28C6439B81DE0CD0FDDB7","Extracted Dataset A file appeared during inventory."
"ADDED","Gait\dataset_a\other\yjf-00_2-039.png","","879","","E2B5E565DF558EA6B35FF5B817377C80A5D251AC72213B51CA17AA11C48782A5","Extracted Dataset A file appeared during inventory."
"ADDED","Gait\dataset_a\other\yjf-00_2-040.png","","828","","E5074EA35E13506C95398F3B0B66CC078021A435B1B76C8BF34AB3C6A814F378","Extracted Dataset A file appeared during inventory."
"ADDED","Gait\dataset_a\other\yjf-00_2-041.png","","815","","964E9FE0EE8B4A4838A02E83B1EB468BA862AF3859A51DF6FE2A01E0A855F164","Extracted Dataset A file appeared during inventory."
"ADDED","Gait\dataset_a\other\yjf-00_2-042.png","","790","","E4DDAFA12B4D87918CD07472A5D8CE4168B98AC53B8D3B5D04FAE78239768790","Extracted Dataset A file appeared during inventory."
"ADDED","Gait\dataset_a\other\yjf-00_2-043.png","","782","","6D0E7863AA5D049255542DAB4EE8DC3E102127D6FDB0134DD600D90D4266FD33","Extracted Dataset A file appeared during inventory."
"ADDED","Gait\dataset_a\other\yjf-00_2-044.png","","817","","49DC53F3EB2CE414B85EB7B049ECCDE907BA63D2E6D18563C84A58741AE927D9","Extracted Dataset A file appeared during inventory."
"ADDED","Gait\dataset_a\other\yjf-00_2-045.png","","877","","D21EF8F850E8E10AFF222767E6CB56E91943048B96982E55A15A2D7EDC6ABD61","Extracted Dataset A file appeared during inventory."
"ADDED","Gait\dataset_a\other\yjf-00_2-046.png","","931","","ACEC321B31DAC261171C8412E7B80D258FDBA6DC2EB14B09CE7AAA687BB751E2","Extracted Dataset A file appeared during inventory."
"ADDED","Gait\dataset_a\other\yjf-00_2-047.png","","954","","C56BEBC08271E521035C111B23FE14451F4E416F0DEDC96D16E1B24BD42A8E25","Extracted Dataset A file appeared during inventory."
"ADDED","Gait\dataset_a\other\yjf-00_2-049.png","","953","","CA29DE7FB6A1A1D6DB1FD92451231196981D77CD5F9B6D283842D89C5AA67E9D","Extracted Dataset A file appeared during inventory."
"ADDED","Gait\dataset_a\other\yjf-00_2-052.png","","839","","2CAE3815FB35C4C0E5EEA4AF992D9A547AA316A068CF2787E3CE99A13426BEF5","Extracted Dataset A file appeared during inventory."
"ADDED","Gait\dataset_a\other\yjf-00_2-053.png","","803","","26F18F332B4D99D0CF687CDA032C73A041AED0B7A251149EAB30B98916DD0C9D","Extracted Dataset A file appeared during inventory."
"ADDED","Gait\dataset_a\other\yjf-00_2-054.png","","800","","68A7BD30F9FF7AF272958F40BF533E1096ED2CF72810C8E4B88CE7EDE0EA605E","Extracted Dataset A file appeared during inventory."
"ADDED","Gait\dataset_a\other\yjf-00_2-055.png","","764","","836F18232F8CD6957E2046C192E69B7215DF8424C1EFF78DB3B7CC76F9484F76","Extracted Dataset A file appeared during inventory."
"ADDED","Gait\dataset_a\other\yjf-00_3-001.png","","725","","34FD79B2C7F92B1EAEB0A2985E868F6557BA300360B0561A5EDC8E46712F6DB2","Extracted Dataset A file appeared during inventory."
"ADDED","Gait\dataset_a\other\yjf-00_3-002.png","","749","","9C3A62E6D070DBEED5178862E74853F2EF202F1CEB603D65997FBB0EFC4976E8","Extracted Dataset A file appeared during inventory."
"ADDED","Gait\dataset_a\other\yjf-00_3-003.png","","772","","ACD0CA50482E58684EA7B1A1427A69FFB21CCE4DDF2F811E6351F6A2F9D83FDF","Extracted Dataset A file appeared during inventory."
"ADDED","Gait\dataset_a\other\yjf-00_3-004.png","","765","","4B5433CC60CC2D9F5D3727D628BDCA77E9A58E12EAED4486597E3CF6E0AD9D71","Extracted Dataset A file appeared during inventory."
"ADDED","Gait\dataset_a\other\yjf-00_3-005.png","","819","","053DACD167F4818CD9BE99230ECEF1FABACEEACD29A010D9A880A19D671CD8C4","Extracted Dataset A file appeared during inventory."
"ADDED","Gait\dataset_a\other\yjf-00_3-006.png","","840","","765070F8915DBBC55F6DD2BEF8A0A21EAE9530ACFBAC979B3CE385A7DDDFEEB1","Extracted Dataset A file appeared during inventory."
"ADDED","Gait\dataset_a\other\yjf-00_3-007.png","","841","","18084CD649E780034005B656E4157B356977C5F16B00133FA882C635533B8F35","Extracted Dataset A file appeared during inventory."
"ADDED","Gait\dataset_a\other\yjf-00_3-008.png","","847","","64D56E67B302D9698FC2E00D3DF4B4163FC25C69C710B0E8E60AB44117AF4636","Extracted Dataset A file appeared during inventory."
"ADDED","Gait\dataset_a\other\yjf-00_3-010.png","","863","","FA538E2986BE88A773B090389DB8B42C289DC7B9A03BC788F76895629CED5BAA","Extracted Dataset A file appeared during inventory."
"ADDED","Gait\dataset_a\other\yjf-00_3-013.png","","847","","6837AB542D3A08712DFADA81368D8A6ADFAC8AB3FBD0DDDD982587A506D6D16B","Extracted Dataset A file appeared during inventory."
"ADDED","Gait\dataset_a\other\yjf-00_3-014.png","","787","","1E72978822EC3F268465D8F3103D32EB81987332F92C623B806C116C08ED982E","Extracted Dataset A file appeared during inventory."
"ADDED","Gait\dataset_a\other\yjf-00_3-015.png","","772","","C48970986671AA443DBBF63931AC441DFE7A62DA32B0926074B3D5D31558E69C","Extracted Dataset A file appeared during inventory."
"ADDED","Gait\dataset_a\other\yjf-00_3-016.png","","768","","0456F30341B63DD83786682ECB640560809D38F3C42B9D03E48E0321C171EEA0","Extracted Dataset A file appeared during inventory."
"ADDED","Gait\dataset_a\other\yjf-00_3-017.png","","787","","D98847E99BA1A868DEFE10BD96224A7AE451CFB17A0D3704DE3C9DE548AC72C4","Extracted Dataset A file appeared during inventory."
"ADDED","Gait\dataset_a\other\yjf-00_3-018.png","","842","","6C98DD2CD74B61B2364A515C04F44ED2A37F752DF57E69BCE7C18C3C0CE3899F","Extracted Dataset A file appeared during inventory."
"ADDED","Gait\dataset_a\other\yjf-00_3-019.png","","905","","D58F5A2A0CAE0494FF8BE5A9F2EA5D6A95ECFC56E9D4344E3673B7C7A1E3516A","Extracted Dataset A file appeared during inventory."
"ADDED","Gait\dataset_a\other\yjf-00_3-020.png","","949","","CA14AB41F4E06886F529D9A3F18106CBEE0148276359F19ECC0D52A44CFE042A","Extracted Dataset A file appeared during inventory."
"ADDED","Gait\dataset_a\other\yjf-00_3-021.png","","974","","9BF25668EBA16465CF2D764D276A66A409C970B0599BE255E0DC862E91BF5165","Extracted Dataset A file appeared during inventory."
"ADDED","Gait\dataset_a\other\yjf-00_3-023.png","","1019","","875964FE7608D7E756D1B6109F71CBBF7CC108DC7B8AD8C632FBF16635EB33D1","Extracted Dataset A file appeared during inventory."
"ADDED","Gait\dataset_a\other\yjf-00_3-026.png","","942","","FB716D5E961E3CDAD890C66AE40283CD9486F026D1F18ED2E61705000E1B57F8","Extracted Dataset A file appeared during inventory."
"ADDED","Gait\dataset_a\other\yjf-00_3-027.png","","884","","60F571B05C259EF98BE9DC6F1D194CFBFC181AC3B7ADB0997BEC56027BF7217E","Extracted Dataset A file appeared during inventory."
"ADDED","Gait\dataset_a\other\yjf-00_3-028.png","","890","","CB7275DBC8C9E8C2B959F30A6B33E42901C2669D4EB5306E15F4BD3DE84598B3","Extracted Dataset A file appeared during inventory."
"ADDED","Gait\dataset_a\other\yjf-00_3-029.png","","850","","624DD69AFC1A99A166B25B069773FB19B9B21E2C18472E137BDC1A49986C4092","Extracted Dataset A file appeared during inventory."
"ADDED","Gait\dataset_a\other\yjf-00_3-030.png","","848","","DB89DD939617185F670ED1CE5184310403A834DABF85C987F043F309A3B77517","Extracted Dataset A file appeared during inventory."
"ADDED","Gait\dataset_a\other\yjf-00_3-031.png","","861","","831865D7CCC37A7F90B44A3422598EFC2A8DF4063F1AEEA87D87A248F114D3A9","Extracted Dataset A file appeared during inventory."
"ADDED","Gait\dataset_a\other\yjf-00_3-032.png","","925","","339A48C7742C147ADAF143C94D2594FF7DCCC530A555280E7D7A0F6AFA4C3538","Extracted Dataset A file appeared during inventory."
"ADDED","Gait\dataset_a\other\yjf-00_3-033.png","","977","","13C8FFD3EAAE29FCC1AFFD1529F017E7CBBDF8BF211A9E4D4464A6163736F938","Extracted Dataset A file appeared during inventory."
"ADDED","Gait\dataset_a\other\yjf-00_3-034.png","","1009","","FD258EDCF2E693F6677F9B8624EFB0132C07F6B6EB98B397CECC8D286B69BAE3","Extracted Dataset A file appeared during inventory."
"ADDED","Gait\dataset_a\other\yjf-00_3-035.png","","1057","","5151067C6FA760410CE786BF4D9F638E90DDEC1786F7D16F3A6FC27DC52A6A62","Extracted Dataset A file appeared during inventory."
"ADDED","Gait\dataset_a\other\yjf-00_3-037.png","","1011","","4CAA6DBEEB743AFC173D3209CC1A51265766A6DBD759EF93E9E8E6A2B087D4E7","Extracted Dataset A file appeared during inventory."
"ADDED","Gait\dataset_a\other\yjf-00_3-040.png","","843","","4CE7935F307BE64A2D3A213CC20FE458E0C6277FC58DB3CF29D754A17544B324","Extracted Dataset A file appeared during inventory."
"ADDED","Gait\dataset_a\other\yjf-00_3-041.png","","794","","E156A153F24E78ACC8FCF82ED0E83BE2F967A3014DA0BB365DE95BEF7A3495BE","Extracted Dataset A file appeared during inventory."
"ADDED","Gait\dataset_a\other\yjf-00_3-042.png","","755","","81C63474D51A9804916C4F10B601F546EE417509CED4CE3888EA29778465B017","Extracted Dataset A file appeared during inventory."
"ADDED","Gait\dataset_a\other\yjf-00_3-043.png","","758","","E41AA08B401E9F427139B030379E700582D5EDB68D524092DE222F5E4DC065A3","Extracted Dataset A file appeared during inventory."
"ADDED","Gait\dataset_a\other\yjf-00_3-044.png","","747","","03FC39C18F3B763E1F06EE77025324F1AE160F2025B04570FA70103B0D3E4DD5","Extracted Dataset A file appeared during inventory."
"ADDED","Gait\dataset_a\other\yjf-00_3-045.png","","773","","AD80E300A95139C6E6B3AFCA7E52567AAEB98485343741B1E3D2F473BC250D78","Extracted Dataset A file appeared during inventory."
"ADDED","Gait\dataset_a\other\yjf-00_3-046.png","","808","","A0E381BF2D5815FD7BA96DC0673E4F1B9DBC518F54A37B4AF6EAFEBC177FE522","Extracted Dataset A file appeared during inventory."
"ADDED","Gait\dataset_a\other\yjf-00_3-047.png","","864","","6905C13C6ABB98300B0FAA5CF8A4A0CB02919D0C4A9F21F9EF2FAB745AB5D499","Extracted Dataset A file appeared during inventory."
"ADDED","Gait\dataset_a\other\yjf-00_3-049.png","","880","","86198B6E07B1E036A27A5411907AE67A1DF70162F4419231351F7517B6BF8B31","Extracted Dataset A file appeared during inventory."
"ADDED","Gait\dataset_a\other\yjf-00_3-052.png","","827","","915DD9DA555B5C43F3054063FC17416AF3573298FEDB94829DCDB4C09D72BD63","Extracted Dataset A file appeared during inventory."
"ADDED","Gait\dataset_a\other\yjf-00_3-053.png","","810","","F884362C7114D226A95ECDF6CC7311D728E71BEC1D6FF4618B042BD25317F6FD","Extracted Dataset A file appeared during inventory."
"ADDED","Gait\dataset_a\other\yjf-00_3-054.png","","813","","1297E63BEFC2D374F0044471F3CC75118F52CBE601BB36BFE0174E1FE02BC646","Extracted Dataset A file appeared during inventory."
"ADDED","Gait\dataset_a\other\yjf-00_3-055.png","","797","","9033BED6596371D25A2D032424D64295F5166EFE1AD4C1E90215F25283260367","Extracted Dataset A file appeared during inventory."
"ADDED","Gait\dataset_a\other\yjf-00_3-056.png","","785","","6BB53E1DE0C45CF4A69224AEE38A95C86C77EEF7322736E3FADE1A72014E9DCE","Extracted Dataset A file appeared during inventory."
"ADDED","Gait\dataset_a\other\yjf-00_3-057.png","","753","","2264AB475C54A3C5D99C59BB9D3E3A4198F89923A3FE40F876C80BDB0F050571","Extracted Dataset A file appeared during inventory."
"ADDED","Gait\dataset_a\other\yjf-00_4-001.png","","814","","B3DA013AACA0D414C939BDE5DA6C9C03AC08A781D91622589FA7DBD9F15C972F","Extracted Dataset A file appeared during inventory."
"ADDED","Gait\dataset_a\other\yjf-00_4-002.png","","832","","CBC5957C712CF99A5446A10A4B597719E2332BD7BAFF555A5A309EBD43FD66E9","Extracted Dataset A file appeared during inventory."
"ADDED","Gait\dataset_a\other\yjf-00_4-003.png","","845","","16418B4825CE686279FBF21BDF38695AF24FB9D1CB173B928A8690E1AC46D5B5","Extracted Dataset A file appeared during inventory."
"ADDED","Gait\dataset_a\other\yjf-00_4-004.png","","917","","554378176AA4A42E94FBF26E2D85F6E99CA86CD861638EDED5B0745CD23D16A2","Extracted Dataset A file appeared during inventory."
"ADDED","Gait\dataset_a\other\yjf-00_4-005.png","","936","","D0C4D6F3B28C16AA4D350B68687038A51C1501286D518C285A90F144571F6631","Extracted Dataset A file appeared during inventory."
"ADDED","Gait\dataset_a\other\yjf-00_4-007.png","","933","","9670374DEA6A6F46E412C62615CBD34BB5E4304EE3811CC05706F9701B968747","Extracted Dataset A file appeared during inventory."
"ADDED","Gait\dataset_a\other\yjf-00_4-010.png","","860","","0852456E299DE7F4C6B499E41F919B3978489D465840745400735CF524862F25","Extracted Dataset A file appeared during inventory."
"ADDED","Gait\dataset_a\other\yjf-00_4-011.png","","821","","1E3291336FE83C5526861FA11D161003707C6D021704D3481D51434B87AAE99E","Extracted Dataset A file appeared during inventory."
"ADDED","Gait\dataset_a\other\yjf-00_4-012.png","","791","","DB016F3887E4311C1F393D526161D33C873F30D0DBDC607CCF6C376789D079FF","Extracted Dataset A file appeared during inventory."
"ADDED","Gait\dataset_a\other\yjf-00_4-013.png","","794","","1C4FE430F136DD23CF9016CD8B7B3D75F6E657693257E2AB0DC04964D915AE32","Extracted Dataset A file appeared during inventory."
"ADDED","Gait\dataset_a\other\yjf-00_4-014.png","","766","","27CEC0860FCB4EFFE5FC2413592D8D3F6C49DEB96232D44529EF43544A9A7742","Extracted Dataset A file appeared during inventory."
"ADDED","Gait\dataset_a\other\yjf-00_4-015.png","","762","","C0B62AFD06288D061917BB2E6919853EF962C7CDB39736BA97D4BDA22574D29C","Extracted Dataset A file appeared during inventory."
"ADDED","Gait\dataset_a\other\yjf-00_4-016.png","","837","","8FC6E8E599752468090151FC031AB5996527C331BCFE0EAB4EDD76A4936A95CB","Extracted Dataset A file appeared during inventory."
"ADDED","Gait\dataset_a\other\yjf-00_4-017.png","","890","","7A7BE2383331ECC8D9937AB7A143B629F32DA7720F7B8B1A0A908AFE0B6D237D","Extracted Dataset A file appeared during inventory."
"ADDED","Gait\dataset_a\other\yjf-00_4-018.png","","984","","19124278B7462F52926644F14CC66D0CC32EB82D3B4B56EA45F6FF65340BD50B","Extracted Dataset A file appeared during inventory."
"ADDED","Gait\dataset_a\other\yjf-00_4-023.png","","989","","3E45DA0214012C52323B66CA6EA13BDB8EF6777FCA838B068DC2E991629325C3","Extracted Dataset A file appeared during inventory."
"ADDED","Gait\dataset_a\other\yjf-00_4-024.png","","927","","077855233BBD16196072DA93DC3288904FF88F95F57BFED735962929A421F9B3","Extracted Dataset A file appeared during inventory."
"ADDED","Gait\dataset_a\other\yjf-00_4-025.png","","878","","645E0109F79ACD11DD5F2C6F578462FE1F17C137F07D615E8195235366F47791","Extracted Dataset A file appeared during inventory."
"ADDED","Gait\dataset_a\other\yjf-00_4-026.png","","893","","AAC814C8DD009C9CAAD608E6688DD7AB3F48A68A316C7FF0DDC9BB3D1F028C3A","Extracted Dataset A file appeared during inventory."
"ADDED","Gait\dataset_a\other\yjf-00_4-027.png","","856","","972A606F3BBB8081F262A46F8122B501A74D00AD3395334370E89CFD29B8926C","Extracted Dataset A file appeared during inventory."
"ADDED","Gait\dataset_a\other\yjf-00_4-028.png","","848","","5C99A17E44BD2461B681215E8781A089FCE27D13231F04516640E7BCD6372094","Extracted Dataset A file appeared during inventory."
"ADDED","Gait\dataset_a\other\yjf-00_4-029.png","","905","","A314FC5647498BAEE5F2C59F345973F2631079CC3D0DEFCC76E063082930CA7E","Extracted Dataset A file appeared during inventory."
"ADDED","Gait\dataset_a\other\yjf-00_4-030.png","","912","","A5FEB03817560958EEBF89677322F899E66C2154349F76E17CF50D7367309A39","Extracted Dataset A file appeared during inventory."
"ADDED","Gait\dataset_a\other\yjf-00_4-031.png","","975","","8F07AE89E1758C068F2210E9784A230C2960195AD0A6CF31FC90AFA2AE8AAB30","Extracted Dataset A file appeared during inventory."
"ADDED","Gait\dataset_a\other\yjf-00_4-032.png","","1001","","E73F491113622921A7927CB9A1D01D16191F95A894E6541E9C3ED4FA0E0BADCC","Extracted Dataset A file appeared during inventory."
"ADDED","Gait\dataset_a\other\yjf-00_4-037.png","","872","","D3B97C87CFACC383B9A319832FF300D6F01F26B4C21AAAC0BF201454DB41A465","Extracted Dataset A file appeared during inventory."
"ADDED","Gait\dataset_a\other\yjf-00_4-038.png","","866","","627972D485141662C46ED320FB6545E284D72C6800B1937AFF46086A65C78E6E","Extracted Dataset A file appeared during inventory."
"ADDED","Gait\dataset_a\other\yjf-00_4-039.png","","848","","79D673AF5F1F6FDC97868FCBB6679D079A00AA614EA7BFFA0EA0413C4A462055","Extracted Dataset A file appeared during inventory."
"ADDED","Gait\dataset_a\other\yjf-00_4-040.png","","836","","2E4ACE24A02C93A052649F1CDD2A4BBF462B0B53684532B3C29E18C15320112E","Extracted Dataset A file appeared during inventory."
"ADDED","Gait\dataset_a\other\yjf-00_4-041.png","","786","","4365245E252511A6E86A711F747CBB17950059170A76B97939BC1700366D4CD2","Extracted Dataset A file appeared during inventory."
"ADDED","Gait\dataset_a\other\yjf-00_4-042.png","","798","","F6122337DC500031FB493EA743FD37C2E8FAAC2EAB9AB047D82832FEEEB63852","Extracted Dataset A file appeared during inventory."
"ADDED","Gait\dataset_a\other\yjf-00_4-043.png","","842","","B4049631DBFE3ACE89EF9BC661CA9E2662998AD583C8E4C5B51E26790B0A55C7","Extracted Dataset A file appeared during inventory."
"ADDED","Gait\dataset_a\other\yjf-00_4-044.png","","880","","83A8FD8473BB6675B795B1ACC207CB231372E74C2FFC328E0348336576523B3F","Extracted Dataset A file appeared during inventory."
"ADDED","Gait\dataset_a\other\yjf-00_4-045.png","","923","","1C66956711011E53111DC9AAD356F85274DC06E8B9240AB639465DD63206004B","Extracted Dataset A file appeared during inventory."
"ADDED","Gait\dataset_a\other\yjf-00_4-046.png","","969","","57881A894883FD7067C3FB1E9B5CFC719D688AB9767D77A91CD4DA82B46F2DB3","Extracted Dataset A file appeared during inventory."
"ADDED","Gait\dataset_a\other\yjf-00_4-051.png","","806","","58340B6EEB495B0E242D2DD4EE1813690CD82E221922AD766B57867E5BA630C6","Extracted Dataset A file appeared during inventory."
"ADDED","Gait\dataset_a\other\yjf-00_4-052.png","","779","","E07792F978B5F1D83D37B73AF89B2C2D4DE0568AE1DD67F40BA8DEAB6AE8E1F9","Extracted Dataset A file appeared during inventory."
"ADDED","Gait\dataset_a\other\yjf-00_4-053.png","","739","","1F3A57FC358DF6EBC24630288370005A0B438EED2CA86A26D208D810C8512D64","Extracted Dataset A file appeared during inventory."
"ADDED","Gait\dataset_a\other\yjf-00_4-054.png","","675","","627FAB44323732B7A3D8A4804D39FAE15ABC31325269217A89A0426292852AFF","Extracted Dataset A file appeared during inventory."
"ADDED","Gait\dataset_a\other\yjf-00_4-055.png","","699","","1F8AEF1052681492BC370D32507B12E1CABCA3E74159D69B74ABF87754E9433B","Extracted Dataset A file appeared during inventory."
"ADDED","Gait\dataset_a\other\yjf-00_4-056.png","","733","","1D7D2665DD067EF5197D83E2C038E0C3FA4091BF4E6F52867C28D0A9C7BA98E8","Extracted Dataset A file appeared during inventory."
"ADDED","Gait\dataset_a\other\yjf-00_4-057.png","","741","","F160D757F6C873E624A9B1A973697BC45145725095F6511C60C288AFCBAC89C5","Extracted Dataset A file appeared during inventory."
"ADDED","Gait\dataset_a\other\zc-00_1-001.png","","1114","","8DCB35E9A9214F269540C55900194C018344A668393E302C3F713F809F4CB08E","Extracted Dataset A file appeared during inventory."
"ADDED","Gait\dataset_a\other\zc-00_1-002.png","","1089","","274E23306C48538C806CBFBDDCBED45E54CBE7DC8F2106E98A390DEE4CFEC4A1","Extracted Dataset A file appeared during inventory."
"ADDED","Gait\dataset_a\other\zc-00_1-003.png","","1040","","1A23F67C98B57C2D0940C0CABA5CF02778D2C9525CF74ADFF3AE7344904E42C4","Extracted Dataset A file appeared during inventory."
"ADDED","Gait\dataset_a\other\zc-00_1-004.png","","977","","1CB896B4EF6D6B909A726B6753B2C79FF9094A88EDACEC5AAE79AF40295CF491","Extracted Dataset A file appeared during inventory."
"ADDED","Gait\dataset_a\other\zc-00_1-005.png","","959","","CEFAD725DAAA4CBE77D749D3C5E2CE6E9649EB7D9F541925A019759F83E22018","Extracted Dataset A file appeared during inventory."
"ADDED","Gait\dataset_a\other\zc-00_1-006.png","","925","","78E4D1667EE0C899A384B01C8F1661FD0A476554F7C0FF5C9D881A7318871165","Extracted Dataset A file appeared during inventory."
"ADDED","Gait\dataset_a\other\zc-00_1-007.png","","1058","","9F65B34331FB068ECAD845D63D2A4DE604A7883F0C3E030098343FC8EED9742F","Extracted Dataset A file appeared during inventory."
"ADDED","Gait\dataset_a\other\zc-00_1-008.png","","1053","","EDD8513C2F97ADB7064ACF927752FEB6C76DD6B989CD1B6233AE90BD849A7987","Extracted Dataset A file appeared during inventory."
"ADDED","Gait\dataset_a\other\zc-00_1-009.png","","1142","","820CD650353B7A104C70D59399AC280F173866F9C4C38166DF73BFADC520B401","Extracted Dataset A file appeared during inventory."
"ADDED","Gait\dataset_a\other\zc-00_1-010.png","","1135","","F7E97AEB3798D9001E328D7DEF11837F19AD3472066569DD0FD69C2D251D6CF2","Extracted Dataset A file appeared during inventory."
"ADDED","Gait\dataset_a\other\zc-00_1-015.png","","1123","","AD7742565AD14D3AC274715896C96C102E8BF0BE603F20096EE848BBC09A14D4","Extracted Dataset A file appeared during inventory."
"ADDED","Gait\dataset_a\other\zc-00_1-016.png","","1102","","AFC404032887AEB75513CE7773F51DB3FD1351125522064F793ED650BE502EAA","Extracted Dataset A file appeared during inventory."
"ADDED","Gait\dataset_a\other\zc-00_1-017.png","","1138","","B2CD7E4A632FE7009121390A704ED7E697227C04BB1F693F2CF2703F26539429","Extracted Dataset A file appeared during inventory."
"ADDED","Gait\dataset_a\other\zc-00_1-018.png","","1079","","0011F475BE07B027D429B7660ECA3EF7CBCA65434310809EB66230BE7673096F","Extracted Dataset A file appeared during inventory."
"ADDED","Gait\dataset_a\other\zc-00_1-019.png","","1021","","2060C1479D0FFAA9C608D32F19157DD91C7C8FFA05DF1CF2E8C4E988DDB8E380","Extracted Dataset A file appeared during inventory."
"ADDED","Gait\dataset_a\other\zc-00_1-020.png","","1101","","01AFCFED35DF40271B724FC826CD0374ECB95B6868D214B2B69249A8771B6F62","Extracted Dataset A file appeared during inventory."
"ADDED","Gait\dataset_a\other\zc-00_1-021.png","","1159","","F3804E1D5662A11AE8D8804B78AD4E1AD73A271F6E533CB69C7BCB6028837B5E","Extracted Dataset A file appeared during inventory."
"ADDED","Gait\dataset_a\other\zc-00_1-022.png","","1184","","0A075C2A1EF0100ABC6874BC4E3B77CC1D4661C9202B4E020ADA90D98AF93740","Extracted Dataset A file appeared during inventory."
"ADDED","Gait\dataset_a\other\zc-00_1-023.png","","1267","","8D07E5D82306ECFFF28C5EC536885ACC7CF894961E8C465A991CEA56C296235F","Extracted Dataset A file appeared during inventory."
"ADDED","Gait\dataset_a\other\zc-00_1-025.png","","1227","","1ECDCC1A37C115C521F37CC78D78C2330F4508C9A7C725D09993CC22A5048E24","Extracted Dataset A file appeared during inventory."
"ADDED","Gait\dataset_a\other\zc-00_1-026.png","","1219","","5DDFC64374201C5BA1B39E9643DBFAD323549C37181C00AFC234266E53000523","Extracted Dataset A file appeared during inventory."
"ADDED","Gait\dataset_a\other\zc-00_1-029.png","","1056","","93668B77B004B51B1436B9BD25D530677BAC486FECA22DA7BAB46CD2A119DBCF","Extracted Dataset A file appeared during inventory."
"ADDED","Gait\dataset_a\other\zc-00_1-030.png","","1011","","18BB595240A42876B1CF3393FC36174AC81FD1485CC23DA6BC9AE8BC0D54D90B","Extracted Dataset A file appeared during inventory."
"ADDED","Gait\dataset_a\other\zc-00_1-031.png","","934","","5C00072036E2C182346335D8995C3BB8937B0E925B3A9949C84CDA0553534043","Extracted Dataset A file appeared during inventory."
"ADDED","Gait\dataset_a\other\zc-00_1-032.png","","922","","BFDB5B66EF6AB4D5AE93DEA09F22796778F5866EEA37728078FA2808640054EC","Extracted Dataset A file appeared during inventory."
"ADDED","Gait\dataset_a\other\zc-00_1-033.png","","1040","","E7CCE457478222B99FC42303BA5152DA2753CE0473D021389CE8700942A4B175","Extracted Dataset A file appeared during inventory."
"ADDED","Gait\dataset_a\other\zc-00_1-034.png","","1077","","68DCBB5D0B1B07C546AD86214C5C40512754BFFAC30AC4A65AEA04AC8F0E6387","Extracted Dataset A file appeared during inventory."
"ADDED","Gait\dataset_a\other\zc-00_1-035.png","","1132","","289062F7AF97BCAFBC0545B88D965E066C3AB9437829870B6CE83FCEEB37D0CD","Extracted Dataset A file appeared during inventory."
"ADDED","Gait\dataset_a\other\zc-00_1-036.png","","1123","","925672B454654A0D96FDB010BB91F18272E7D924A6EECCC18EABF1C8BFDEDBA0","Extracted Dataset A file appeared during inventory."
"ADDED","Gait\dataset_a\other\zc-00_1-037.png","","1147","","DF9341A275FB92FAC9B98F8613C571C8A078EAA9E18877C6CA193D7E61E199C0","Extracted Dataset A file appeared during inventory."
"ADDED","Gait\dataset_a\other\zc-00_1-039.png","","1161","","0B7221E8D9A5808586189CDACA4602BB2D7999A1607ACD39D39034577B18088D","Extracted Dataset A file appeared during inventory."
"ADDED","Gait\dataset_a\other\zc-00_1-042.png","","998","","1F082736086F25CD160A05CC9EFF21955461C080B4849C51CDE1BE3E7FD2630A","Extracted Dataset A file appeared during inventory."
"ADDED","Gait\dataset_a\other\zc-00_1-043.png","","965","","C621CAB2D0FEFD84A6C95B6E9915917C4096F7143E8B0E4CA9391FD639B78320","Extracted Dataset A file appeared during inventory."
"ADDED","Gait\dataset_a\other\zc-00_2-001.png","","1052","","9B346F761D33651B62CB3AFAF596B41294C5FD0EE62A5EDA880B7F43B5615EA8","Extracted Dataset A file appeared during inventory."
"ADDED","Gait\dataset_a\other\zc-00_2-002.png","","953","","32C05B5D9EFEA37B27CB7F43F2D82B11CBAD87F70BE5E8A69E62266FA79B5530","Extracted Dataset A file appeared during inventory."
"ADDED","Gait\dataset_a\other\zc-00_2-003.png","","982","","9272101C9A31351489049259180708491DA8D3F00DFF24BCC8F18FA57199CF14","Extracted Dataset A file appeared during inventory."
"ADDED","Gait\dataset_a\other\zc-00_2-004.png","","948","","2E3E0258E89C64D893F923F614B01B0EB64C49862B5936B40995729660933C85","Extracted Dataset A file appeared during inventory."
"ADDED","Gait\dataset_a\other\zc-00_2-005.png","","946","","3499714F87CA06282FDB8C951483946084608A98286C8E8A7293D910ABDFC52C","Extracted Dataset A file appeared during inventory."
"ADDED","Gait\dataset_a\other\zc-00_2-006.png","","1012","","7E8F44DFFBC317F2FA789A3647A12C0EA9996973DB65DF291939B5BEF3436640","Extracted Dataset A file appeared during inventory."
"ADDED","Gait\dataset_a\other\zc-00_2-007.png","","1113","","AD240AE4C004D1EDDB66C02F24FF32E7EF8912398A1F1C3974E2EDB138ED0168","Extracted Dataset A file appeared during inventory."
"ADDED","Gait\dataset_a\other\zc-00_2-008.png","","1189","","C2318045020D421726BBDC927211712106DC5065A6BFF4279939014D62613AA7","Extracted Dataset A file appeared during inventory."
"ADDED","Gait\dataset_a\other\zc-00_2-009.png","","1189","","D276974BA9FD875A557ED1BE253BBFB7330C731EB98F8C795A933A30A22AB44C","Extracted Dataset A file appeared during inventory."
"ADDED","Gait\dataset_a\other\zc-00_2-011.png","","1289","","ED2BE25FFB4E173E3FCD4FCA668ABEBF6645C2EF58348729A2EECFC266D62FF8","Extracted Dataset A file appeared during inventory."
"ADDED","Gait\dataset_a\other\zc-00_2-012.png","","1254","","6CFB7CC6108DF96446F150EBAB9BAD80715725424139BD66CAFE6DFE56C4BB7D","Extracted Dataset A file appeared during inventory."
"ADDED","Gait\dataset_a\other\zc-00_2-013.png","","1241","","E3354B91FFA19DC6B3D458E980235F6DC4C7A813621A2D46DB5CB7309424C172","Extracted Dataset A file appeared during inventory."
"ADDED","Gait\dataset_a\other\zc-00_2-016.png","","1118","","09868D48775E4670E541B1CF5E36A058325B6EE9E96D45E87600A593BA4013A6","Extracted Dataset A file appeared during inventory."
"ADDED","Gait\dataset_a\other\zc-00_2-017.png","","1118","","09868D48775E4670E541B1CF5E36A058325B6EE9E96D45E87600A593BA4013A6","Extracted Dataset A file appeared during inventory."
"ADDED","Gait\dataset_a\other\zc-00_2-018.png","","1107","","55E5DF6DE25A219A0DF2E5CAB531D7210F4109C40E012C53621D62B895FB5F03","Extracted Dataset A file appeared during inventory."
"ADDED","Gait\dataset_a\other\zc-00_2-019.png","","1076","","D3139D705DB8F75F73C4A93D1E3855F7979D9AC87052827ACF28E8B75B4D2694","Extracted Dataset A file appeared during inventory."
"ADDED","Gait\dataset_a\other\zc-00_2-020.png","","984","","C6A6083A0FD0168C0FFDFD2BB1CF50E0449620AA28D879F79A1FC7C8E75C175F","Extracted Dataset A file appeared during inventory."
"ADDED","Gait\dataset_a\other\zc-00_2-021.png","","989","","D69C0EC07FCF13B79FE36408BE331E53E30FDB066906CC8DFF16011959C11113","Extracted Dataset A file appeared during inventory."
"ADDED","Gait\dataset_a\other\zc-00_2-022.png","","1139","","9387A7FABB1E28064F5A05FD7BD7598849C3293EAFD8434E18F7AFB329E88595","Extracted Dataset A file appeared during inventory."
"ADDED","Gait\dataset_a\other\zc-00_2-023.png","","1137","","51B849C933DEFF86197EFA00CDD596AD296272BF92FA4038C2367952A1D596B2","Extracted Dataset A file appeared during inventory."
"ADDED","Gait\dataset_a\other\zc-00_2-024.png","","1115","","1982B3951F626392608BA4B00C8777C20A93220404DB8D8299EB3B0AE35F3026","Extracted Dataset A file appeared during inventory."
"ADDED","Gait\dataset_a\other\zc-00_2-025.png","","1111","","E4EBE6AC2D68C22C9F90E7DF941681C89ED3091D331777BE8C7B1E1BAA77BDD8","Extracted Dataset A file appeared during inventory."
"ADDED","Gait\dataset_a\other\zc-00_2-026.png","","1204","","7AF701D307F4FD91FA7FEA147DE79EB399B220BADD95F76083325387E580DE00","Extracted Dataset A file appeared during inventory."
"ADDED","Gait\dataset_a\other\zc-00_2-028.png","","1280","","3482ECFCCE1ACD7972FDFB062E9F8D9C2F30C43E91CFA4D05CC87E8DDA799192","Extracted Dataset A file appeared during inventory."
"ADDED","Gait\dataset_a\other\zc-00_2-029.png","","1281","","211AA76F8D09287A6E80D3643A1442DB1BA4723995538EF52955CD3743ED8D34","Extracted Dataset A file appeared during inventory."
"ADDED","Gait\dataset_a\other\zc-00_2-030.png","","1222","","F8F102E8D9F286B0C88D145CD618DA344528A8A070DDD79D5575EC527AD9667D","Extracted Dataset A file appeared during inventory."
"ADDED","Gait\dataset_a\other\zc-00_2-033.png","","1118","","36CA544441397BE5DAEECBB440A4EDDAECC2D6A02BC104524C8BB572E10C2692","Extracted Dataset A file appeared during inventory."
"ADDED","Gait\dataset_a\other\zc-00_2-034.png","","1040","","98C255F64AF11C8DFE2313ECBDA5ECFF9860BD683347989764DB679C1633E76A","Extracted Dataset A file appeared during inventory."
"ADDED","Gait\dataset_a\other\zc-00_2-035.png","","1040","","98C255F64AF11C8DFE2313ECBDA5ECFF9860BD683347989764DB679C1633E76A","Extracted Dataset A file appeared during inventory."
"ADDED","Gait\dataset_a\other\zc-00_2-036.png","","994","","06EE0B9E04C48647BC6BDFBE4D4E7C3BE9D9F494882C6487A21421897C514256","Extracted Dataset A file appeared during inventory."
"ADDED","Gait\dataset_a\other\zc-00_2-037.png","","996","","55A35F9AC823F9659674BB5C8F5F6116DE4FA968BCF37CED11A4A4DF68704B15","Extracted Dataset A file appeared during inventory."
"ADDED","Gait\dataset_a\other\zc-00_2-038.png","","1072","","FABD2EC709E5690343A0092DB64C752F6C01671940A323414825ACCCF496B699","Extracted Dataset A file appeared during inventory."
"ADDED","Gait\dataset_a\other\zc-00_2-039.png","","1119","","93C6C4A0EFAADC63D6D73FCB58674C208BE80FF084CF6AD064F1AD9677CA3E99","Extracted Dataset A file appeared during inventory."
"ADDED","Gait\dataset_a\other\zc-00_2-040.png","","1202","","54D3D9C46851CC983912A93F989A6D073F947CF78EF1FEEA451E3A7653A2C6D5","Extracted Dataset A file appeared during inventory."
"ADDED","Gait\dataset_a\other\zc-00_2-044.png","","1205","","D78F7FBA9743DC128674E5A791F6669433A03DD8192EA2DFA43EE37D6E1D8ED2","Extracted Dataset A file appeared during inventory."
"ADDED","Gait\dataset_a\other\zc-00_2-045.png","","1184","","938D05E94D7C9C66B4C80C264E0281E129D04B772233BF1FD97F66E9E38307CC","Extracted Dataset A file appeared during inventory."
"ADDED","Gait\dataset_a\other\zc-00_2-048.png","","1168","","706996A6B782DD86AF6C0AF7F6284992B0A115181DE019C030ACF486618DA223","Extracted Dataset A file appeared during inventory."
"ADDED","Gait\dataset_a\other\zc-00_2-049.png","","1085","","8E71DD93367134BED663D0E0396F72ACF4CBDB8DFB746E07D15E35DA95F98E17","Extracted Dataset A file appeared during inventory."
"ADDED","Gait\dataset_a\other\zc-00_2-050.png","","1043","","F1D80F392BE0F846C026FED140B23D5DDBF9FAFC237947D9061FC4E6E95C5B96","Extracted Dataset A file appeared during inventory."
"ADDED","Gait\dataset_a\other\zc-00_3-001.png","","1083","","D8753295E4AA3392714D3AF94911FFF0AB205DE8E641D0315BC3241B270DEA2D","Extracted Dataset A file appeared during inventory."
"ADDED","Gait\dataset_a\other\zc-00_3-002.png","","1071","","466DB3BA589E27F25B5A830B2B76139825ED3C67273D4B4E470E54F03D433D2D","Extracted Dataset A file appeared during inventory."
"ADDED","Gait\dataset_a\other\zc-00_3-003.png","","1147","","64A8AD8AA21196FC418C992673609652A0D76CA79A2561F5AC27C93A5C76FC43","Extracted Dataset A file appeared during inventory."
"ADDED","Gait\dataset_a\other\zc-00_3-004.png","","1173","","DFA0C575219DFD55241B3914640DB18EEAE4133B2C3E411AE68B605AFD8830A5","Extracted Dataset A file appeared during inventory."
"ADDED","Gait\dataset_a\other\zc-00_3-006.png","","1173","","B03C37B6337A52D636BEE4550736ED3458FE299F78737DBCB0FC155337888879","Extracted Dataset A file appeared during inventory."
"ADDED","Gait\dataset_a\other\zc-00_3-009.png","","1089","","C100A996A1706DDC5E135B6B55481FD6F7D29ED0D7E00846789AD07B4E3EE73B","Extracted Dataset A file appeared during inventory."
"ADDED","Gait\dataset_a\other\zc-00_3-010.png","","1028","","C2A59CEF015077B19229791D20797046D48DD7BCE8E5254475C4268EFE21A078","Extracted Dataset A file appeared during inventory."
"ADDED","Gait\dataset_a\other\zc-00_3-011.png","","1011","","77FF2C31CE796CB0EA4D84918E282EE9321C8BFE7F004BD7644309F97C5CD903","Extracted Dataset A file appeared during inventory."
"ADDED","Gait\dataset_a\other\zc-00_3-012.png","","983","","93D9BF338BABE8FCE1DA3E931F66902ABEBEB8BDE54FF19111940060B3CF628B","Extracted Dataset A file appeared during inventory."
"ADDED","Gait\dataset_a\other\zc-00_3-013.png","","959","","9D7AA55B109605C589520FDEE9E6C2D7A225E5D4AF0EE6EDF2540CA3D32DFF31","Extracted Dataset A file appeared during inventory."
"ADDED","Gait\dataset_a\other\zc-00_3-014.png","","1079","","2163DEF803094D7FDB39EABE4C9C6CAC89753BFCC705DC9B66D3C93C639517E8","Extracted Dataset A file appeared during inventory."
"ADDED","Gait\dataset_a\other\zc-00_3-015.png","","1109","","84F609917B38D2D3B1029D77D4D3E37D2003071BF313EC4861ED4139D0A78BB2","Extracted Dataset A file appeared during inventory."
"ADDED","Gait\dataset_a\other\zc-00_3-016.png","","1126","","A6E3609431F80653FE42A8A30A2731CBC2BBE8831BC2C3A96BA9533C10BF0AB0","Extracted Dataset A file appeared during inventory."
"ADDED","Gait\dataset_a\other\zc-00_3-017.png","","1161","","CFB5E93B00C38AFF50320DA37D583A9988AC3FCEFCD9A7CA196002F4CAC7FE6A","Extracted Dataset A file appeared during inventory."
"ADDED","Gait\dataset_a\other\zc-00_3-019.png","","1211","","4D7C324646F08F2E2B3EE2120B4BAF93420E218F85698EB35E8831CC9076B4C9","Extracted Dataset A file appeared during inventory."
"ADDED","Gait\dataset_a\other\zc-00_3-020.png","","1211","","F98FE6DBC69D8E6685FA153DD2E2377AD75767B5CAFCA91CD14A61B328D34162","Extracted Dataset A file appeared during inventory."
"ADDED","Gait\dataset_a\other\zc-00_3-023.png","","1150","","B0537E421193FD459D42F889533DA00F27A3B9140A5C9F894DFD02D691DD6521","Extracted Dataset A file appeared during inventory."
"ADDED","Gait\dataset_a\other\zc-00_3-024.png","","1145","","607DB6213F753623F2B1C9A8EE04AF1C23284928D808BAB3F3D89510D3A1D5CF","Extracted Dataset A file appeared during inventory."
"ADDED","Gait\dataset_a\other\zc-00_3-025.png","","1054","","0DE824E71F8F63442090E6184AD149D4BD5FEF5A9E299AFBA128C02A4C534355","Extracted Dataset A file appeared during inventory."
"ADDED","Gait\dataset_a\other\zc-00_3-026.png","","1002","","B80933E0AD199E4397EB8F58A6CF59DE4BC6F7287143A6713796C60DE25B34E8","Extracted Dataset A file appeared during inventory."
"ADDED","Gait\dataset_a\other\zc-00_3-027.png","","1106","","CA3922DC1FCBFC389E2CCC48893EBE6743FC88987FA81794B1E91976189AF2A5","Extracted Dataset A file appeared during inventory."
"ADDED","Gait\dataset_a\other\zc-00_3-028.png","","1217","","34F088AE976B3F9F3F8785EC34DA7719C915ED91B7B074CB45BABCCAB0CB38C1","Extracted Dataset A file appeared during inventory."
"ADDED","Gait\dataset_a\other\zc-00_3-029.png","","1229","","283B95ECA55AD36040816F581E16F064D20DCA7AE0DC95EB3F741D61EE601617","Extracted Dataset A file appeared during inventory."
"ADDED","Gait\dataset_a\other\zc-00_3-030.png","","1191","","DF784ED5273CCF47A1F68BD89A8C0AB10CF82500E41DB00ACEB98D804023F541","Extracted Dataset A file appeared during inventory."
"ADDED","Gait\dataset_a\other\zc-00_3-032.png","","1193","","DE65DC2C53CD7F1E0EEF407ACD50F783E8BBA4F09B756CCA1B6BC5EA6514F959","Extracted Dataset A file appeared during inventory."
"ADDED","Gait\dataset_a\other\zc-00_3-033.png","","1166","","3F2B9BB7ECB04AA462ECB2972AF10DCA9C8AFBE7F7AE41A65144C37641409AE9","Extracted Dataset A file appeared during inventory."
"ADDED","Gait\dataset_a\other\zc-00_3-036.png","","1103","","124FCB4FD76758B6C77ED86216037D7ACAB2E7036E16A21F9F7D874A651E728F","Extracted Dataset A file appeared during inventory."
"ADDED","Gait\dataset_a\other\zc-00_3-037.png","","1005","","3DE09A8DBE5B9B0F36E858C34C86808817CD9DF44839FCC520D5F75A70B94258","Extracted Dataset A file appeared during inventory."
"ADDED","Gait\dataset_a\other\zc-00_3-038.png","","999","","A875D3D25D295C9872ACDADD8310C8384E1056F33DAE7B4BCEFF63C54FD73205","Extracted Dataset A file appeared during inventory."
"ADDED","Gait\dataset_a\other\zc-00_3-039.png","","964","","7DA65A6407A6C34FED79581B2EAE6990BACA7F19FC0CD3753DD70EE9702C6F2C","Extracted Dataset A file appeared during inventory."
"ADDED","Gait\dataset_a\other\zc-00_3-040.png","","1003","","2A3843C4EC204B7574290C64E05B734EBBE4608A1CA725978C6D6279CA3A3464","Extracted Dataset A file appeared during inventory."
"ADDED","Gait\dataset_a\other\zc-00_3-041.png","","1049","","9BE4DAB260B3E738CA7B37BDE6DC4A8A024F43E84B0193573BC1B9AA34D2BE54","Extracted Dataset A file appeared during inventory."
"ADDED","Gait\dataset_a\other\zc-00_3-042.png","","1072","","F985E1EF60F5B0288D30838CBD674EAFA1BAB0C5694016D68C3E11A9FBE1F01A","Extracted Dataset A file appeared during inventory."
"ADDED","Gait\dataset_a\other\zc-00_3-043.png","","1164","","7564E68DE5FF29DA213045E088ADFC76F0BECFFB56D45CA6743175B598980AE7","Extracted Dataset A file appeared during inventory."
"ADDED","Gait\dataset_a\other\zc-00_4-001.png","","1105","","97FDFA3AACA81CCD9A815C98B6C5614A9EE5B77026BC88B5C55B9AF9039ABC1D","Extracted Dataset A file appeared during inventory."
"ADDED","Gait\dataset_a\other\zc-00_4-002.png","","1099","","210A2352D31149DF93BD2E420BD9F1C531BF30BC198B78F4C2CB9EC436AAEF18","Extracted Dataset A file appeared during inventory."
"ADDED","Gait\dataset_a\other\zc-00_4-003.png","","1137","","3AF7DF4FE3B531996909958755F2A3E54631C6F577DA2E79579BF322508E10E4","Extracted Dataset A file appeared during inventory."
"ADDED","Gait\dataset_a\other\zc-00_4-005.png","","1182","","BABCF5DBE61BFD7B86D9F06543AF33A081506D36FFD00226FFE160A2D83FFEBB","Extracted Dataset A file appeared during inventory."
"ADDED","Gait\dataset_a\other\zc-00_4-006.png","","1156","","0D4D9EF6E6E5DB4F60F7A0620AFB129CB7CCFBDC9CC9C316CD84F5F3B586A822","Extracted Dataset A file appeared during inventory."
"ADDED","Gait\dataset_a\other\zc-00_4-009.png","","1010","","8206EEF482C78E0A8750C452CB893ADA4658E9BBDE30A40484470CF57C16AFD1","Extracted Dataset A file appeared during inventory."
"ADDED","Gait\dataset_a\other\zc-00_4-010.png","","960","","056A7D8F42B10EC35793EE8D7CBF809C31D2B775B6A803ACFA66C3D4C56AB41C","Extracted Dataset A file appeared during inventory."
"ADDED","Gait\dataset_a\other\zc-00_4-011.png","","972","","BA9CB5EE7C01BD19A07223F42F24095EF6B27B32531B5967D021A43109EA0492","Extracted Dataset A file appeared during inventory."
"ADDED","Gait\dataset_a\other\zc-00_4-012.png","","971","","665F810F6D5E175CC7B965416F63970DC0E2BB8EA1A0727ABEF18260BC491BC9","Extracted Dataset A file appeared during inventory."
"ADDED","Gait\dataset_a\other\zc-00_4-013.png","","1096","","0906C669EDD35C6C2E5C09C6576098737706FBEF8B469632E4AC22A8B28183F2","Extracted Dataset A file appeared during inventory."
"ADDED","Gait\dataset_a\other\zc-00_4-014.png","","1162","","95151FB877DBEB415744D49A5BCFC7D52A49700F4133958896CC2A34D231306E","Extracted Dataset A file appeared during inventory."
"ADDED","Gait\dataset_a\other\zc-00_4-015.png","","1193","","3B8CA4F908F5D67AE2C9E0C6FD510E4A6A6FF931A664FA0F5CD9E9BF1E5706B1","Extracted Dataset A file appeared during inventory."
"ADDED","Gait\dataset_a\other\zc-00_4-016.png","","1272","","65D15FCC22AAD3BB71562FE2F78510014B93A69D7AB574FFAFB539809740A91F","Extracted Dataset A file appeared during inventory."
"ADDED","Gait\dataset_a\other\zc-00_4-018.png","","1296","","77C6C802F534F904C5BEC652C2F39949DD10C0BE337D81CCECB1AB5358A1B52A","Extracted Dataset A file appeared during inventory."
"ADDED","Gait\dataset_a\other\zc-00_4-019.png","","1257","","A606D0D9D0A2EF5250EECF3EAF3D19CDBA8DF6A2A0EAC1947D21F60CFDC3BD39","Extracted Dataset A file appeared during inventory."
"ADDED","Gait\dataset_a\other\zc-00_4-022.png","","1116","","472E71D93EB66CBE5788DF4BC9CF7F034A2268C59D13FFC28DCBD02C886E0DDF","Extracted Dataset A file appeared during inventory."
"ADDED","Gait\dataset_a\other\zc-00_4-023.png","","1048","","FB2AF1897A5997097972727858BFD24323F0D2902AA915DA93BFB621BC38D991","Extracted Dataset A file appeared during inventory."
"ADDED","Gait\dataset_a\other\zc-00_4-024.png","","987","","6D3AE8813A7AFFF09C17C0AD3C10CB65B11043742ED8CE45EAA016D89F981F9E","Extracted Dataset A file appeared during inventory."
"ADDED","Gait\dataset_a\other\zc-00_4-025.png","","1039","","4FB54E4AF22BE49A0E29428CF5B80BCFC4153316AE83DEE860625B6B944FA885","Extracted Dataset A file appeared during inventory."
"ADDED","Gait\dataset_a\other\zc-00_4-026.png","","1112","","89158452557B8289AB7AB28B705FAA71EBCBD59D8D135FFD59A0DBE9CA98A61E","Extracted Dataset A file appeared during inventory."
"ADDED","Gait\dataset_a\other\zc-00_4-027.png","","1105","","B7ECCB6885AED23CBD35455669D469EA7D7B259E4D1E3FD888C889680D03AC71","Extracted Dataset A file appeared during inventory."
"ADDED","Gait\dataset_a\other\zc-00_4-028.png","","1117","","095C736CA78783E2F2C14CCE66BF54B3937BD94B6ADFC69DBC1E2FCBE0A8FD32","Extracted Dataset A file appeared during inventory."
"ADDED","Gait\dataset_a\other\zc-00_4-029.png","","1229","","30378D3A2444AFF874A3BD7998D05B2A277CACBDDB2535FE9F1972DCB9FC1926","Extracted Dataset A file appeared during inventory."
"ADDED","Gait\dataset_a\other\zc-00_4-031.png","","1235","","174C496F16EA03F21E66B5CE2AB3205BC5F74333A97FBEDD3C9BB719AB377C9B","Extracted Dataset A file appeared during inventory."
"ADDED","Gait\dataset_a\other\zc-00_4-032.png","","1186","","97D2051D13715FF93EDAFCF5B62EF7F7A01B63FBFEBD5C087BFC51ED358FB692","Extracted Dataset A file appeared during inventory."
"ADDED","Gait\dataset_a\other\zc-00_4-035.png","","1034","","84ED093410D13DB78C1D7DD49EFB9396102FF6A0BAE4E406823C0A7E7E001B76","Extracted Dataset A file appeared during inventory."
"ADDED","Gait\dataset_a\other\zc-00_4-036.png","","992","","1334A92E3A21B9A1ED27949E2E6E63D8FF24460FF6F931C817F6EE080987B137","Extracted Dataset A file appeared during inventory."
"ADDED","Gait\dataset_a\other\zc-00_4-037.png","","1034","","A2D82D9C2C2F6E440625289752951F69B497C01F71CCE458F463706099977CBF","Extracted Dataset A file appeared during inventory."
"ADDED","Gait\dataset_a\other\zc-00_4-038.png","","991","","AF25653966012E0B61BFC9BC5C8B056132CF6ED92BF2DFA69DCC473591FC9D13","Extracted Dataset A file appeared during inventory."
"ADDED","Gait\dataset_a\other\zc-00_4-039.png","","1105","","6EB44961D071C90B759C937FF902BA6861ED0C9F1365760369513112CC65658A","Extracted Dataset A file appeared during inventory."
"ADDED","Gait\dataset_a\other\zc-00_4-040.png","","1086","","EDD5DB0A095922AC8069A377517CD9CB7AAB6BE5E2F67E2EA98C0D61DD7C877E","Extracted Dataset A file appeared during inventory."
"ADDED","Gait\dataset_a\other\zc-00_4-041.png","","1156","","A5E81BD377325827EEC73E79A7BF4D75BF325A2D6FAF6AA31374DDFB3C44ECA7","Extracted Dataset A file appeared during inventory."
"ADDED","Gait\dataset_a\other\zc-00_4-042.png","","1152","","1B4E0FFEFF2EE700C4CDA510685960972E2E9D77BBF2C75D80C1A55635798327","Extracted Dataset A file appeared during inventory."
"ADDED","Gait\dataset_a\other\zc-00_4-044.png","","1150","","6CBFF1AF2791DA08F144403719BF60EC8E79E41725DB8D1D0AE6A72414042BC0","Extracted Dataset A file appeared during inventory."
"ADDED","Gait\dataset_a\other\zc-00_4-047.png","","1078","","278E94D2E4F4975EC24C0B3ED252A19A613D5812297E7275995FB0D7D7B6E883","Extracted Dataset A file appeared during inventory."
"ADDED","Gait\dataset_a\other\zc-00_4-048.png","","1056","","D8A2E230A6E5FDBD8564EEC10555B82654236B6B871C232585A5883DA8A02482","Extracted Dataset A file appeared during inventory."
"ADDED","Gait\dataset_a\other\zc-00_4-049.png","","924","","2C59034AB49BD91FFAF3670527E273E57CED0D3AC2272E16F78421C31DE29ABD","Extracted Dataset A file appeared during inventory."
"ADDED","Gait\dataset_a\other\zc-00_4-050.png","","855","","05AE7E770F3BC4C0196D4B99D00B0B7681BCC101BCD063906B18EEA11192E647","Extracted Dataset A file appeared during inventory."
"ADDED","Gait\dataset_a\other\zdx-00_1-001.png","","884","","7E1EC6B77BE6928351BDE4571B8C74F085CB68CF64CB3CEF957C5195B22F41E9","Extracted Dataset A file appeared during inventory."
"ADDED","Gait\dataset_a\other\zdx-00_1-002.png","","876","","0918161A34EFEB1436E1D076C45A223F28917C5C3545520A56D6C95494DE6932","Extracted Dataset A file appeared during inventory."
"ADDED","Gait\dataset_a\other\zdx-00_1-003.png","","802","","7CEC2C71BB7FE7A08EB10AD3BC85B91BA8648702BFE6BF8E3E4257CFF1C5DD6D","Extracted Dataset A file appeared during inventory."
"ADDED","Gait\dataset_a\other\zdx-00_1-004.png","","782","","004C6613EAA95513AE0310A014A8724B7CB19EAF294E6AC67FA5605AEB51B06F","Extracted Dataset A file appeared during inventory."
"ADDED","Gait\dataset_a\other\zdx-00_1-005.png","","721","","62ADD949C1F9D2C26C1F5E6C89FADA86DFC51E41E268868A82C302E614E5DBC9","Extracted Dataset A file appeared during inventory."
"ADDED","Gait\dataset_a\other\zdx-00_1-006.png","","754","","FCF2DF9B9F42EE36302ADB01F5D155053FC4C3E880D22263DC766CBC31F79F1A","Extracted Dataset A file appeared during inventory."
"ADDED","Gait\dataset_a\other\zdx-00_1-007.png","","829","","54B0CAEDE2C0DAD77087622D7302CEAB750441DB9C4925D01BEB3E35B72029F7","Extracted Dataset A file appeared during inventory."
"ADDED","Gait\dataset_a\other\zdx-00_1-008.png","","920","","3123FBDAAB8A9D2D59385C3AC32B3F80E9B0D8CD51A4457A913699C8465B4A4A","Extracted Dataset A file appeared during inventory."
"ADDED","Gait\dataset_a\other\zdx-00_1-009.png","","989","","6823E926F176149BD664B75A02F93C5F2C5FC13DEFACED94EF8263545B65A2C8","Extracted Dataset A file appeared during inventory."
"ADDED","Gait\dataset_a\other\zdx-00_1-011.png","","1008","","CDDB56EF15D63C67A64FA93423E42BFBBD86F2E819BF6AE974A301C88EC77886","Extracted Dataset A file appeared during inventory."
"ADDED","Gait\dataset_a\other\zdx-00_1-014.png","","1044","","CB1231CEEDE0F568056A2150D6C9EF573B2D85A1E7899EE8651C69F0CDAF8A21","Extracted Dataset A file appeared during inventory."
"ADDED","Gait\dataset_a\other\zdx-00_1-015.png","","1024","","C911BC273E58E86B66FFCDEA51C549BABDA8669F00A5751FFD4A3442A0E4BF8F","Extracted Dataset A file appeared during inventory."
"ADDED","Gait\dataset_a\other\zdx-00_1-016.png","","1058","","40564A817BA93E274EBCD699BA3FA7DBC01ECE43F5437AFC16255378CE0BF09B","Extracted Dataset A file appeared during inventory."
"ADDED","Gait\dataset_a\other\zdx-00_1-017.png","","1123","","E14CDF8F36A213E4130107EB50746CF977FF278C27444650A1623983FE68F9EF","Extracted Dataset A file appeared during inventory."
"ADDED","Gait\dataset_a\other\zdx-00_1-018.png","","1130","","2B2261EFA29D01D7448FC4BC1CC92DE667B99BC9287403A18E5F87B5071708F7","Extracted Dataset A file appeared during inventory."
"ADDED","Gait\dataset_a\other\zdx-00_1-019.png","","1146","","A3098F7511E8650DBAA66147404A866425723B0E75B0611C78DBFD468168603C","Extracted Dataset A file appeared during inventory."
"ADDED","Gait\dataset_a\other\zdx-00_1-020.png","","1104","","74E27F4FFEA7B9548EE6D6527FBD3606E5AE35000FEA8F1656557A6DA8CC490D","Extracted Dataset A file appeared during inventory."
"ADDED","Gait\dataset_a\other\zdx-00_1-021.png","","1161","","3383189815DE54BBDE18F5C5D8EAE71997DEF7C4523D2511B2024EEA8E796B49","Extracted Dataset A file appeared during inventory."
"ADDED","Gait\dataset_a\other\zdx-00_1-022.png","","1191","","6C7B98057653F98FD88CF1556766039A5D7006944B60226A4C66D78C24D39E33","Extracted Dataset A file appeared during inventory."
"ADDED","Gait\dataset_a\other\zdx-00_1-024.png","","1043","","D11B7C3CCAE0DE16DE5AE774187E09B9C03B6BBA9B0BC65AE164E60D41AF06F5","Extracted Dataset A file appeared during inventory."
"ADDED","Gait\dataset_a\other\zdx-00_1-025.png","","1073","","5AD43416B37FC0FD1C8C7B2F09B376772ADEB967C5177BFE8468BD314F0DFF02","Extracted Dataset A file appeared during inventory."
"ADDED","Gait\dataset_a\other\zdx-00_1-028.png","","957","","9A4497A9A3622997523B2FA1AF4A3419D748D8DB74D690AE0A0A6A4A19BA9971","Extracted Dataset A file appeared during inventory."
"ADDED","Gait\dataset_a\other\zdx-00_1-029.png","","932","","E006691BF6E66801A14DAB49311B73E093901E00F057AE1147A007F9CDE8CC2C","Extracted Dataset A file appeared during inventory."
"ADDED","Gait\dataset_a\other\zdx-00_1-030.png","","867","","CDE2A62F063AE61A59C633EEEC542C746DA10F090607B0AD0DA8F83A0033DF61","Extracted Dataset A file appeared during inventory."
"ADDED","Gait\dataset_a\other\zdx-00_1-031.png","","820","","28795BD0AADCF986229EDFDFFF2CE68766982155C38991A8D029A2F3093EA40C","Extracted Dataset A file appeared during inventory."
"ADDED","Gait\dataset_a\other\zdx-00_1-032.png","","851","","FCA4106545F32485A1DD47660E8A059621B080A5AF1EB0D521AC88837A06CE32","Extracted Dataset A file appeared during inventory."
"ADDED","Gait\dataset_a\other\zdx-00_1-033.png","","881","","90E54DB342A8349DB168950685A287F4DD00E835001BE806E19DC109379EB4E4","Extracted Dataset A file appeared during inventory."
"ADDED","Gait\dataset_a\other\zdx-00_1-034.png","","953","","C6942947FF67669C0D3E67C02186A904C5C1D653C90CBFF7D604E335FCDEF693","Extracted Dataset A file appeared during inventory."
"ADDED","Gait\dataset_a\other\zdx-00_1-036.png","","994","","952F85C66A561DB508E0DA12D5D54F747BFE5111620E3DE427702A57D5EE60DB","Extracted Dataset A file appeared during inventory."
"ADDED","Gait\dataset_a\other\zdx-00_1-037.png","","997","","2CAFCCF3AFA9EB665C4B5FCDB7619ABFF12AA0A2A1F9A49ADB5FA7DCEB7C2264","Extracted Dataset A file appeared during inventory."
"ADDED","Gait\dataset_a\other\zdx-00_1-038.png","","968","","758B81C10CB5E7AC24DE0C4ECB6D21E5306991D9ECF0B906C29E2BC49C1CC948","Extracted Dataset A file appeared during inventory."
"ADDED","Gait\dataset_a\other\zdx-00_1-041.png","","851","","FBCD79B4B93887B08FDD076C306D4DBB1A8199E39E0F18A1D21F29CE571C5FCE","Extracted Dataset A file appeared during inventory."
"ADDED","Gait\dataset_a\other\zdx-00_1-042.png","","812","","E2978E57791694393577857B47296B3DBAA8BB7920B9D59393DFE598480B4F39","Extracted Dataset A file appeared during inventory."
"ADDED","Gait\dataset_a\other\zdx-00_1-043.png","","788","","25C74B758909A73C0C3E0FD7F7384C7A205B13881EA618FC0BFA7EF7A5BAE33F","Extracted Dataset A file appeared during inventory."
"ADDED","Gait\dataset_a\other\zdx-00_1-044.png","","755","","D35D7F5E973905E4B3AFBCBB943D8E0D97ACD1C72E22CEB1373A9787E73A0EEF","Extracted Dataset A file appeared during inventory."
"ADDED","Gait\dataset_a\other\zdx-00_1-045.png","","770","","5A466EF67FD9BC067C644D247622423561B766C4CC47A5C710AB160658FE3FF6","Extracted Dataset A file appeared during inventory."
"ADDED","Gait\dataset_a\other\zdx-00_1-046.png","","783","","09EA37EE91A704C820B95CC4055E01C1C4E1A57078C2979745EF3AB245E34602","Extracted Dataset A file appeared during inventory."
"ADDED","Gait\dataset_a\other\zdx-00_1-047.png","","861","","3864694705D997D7717656F1241FFCD296971324D850D43D91986B14E9C4EA31","Extracted Dataset A file appeared during inventory."
"ADDED","Gait\dataset_a\other\zdx-00_1-048.png","","929","","3034F4E85A29F5D1945653B8786DEC0431789D99096515AE9CED92EBCA17EB3C","Extracted Dataset A file appeared during inventory."
"ADDED","Gait\dataset_a\other\zdx-00_1-050.png","","992","","21E9D0BBA927C467A9CFC66DEDD0C912C9A7876EAB227CBD1A433404DD63FE34","Extracted Dataset A file appeared during inventory."
"ADDED","Gait\dataset_a\other\zdx-00_2-003.png","","735","","E3F2E0D394C093662E493929142391331F95CAA9243D73D4F195C90680543790","Extracted Dataset A file appeared during inventory."
"ADDED","Gait\dataset_a\other\zdx-00_2-004.png","","831","","16761F67C551121ADA08417EAB55F187A302872B261C3E2940F648509319F9BC","Extracted Dataset A file appeared during inventory."
"ADDED","Gait\dataset_a\other\zdx-00_2-005.png","","899","","319F01ECA436705001F004E7802DA18D75E298D86C8458B366A0F7D4FC5D1E48","Extracted Dataset A file appeared during inventory."
"ADDED","Gait\dataset_a\other\zdx-00_2-006.png","","944","","9992E3BAD8DBA055569D552EE03C63559D8B54E5E16225B8857C84C1B10C48C3","Extracted Dataset A file appeared during inventory."
"ADDED","Gait\dataset_a\other\zdx-00_2-008.png","","966","","348911874F6A35F9D7B3CD6E97BABBD3724C38C0F6FD863340F4234FC9140FDE","Extracted Dataset A file appeared during inventory."
"ADDED","Gait\dataset_a\other\zdx-00_2-009.png","","952","","28772A8C438FF56AF7750821D1C31C8DCE4AA95D0AF60EAB0250ED6D5D49AB1D","Extracted Dataset A file appeared during inventory."
"ADDED","Gait\dataset_a\other\zdx-00_2-012.png","","797","","186F19533C6DBB6A4634872443B88817BF23DE8951E7AB06488C45E7367E0707","Extracted Dataset A file appeared during inventory."
"ADDED","Gait\dataset_a\other\zdx-00_2-013.png","","776","","4CB4949230206727B8022E7B39535CC5486D1E6D0C76A2B9416E9308185C5998","Extracted Dataset A file appeared during inventory."
"ADDED","Gait\dataset_a\other\zdx-00_2-014.png","","767","","9A3618E043712E2824B563BAB566652054CD7F1F214FAA7818A0B349463864BF","Extracted Dataset A file appeared during inventory."
"ADDED","Gait\dataset_a\other\zdx-00_2-015.png","","715","","D11D95AC362EF7871C712CE74FF2F656606C8D52530064059E9C61C3D81A39F2","Extracted Dataset A file appeared during inventory."
"ADDED","Gait\dataset_a\other\zdx-00_2-016.png","","712","","5A2E1BD9A45A40986D51C5EDE0A9C614E6EB69F96F5C085A2DB6A1AAD490F610","Extracted Dataset A file appeared during inventory."
"ADDED","Gait\dataset_a\other\zdx-00_2-017.png","","905","","14DB933B279D8474CDD08D45CDC02171F6C81D1B11AD7B748126710F4AD3DA75","Extracted Dataset A file appeared during inventory."
"ADDED","Gait\dataset_a\other\zdx-00_2-018.png","","910","","579991071A785F50FB37690F8E7B8750FC5FC0C2C91A23A1A192A56F0F44DDAD","Extracted Dataset A file appeared during inventory."
"ADDED","Gait\dataset_a\other\zdx-00_2-019.png","","1040","","139E6964B64DE7B0DC66A7B151EE711800067BD90166EEA7F87C79C2A95DEEA0","Extracted Dataset A file appeared during inventory."
"ADDED","Gait\dataset_a\other\zdx-00_2-021.png","","1137","","A8921A1C18CEC654AEA97BE50D957764343648100CDDC44F9F63DC78B85CD629","Extracted Dataset A file appeared during inventory."
"ADDED","Gait\dataset_a\other\zdx-00_2-022.png","","1113","","71A2C9417460728EFE801805F03FB51DDFC910AC22DDDBAC984811F7AAFC5121","Extracted Dataset A file appeared during inventory."
"ADDED","Gait\dataset_a\other\zdx-00_2-025.png","","944","","1489E5F3E74BEC8DCEF956FDCF30FA11F7070B8D6FE3D4261172010523F48148","Extracted Dataset A file appeared during inventory."
"ADDED","Gait\dataset_a\other\zdx-00_2-026.png","","897","","71299764E31489CBCA56FF6132FF572EA6C2EA597EE6DE0CA6391CB2E10BE89A","Extracted Dataset A file appeared during inventory."
"ADDED","Gait\dataset_a\other\zdx-00_2-027.png","","823","","5DD769AE628FB175354DDFA053149A2844F2B5BABA27D9A6EA95F6F46A8D553B","Extracted Dataset A file appeared during inventory."
"ADDED","Gait\dataset_a\other\zdx-00_2-028.png","","782","","463A64C43D82DA2671977B3FC06B3D7F53CDF481245BF9E02FBA3F7F87CA0190","Extracted Dataset A file appeared during inventory."
"ADDED","Gait\dataset_a\other\zdx-00_2-029.png","","749","","2AAEE8D60D6B273AD01E6FE2819A39517710C93A06714362584FD8141EEF57CE","Extracted Dataset A file appeared during inventory."
"ADDED","Gait\dataset_a\other\zdx-00_2-030.png","","874","","B4672B6AB6291AC0CB7B13AB0A13EAED36C984978F3AB36D7920202AE497A501","Extracted Dataset A file appeared during inventory."
"ADDED","Gait\dataset_a\other\zdx-00_2-031.png","","915","","399934F97778772B520434C5AC6B9AA347D8E443F5D61171DC1497F52C16B725","Extracted Dataset A file appeared during inventory."
"ADDED","Gait\dataset_a\other\zdx-00_2-032.png","","973","","C84375D33BA8C93E52D253AC244B330C90CB957B783B0BCA0385FA0739F836CA","Extracted Dataset A file appeared during inventory."
"ADDED","Gait\dataset_a\other\zdx-00_2-033.png","","1004","","F0698AD850C01AD978C9B280822A4317DF8AA099B736D2CF6307F5E02F9EE426","Extracted Dataset A file appeared during inventory."
"ADDED","Gait\dataset_a\other\zdx-00_2-035.png","","1086","","3A146B7FA6699A36BA60949AB2DFB38CFCF1422DA3425E5C0C51BED0FEAECB53","Extracted Dataset A file appeared during inventory."
"ADDED","Gait\dataset_a\other\zdx-00_2-036.png","","1091","","8EF0571A268C5D39218F113A0C0DAE03886B436D8E1987DFAF2070084CCA13D8","Extracted Dataset A file appeared during inventory."
"ADDED","Gait\dataset_a\other\zdx-00_2-039.png","","933","","21A8CB3517F9728F85B74D497B6AD78311B6A8D0EF6BE4301CAE988995C0F2E7","Extracted Dataset A file appeared during inventory."
"ADDED","Gait\dataset_a\other\zdx-00_2-040.png","","863","","2B2C473E5598E7FF0195661BB48ED246161A1670302A9C24E23CCAE7D8D8B4F6","Extracted Dataset A file appeared during inventory."
"ADDED","Gait\dataset_a\other\zdx-00_2-041.png","","780","","DF7C7EDEB7613593093408782C2403B7D787F3F806B0F88E35A2810B08EF4863","Extracted Dataset A file appeared during inventory."
"ADDED","Gait\dataset_a\other\zdx-00_2-042.png","","772","","F20470A152BDB70DF931D5D0C9C80AEED99ACBD3B43AD719C13527D0B259D143","Extracted Dataset A file appeared during inventory."
"ADDED","Gait\dataset_a\other\zdx-00_2-043.png","","731","","3E8B15A37A9C9CABFD82AEB8BAF69A5577F31D2A1D2FC81CB7679982AFDB71A9","Extracted Dataset A file appeared during inventory."
"ADDED","Gait\dataset_a\other\zdx-00_2-044.png","","840","","EF681CDF77B772FC00807AEABB95AB5938200FA850F08AE94E93DE3832CE0BAB","Extracted Dataset A file appeared during inventory."
"ADDED","Gait\dataset_a\other\zdx-00_2-045.png","","868","","DC9649A1A20398103BDDDC985F472EA904D5FBFF180851EADA36A3BD327D42BE","Extracted Dataset A file appeared during inventory."
"ADDED","Gait\dataset_a\other\zdx-00_2-046.png","","901","","614164A6F6589A15B61B46EF574400D7514BEF765D5C9B839924BD4AC2F0980B","Extracted Dataset A file appeared during inventory."
"ADDED","Gait\dataset_a\other\zdx-00_2-048.png","","877","","BE8913147224A390C52E96BADE50BFFB583F392391C9EE9786BA031C37CF62B6","Extracted Dataset A file appeared during inventory."
"ADDED","Gait\dataset_a\other\zdx-00_2-051.png","","808","","FD6A9CE5880481AF4B66AC7294AF061DD3F2FF1D827B2015BF30437E18B4E768","Extracted Dataset A file appeared during inventory."
"ADDED","Gait\dataset_a\other\zdx-00_2-052.png","","845","","88FAE7760C4B7F4A1555268750B6AF6F9C85EC6A6AD10634F40D711595E7A91C","Extracted Dataset A file appeared during inventory."
"ADDED","Gait\dataset_a\other\zdx-00_2-053.png","","846","","1D15C94598A940E74DFFBB673309FAD097E3AA01EC7623CAAF1D6778C03DD792","Extracted Dataset A file appeared during inventory."
"ADDED","Gait\dataset_a\other\zdx-00_2-054.png","","789","","4A7F8960FDEBABA1E03AD26505376BFECB03029A45793023CC0AF9252563CC0F","Extracted Dataset A file appeared during inventory."
"ADDED","Gait\dataset_a\other\zdx-00_2-055.png","","781","","E9928B2CD63281D7F3E0381E907C83FE4E8A4C6A18BAC19AD555080587665C0C","Extracted Dataset A file appeared during inventory."
"ADDED","Gait\dataset_a\other\zdx-00_2-056.png","","768","","759D48C0B4BE6F333F38612C4CBFD6A6A3365D41B59C529537973C82B485A863","Extracted Dataset A file appeared during inventory."
"ADDED","Gait\dataset_a\other\zdx-00_3-001.png","","874","","23C99FD6921A130CEC5E3AF123D2AA92321B15EB82D9CAD00A886E870C728033","Extracted Dataset A file appeared during inventory."
"ADDED","Gait\dataset_a\other\zdx-00_3-002.png","","873","","98B3F084E50E98233908F0080CF4F660AA4AA27A233C1AA8CD28C50CAB9A32DE","Extracted Dataset A file appeared during inventory."
"ADDED","Gait\dataset_a\other\zdx-00_3-003.png","","822","","B714507556C3021F781EFFE8492D1D30DF7BC49D1CF622DF2E2B6F7C3F35A20F","Extracted Dataset A file appeared during inventory."
"ADDED","Gait\dataset_a\other\zdx-00_3-004.png","","747","","4D526BCEF2BD63AF71B80C703333E72EECEFAC0BB62AF8DA23460EEB183687C2","Extracted Dataset A file appeared during inventory."
"ADDED","Gait\dataset_a\other\zdx-00_3-005.png","","782","","01A7E45BCEB830A57D016D225AF93F5E809F325C489156204BB43FFA1EB8D9C9","Extracted Dataset A file appeared during inventory."
"ADDED","Gait\dataset_a\other\zdx-00_3-006.png","","778","","A45D6D4F6B1A67D7ACDD88864B33B60DCE25C9BB8805085E5672C710C0116BA4","Extracted Dataset A file appeared during inventory."
"ADDED","Gait\dataset_a\other\zdx-00_3-007.png","","825","","54E487774B35E94FCD8CF93DF666D505F07FFD3E4D195E8AA6FD16A03235CF7E","Extracted Dataset A file appeared during inventory."
"ADDED","Gait\dataset_a\other\zdx-00_3-008.png","","902","","4FC6D5382AC837521311D4927EE25F5D7B634001D744CFC6369EE0ABFA41D262","Extracted Dataset A file appeared during inventory."
"ADDED","Gait\dataset_a\other\zdx-00_3-009.png","","1015","","ECE7DD65482A1257AB5D5DD5E27249C6E3B424375C23B84B2C0E736C446D8293","Extracted Dataset A file appeared during inventory."
"ADDED","Gait\dataset_a\other\zdx-00_3-011.png","","995","","3D24C26F5692D2C58E87B4C9A71F058DF3CFE3AB85B0196A419A97D470FD5586","Extracted Dataset A file appeared during inventory."
"ADDED","Gait\dataset_a\other\zdx-00_3-012.png","","1035","","037EEDD4AF573C2E6AD081C31EB5E18CE3A264E5D4F96C74299639EA1B1365F2","Extracted Dataset A file appeared during inventory."
"ADDED","Gait\dataset_a\other\zdx-00_3-015.png","","959","","1ADC20CDD85ECB8EAEA729F5731C4BF36B2F5A05B1E3A88397E82BFFECEC0171","Extracted Dataset A file appeared during inventory."
"ADDED","Gait\dataset_a\other\zdx-00_3-016.png","","888","","9D7C7AD2A7546DF48E9D7FE1A7E3D671F782AF34ECE270E3B9936B0153899F22","Extracted Dataset A file appeared during inventory."
"ADDED","Gait\dataset_a\other\zdx-00_3-017.png","","818","","4EBC10ACB955C17AC87A9C165272509333E2859BE6464DADF8F2AEE4DBF2C60C","Extracted Dataset A file appeared during inventory."
"ADDED","Gait\dataset_a\other\zdx-00_3-018.png","","855","","83A164966D3EE9D58AEB7B508BEE9C841239A628C608A7211C166573E375D61A","Extracted Dataset A file appeared during inventory."
"ADDED","Gait\dataset_a\other\zdx-00_3-019.png","","891","","A8E25915DA4BC6F29326E838218891330DCE3D9BF38F09F17EFEE72E7B9D2D31","Extracted Dataset A file appeared during inventory."
"ADDED","Gait\dataset_a\other\zdx-00_3-020.png","","887","","F3FA981832DB6C8FBD9CC713C2B4A4C878F057985DED8B2D5AC7D1334F869D3C","Extracted Dataset A file appeared during inventory."
"ADDED","Gait\dataset_a\other\zdx-00_3-021.png","","914","","23D3ABA0535D4B5D8F2D2A303A5D3EE2864F75448A547973E5217FA2E5847A02","Extracted Dataset A file appeared during inventory."
"ADDED","Gait\dataset_a\other\zdx-00_3-022.png","","978","","B0D69CE64BFDC6F5A92DC716E0445BEE2BB57CF07A2C9F620DF2DAD7FD2F25F2","Extracted Dataset A file appeared during inventory."
"ADDED","Gait\dataset_a\other\zdx-00_3-025.png","","1052","","F4C1ACCDDDAD1E80FA6EC5C5316AAC68359A6E33B0E6770058D52F9ADA09D514","Extracted Dataset A file appeared during inventory."
"ADDED","Gait\dataset_a\other\zdx-00_3-028.png","","969","","AFC9965420FC41928561A67D40E6B88C9112E6DBE4B13158A6BAFA1EB01DB350","Extracted Dataset A file appeared during inventory."
"ADDED","Gait\dataset_a\other\zdx-00_3-029.png","","918","","6FDB5BBB6BF3A7A09C4E0AE5694552F23D0867A16EE0E003DD186BFBD96F082B","Extracted Dataset A file appeared during inventory."
"ADDED","Gait\dataset_a\other\zdx-00_3-030.png","","864","","0CB9CCD1D52984B48E78CA0B21FEC4BE2FF7B696EC83A64290CF7E63AADB08F8","Extracted Dataset A file appeared during inventory."
"ADDED","Gait\dataset_a\other\zdx-00_3-031.png","","827","","832EC3EC0EF89C0EE8483776E2E71984C7446435F97919F7FC0DEC11F48AD077","Extracted Dataset A file appeared during inventory."
"ADDED","Gait\dataset_a\other\zdx-00_3-032.png","","824","","6C397609B2936C8C77FDD102A6317DEC7A154687F4D2CF00E5AC6D1A7ECF8D1E","Extracted Dataset A file appeared during inventory."
"ADDED","Gait\dataset_a\other\zdx-00_3-033.png","","826","","E7158247AE29FC2FDEC5B1D363C5F529C0A7F52F898DCCA141BAF499907CDBFB","Extracted Dataset A file appeared during inventory."
"ADDED","Gait\dataset_a\other\zdx-00_3-034.png","","872","","D7FED2ED294E23C762AC88B4A2027135DE4CD986889415DF3767757A76DC0DAB","Extracted Dataset A file appeared during inventory."
"ADDED","Gait\dataset_a\other\zdx-00_3-035.png","","927","","5C2BB95DFC21D634CCEB2B8ADC7B01B5E363E5AA6FBCE4D6F0172B7435975896","Extracted Dataset A file appeared during inventory."
"ADDED","Gait\dataset_a\other\zdx-00_3-036.png","","975","","3CA73461770933FA5B8773E337931FC5287DFEF563FF9A5B1A636118F751BC52","Extracted Dataset A file appeared during inventory."
"ADDED","Gait\dataset_a\other\zdx-00_3-038.png","","965","","D6FB02967B3232169962D6E7ED3C1E5659FE1E717BFFE4DDCD06B46026F75E75","Extracted Dataset A file appeared during inventory."
"ADDED","Gait\dataset_a\other\zdx-00_3-039.png","","958","","4FD9DFD57DFF0F487ED66BE1AACB1CA3E56F8C9CF61309A7F81E8EA41BFF5BF8","Extracted Dataset A file appeared during inventory."
"ADDED","Gait\dataset_a\other\zdx-00_3-042.png","","871","","F6CD7195076E7AC5FDD11FAB6A6CCAD46943792904281B8BA7752D6F9AD87C75","Extracted Dataset A file appeared during inventory."
"ADDED","Gait\dataset_a\other\zdx-00_3-043.png","","796","","27E62D02F2FEB4F33F064AFFAF0F9F4DEAC3A3D38A1AB32A1BD8D9F2823ABE7D","Extracted Dataset A file appeared during inventory."
"ADDED","Gait\dataset_a\other\zdx-00_3-044.png","","753","","4D3848A9056B96B3D7258FA42E61AEB205FC07374F5A11EE44EACBF7B8B2D3AA","Extracted Dataset A file appeared during inventory."
"ADDED","Gait\dataset_a\other\zdx-00_3-045.png","","707","","898BF3F083D007FB0845FF186169057B771EAA7995F33CF0D2888557BDFC15BB","Extracted Dataset A file appeared during inventory."
"ADDED","Gait\dataset_a\other\zdx-00_3-046.png","","701","","09D18B332B56D22EC521B3FBEE711015DA3308D313B42743DF52A951F06D7149","Extracted Dataset A file appeared during inventory."
"ADDED","Gait\dataset_a\other\zdx-00_3-047.png","","749","","98DCD2D647A22D9444C8999DC829ECE060DA2FB0B74FDB5330B4DCAB0A9C0879","Extracted Dataset A file appeared during inventory."
"ADDED","Gait\dataset_a\other\zdx-00_3-048.png","","793","","0EDDDEF3BC61D8C4D38B06EA242FE73B4EA3FDA7B408F3CA229A44F1AC873965","Extracted Dataset A file appeared during inventory."
"ADDED","Gait\dataset_a\other\zdx-00_3-049.png","","878","","DF6FFF1F624F80EEDCDB4D51DBD30A8B958DEA0B9F82111A1F00A796603E5B9B","Extracted Dataset A file appeared during inventory."
"ADDED","Gait\dataset_a\other\zdx-00_3-050.png","","962","","47A1FD8AEFEE0EACAA21B862249A26112C9BE4DFBD8FC13D5AE7917855CC9EF4","Extracted Dataset A file appeared during inventory."
"ADDED","Gait\dataset_a\other\zdx-00_3-052.png","","961","","66C68CA1FCC7F7D63715BDDDCA4104BB2579CAB88BCCE86859312097134F5C21","Extracted Dataset A file appeared during inventory."
"ADDED","Gait\dataset_a\other\zdx-00_3-055.png","","895","","486A347FC1910D4CAB1FA6E88B152969F1A42C0558C48FE8EC0FFDCABE403F0A","Extracted Dataset A file appeared during inventory."
"ADDED","Gait\dataset_a\other\zdx-00_3-056.png","","819","","2F7A9D0D11BD2CAE179C803B4DB3C3270CC8EC7C68E7D4CD0A774329926C693E","Extracted Dataset A file appeared during inventory."
"ADDED","Gait\dataset_a\other\zdx-00_4-001.png","","808","","826815C8F67A15A96AA3435DE39AE15692960AB2A099684ACD19009437431EAF","Extracted Dataset A file appeared during inventory."
"ADDED","Gait\dataset_a\other\zdx-00_4-002.png","","802","","ECE840B4E4B7E131BC9FA4969E286B8B51B1124098C4D77780B0A5FF8EACBC93","Extracted Dataset A file appeared during inventory."
"ADDED","Gait\dataset_a\other\zdx-00_4-003.png","","764","","5C0E30089D27786A3EFA1AFAA2EB6A272E546F6155EC0E2C38A59CC6876B6A28","Extracted Dataset A file appeared during inventory."
"ADDED","Gait\dataset_a\other\zdx-00_4-004.png","","719","","94F5ECF26B2D24F087A579800F9719F9FBBDC4D3EEF38EF581609FC0B35058EF","Extracted Dataset A file appeared during inventory."
"ADDED","Gait\dataset_a\other\zdx-00_4-005.png","","683","","96988BA8DA2576248CB0D401DD86603C2B850322F31ECB41F073822F33819091","Extracted Dataset A file appeared during inventory."
"ADDED","Gait\dataset_a\other\zdx-00_4-006.png","","766","","7C6F37AA9803F59E56A7AF59FDF6C16E7D930054407AFE3C464306027677B322","Extracted Dataset A file appeared during inventory."
"ADDED","Gait\dataset_a\other\zdx-00_4-007.png","","821","","949F5790E0E5E6CC58DF26D4F7970C226A9B681B9CF363A13E0ED52CC8F72E95","Extracted Dataset A file appeared during inventory."
"ADDED","Gait\dataset_a\other\zdx-00_4-008.png","","881","","25BCC1A7A40470E10150B0CB051E1E7F3E857FE1FAFD975B996CAA8EC528577E","Extracted Dataset A file appeared during inventory."
"ADDED","Gait\dataset_a\other\zdx-00_4-009.png","","1003","","6971C0AC1167FE1BF605636E170DEA6193E6C3E2F32EA745C9F4E4C5E52EC6A2","Extracted Dataset A file appeared during inventory."
"ADDED","Gait\dataset_a\other\zdx-00_4-011.png","","1054","","C7BB46F4F2BF3F2437F8DF99D6D1BADD31D1C447E7C9CE209F239D99FCE09FFD","Extracted Dataset A file appeared during inventory."
"ADDED","Gait\dataset_a\other\zdx-00_4-014.png","","932","","424EF264BF4D4EE177A1F35D9400E075CF77AB737F1699A620612F15CDDA15F8","Extracted Dataset A file appeared during inventory."
"ADDED","Gait\dataset_a\other\zdx-00_4-015.png","","886","","0C0E9B8EE129297198D83752F1E0F41C4F48B168DA735739954C123E417FC9CF","Extracted Dataset A file appeared during inventory."
"ADDED","Gait\dataset_a\other\zdx-00_4-016.png","","845","","E884F8B76D0B618215E50730003990FD95A3D1709DE6D27810ED22A51EBB9E0C","Extracted Dataset A file appeared during inventory."
"ADDED","Gait\dataset_a\other\zdx-00_4-017.png","","824","","587ACB39B0DF39BCF3DC6993CBD2E56C96E59B636B932C219D2F22763BB90620","Extracted Dataset A file appeared during inventory."
"ADDED","Gait\dataset_a\other\zdx-00_4-018.png","","795","","40E5D331506A51C51DB6F10BA2E2153E5E32ADA0C02524FD9860F5DDF4A0DBA4","Extracted Dataset A file appeared during inventory."
"ADDED","Gait\dataset_a\other\zdx-00_4-019.png","","816","","CD5927F7ECE0EB343364BAC2A022D6B6C5B5B5030EFF72A1417684117D75153C","Extracted Dataset A file appeared during inventory."
"ADDED","Gait\dataset_a\other\zdx-00_4-020.png","","956","","09EC3A63BAF6AB308A6F59B4FD1026B2969A352E8E09CE092A9E3811E7205B75","Extracted Dataset A file appeared during inventory."
"ADDED","Gait\dataset_a\other\zdx-00_4-021.png","","981","","4B51696290A96AA751A42C309A8E1170D8793C0070AB08E46739239BE52719B2","Extracted Dataset A file appeared during inventory."
"ADDED","Gait\dataset_a\other\zdx-00_4-022.png","","1039","","D07BB87DB49DB0E38814F441A59A81753BD53CB6339F0CE2B2652CB6E6717C2D","Extracted Dataset A file appeared during inventory."
"ADDED","Gait\dataset_a\other\zdx-00_4-023.png","","1045","","C29752EF027B2A021E15DA75D97667917E186173973416ABA017C85ED73CA3DE","Extracted Dataset A file appeared during inventory."
"ADDED","Gait\dataset_a\other\zdx-00_4-025.png","","1022","","0FDE3487C2315BFCCCE7F441751E5B03509385B8EDCB52AEE7AD38AC242B95BE","Extracted Dataset A file appeared during inventory."
"ADDED","Gait\dataset_a\other\zdx-00_4-028.png","","917","","F6107D04E62C72EFE4AB09CC2DE5CC3E8F0387CC35C49B5FEE1DBE47753A9E73","Extracted Dataset A file appeared during inventory."
"ADDED","Gait\dataset_a\other\zdx-00_4-029.png","","877","","492124EDA7C94C5149978A6CF09990A9F214EDB7F127A9AA8ED76DB5C387EAF4","Extracted Dataset A file appeared during inventory."
"ADDED","Gait\dataset_a\other\zdx-00_4-030.png","","893","","B509D7BAA9A84F5418EBDB7EA351F428BD3F2721C2E6B3B6E853A667F6C425CC","Extracted Dataset A file appeared during inventory."
"ADDED","Gait\dataset_a\other\zdx-00_4-031.png","","828","","16FCB992CF57D2804706D78932B45ED5D31495C1269562CF4025EB2540101EF7","Extracted Dataset A file appeared during inventory."
"ADDED","Gait\dataset_a\other\zdx-00_4-032.png","","848","","CB36FD565BC232C3FABFD9ABB9867DD4780EB1A04084A7B11469B67C878B4D35","Extracted Dataset A file appeared during inventory."
"ADDED","Gait\dataset_a\other\zdx-00_4-033.png","","922","","A30ABD383D58A91C86E31203FBB6A3806A66273FABC08ED79234E8DE314C19BE","Extracted Dataset A file appeared during inventory."
"ADDED","Gait\dataset_a\other\zdx-00_4-034.png","","926","","3A9A9D936ADA2725A7EAC8DCBFF0297E79529A8FE9F60A7713E7AC9F823BE407","Extracted Dataset A file appeared during inventory."
"ADDED","Gait\dataset_a\other\zdx-00_4-035.png","","996","","5248545E4427A7A4961ADC14E56E9AC6262D17184D03234D208C7BD81063B558","Extracted Dataset A file appeared during inventory."
"ADDED","Gait\dataset_a\other\zdx-00_4-036.png","","1017","","64C7C948F55E227038B2AEB5C6D90F4141F777B8F7C2AE9ED3EF9DB9B8EA8B55","Extracted Dataset A file appeared during inventory."
"ADDED","Gait\dataset_a\other\zdx-00_4-038.png","","989","","16350BB159A063D31312BC2FA4DE5ED3DB9C70E60570C88E82258E7E0AF4EA7C","Extracted Dataset A file appeared during inventory."
"ADDED","Gait\dataset_a\other\zdx-00_4-041.png","","819","","E4BE0183B51043426AAEE7209307F88BB6B1E095C0C3DFB7CED54F5FA8550AF9","Extracted Dataset A file appeared during inventory."
"ADDED","Gait\dataset_a\other\zdx-00_4-042.png","","791","","AF61856F163BDF2E608BF5AD4BCECA8BECE89F8D2324C41B021851F9E19D2E3D","Extracted Dataset A file appeared during inventory."
"ADDED","Gait\dataset_a\other\zdx-00_4-043.png","","746","","44316C0F9DAB5B95BD132BA6273F2ED315A8BC53DD85F503FAD9120D127590B1","Extracted Dataset A file appeared during inventory."
"ADDED","Gait\dataset_a\other\zdx-00_4-044.png","","691","","630AAA1FABC86A0857E6AB29205F54AB77D7D3DC306F439C34D62E906F87667E","Extracted Dataset A file appeared during inventory."
"ADDED","Gait\dataset_a\other\zdx-00_4-045.png","","715","","A626CD1FDCD0E88FC5F14F354189BA4BED199EEEFF425076EFFB34D050DB8185","Extracted Dataset A file appeared during inventory."
"ADDED","Gait\dataset_a\other\zdx-00_4-046.png","","765","","FEF9E65E6413495DAB5AF0CB61CEB226EE5ECA7922BA426568CE32357A17781C","Extracted Dataset A file appeared during inventory."
"ADDED","Gait\dataset_a\other\zdx-00_4-047.png","","838","","169ECBDC3BB0779CDBDAD8621F4226DFD1E972BA99C3AE2652EA3F7BEEF281BF","Extracted Dataset A file appeared during inventory."
"ADDED","Gait\dataset_a\other\zdx-00_4-048.png","","923","","C257AA2583CB54972ABAC06A9583D8E092BFFDCD0E05935A6C514D4AE6B14402","Extracted Dataset A file appeared during inventory."
"ADDED","Gait\dataset_a\other\zjg-00_1-001.png","","855","","BC807F5ACCB439D79F6FCD36387D05066D2E679675CC591431FB4D50D71BCE40","Extracted Dataset A file appeared during inventory."
"ADDED","Gait\dataset_a\other\zjg-00_1-002.png","","878","","D2DDE199A331C531E21BEF5C32CBA12E8ECA3F6E225279F3288B50116C61019A","Extracted Dataset A file appeared during inventory."
"ADDED","Gait\dataset_a\other\zjg-00_1-003.png","","861","","67CC5F0AF7321EB7D9BD0072AEB89FCBF497D9EAC494F9170A0C5A40AF043F68","Extracted Dataset A file appeared during inventory."
"ADDED","Gait\dataset_a\other\zjg-00_1-005.png","","896","","ED003CFD94757251684CEAF57B712848816F9B83DA7E40FD1D1E17AE7E3EE5B8","Extracted Dataset A file appeared during inventory."
"ADDED","Gait\dataset_a\other\zjg-00_1-008.png","","884","","D5FD75864F41DB0A750862AF2D12B7227425870D0A22F3832C136C898C9573D2","Extracted Dataset A file appeared during inventory."
"ADDED","Gait\dataset_a\other\zjg-00_1-009.png","","841","","056D6344491A996F7030DF354D7E11134270C31B4CC76981F2355C88A9654A02","Extracted Dataset A file appeared during inventory."
"ADDED","Gait\dataset_a\other\zjg-00_1-010.png","","829","","D85BF60B9D76419E2F8D32C368355F2C5ECB8A1EEC160B8D7C89151DF821A857","Extracted Dataset A file appeared during inventory."
"ADDED","Gait\dataset_a\other\zjg-00_1-011.png","","824","","871F835F411965EFDB2E50120B84CDD54CBB8D1415EB5351D381B3FF9823715E","Extracted Dataset A file appeared during inventory."
"ADDED","Gait\dataset_a\other\zjg-00_1-012.png","","827","","72C93E1C8025A65AC229094F42B8E7CDEEBC6CBF45CD7925D21EFD5D35CDA465","Extracted Dataset A file appeared during inventory."
"ADDED","Gait\dataset_a\other\zjg-00_1-013.png","","830","","40071663D0EB74A693102D4F301A66AD2BBB1E819C2753D1CE94171E5F5D3D01","Extracted Dataset A file appeared during inventory."
"ADDED","Gait\dataset_a\other\zjg-00_1-014.png","","909","","998CD2160D7BE438237614C5A071C58B9182046350EB0E4B277A049D961AA459","Extracted Dataset A file appeared during inventory."
"ADDED","Gait\dataset_a\other\zjg-00_1-015.png","","902","","695AE723E74FA7C67F2E24D8624876FCF21D9EAFF26DA2A23C22E7FA7C844A55","Extracted Dataset A file appeared during inventory."
"ADDED","Gait\dataset_a\other\zjg-00_1-016.png","","914","","5F67CF366BEC524C3193181BDC32A79BE3AB5373C8F6738176536EA4CFF32189","Extracted Dataset A file appeared during inventory."
"ADDED","Gait\dataset_a\other\zjg-00_1-017.png","","944","","E5D393668B647E24EE7CC0248B70D0E5A8A6F7673A5019F5600073B9E2063849","Extracted Dataset A file appeared during inventory."
"ADDED","Gait\dataset_a\other\zjg-00_1-019.png","","945","","350B46CB725A6F78584EA21D687ADFC5DCF55F0479065D4A367CC5658778DF93","Extracted Dataset A file appeared during inventory."
"ADDED","Gait\dataset_a\other\zjg-00_1-020.png","","937","","6B9EF8C3BF8A15BB5B2136DC10B362C70D8D4102F9BE66255252AF18EE97EA71","Extracted Dataset A file appeared during inventory."
"ADDED","Gait\dataset_a\other\zjg-00_1-023.png","","781","","054E9D2262A490C485E2938F2CD4D3BEC99D678DF6E531C318CD1D785D73884F","Extracted Dataset A file appeared during inventory."
"ADDED","Gait\dataset_a\other\zjg-00_1-024.png","","797","","33C2D4F3C6BFE9B0E126FB6E73B3BB6315F082DA7DCF24025D659109B1D26CBF","Extracted Dataset A file appeared during inventory."
"ADDED","Gait\dataset_a\other\zjg-00_1-025.png","","926","","37AF31D41DB99F67ED924430E7E44CDB1842D1AF70F93BC5EB5CCB0454D86FA7","Extracted Dataset A file appeared during inventory."
"ADDED","Gait\dataset_a\other\zjg-00_1-026.png","","867","","95BE09F74BEA321BC5E7B44CD115C3FCEB4C89322E0EDAC3161D5F8809192B87","Extracted Dataset A file appeared during inventory."
"ADDED","Gait\dataset_a\other\zjg-00_1-027.png","","876","","D61C7FF4A6495F684A6D5A349CEFF81E60664F4E959ED6D7E99F3F32D4E0A9AD","Extracted Dataset A file appeared during inventory."
"ADDED","Gait\dataset_a\other\zjg-00_1-028.png","","951","","AB7445886E6FEF71F8E9D6098B2640DA2FD450F498C8BB977A637A546D884E19","Extracted Dataset A file appeared during inventory."
"ADDED","Gait\dataset_a\other\zjg-00_1-029.png","","964","","4335E9A0A46575A252E5847772A39B6ADCB831C78E471D16C3267AFEE38581D7","Extracted Dataset A file appeared during inventory."
"ADDED","Gait\dataset_a\other\zjg-00_1-030.png","","946","","6BB55D453D6CB2C90450D64AEB5B6E3A6BEA536C03D597E1344B003E78AF09C5","Extracted Dataset A file appeared during inventory."
"ADDED","Gait\dataset_a\other\zjg-00_1-031.png","","929","","A353F5EB28B7261497C0F4EA2DC7EBF4B379031F509E433677E985A02B4280E6","Extracted Dataset A file appeared during inventory."
"ADDED","Gait\dataset_a\other\zjg-00_1-033.png","","919","","40B4778603BF74BA8FB84764CC1677CE1D26E4AD0090F6D516A5AD830B77BE20","Extracted Dataset A file appeared during inventory."
"ADDED","Gait\dataset_a\other\zjg-00_1-034.png","","910","","95C403C9C9614B6FCA5F4C7F0AD530B9B7B22064CBEA6E1C4D57648A254C1A28","Extracted Dataset A file appeared during inventory."
"ADDED","Gait\dataset_a\other\zjg-00_1-037.png","","938","","811B839CDA1B9DEDF6FEDB0CBEA075E6A70D6615EB197249E5BC94DB874834BC","Extracted Dataset A file appeared during inventory."
"ADDED","Gait\dataset_a\other\zjg-00_1-038.png","","844","","2815A4AD613F2222BF4A5FC048C6379CB10E3200301F1E24C9EB0CCF1E3675A9","Extracted Dataset A file appeared during inventory."
"ADDED","Gait\dataset_a\other\zjg-00_1-039.png","","852","","D6937DB67F84E307FD93EB4A944F69BBBFC4A085F0423C24EE99563F4C0AC929","Extracted Dataset A file appeared during inventory."
"ADDED","Gait\dataset_a\other\zjg-00_1-040.png","","780","","0E9625BA1DD9D3C4C03089B8E0FA1DEC349C80A784BA7C49B301F45F47D4CEBE","Extracted Dataset A file appeared during inventory."
"ADDED","Gait\dataset_a\other\zjg-00_1-041.png","","787","","8DCC376550C3809D5036E6C4742291A735593CBC52197B2B0BFCAAF6865FE1F3","Extracted Dataset A file appeared during inventory."
"ADDED","Gait\dataset_a\other\zjg-00_1-042.png","","833","","75643D6D9BE956E0FB5C1601F3AFFB98CD15BE4EDFF96CE925B286EF21438924","Extracted Dataset A file appeared during inventory."
"ADDED","Gait\dataset_a\other\zjg-00_1-043.png","","835","","B3F92F4BB458AB7B80695F944B9A745FC015C08C4883506C20F0AEBDBC8838CF","Extracted Dataset A file appeared during inventory."
"ADDED","Gait\dataset_a\other\zjg-00_1-044.png","","857","","D7F31CAC45D210C0C80E5816D1F3E40943DCDA947F0DC846A8975A62C26259C1","Extracted Dataset A file appeared during inventory."
"ADDED","Gait\dataset_a\other\zjg-00_1-045.png","","762","","DBFD25827BA31E451E3118C03A5ABC66A2DAE48AAC8B005988B72CF6C23ECB86","Extracted Dataset A file appeared during inventory."
"ADDED","Gait\dataset_a\other\zjg-00_1-046.png","","757","","DCC8F9A759EC5C11FDEBC54343E3B4C760A2D5E76294F9481F342A6264577C34","Extracted Dataset A file appeared during inventory."
"ADDED","Gait\dataset_a\other\zjg-00_1-048.png","","797","","61ABC4810518C5959BE3AF97D61DE9D37ACAB263EF567B980720D697C4A25F49","Extracted Dataset A file appeared during inventory."
"ADDED","Gait\dataset_a\other\zjg-00_1-051.png","","833","","BC483729542910835BC3C370E0771DD0463CCA042FA5A082C7E1792E2BB58B0B","Extracted Dataset A file appeared during inventory."
"ADDED","Gait\dataset_a\other\zjg-00_1-052.png","","761","","2F32B505755DA6566AD1B2C63AEBE476CA2360E7710D5EAA516066590E05C497","Extracted Dataset A file appeared during inventory."
"ADDED","Gait\dataset_a\other\zjg-00_1-053.png","","792","","B47C371A0015705431B360BBCD3640B405681CCC093E9FF86CD59DC45D06ABF4","Extracted Dataset A file appeared during inventory."
"ADDED","Gait\dataset_a\other\zjg-00_1-054.png","","742","","1504ABB79D735FC02722D034697F9D9AD5BC60C36F5C232C3F373CC881AB4925","Extracted Dataset A file appeared during inventory."
"ADDED","Gait\dataset_a\other\zjg-00_1-055.png","","773","","C3CDE21CB08412D5EB56405F39A01B1BF50615EE4C9D6F0AEBA3A046809EA1E0","Extracted Dataset A file appeared during inventory."
"ADDED","Gait\dataset_a\other\zjg-00_1-056.png","","794","","D60FF690CCAF82A285A3DF93E90AC90C63A760D436BB84B6092339BADB855E91","Extracted Dataset A file appeared during inventory."
"ADDED","Gait\dataset_a\other\zjg-00_1-057.png","","821","","7993E34B77D308A0D0D858AFDCA7D67ADF2787021BBC024280E88F6E2FCCD5BB","Extracted Dataset A file appeared during inventory."
"ADDED","Gait\dataset_a\other\zjg-00_1-058.png","","824","","0FBF07F3420DA361AD4988AF9D2FFD0A724AE7DCA7C85B7E7FD2481694B14B17","Extracted Dataset A file appeared during inventory."
"ADDED","Gait\dataset_a\other\zjg-00_1-059.png","","825","","8321870E009A5CE8EDE4FD3B08D07F924BA94BAA283ABE1360D4405044A8D95E","Extracted Dataset A file appeared during inventory."
"ADDED","Gait\dataset_a\other\zjg-00_1-061.png","","821","","1319F6AB0ACD3B0DBBBB2562334CE67F49D5A5184581C35541FB7C62D8026971","Extracted Dataset A file appeared during inventory."
"ADDED","Gait\dataset_a\other\zjg-00_1-062.png","","852","","2439938F4B28A3EAE080157D16931E6F35C9FB1C10CCA98C51B3F188E290370F","Extracted Dataset A file appeared during inventory."
"ADDED","Gait\dataset_a\other\zjg-00_1-065.png","","714","","C9A082D84029720839FC30C9F25E132EC100E685D3C6A97684DBF91F4D6D4070","Extracted Dataset A file appeared during inventory."
"ADDED","Gait\dataset_a\other\zjg-00_1-066.png","","653","","746D95ABDB30402FCB6BE7A18E0F221C736A13BD877325F2D73E5368443DE84D","Extracted Dataset A file appeared during inventory."
"ADDED","Gait\dataset_a\other\zjg-00_1-067.png","","689","","0D3421AD1D7EDEEFE4D89786A541D0E58E7EE35287C4E84C9E8FADAF931576E4","Extracted Dataset A file appeared during inventory."
"ADDED","Gait\dataset_a\other\zjg-00_1-068.png","","685","","62F129D10B8763090952E9ECD8A2FF62AC13BC72753293D85BAA1D541E3B5C3B","Extracted Dataset A file appeared during inventory."
"ADDED","Gait\dataset_a\other\zjg-00_1-069.png","","699","","175AD25B2BE3A6DA9FAB82CAA19B1BEEE177F60F955685166A6FDA5590928433","Extracted Dataset A file appeared during inventory."
"ADDED","Gait\dataset_a\other\zjg-00_2-001.png","","777","","D6B431159723802F2D50CA54D4D8B86403E5E6BB29082E14E173A82312DF00CC","Extracted Dataset A file appeared during inventory."
"ADDED","Gait\dataset_a\other\zjg-00_2-002.png","","781","","8D6428AA42A995B403757C7175EA762803B8BB8142D237B0EB2B989208966CCB","Extracted Dataset A file appeared during inventory."
"ADDED","Gait\dataset_a\other\zjg-00_2-003.png","","772","","81E21A9D6D03E2CB63876E65356727212C0C47EDDBDCA83C3329A9C4D9C98259","Extracted Dataset A file appeared during inventory."
"ADDED","Gait\dataset_a\other\zjg-00_2-004.png","","806","","F8BCE7207D6F38E45F9A8BCA8156E40D87420DE51FA4062255F2D0BB951CAEF4","Extracted Dataset A file appeared during inventory."
"ADDED","Gait\dataset_a\other\zjg-00_2-005.png","","803","","C9ECA38A7078D73E90E34FBF85F104967A2727755C5B2F6BA3168DEACE11E254","Extracted Dataset A file appeared during inventory."
"ADDED","Gait\dataset_a\other\zjg-00_2-006.png","","855","","7073C4416440A8D41F2ECD009E972F7786A2FC7B40CF0C0B6E85C7F32D9968C6","Extracted Dataset A file appeared during inventory."
"ADDED","Gait\dataset_a\other\zjg-00_2-007.png","","873","","59F2176E4DFCA47974052F17605FE4809AABCD8A4BA290863229EBA37D49C8B7","Extracted Dataset A file appeared during inventory."
"ADDED","Gait\dataset_a\other\zjg-00_2-008.png","","916","","6E0E5C0A091B1981BAF48A40D558ADC205864938AA94BD20776541E5476ECFF6","Extracted Dataset A file appeared during inventory."
"ADDED","Gait\dataset_a\other\zjg-00_2-010.png","","870","","99BC878635A683254A4CA4B12EDA6C0923E512D747907238B7FC41658DBFFDC6","Extracted Dataset A file appeared during inventory."
"ADDED","Gait\dataset_a\other\zjg-00_2-013.png","","870","","A19EFB4EDE6F0CE0BEA76DF78BB695C03FE56AA84D5760541D8A6F7589EFF332","Extracted Dataset A file appeared during inventory."
"ADDED","Gait\dataset_a\other\zjg-00_2-014.png","","859","","2508B9D19E1A46869D76ABC74B30426A4627D4E835643815C9940A8EDFD34252","Extracted Dataset A file appeared during inventory."
"ADDED","Gait\dataset_a\other\zjg-00_2-015.png","","768","","2FC6758AF4B3B94362E1D22E281D4B5124BF65C882EAB42001491F229C11776D","Extracted Dataset A file appeared during inventory."
"ADDED","Gait\dataset_a\other\zjg-00_2-016.png","","810","","33137A3A1250FD066EE9FB9ECB639D41BDF5EDF8DB97F5D262C731D69CFA2F73","Extracted Dataset A file appeared during inventory."
"ADDED","Gait\dataset_a\other\zjg-00_2-017.png","","861","","1F859997770A4EFAE979F23C05A43D40BB2C7C15BEB5EB68A832EA7AD1338EBE","Extracted Dataset A file appeared during inventory."
"ADDED","Gait\dataset_a\other\zjg-00_2-018.png","","929","","C9DA782E763B8EE5D6E46DED688E4612CFF02466BEC267868D927D3344F54B03","Extracted Dataset A file appeared during inventory."
"ADDED","Gait\dataset_a\other\zjg-00_2-019.png","","920","","A9E2C47EF43F31F706382028E4DE970B901D907F5CA60F6BAAE733407B57E6A3","Extracted Dataset A file appeared during inventory."
"ADDED","Gait\dataset_a\other\zjg-00_2-020.png","","921","","1EF44C9BA1667A5E9DD7196B8F77FE6DFD3293F5B2B664C0A7D6C20E4532477B","Extracted Dataset A file appeared during inventory."
"ADDED","Gait\dataset_a\other\zjg-00_2-021.png","","876","","5F7EF942367A6769FDB25BCF64DAF87AC47A2B9F50B074A87BD7C007E03A0604","Extracted Dataset A file appeared during inventory."
"ADDED","Gait\dataset_a\other\zjg-00_2-022.png","","893","","855555CB7BBAA46A4D77CE305F43815E0CA0B93778EA6150285D8958C1D58252","Extracted Dataset A file appeared during inventory."
"ADDED","Gait\dataset_a\other\zjg-00_2-024.png","","947","","7E827EA91632F678F100B3B5FB94099112AA467F96402CAB3AD35037D1A1AA21","Extracted Dataset A file appeared during inventory."
"ADDED","Gait\dataset_a\other\zjg-00_2-025.png","","930","","452F49A8B71316DF5C687E465C3F8DE3067B9813474BB0EB9B8ED1C93715D13A","Extracted Dataset A file appeared during inventory."
"ADDED","Gait\dataset_a\other\zjg-00_2-028.png","","886","","609C98B4E1B2DED76E473B92270080DB03B83DC5C14BE2335CA5478567C29C9D","Extracted Dataset A file appeared during inventory."
"ADDED","Gait\dataset_a\other\zjg-00_2-029.png","","884","","1EBAC11C7FB3C31037A1F89F1F2A2DF312BE4B49678956261BCB59AAF3343E3A","Extracted Dataset A file appeared during inventory."
"ADDED","Gait\dataset_a\other\zjg-00_2-030.png","","871","","F06C0978B50D4814F175C9B1B38CB38B0916DA7D415CDE8F54D0FE15140D864B","Extracted Dataset A file appeared during inventory."
"ADDED","Gait\dataset_a\other\zjg-00_2-031.png","","844","","1084699E6A39A0C7A095F09FE116FB031E6650130BEFE64EABF55BC16063DD2E","Extracted Dataset A file appeared during inventory."
"ADDED","Gait\dataset_a\other\zjg-00_2-032.png","","908","","69DE2ED16F7BECF8B42D3C33C87CB60E09BF2EE3444C36A8B96735B04D9B0CB7","Extracted Dataset A file appeared during inventory."
"ADDED","Gait\dataset_a\other\zjg-00_2-033.png","","939","","0337FB98D45FBE16210E6C0D3EC899C703D177AF75E63C6B142DA39CBA3080EF","Extracted Dataset A file appeared during inventory."
"ADDED","Gait\dataset_a\other\zjg-00_2-034.png","","939","","80A099550259302F563E183C30D80929EF8FB6441310A2E3EA3567836590378B","Extracted Dataset A file appeared during inventory."
"ADDED","Gait\dataset_a\other\zjg-00_2-035.png","","899","","0416F25E070DEFDFF934D42D6F3A436F79B051B14F4CD39EC0ADB6F5FB9B05F2","Extracted Dataset A file appeared during inventory."
"ADDED","Gait\dataset_a\other\zjg-00_2-036.png","","968","","DC6537A0C22B77443C3F40DFD2C981F22AFFD6246A99727428DD0A884C2DE17A","Extracted Dataset A file appeared during inventory."
"ADDED","Gait\dataset_a\other\zjg-00_2-038.png","","952","","0DE7C008F7A82914B4C128C1BAA0DE2300D0DA269FC82D0D7BEB475F061DC091","Extracted Dataset A file appeared during inventory."
"ADDED","Gait\dataset_a\other\zjg-00_2-041.png","","681","","5100996D2AB1AD023C68B92E28C425C23C5E320D5E2D6EEC33FBDA04558186AD","Extracted Dataset A file appeared during inventory."
"ADDED","Gait\dataset_a\other\zjg-00_2-042.png","","721","","F3090F80C688DE3E337200DD02F2090D88C04C69B5C55852477D2890A12559C8","Extracted Dataset A file appeared during inventory."
"ADDED","Gait\dataset_a\other\zjg-00_2-043.png","","816","","4E51486195C4F87B583E478DE68DD988244834A167AC11D1B4FA2FE6F530885F","Extracted Dataset A file appeared during inventory."
"ADDED","Gait\dataset_a\other\zjg-00_2-044.png","","848","","E15BB28BEB74720965744E702671250BC4B98718B8C7F06529015A4DCD5C8F13","Extracted Dataset A file appeared during inventory."
"ADDED","Gait\dataset_a\other\zjg-00_2-045.png","","770","","750D534EF304BCD3186F5A16FCB57AF442F9707567358D713F6AB659CACDAD9C","Extracted Dataset A file appeared during inventory."
"ADDED","Gait\dataset_a\other\zjg-00_2-046.png","","818","","898D62816CC9AA5FBC0151FBC9DC20867988919A80F9D479F77322DA18F27AA2","Extracted Dataset A file appeared during inventory."
"ADDED","Gait\dataset_a\other\zjg-00_2-047.png","","865","","D18F9D41E4F0B5BE912245BF3F1E1576A5A6C75EC5AE267FB74F6F0AB585ED97","Extracted Dataset A file appeared during inventory."
"ADDED","Gait\dataset_a\other\zjg-00_2-048.png","","892","","54F0365FE255785203D72897EA1E6F20BAA22DC93ECCE33BBAEAB0C5C738F5E0","Extracted Dataset A file appeared during inventory."
"ADDED","Gait\dataset_a\other\zjg-00_2-050.png","","950","","3B4345D99FB7DB8BCC1C022B4D33AEC89F1AA16609884EFFA0FEDE5F741B3517","Extracted Dataset A file appeared during inventory."
"ADDED","Gait\dataset_a\other\zjg-00_2-054.png","","876","","108822D07C6404ED1AECCB698FB6FC6F6CE9D88BC43C8D60D5C1D8B289254816","Extracted Dataset A file appeared during inventory."
"ADDED","Gait\dataset_a\other\zjg-00_2-055.png","","849","","FDBBE87C104EA8B939344DF27C5666355E796E43E1661214DEC8EFB58AA27809","Extracted Dataset A file appeared during inventory."
"ADDED","Gait\dataset_a\other\zjg-00_2-056.png","","816","","C0F9F02D6AFA14EC00D467B3A012FC2F3857633B16696C6D156775B46194BCB5","Extracted Dataset A file appeared during inventory."
"ADDED","Gait\dataset_a\other\zjg-00_2-057.png","","798","","4D4D25DC2664888FFF640915EF93D24D0E4D4C5660F5E62BC01AE664EC751938","Extracted Dataset A file appeared during inventory."
"ADDED","Gait\dataset_a\other\zjg-00_2-058.png","","806","","A6E6F79967D590443D24AE136D0D0DD23C6FBABB95870338A39F0B3BDB80B23D","Extracted Dataset A file appeared during inventory."
"ADDED","Gait\dataset_a\other\zjg-00_2-059.png","","815","","4EE685841CC7983C73A80D54B87075368657817259DA064FBFD5F8974395D4F7","Extracted Dataset A file appeared during inventory."
"ADDED","Gait\dataset_a\other\zjg-00_2-060.png","","880","","A75AB57A6C54635818F343EDA2F58C9EA80BA2D8FA97C16E10CECB73E71FD14E","Extracted Dataset A file appeared during inventory."
"ADDED","Gait\dataset_a\other\zjg-00_2-061.png","","841","","99E1BE82E5CBD0AF4A68B89C2E3BDEF885BF0F1C195DD7D6F8B3236E0ACAE053","Extracted Dataset A file appeared during inventory."
"ADDED","Gait\dataset_a\other\zjg-00_3-001.png","","820","","8A2A00D673326D6521C59E9CB6499AD652FD7A46766D3F69C94FB3D35498958F","Extracted Dataset A file appeared during inventory."
"ADDED","Gait\dataset_a\other\zjg-00_3-002.png","","790","","E006A407EDAC6BA90BB9E0B3B226CA5057315A0203C2B951556581D0959C80EB","Extracted Dataset A file appeared during inventory."
"ADDED","Gait\dataset_a\other\zjg-00_3-003.png","","788","","3E86D07AA608F39ADE9A6A044751072E68899BC3C1BC7B5AE554DD6AAB3222A7","Extracted Dataset A file appeared during inventory."
"ADDED","Gait\dataset_a\other\zjg-00_3-004.png","","816","","9B23889D8A5E058B276361050D210D7D6222A29196F8377CF155452234346AD9","Extracted Dataset A file appeared during inventory."
"ADDED","Gait\dataset_a\other\zjg-00_3-005.png","","825","","36E39CEA1C827E0EFD0B50E2BF6D7E075BA2D1A8091FBA88F6A00CC14908C4C0","Extracted Dataset A file appeared during inventory."
"ADDED","Gait\dataset_a\other\zjg-00_3-006.png","","820","","7DE27B99278C08CCE0F302EB1A0053B9C323E1F6F32CD5D90B98FFF9EAD0C5A3","Extracted Dataset A file appeared during inventory."
"ADDED","Gait\dataset_a\other\zjg-00_3-007.png","","855","","39757E21290FD185DD4879391BE62DFCDBF7FA4D043CA77129E67CC9E5D3761C","Extracted Dataset A file appeared during inventory."
"ADDED","Gait\dataset_a\other\zjg-00_3-008.png","","858","","4DD2819489608399E3E22351F348D755FC93105AB56C93C3C09D2148C163D15E","Extracted Dataset A file appeared during inventory."
"ADDED","Gait\dataset_a\other\zjg-00_3-010.png","","882","","6F114724BF478BE0121CAACFE3F0FBEC8CB16DC697517D4F2B22922CE2608F19","Extracted Dataset A file appeared during inventory."
"ADDED","Gait\dataset_a\other\zjg-00_3-014.png","","860","","76C788B517F4CA00EF5F75865929BE9FFF7DACA8526D616608C3E42131044419","Extracted Dataset A file appeared during inventory."
"ADDED","Gait\dataset_a\other\zjg-00_3-015.png","","842","","39DAA0C7F921497C6EFD289C0AF806093A3C57F7878A909A8FC3459A599364BB","Extracted Dataset A file appeared during inventory."
"ADDED","Gait\dataset_a\other\zjg-00_3-016.png","","801","","5D24A87F15D3C7E4203450452F178DC59ED190B82010572C08FECCDC7D1EEA08","Extracted Dataset A file appeared during inventory."
"ADDED","Gait\dataset_a\other\zjg-00_3-017.png","","854","","37DBFFB59E62D7D39A3C1A0D482EAC8472C9CA6C9EB02CF8A75E32FB1A23C041","Extracted Dataset A file appeared during inventory."
"ADDED","Gait\dataset_a\other\zjg-00_3-018.png","","811","","803F72F132B1A7C25D9BF4DF6AFA259D5A96E77B342A3D8311CB5F230CA61870","Extracted Dataset A file appeared during inventory."
"ADDED","Gait\dataset_a\other\zjg-00_3-019.png","","853","","CF02B9ECEF4FF832415901CBDDA0019D252AA1549FF3A3614771DC5C3BE2003E","Extracted Dataset A file appeared during inventory."
"ADDED","Gait\dataset_a\other\zjg-00_3-020.png","","832","","BBD201D305145D18B9E848AFFBA63CEF5F96B51DE373D08091857E7FE297501D","Extracted Dataset A file appeared during inventory."
"ADDED","Gait\dataset_a\other\zjg-00_3-021.png","","759","","0618D74779E797FCC95B22E16E3A41DF8282E94E71148D374F8D16133C1ADDD2","Extracted Dataset A file appeared during inventory."
"ADDED","Gait\dataset_a\other\zjg-00_3-022.png","","836","","0137C5B2224F9B822E791ADE766353F941ACACF2A6A6DC7D101CED5AC9BC90C9","Extracted Dataset A file appeared during inventory."
"ADDED","Gait\dataset_a\other\zjg-00_3-023.png","","928","","0EDFEF89C24CE9597BBCE511498B0488553280D04D4D67F46055B37DE37E03D2","Extracted Dataset A file appeared during inventory."
"ADDED","Gait\dataset_a\other\zjg-00_3-025.png","","924","","BB124F6BE6C1DDAA8A2C32D148E74F04C138BB57740008A406BBC7826452633F","Extracted Dataset A file appeared during inventory."
"ADDED","Gait\dataset_a\other\zjg-00_3-028.png","","880","","F89CEF6B710028C0478DB4607557B1C92E68A1DDA7DC133EDA21F3D853892F79","Extracted Dataset A file appeared during inventory."
"ADDED","Gait\dataset_a\other\zjg-00_3-029.png","","885","","431F955190D466D0EC67C5D359B3D0F309C38F9D8B561A8E750860F7DDE2DD7A","Extracted Dataset A file appeared during inventory."
"ADDED","Gait\dataset_a\other\zjg-00_3-030.png","","887","","13FAD949B18E9A42A8F0143AAFE66F8F10BD65A3DD58B4B6E72C132CDC348FF6","Extracted Dataset A file appeared during inventory."
"ADDED","Gait\dataset_a\other\zjg-00_3-031.png","","880","","D291656CC16511E368E420366486C189D40F067928F166521C775F0063165567","Extracted Dataset A file appeared during inventory."
"ADDED","Gait\dataset_a\other\zjg-00_3-032.png","","826","","39574026FF91FBE8236E4D56B3428DC0841A3C104D7F0E43C5916EC221913C92","Extracted Dataset A file appeared during inventory."
"ADDED","Gait\dataset_a\other\zjg-00_3-033.png","","910","","B802CACFA9E197AD007DFA360F6FE5D836F318C90ACC5842E051CFFB7458C93D","Extracted Dataset A file appeared during inventory."
"ADDED","Gait\dataset_a\other\zjg-00_3-034.png","","940","","E3E75D7D7C660D2E427754300F87BFCF01B8B1C554D2C5FE1A8A98C58280AE8B","Extracted Dataset A file appeared during inventory."
"ADDED","Gait\dataset_a\other\zjg-00_3-035.png","","952","","354E6AC77E7A5B2EC95634D6F50D188F5F00A41FBA138775AEA534E48855B586","Extracted Dataset A file appeared during inventory."
"ADDED","Gait\dataset_a\other\zjg-00_3-036.png","","964","","B7E3DD30E74D16AA2F0803E41CD8156F0E9201F0399DF1529709F64A4A2BF1A8","Extracted Dataset A file appeared during inventory."
"ADDED","Gait\dataset_a\other\zjg-00_3-037.png","","941","","88ABD93C42A430FEC04B78ABEDCDCA58ECEB4A64DFE510B08BACEDB01DBBA71A","Extracted Dataset A file appeared during inventory."
"ADDED","Gait\dataset_a\other\zjg-00_3-039.png","","993","","8099A3FC7F5D2B58B9B0CF495DA04AD12E7C1B03A40107405687C992EDBC296F","Extracted Dataset A file appeared during inventory."
"ADDED","Gait\dataset_a\other\zjg-00_3-040.png","","886","","6F8CC88EFB49893B82031FC22577DC561E74B358FDCE7EE4AD9BFAE75820A408","Extracted Dataset A file appeared during inventory."
"ADDED","Gait\dataset_a\other\zjg-00_3-043.png","","832","","8771596B3EB6CCBE09A0A9222B6BF8082F2CD0E9F7594A48D05CDA60D3268DC5","Extracted Dataset A file appeared during inventory."
"ADDED","Gait\dataset_a\other\zjg-00_3-044.png","","844","","60E95021585E8CB9496F181A9C2782C3847C2CAD2BF336E497486D405316AA7B","Extracted Dataset A file appeared during inventory."
"ADDED","Gait\dataset_a\other\zjg-00_3-045.png","","795","","77E46151EB9364ABA11AA058CA8C7C063BA46E8EE41DD5ED4ADABF3F7E796CCB","Extracted Dataset A file appeared during inventory."
"ADDED","Gait\dataset_a\other\zjg-00_3-046.png","","795","","B7A7EBD38D29C7F88C14EFA29210E793416112CE21A853FE5855BBEE1AE073F0","Extracted Dataset A file appeared during inventory."
"ADDED","Gait\dataset_a\other\zjg-00_3-047.png","","779","","8E85351F4E13135EC3D0DC87A5885251A90421EDE61097BAE446E7F2473AC2E0","Extracted Dataset A file appeared during inventory."
"ADDED","Gait\dataset_a\other\zjg-00_3-048.png","","890","","5C83B64EE57D9C3B451F4C6AF3B55FB9911954900DAA217F8D1BBC4D1DF645CC","Extracted Dataset A file appeared during inventory."
"ADDED","Gait\dataset_a\other\zjg-00_3-049.png","","851","","B2F79BD9D27C2665746ED281FF9E2CF83705903A8582FE992ED4A59638858841","Extracted Dataset A file appeared during inventory."
"ADDED","Gait\dataset_a\other\zjg-00_3-050.png","","876","","DA57D897A0E97DDB8F493383DAE02A596A1BD03B5499DCCA91B8C8789D10AF29","Extracted Dataset A file appeared during inventory."
"ADDED","Gait\dataset_a\other\zjg-00_3-051.png","","903","","5A24592B3A560FB389F02D3EC405DFD35742F4E00B5CB49EF81AC6409C43F365","Extracted Dataset A file appeared during inventory."
"ADDED","Gait\dataset_a\other\zjg-00_3-055.png","","843","","41C78C865809B6462D74A2C226CC9DC97A4B94F485FA1857FB8DD162E4C6A1F3","Extracted Dataset A file appeared during inventory."
"ADDED","Gait\dataset_a\other\zjg-00_3-056.png","","834","","82EEE4DD7590944C3D751778B5FF1153EA52E5A4B0A4F0564A2BEC2927716216","Extracted Dataset A file appeared during inventory."
"ADDED","Gait\dataset_a\other\zjg-00_3-057.png","","776","","9015F381F212521B9FCB66FE79ECB2A395D7B5745A54B036A7B7820F85782117","Extracted Dataset A file appeared during inventory."
"ADDED","Gait\dataset_a\other\zjg-00_3-058.png","","761","","F5EF52AFAEBF68586FFD1187B189AEFE789EA3306AC0DA989436CC5627B4E4D0","Extracted Dataset A file appeared during inventory."
"ADDED","Gait\dataset_a\other\zjg-00_3-059.png","","788","","1BC2B5C9108A1BAE92DDBC1C48603F14A5AB85142C7BCA2B356D760408022C8B","Extracted Dataset A file appeared during inventory."
"ADDED","Gait\dataset_a\other\zjg-00_3-060.png","","723","","B93B808940AD150E940141ECFC0C4E0E805221BF0D2D24D73E667DCC63B3DE5B","Extracted Dataset A file appeared during inventory."
"ADDED","Gait\dataset_a\other\zjg-00_3-061.png","","752","","69F490E123951E22C3974560110B27D288CABC414FDFC7AA1657C76197497C1E","Extracted Dataset A file appeared during inventory."
"ADDED","Gait\dataset_a\other\zjg-00_3-062.png","","787","","154E70175346E94CB00998CAC60F7A07E8CFD3DC65C97BE17E386F3466BA0C6D","Extracted Dataset A file appeared during inventory."
"ADDED","Gait\dataset_a\other\zjg-00_4-001.png","","713","","C330FF45B29FB647C47A7B979AA4AD19CE21094A91DA83CF80244BE75CAAFD87","Extracted Dataset A file appeared during inventory."
"ADDED","Gait\dataset_a\other\zjg-00_4-002.png","","777","","19868438DBD7570BD305A5C92CD2AE7BF57785B61D7635CFF5D64EFBB28783E1","Extracted Dataset A file appeared during inventory."
"ADDED","Gait\dataset_a\other\zjg-00_4-003.png","","773","","313B323699F9A4ECB6C18C4A1DF3CC410F49B54542C4C1E6E93790D0B8C1A444","Extracted Dataset A file appeared during inventory."
"ADDED","Gait\dataset_a\other\zjg-00_4-004.png","","837","","BCA4F1800E848A1F48513AFE8A92FF9D0A2E73E994A2522D387E288484E08481","Extracted Dataset A file appeared during inventory."
"ADDED","Gait\dataset_a\other\zjg-00_4-005.png","","837","","D18750C614B261BBA2DD52CA388860554FC31CFC054F31D12DCD9F2A581BDB24","Extracted Dataset A file appeared during inventory."
"ADDED","Gait\dataset_a\other\zjg-00_4-007.png","","835","","F916379FB1D78B2FFAB23ADC5F217947AEC1E3FBCA2FAB774DD8454216A93413","Extracted Dataset A file appeared during inventory."
"ADDED","Gait\dataset_a\other\zjg-00_4-008.png","","831","","F681D8D6A714F1DB154B652E93879064CE5552CEA9E8649D78FF7FC7A1E1FF70","Extracted Dataset A file appeared during inventory."
"ADDED","Gait\dataset_a\other\zjg-00_4-011.png","","809","","5441C60493BE06BEF2991DEF78E93BD363522D0D7B53A3C925D534F34A9A5903","Extracted Dataset A file appeared during inventory."
"ADDED","Gait\dataset_a\other\zjg-00_4-012.png","","782","","1900A28A9406C5670A65327CBA36B3B92A898FB0BBC518796C6F70E8FCEB9FD7","Extracted Dataset A file appeared during inventory."
"ADDED","Gait\dataset_a\other\zjg-00_4-013.png","","827","","B5E02AB854733240EFF7DB1292A68E70F57F9F4B83DF84BF6BD7985C674752A7","Extracted Dataset A file appeared during inventory."
"ADDED","Gait\dataset_a\other\zjg-00_4-014.png","","787","","42EB6C1781CCD946616395E67FE67FE2F0CB2D80877172825C8D0470A8CE36AC","Extracted Dataset A file appeared during inventory."
"ADDED","Gait\dataset_a\other\zjg-00_4-015.png","","793","","625809D555333AD6EC9F21887A12956D24772E6F2358BC78D5B74D61E759F411","Extracted Dataset A file appeared during inventory."
"ADDED","Gait\dataset_a\other\zjg-00_4-016.png","","842","","1FD7DFFEB3145AB5C7B70AF0BE81F9D7E5E3DB4DB8E3D4777A0E770093CF3819","Extracted Dataset A file appeared during inventory."
"ADDED","Gait\dataset_a\other\zjg-00_4-017.png","","827","","D53B58F758AE5C6E42CE03ED972DA54B3B58889BFE5C5C44551EEC9643F92E2B","Extracted Dataset A file appeared during inventory."
"ADDED","Gait\dataset_a\other\zjg-00_4-018.png","","839","","B2EC51E900C80D5B5FC3D927C8655BDBA07B534B1C2BB3BA475C7E45B8244DF6","Extracted Dataset A file appeared during inventory."
"ADDED","Gait\dataset_a\other\zjg-00_4-019.png","","856","","8887B40327E4CD55C01BC8E207E23BD167CAA203ED32065CF5C14A629A5679B6","Extracted Dataset A file appeared during inventory."
"ADDED","Gait\dataset_a\other\zjg-00_4-020.png","","849","","5CBE7FFE30314A5E741472DA56D53048EE33420FE9D21247ED63E16CBE2C44B4","Extracted Dataset A file appeared during inventory."
"ADDED","Gait\dataset_a\other\zjg-00_4-022.png","","839","","FA912994411F9642755C9EFD05D34090438CB128E12E6D8C4480FCB3E079891D","Extracted Dataset A file appeared during inventory."
"ADDED","Gait\dataset_a\other\zjg-00_4-025.png","","831","","B5372F161A44BDE4A87A1ACD1AE841530CDE162681F127B84C37D4224FCCF5D9","Extracted Dataset A file appeared during inventory."
"ADDED","Gait\dataset_a\other\zjg-00_4-026.png","","851","","0A2DA643E2B120B72454D8A160FDA267B8E5910DA403359D30102CCCD7BBE5F5","Extracted Dataset A file appeared during inventory."
"ADDED","Gait\dataset_a\other\zjg-00_4-027.png","","900","","0568306401D223658299AF4D5AFC7DF7991F94964445953D2D8A7496DF599169","Extracted Dataset A file appeared during inventory."
"ADDED","Gait\dataset_a\other\zjg-00_4-028.png","","856","","D27E939D34C766A566EBDF9D6AE8FA8600CD8B4F0609178188DCC00A94D6C3BB","Extracted Dataset A file appeared during inventory."
"ADDED","Gait\dataset_a\other\zjg-00_4-029.png","","854","","9856F7914B110D7C022FC9EE7F1539410B209ABD052C59CA3A47535C9741774C","Extracted Dataset A file appeared during inventory."
"ADDED","Gait\dataset_a\other\zjg-00_4-030.png","","918","","3F6BF51D107A0887403279B729BDCD6ECF2055EC4A32E9AE295AD9FDC9267158","Extracted Dataset A file appeared during inventory."
"ADDED","Gait\dataset_a\other\zjg-00_4-031.png","","931","","67047912B2FF5A7CECF7ACC6E25E3C861806B857F801D00B7566EE8B51829561","Extracted Dataset A file appeared during inventory."
"ADDED","Gait\dataset_a\other\zjg-00_4-032.png","","953","","8846614C53A59354C9DEAE9C360D21D5F02AA75C072B0DA4B0E2E31939A0933E","Extracted Dataset A file appeared during inventory."
"ADDED","Gait\dataset_a\other\zjg-00_4-033.png","","954","","0E3411E5FFB61735FCCAFBE596D3493176080D4A4D38DA825E936E3161EB24E6","Extracted Dataset A file appeared during inventory."
"ADDED","Gait\dataset_a\other\zjg-00_4-035.png","","953","","C372097140F7695F51D3BE8038026A3544C21ADDD26EA1122CB55DAAC405BD40","Extracted Dataset A file appeared during inventory."
"ADDED","Gait\dataset_a\other\zjg-00_4-038.png","","921","","EE1B85CE7587C6656A438AC0C3955F46A4781EA21BF888DA1B15576CE417BBD5","Extracted Dataset A file appeared during inventory."
"ADDED","Gait\dataset_a\other\zjg-00_4-039.png","","854","","83C95408592A8EC0848A5911FE647C2104DB14C39A43983CE1E3BE2F74E42619","Extracted Dataset A file appeared during inventory."
"ADDED","Gait\dataset_a\other\zjg-00_4-040.png","","850","","B6372E3470BCE5BF5A229A27FDBC0EA93F33E67BED78E3EEA49DB33BFBD45319","Extracted Dataset A file appeared during inventory."
"ADDED","Gait\dataset_a\other\zjg-00_4-041.png","","862","","83E45758B67C40853ED4D291037052B4A0E34B2DA79EF50CB6BF4F80631C485C","Extracted Dataset A file appeared during inventory."
"ADDED","Gait\dataset_a\other\zjg-00_4-042.png","","854","","2DD4081C9E71055B505509D48F484795BFF6CA117E806310435D6E700B6007B9","Extracted Dataset A file appeared during inventory."
"ADDED","Gait\dataset_a\other\zjg-00_4-043.png","","865","","4897B344C0BE98CA131739BA070BEA89D24848C3377C5D0FEEB25296797686E9","Extracted Dataset A file appeared during inventory."
"ADDED","Gait\dataset_a\other\zjg-00_4-044.png","","847","","A8ECA756E0B81621CF683373F4CB8980F6763C9B4F9D2329DE1D7B116BFBCA4F","Extracted Dataset A file appeared during inventory."
"ADDED","Gait\dataset_a\other\zjg-00_4-045.png","","900","","388CE1461D99E31630B94A66BBEB6229F474055770195FA84F729215F6B49B58","Extracted Dataset A file appeared during inventory."
"ADDED","Gait\dataset_a\other\zjg-00_4-046.png","","885","","24B436B68950198C97D04E26A832BF7C2242C106B1947AFD5FF755410F2253FC","Extracted Dataset A file appeared during inventory."
"ADDED","Gait\dataset_a\other\zjg-00_4-047.png","","902","","88F31A0BCAA5C9B49C1E7960B80E742D23ACA5F2A4758AD58C3DAEA5A9B33987","Extracted Dataset A file appeared during inventory."
"ADDED","Gait\dataset_a\other\zjg-00_4-049.png","","858","","96AA864B50E176C2489C1F06EB3FD9FD6A2BEF41409DC37B72BC926DF76A4C80","Extracted Dataset A file appeared during inventory."
"ADDED","Gait\dataset_a\other\zjg-00_4-050.png","","942","","122ECD1E1EE4CE6CABA7324D7792D6CA843B32F394500F48F7B8F869E323D0AC","Extracted Dataset A file appeared during inventory."
"ADDED","Gait\dataset_a\other\zjg-00_4-053.png","","826","","BD67DC712F09E16B37465BE12D35E04CCE9FDBD65EBA4B2DFABC00A64BDB67D6","Extracted Dataset A file appeared during inventory."
"ADDED","Gait\dataset_a\other\zjg-00_4-054.png","","854","","85EA95330EE67C4331CA4BA18A3DF6ED795FAB96B117A6B97D079581BF4BEB3B","Extracted Dataset A file appeared during inventory."
"ADDED","Gait\dataset_a\other\zjg-00_4-055.png","","854","","73B58F18B8E11551C7C7A63E71D2845517CC31E1AFB83143E32000CBE49C13A1","Extracted Dataset A file appeared during inventory."
"ADDED","Gait\dataset_a\other\zjg-00_4-056.png","","815","","78490851299856680DD33A11FD61BCA4F219694322C0C86A8D67B1245641788C","Extracted Dataset A file appeared during inventory."
"ADDED","Gait\dataset_a\other\zjg-00_4-057.png","","797","","D7407503DD7DDC52C83CE5BE0C4A968E83ECA0498FD2E12C109E483598AF717B","Extracted Dataset A file appeared during inventory."
"ADDED","Gait\dataset_a\other\zjg-00_4-058.png","","781","","7B91F59ADE8FE4D70197755BDA7EBCD19CDDF518F888CE582395BA4657A7EA63","Extracted Dataset A file appeared during inventory."
"ADDED","Gait\dataset_a\other\zjg-00_4-059.png","","843","","BCD7F7F45B0D4F23F94CA72A2D57783FCD9B61239EDC6DBBE206A0AF162A1BFD","Extracted Dataset A file appeared during inventory."
"ADDED","Gait\dataset_a\other\zjg-00_4-060.png","","882","","9AEEB860C4FEEECCD0A7E214617B4257786EA354D6E9BA50E62EB4C289640413","Extracted Dataset A file appeared during inventory."
"ADDED","Gait\dataset_a\other\zjg-00_4-061.png","","925","","EE98F4C2468ACF6D66F28AAC239A9B87994ECC29CC3376C761C67BD0D74899B4","Extracted Dataset A file appeared during inventory."
"ADDED","Gait\dataset_a\other\zjg-00_4-062.png","","915","","D41A4C7807EFE1A0949086EC5036A723086F7F6B96DBBB09FC1C3E2B8199B7D0","Extracted Dataset A file appeared during inventory."
"ADDED","Gait\dataset_a\other\zjg-00_4-064.png","","916","","BAC906F8E98459F5ED005CB8614B24A23ABBC480386297D7E9A13E144157D0FD","Extracted Dataset A file appeared during inventory."
"ADDED","Gait\dataset_a\other\zjg-00_4-067.png","","835","","E0C10206BAFB918020FA7E2CB25E161C30138D6A31716970ABCCC2DB99C50D44","Extracted Dataset A file appeared during inventory."
"ADDED","Gait\dataset_a\other\zjg-00_4-068.png","","771","","B59A4CD947320DBE134B8F1685AFD1AE53696206DC841D95F6DD6AE862FBE454","Extracted Dataset A file appeared during inventory."
"ADDED","Gait\dataset_a\other\zjg-00_4-069.png","","762","","ADC6D9610BE3A846830DC18A3386F46337112A0E0A3E8A7A807187F4938E9567","Extracted Dataset A file appeared during inventory."
"ADDED","Gait\dataset_a\other\zjg-00_4-070.png","","807","","111E328BA2696E2452ADA4E7069B298A6FAB43A6D930599FAFE0FC91E60941E0","Extracted Dataset A file appeared during inventory."
"ADDED","Gait\dataset_a\other\zl-00_1-001.png","","1191","","8D593069AB7B06918CDFA10AACD460026D23AAA974C8F9E9CA3D098D25B28D80","Extracted Dataset A file appeared during inventory."
"ADDED","Gait\dataset_a\other\zl-00_1-002.png","","1244","","B01FB77015E4FCA160B855C4E10B2BA2BDDCAFD1A7C7F80E16248E84308F1DDB","Extracted Dataset A file appeared during inventory."
"ADDED","Gait\dataset_a\other\zl-00_1-003.png","","1279","","4C4B266C668BB9C894BFD0AB095B1D9839CC1E5DFA70231D0DD53561168A2D99","Extracted Dataset A file appeared during inventory."
"ADDED","Gait\dataset_a\other\zl-00_1-004.png","","1172","","791495C061D1F276AC09088CD4529B8F025EB08CBF3682D3CABEF37305A2D9AB","Extracted Dataset A file appeared during inventory."
"ADDED","Gait\dataset_a\other\zl-00_1-005.png","","1238","","55FA78BDA35CBC697638EBCE06334F082A0A12CE3E49B3D7FF2904430A903827","Extracted Dataset A file appeared during inventory."
"ADDED","Gait\dataset_a\other\zl-00_1-006.png","","1132","","50CAAB7F397921DD3EA19ADDFC311AEADEE5153137A50D3BB72F5C165869C709","Extracted Dataset A file appeared during inventory."
"ADDED","Gait\dataset_a\other\zl-00_1-007.png","","1146","","CD60811E809F358E063A468D88FBBB59D9337DF04A3CE8E740BD01EA2296D9EB","Extracted Dataset A file appeared during inventory."
"ADDED","Gait\dataset_a\other\zl-00_1-008.png","","1268","","6392CD493A1A135C01ED5ECE3EA0C61BF5C46C9322CCBEDF70D186B1B01E8E4C","Extracted Dataset A file appeared during inventory."
"ADDED","Gait\dataset_a\other\zl-00_1-009.png","","1318","","7E70EBBE2E59DA0EA7501DB735FDBDAD7C373327440C431E22FBF796B5D8D7D0","Extracted Dataset A file appeared during inventory."
"ADDED","Gait\dataset_a\other\zl-00_1-010.png","","1329","","06D961DC46D4D5E5C727189F93C01E045D7CFA23325BBD7282A7E8D874C8A652","Extracted Dataset A file appeared during inventory."
"ADDED","Gait\dataset_a\other\zl-00_1-012.png","","1342","","B71480603BF862A2A9A9F9AA467C8B1557C24AAF63A0DC83DBA7C94B33CE996E","Extracted Dataset A file appeared during inventory."
"ADDED","Gait\dataset_a\other\zl-00_1-015.png","","1141","","40FF60C9397D0EC1F46770FC604602D4E38B4C34458D40F61431D7A9FE16380E","Extracted Dataset A file appeared during inventory."
"ADDED","Gait\dataset_a\other\zl-00_1-016.png","","1210","","89AB348CC291C67BB314328D529ACCEA43FDCFCB3F6E5936161980A7FB0781DD","Extracted Dataset A file appeared during inventory."
"ADDED","Gait\dataset_a\other\zl-00_1-017.png","","1072","","70D11F7BA2DFA8E350ACC8170539860502A21075AF49117412DEE4DAE00F097E","Extracted Dataset A file appeared during inventory."
"ADDED","Gait\dataset_a\other\zl-00_1-018.png","","1028","","EB3946605D120D6B54AEC3BC84CE700004D444B8722B5595F500344FB3736837","Extracted Dataset A file appeared during inventory."
"ADDED","Gait\dataset_a\other\zl-00_1-019.png","","959","","C123A0E9E7F2C5675F06E75997476B1C60C25F38785946B362A17F5F80FB6A39","Extracted Dataset A file appeared during inventory."
"ADDED","Gait\dataset_a\other\zl-00_1-020.png","","1041","","F8CCB9718100F0ECBDC8B81A78D767BBEDF34DFBE607BFD1D50666BDA7DE7124","Extracted Dataset A file appeared during inventory."
"ADDED","Gait\dataset_a\other\zl-00_1-021.png","","1124","","C06BCD94B53C4EA957A446278926B1F13A97D7F649CC1D04503B883C4B6A08F0","Extracted Dataset A file appeared during inventory."
"ADDED","Gait\dataset_a\other\zl-00_1-022.png","","1148","","73929C446DCACEA7C2B8CE9BEC5F0CDEA3221F2442658E139B0D2EF7C0451292","Extracted Dataset A file appeared during inventory."
"ADDED","Gait\dataset_a\other\zl-00_1-023.png","","1256","","3C9FFF2EFE996CD85F9B1383D523C25985B0B561F4F4782D72681143B47A55CA","Extracted Dataset A file appeared during inventory."
"ADDED","Gait\dataset_a\other\zl-00_1-025.png","","1200","","C654868CA9E7E798769F8E5FEBFE674CA624AEF31C79015998F933B4EE8FE645","Extracted Dataset A file appeared during inventory."
"ADDED","Gait\dataset_a\other\zl-00_1-026.png","","1216","","6DFAF9B842A5D3B3307E2189F97B8574B7E35B801AF8A3BAAEFAE9E85A0B6A17","Extracted Dataset A file appeared during inventory."
"ADDED","Gait\dataset_a\other\zl-00_1-029.png","","1124","","976D5DFDCD2C2BFCFE917A22934A36304B5F582983C34859D914813C00CC94EB","Extracted Dataset A file appeared during inventory."
"ADDED","Gait\dataset_a\other\zl-00_1-030.png","","1079","","3229009B6B3B337E1F1C97B01299F73A28015ACADD3D982C42F5048D658149A5","Extracted Dataset A file appeared during inventory."
"ADDED","Gait\dataset_a\other\zl-00_1-031.png","","1112","","D5851D4FC7F7840420F2D3A927683B5B117ADD2DF73CF57157EB02033C14F4D5","Extracted Dataset A file appeared during inventory."
"ADDED","Gait\dataset_a\other\zl-00_1-032.png","","1032","","3F9CA55DA6B5FE48FBCAFE42CBB7222B574C03AEA639A0A34F9A4347F948F3F4","Extracted Dataset A file appeared during inventory."
"ADDED","Gait\dataset_a\other\zl-00_1-033.png","","936","","BB3C67293A838F7D798A4A0E05A75BCCB5EC717FC376519FDAF5882DDF328389","Extracted Dataset A file appeared during inventory."
"ADDED","Gait\dataset_a\other\zl-00_1-034.png","","1048","","E409735D01F6F178877D7D8584F5EC9EBCCD7142E1EB3ABB92626162CFCC89AB","Extracted Dataset A file appeared during inventory."
"ADDED","Gait\dataset_a\other\zl-00_1-035.png","","1111","","A4B6567B447423CCDD5F79BF863C43F2BAD7C142DD73C67C32F3841394BC8C74","Extracted Dataset A file appeared during inventory."
"ADDED","Gait\dataset_a\other\zl-00_1-036.png","","1176","","47371576F73A041F7FE4177F1BC822C87049326767C0FEFEBF861249EBE504E9","Extracted Dataset A file appeared during inventory."
"ADDED","Gait\dataset_a\other\zl-00_1-038.png","","1228","","C16ECB561E6CA9BC1F2AAA07B53A9FDB35D271AA7AF9BD11FCC774213DF22D6F","Extracted Dataset A file appeared during inventory."
"ADDED","Gait\dataset_a\other\zl-00_2-001.png","","1025","","ADA42120000DFC75A1C7326F74F2E9B297F8357012372DF9249E5DBC959E702A","Extracted Dataset A file appeared during inventory."
"ADDED","Gait\dataset_a\other\zl-00_2-002.png","","968","","F6A61B9841E332BCC417BB9B8DDAC47525C19DC1C247EC209CB31A26E977CB23","Extracted Dataset A file appeared during inventory."
"ADDED","Gait\dataset_a\other\zl-00_2-003.png","","987","","3D30BDEAC47F8E6F8045048E0D013302397073DA3DA937752A3EEB53101AE582","Extracted Dataset A file appeared during inventory."
"ADDED","Gait\dataset_a\other\zl-00_2-004.png","","989","","7746138648389648D01CCC449DA09BB96E329B0D8F2DC2471A6964C8212C623F","Extracted Dataset A file appeared during inventory."
"ADDED","Gait\dataset_a\other\zl-00_2-005.png","","1090","","4AA9040E32CE823DE9EF640A38682D2008B98E93B5E0B5CD6EB6669E526EB639","Extracted Dataset A file appeared during inventory."
"ADDED","Gait\dataset_a\other\zl-00_2-006.png","","1198","","C4B21A48EF2FCC9E40492E0C6ECC0FF4A76AE40394366086F41EFE7D6C07C662","Extracted Dataset A file appeared during inventory."
"ADDED","Gait\dataset_a\other\zl-00_2-008.png","","1197","","99BB986839A6F03885FB5C5139FFFFFFA25601461AAEFE2304D48FFF15D60FEE","Extracted Dataset A file appeared during inventory."
"ADDED","Gait\dataset_a\other\zl-00_2-009.png","","1204","","F56767AD262D6879AA0CBD6A611DC172953807C99D03390ADCB891AE4F1F73A2","Extracted Dataset A file appeared during inventory."
"ADDED","Gait\dataset_a\other\zl-00_2-012.png","","1036","","19138582352461D154C205AC1319B729E9A67DE326A8036A88EAF1A8ED4F3A6D","Extracted Dataset A file appeared during inventory."
"ADDED","Gait\dataset_a\other\zl-00_2-013.png","","1062","","40AFC91D2D1F0ED9DE658021FB915E839036896FBDF0F6EB62AD89C7A2574F78","Extracted Dataset A file appeared during inventory."
"ADDED","Gait\dataset_a\other\zl-00_2-014.png","","1035","","5A511EC122765A329C180AAB195E184F614E901FA927D70459E1F7F0B7CEC882","Extracted Dataset A file appeared during inventory."
"ADDED","Gait\dataset_a\other\zl-00_2-015.png","","987","","A6BAF1DEEF2E55334D60BE61EB76258143ED013638506DBE524EADC5B512C263","Extracted Dataset A file appeared during inventory."
"ADDED","Gait\dataset_a\other\zl-00_2-016.png","","1016","","91719AD62BD0A487DC0B131D025B0CF8AF1003C76B38EE2B0DFD53DCEADA7599","Extracted Dataset A file appeared during inventory."
"ADDED","Gait\dataset_a\other\zl-00_2-017.png","","1083","","C8537238FE5EA07FC8FC831136311047657E4C635E582BE723FB3C66A9AB803A","Extracted Dataset A file appeared during inventory."
"ADDED","Gait\dataset_a\other\zl-00_2-018.png","","1215","","F7A0EC961130A37A5DBCCA6EC6E98CB8AEC928D92F2E8A7920EB709E06BADE3D","Extracted Dataset A file appeared during inventory."
"ADDED","Gait\dataset_a\other\zl-00_2-019.png","","1287","","513A8C420C7D62CA0047842F48A305E01B0E01FCAB5D1F797540F77DA16C9048","Extracted Dataset A file appeared during inventory."
"ADDED","Gait\dataset_a\other\zl-00_2-021.png","","1288","","10A5B3D265E72CC238F88D2781321A85F0B8B31DC5DB818E0100E65EDB0E84BD","Extracted Dataset A file appeared during inventory."
"ADDED","Gait\dataset_a\other\zl-00_2-022.png","","1221","","6CCBCB3C499D218F83A27354E2E598B4A29B6015F8953F743AD3A589BCBD26CD","Extracted Dataset A file appeared during inventory."
"ADDED","Gait\dataset_a\other\zl-00_2-025.png","","1157","","7E0502BC2FC03D4079698BBD90725370ECC2EE0487DFBF5E12346AFD93A3197B","Extracted Dataset A file appeared during inventory."
"ADDED","Gait\dataset_a\other\zl-00_2-026.png","","1184","","E7BC2A1EADF759ED50E06D115C5CC3E86802DD2EFFCDD34B971C11C80B68293B","Extracted Dataset A file appeared during inventory."
"ADDED","Gait\dataset_a\other\zl-00_2-027.png","","1138","","3CAACEB829D12C3191D183B7C22554104E725197B62934B1BF8C0F0F2629AE98","Extracted Dataset A file appeared during inventory."
"ADDED","Gait\dataset_a\other\zl-00_2-028.png","","1123","","8DD470B1F6E23ADE2E78902B54BD9774613C5F822F939A1D9D6D8782E80D4845","Extracted Dataset A file appeared during inventory."
"ADDED","Gait\dataset_a\other\zl-00_2-029.png","","1061","","D3606D60AFD8F15357C7330058FC896A0BE88B45409701827F14206A6F971DE2","Extracted Dataset A file appeared during inventory."
"ADDED","Gait\dataset_a\other\zl-00_2-030.png","","1138","","F3A0A8B0C557704159F623159CA77514F9CBB77DFDAF769F173E6FF633953D79","Extracted Dataset A file appeared during inventory."
"ADDED","Gait\dataset_a\other\zl-00_2-031.png","","1172","","A22928CA1852A453B31F508A0CCEFD3973CF9820D56BF03DBF3510EC3A1A37B7","Extracted Dataset A file appeared during inventory."
"ADDED","Gait\dataset_a\other\zl-00_2-032.png","","1235","","8422A8D2C7CDB3542A3CA6D78F011BD681B7296B057CDFF24282A620DB8DFE4D","Extracted Dataset A file appeared during inventory."
"ADDED","Gait\dataset_a\other\zl-00_2-033.png","","1249","","665F4C6B171EBEB57C95EAA3CAAA39D7923868C66A397ECA926207EE8559EEF9","Extracted Dataset A file appeared during inventory."
"ADDED","Gait\dataset_a\other\zl-00_2-035.png","","1258","","27AC2DC63A531D2198A28BFE525464547A41115E9F13FAFFF6C72FCE5193B61A","Extracted Dataset A file appeared during inventory."
"ADDED","Gait\dataset_a\other\zl-00_2-036.png","","1218","","DE6F3D96E9BF138928B7B75AE5B694EBCE29952BFF6CE3A9046B58CAD64368AF","Extracted Dataset A file appeared during inventory."
"ADDED","Gait\dataset_a\other\zl-00_2-038.png","","1153","","68857BE96EEE6891D921CD52C69F42C58C237D589D7D5DEBFFFAF80639C047CC","Extracted Dataset A file appeared during inventory."
"ADDED","Gait\dataset_a\other\zl-00_2-039.png","","1200","","1085B19D579681C29222D60842FF63B1E434A4D4F9945073053635E0135C6CB4","Extracted Dataset A file appeared during inventory."
"ADDED","Gait\dataset_a\other\zl-00_2-040.png","","983","","D8C7542644745CAD69AD0D1F23434E1E5B520E0DDB6A412FCD5437E963986253","Extracted Dataset A file appeared during inventory."
"ADDED","Gait\dataset_a\other\zl-00_2-041.png","","961","","75F74EB9A4F9D2E155512E991C5A11E18D5B25136997C1E740191CB8A9A48C5A","Extracted Dataset A file appeared during inventory."
"ADDED","Gait\dataset_a\other\zl-00_2-042.png","","1017","","038AA1275BCD78AC8242AA5FF20670A5DD88D98434C5B4749B2F99DF8B57861C","Extracted Dataset A file appeared during inventory."
"ADDED","Gait\dataset_a\other\zl-00_2-043.png","","1102","","670AF8CC0D04E138D89B189BA4F1D98B1CA204F1997229717079A3D1B2805B25","Extracted Dataset A file appeared during inventory."
"ADDED","Gait\dataset_a\other\zl-00_2-044.png","","1137","","BAC2085497F4F71A76A710F877512DA9921D4E915A99CEC7E0005DC6A615EB36","Extracted Dataset A file appeared during inventory."
"ADDED","Gait\dataset_a\other\zl-00_3-001.png","","1255","","2377BA0CB0D1BBD092D7F429FB1CF4CA5A65DC79F897E76D836B7CB49386CF8B","Extracted Dataset A file appeared during inventory."
"ADDED","Gait\dataset_a\other\zl-00_3-002.png","","1216","","9EE8CEAD3E0F0B9FCFF4E0C3C95732318F2DBAE007E89C9DE2C546A745D0C00F","Extracted Dataset A file appeared during inventory."
"ADDED","Gait\dataset_a\other\zl-00_3-003.png","","1174","","72A4CDF8BD9624B63319444C0E8F0B8C47FA7EAA653E887975899F6F1BD1DABA","Extracted Dataset A file appeared during inventory."
"ADDED","Gait\dataset_a\other\zl-00_3-004.png","","1076","","F372744CC9421BA2F5FB8BC9E7FF98554F25107F2CBDB16CA8B3CF199AB8ED09","Extracted Dataset A file appeared during inventory."
"ADDED","Gait\dataset_a\other\zl-00_3-005.png","","953","","5C213FC292D1BF9EAF874E549FF9C2D64DEDD6B49BA25F8A70AF670E3BEBB08F","Extracted Dataset A file appeared during inventory."
"ADDED","Gait\dataset_a\other\zl-00_3-006.png","","951","","884F97302B87F394FAE1BAA2FF30FD09131C1CD28936CB4666170C85EB201BBF","Extracted Dataset A file appeared during inventory."
"ADDED","Gait\dataset_a\other\zl-00_3-007.png","","884","","09C6AAC575FDC786A95751413621EECBD47D33B31F7841652599EB540C553FA0","Extracted Dataset A file appeared during inventory."
"ADDED","Gait\dataset_a\other\zl-00_3-008.png","","986","","E7F063BE8FFB12D85CDEB00F363A864CDE9CE01239934A4787C2AF6FD9AD1093","Extracted Dataset A file appeared during inventory."
"ADDED","Gait\dataset_a\other\zl-00_3-009.png","","1129","","225FC24BA4A15D20446CB7132EA981189E33E4A704E87171506690DE309B2904","Extracted Dataset A file appeared during inventory."
"ADDED","Gait\dataset_a\other\zl-00_3-010.png","","1142","","617DA915D1206F736A78590752A2E470B260367F0C92F450EFB364554FBBD167","Extracted Dataset A file appeared during inventory."
"ADDED","Gait\dataset_a\other\zl-00_3-012.png","","1170","","0A71BB871234539098BC3469F9BC51EB4D6BFB1C596DD4BBB1397E222FA94E42","Extracted Dataset A file appeared during inventory."
"ADDED","Gait\dataset_a\other\zl-00_3-016.png","","1178","","6A28CFACB85277DA04100CF689DE233BF4598915A22952154814B7F5BC2D60FC","Extracted Dataset A file appeared during inventory."
"ADDED","Gait\dataset_a\other\zl-00_3-017.png","","1145","","8922372A56E47E22FC165AE76D24BF982C10961F6A6AB91E3DDB3F36FD0F51BA","Extracted Dataset A file appeared during inventory."
"ADDED","Gait\dataset_a\other\zl-00_3-018.png","","1018","","D4B06BCCFD155785733CD319469AD2D0913FE972961F0AA0D859C552A31C99A5","Extracted Dataset A file appeared during inventory."
"ADDED","Gait\dataset_a\other\zl-00_3-019.png","","1006","","2307C096F069C3BECBF6634603A6A8F21023E5768A50ACDF55D15EDA9E275F08","Extracted Dataset A file appeared during inventory."
"ADDED","Gait\dataset_a\other\zl-00_3-020.png","","959","","A3A0D1005E1713926DF6321575088AA908E10680349A7717A8A1EB599DA00319","Extracted Dataset A file appeared during inventory."
"ADDED","Gait\dataset_a\other\zl-00_3-021.png","","1016","","923EC4A336EE6A537A15C5A7760E66EA2BE45BE80AC274B472C9307DEAA2FBA0","Extracted Dataset A file appeared during inventory."
"ADDED","Gait\dataset_a\other\zl-00_3-022.png","","1052","","CA47E1430564A3D77EAF4E00AB683441C0801CB8485FB456F334DAE35D62AF16","Extracted Dataset A file appeared during inventory."
"ADDED","Gait\dataset_a\other\zl-00_3-023.png","","1145","","D7CB511F91E1E93AC4C61EBC02F6B26E1129263D039B14F2B9975190BC35BD80","Extracted Dataset A file appeared during inventory."
"ADDED","Gait\dataset_a\other\zl-00_3-024.png","","1182","","DACB5F5723F0A84D0EFC8E3ED36CF7C7DDB2B06D815174D0D78E347B41C7D894","Extracted Dataset A file appeared during inventory."
"ADDED","Gait\dataset_a\other\zl-00_3-029.png","","1105","","E3B0DABC1BF166864B5CB22843A1E69CC4F125B6393715D49C820314272A5D3D","Extracted Dataset A file appeared during inventory."
"ADDED","Gait\dataset_a\other\zl-00_3-030.png","","1026","","C877F342C6C22C6B6847E51D876FCC365F62F92251F9CB8255FDEA16B6C03C70","Extracted Dataset A file appeared during inventory."
"ADDED","Gait\dataset_a\other\zl-00_3-031.png","","1000","","66DE78004EAF422DCFD24C4409098A5CF23B22E8C3FAE0ADADF8CCC34D5A6C65","Extracted Dataset A file appeared during inventory."
"ADDED","Gait\dataset_a\other\zl-00_3-032.png","","975","","835CD6D71272BC581E291C16E90C110A959F1524744A6192C4E19856F31344EF","Extracted Dataset A file appeared during inventory."
"ADDED","Gait\dataset_a\other\zl-00_3-033.png","","973","","58AE6371ACF5EFE717096DF9D21AB0365363463EE646A83AE9E15A714C0144C2","Extracted Dataset A file appeared during inventory."
"ADDED","Gait\dataset_a\other\zl-00_3-034.png","","925","","49766DF87280689F7A838DE08B5983938E52BBF966508DC451D342D1B69F596C","Extracted Dataset A file appeared during inventory."
"ADDED","Gait\dataset_a\other\zl-00_3-035.png","","933","","9DEF575C96E2EEBA1BE215EEC51DCC2E752507BE959E935753C49830F28E387C","Extracted Dataset A file appeared during inventory."
"ADDED","Gait\dataset_a\other\zl-00_3-036.png","","1057","","868D988CB2F48F38772EAA05DD1859CC595712689D5547E2B03E6AB03341A0EC","Extracted Dataset A file appeared during inventory."
"ADDED","Gait\dataset_a\other\zl-00_3-037.png","","1070","","70FB3D554B583453BBB46CF39E759950F4D7A0BC3C3AA82D7B44F27CAC5D652A","Extracted Dataset A file appeared during inventory."
"ADDED","Gait\dataset_a\other\zl-00_4-001.png","","1061","","625220F56D4712602B452842D7DA3BF94DA9912552FAC3AB232D3D57E9187CBA","Extracted Dataset A file appeared during inventory."
"ADDED","Gait\dataset_a\other\zl-00_4-002.png","","1084","","E409B6ADF7F2178A252FE9C2E8934D61CEA05E0C43087813DCB4EBD9779C4F73","Extracted Dataset A file appeared during inventory."
"ADDED","Gait\dataset_a\other\zl-00_4-003.png","","1049","","51201C693C3AD69B899B3AC9E30B147EB789527250BC8B63D86DA5477231AD3F","Extracted Dataset A file appeared during inventory."
"ADDED","Gait\dataset_a\other\zl-00_4-004.png","","1056","","DFEB428EB08B44B8CC88F58D69D16C0C7D669A90868262FE0D3689D165A0778B","Extracted Dataset A file appeared during inventory."
"ADDED","Gait\dataset_a\other\zl-00_4-005.png","","1162","","6C0C116D1D5830242F0E78707F726134A0EF499D83CA903DED04F0B6F3F52DD0","Extracted Dataset A file appeared during inventory."
"ADDED","Gait\dataset_a\other\zl-00_4-006.png","","1157","","2EB63028AB2D66F7534A9624B5B881B9E0C383AE3601930E59A8513CA85D8703","Extracted Dataset A file appeared during inventory."
"ADDED","Gait\dataset_a\other\zl-00_4-007.png","","1267","","17946DD056865E27FAF96F0B6FED4DDC3B71719A95E065741318CF8DD76FCCDA","Extracted Dataset A file appeared during inventory."
"ADDED","Gait\dataset_a\other\zl-00_4-009.png","","1231","","58B73CC373C35133BA4C527E5E59E266BCB46C44C6CFBF1ECC08CCE926A6791C","Extracted Dataset A file appeared during inventory."
"ADDED","Gait\dataset_a\other\zl-00_4-010.png","","1167","","B6AFC67AE6E2F423900E9B508BE49472BC8C4E416AC2532E90396F6EA877E95C","Extracted Dataset A file appeared during inventory."
"ADDED","Gait\dataset_a\other\zl-00_4-013.png","","1113","","7976E17AD7AE91A65E2CCF1E156540239C5BC3D804111EA381167F09CEBD95F3","Extracted Dataset A file appeared during inventory."
"ADDED","Gait\dataset_a\other\zl-00_4-014.png","","1096","","F499DB7FEC5DBB367A9DC4790896E3FE85FC6A5691809A8E1AB5442BB6069FBA","Extracted Dataset A file appeared during inventory."
"ADDED","Gait\dataset_a\other\zl-00_4-015.png","","987","","7089929174340B78B9D68F67778C3EDA1FD7F1622F2866A300DC7B36081D5AD0","Extracted Dataset A file appeared during inventory."
"ADDED","Gait\dataset_a\other\zl-00_4-016.png","","1080","","C6754FEE86E679008F988510653B88BBA1F62C680ACBD8AFF3A051D3C04938CC","Extracted Dataset A file appeared during inventory."
"ADDED","Gait\dataset_a\other\zl-00_4-017.png","","1057","","5C8B9D906ABD5315E872E3CD63588849DBBDA7F1851033C103177E651266B0BC","Extracted Dataset A file appeared during inventory."
"ADDED","Gait\dataset_a\other\zl-00_4-018.png","","1153","","532BF3F495022B90EA4EE675E36807F2183D907E15798F1CFCB44A791D234775","Extracted Dataset A file appeared during inventory."
"ADDED","Gait\dataset_a\other\zl-00_4-019.png","","1272","","4C7B95FBA15CBCF9DD6E6740A479BB2C3E241FDBDD1CF885126C717639D6FAF9","Extracted Dataset A file appeared during inventory."
"ADDED","Gait\dataset_a\other\zl-00_4-020.png","","1245","","FC87014BC3CB0D2BB05D859AD45F74536F59BD3FD8AEE83F39C59614690D8197","Extracted Dataset A file appeared during inventory."
"ADDED","Gait\dataset_a\other\zl-00_4-022.png","","1300","","C2D1D5C12F65DDBCCB0224819FE5BAD316D39117052476BFE586C1529DC401EE","Extracted Dataset A file appeared during inventory."
"ADDED","Gait\dataset_a\other\zl-00_4-025.png","","1288","","5DF8AD647916CB8DDDE8A0A5AD02726029DEF46BA52DF0EBFEF5C5AFF9C5A891","Extracted Dataset A file appeared during inventory."
"ADDED","Gait\dataset_a\other\zl-00_4-026.png","","1248","","6FF46F2450F0EA0B95F6D41E8D0F296D78E501549FFB7C175E4B207F5E0716C0","Extracted Dataset A file appeared during inventory."
"ADDED","Gait\dataset_a\other\zl-00_4-027.png","","1256","","8A285FF8956779E4A4F866DDCCEBF127B067BBA770AD325482495B651D331619","Extracted Dataset A file appeared during inventory."
"ADDED","Gait\dataset_a\other\zl-00_4-028.png","","1216","","0FC34B8F30C68FAC83FADD849647144281DF1E7939E039D33581EBC67282EF7A","Extracted Dataset A file appeared during inventory."
"ADDED","Gait\dataset_a\other\zl-00_4-029.png","","1160","","BA684F944883811883E546DC88B41B423EA173941F641F1755C1F3321C45B741","Extracted Dataset A file appeared during inventory."
"ADDED","Gait\dataset_a\other\zl-00_4-030.png","","1134","","20BE148CBE46674AB554F9C380C9A6105A2FD5BBF0C614B7BD88C7FD3EEED113","Extracted Dataset A file appeared during inventory."
"ADDED","Gait\dataset_a\other\zl-00_4-031.png","","1091","","32F025F778D822A853F35F6AA36294380F6B936347791DB44AC12B52E9E0A394","Extracted Dataset A file appeared during inventory."
"ADDED","Gait\dataset_a\other\zl-00_4-032.png","","1152","","70F7C51BB59A3B1C952E11BE5446C5D793E1844F05AC95E0E42920CA0DCF95E4","Extracted Dataset A file appeared during inventory."
"ADDED","Gait\dataset_a\other\zl-00_4-033.png","","1216","","A4EAEB7CE908EB7BB758F90E966F739D7193504FEE48547B47C4BF5CDB494EA0","Extracted Dataset A file appeared during inventory."
"ADDED","Gait\dataset_a\other\zl-00_4-034.png","","1296","","337952B4E4DF4C25970B5D83E4AC3D8C92BB1B30892771586FCC2F0450372A76","Extracted Dataset A file appeared during inventory."
"ADDED","Gait\dataset_a\other\zl-00_4-036.png","","1272","","E26AAE5E4E4260AA1DC054C3098DE0BB942D9F95D2FC9C7CFFA23628142986BE","Extracted Dataset A file appeared during inventory."
"ADDED","Gait\dataset_a\other\zl-00_4-039.png","","1169","","CFB650895D7E4828EFDE1F5DFFC85DC36ABDEEC7806F5F3B4BA6E005922B5C9B","Extracted Dataset A file appeared during inventory."
"ADDED","Gait\dataset_a\other\zl-00_4-040.png","","1110","","5EBC77F993E2C625FE5CA4D217F36992E1EC9764028805408ACE13A3D1E0F152","Extracted Dataset A file appeared during inventory."
"ADDED","Gait\dataset_a\other\zl-00_4-041.png","","1095","","6B152FAF3B43D9C06935480B7E2328540D6BF22FB53376E3A7D47430F4CED4C7","Extracted Dataset A file appeared during inventory."
"ADDED","Gait\dataset_a\other\zl-00_4-042.png","","1108","","99E3801AA946E43BFA25B15206DB23723415CF341C9DFB6BF89FFFA99D533B9D","Extracted Dataset A file appeared during inventory."
"ADDED","Gait\dataset_a\other\zl-00_4-043.png","","1103","","1B8476E349D9296E3BF62EBF0CB9C99A679359B1FD054498DD345B8133434DAD","Extracted Dataset A file appeared during inventory."
"ADDED","Gait\dataset_a\other\zl-00_4-044.png","","1113","","D6A0195015FB45BFE7210DCA4ADA683013F75C251A6D9EE7AA5D907E564BA84F","Extracted Dataset A file appeared during inventory."
"ADDED","Gait\dataset_a\other\zl-00_4-045.png","","1108","","18E0B6179E9BA7F7D1CE1DA044CA40D06B536DB1232320124D30FF5A4FFBF1E1","Extracted Dataset A file appeared during inventory."
"ADDED","Gait\dataset_a\other\zyf-00_1-001.png","","828","","15F3AEEBE8B2FEA5368CD202CBBE25ECA6E0DDEB4BE925BFB9736E9BCA084CE3","Extracted Dataset A file appeared during inventory."
"ADDED","Gait\dataset_a\other\zyf-00_1-002.png","","804","","6CD08FA149AE95393CD1A92F18D1928E4FBFC8AB47BE40174C1B3132654AADAC","Extracted Dataset A file appeared during inventory."
"ADDED","Gait\dataset_a\other\zyf-00_1-003.png","","799","","5B7A8582569591AC015DA457456986FB12539382B24819774F6DF96E81367F90","Extracted Dataset A file appeared during inventory."
"ADDED","Gait\dataset_a\other\zyf-00_1-004.png","","796","","109E0E831DD551BAC0510B9DCB37C21068C30E68899F19B162D0D45976238368","Extracted Dataset A file appeared during inventory."
"ADDED","Gait\dataset_a\other\zyf-00_1-005.png","","782","","63E8DBB887564CCB95201FEF6D26FB43F978994C211B44CED0806B999B2E5583","Extracted Dataset A file appeared during inventory."
"ADDED","Gait\dataset_a\other\zyf-00_1-006.png","","754","","E6F27028FA20A20B5FB1F4DAEB4F624668DD6C83E20A0C82AEDA27E5CABB759B","Extracted Dataset A file appeared during inventory."
"ADDED","Gait\dataset_a\other\zyf-00_1-007.png","","732","","FA2EAE040BC72782B49627AED81FDFB68CF264A7142EE7C80297FD9EF4E8593C","Extracted Dataset A file appeared during inventory."
"ADDED","Gait\dataset_a\other\zyf-00_1-008.png","","713","","F99D5AEF9328DB175E2B8BF285E091B4DE65D350C5B0DCB2FB8DAD7BD1221A61","Extracted Dataset A file appeared during inventory."
"ADDED","Gait\dataset_a\other\zyf-00_1-009.png","","771","","78A78279E4EFFF3EBF78F1E013FDB606773C22921AA0E996EEC0C3F950409000","Extracted Dataset A file appeared during inventory."
"ADDED","Gait\dataset_a\other\zyf-00_1-010.png","","805","","054FF462296C5AEE9D0272E823C33087E2106E9C0FA1C124700CE363450FED06","Extracted Dataset A file appeared during inventory."
"ADDED","Gait\dataset_a\other\zyf-00_1-011.png","","902","","A0E4CB2EBD1A9343D80F9D960619A3D1A1868D0080E8DDC93515DF799101E7DA","Extracted Dataset A file appeared during inventory."
"ADDED","Gait\dataset_a\other\zyf-00_1-012.png","","913","","CFC197EC5C5BF1D1B05467A0AD29E1B7B609C533D32169DDC6A4050E36DE1EBD","Extracted Dataset A file appeared during inventory."
"ADDED","Gait\dataset_a\other\zyf-00_1-013.png","","924","","F42067A30F8A63909E8020A174F3827EC418046D6F62F6EEB89EB20C19C8A1D3","Extracted Dataset A file appeared during inventory."
"ADDED","Gait\dataset_a\other\zyf-00_1-017.png","","833","","091594A155B0B339FA3CEBEF31C101B491672EBCD3A9FF6EBE5DE886BBD3CD47","Extracted Dataset A file appeared during inventory."
"ADDED","Gait\dataset_a\other\zyf-00_1-018.png","","829","","8DDF976B73AFB01A0CD2EE0AEAD92E0469523D24B4B5BE80E3B856FD2439E06F","Extracted Dataset A file appeared during inventory."
"ADDED","Gait\dataset_a\other\zyf-00_1-019.png","","861","","2C44B5DDDE6C45E84194B35B748C7272C2EC7A425D4B3F27C6C8F1786F449DD2","Extracted Dataset A file appeared during inventory."
"ADDED","Gait\dataset_a\other\zyf-00_1-020.png","","829","","8B22D1A2EA1FDB3B5691EF6B5A51B8A7DDF82E4664A218C0A4EF8A50017D5BEB","Extracted Dataset A file appeared during inventory."
"ADDED","Gait\dataset_a\other\zyf-00_1-021.png","","804","","C0D0C8AA9EDB1FF898382A41801AD57B7839A2156227112413BA8714FB7519D1","Extracted Dataset A file appeared during inventory."
"ADDED","Gait\dataset_a\other\zyf-00_1-022.png","","816","","82EBD58D8E0AC9E530EB3F39759F4104E38F1586D65CB57D188F73DEF2A1926A","Extracted Dataset A file appeared during inventory."
"ADDED","Gait\dataset_a\other\zyf-00_1-023.png","","862","","0155A50766CB3823B0F6A554384C3117AEF5C3E31CE9746A91B8C76E8BE5E044","Extracted Dataset A file appeared during inventory."
"ADDED","Gait\dataset_a\other\zyf-00_1-024.png","","905","","863F36B4A3E8E17C137D27FD84918290325D5A8A6B25BDE9373A2F282AA56FB2","Extracted Dataset A file appeared during inventory."
"ADDED","Gait\dataset_a\other\zyf-00_1-025.png","","907","","EB98FDCDD9B6E1505F61E52929BB79678FF7459661A86A807487DA4375CBEF9F","Extracted Dataset A file appeared during inventory."
"ADDED","Gait\dataset_a\other\zyf-00_1-027.png","","917","","50C1B331A2736C6EE495C6A599B3FD739E09195273C11E465F5B409EAD8358CF","Extracted Dataset A file appeared during inventory."
"ADDED","Gait\dataset_a\other\zyf-00_1-030.png","","921","","8C9B016CEF937852A99730B5EE3044970E74E4DF2C9521F8EE35F3E0846CDF4C","Extracted Dataset A file appeared during inventory."
"ADDED","Gait\dataset_a\other\zyf-00_1-031.png","","891","","7C16F18A927A78AF011C188496A329108CF6B1E9EF602D564DDE8225EF50B9E9","Extracted Dataset A file appeared during inventory."
"ADDED","Gait\dataset_a\other\zyf-00_1-032.png","","895","","AA1BFEF7B709E8CCDB2D6AA2650F75527BF8621AE92B1FFD6D87640A15B668DF","Extracted Dataset A file appeared during inventory."
"ADDED","Gait\dataset_a\other\zyf-00_1-033.png","","826","","0DD065107F0FD7FAB29C5CC1BC2D983A70D585B6E86C4607FF6D378EF7A74086","Extracted Dataset A file appeared during inventory."
"ADDED","Gait\dataset_a\other\zyf-00_1-034.png","","833","","39FD9184086DA58BF7A8FB82057B7CC6462675D122A5D94DAC43521C4BC84CEC","Extracted Dataset A file appeared during inventory."
"ADDED","Gait\dataset_a\other\zyf-00_1-035.png","","772","","D923594B729602980755B3F5961203BEA96BE6641050066E591319648EF57EE2","Extracted Dataset A file appeared during inventory."
"ADDED","Gait\dataset_a\other\zyf-00_1-036.png","","871","","BBA7A0723BFC243442D391543D05455993F099F9901E4A8AC92446D912B4D43C","Extracted Dataset A file appeared during inventory."
"ADDED","Gait\dataset_a\other\zyf-00_1-037.png","","884","","F7952A3A5D9092B98D0CEE91202AC1101F32F85207B5104E00A2EA515E516A4B","Extracted Dataset A file appeared during inventory."
"ADDED","Gait\dataset_a\other\zyf-00_1-038.png","","934","","6D589306083BD6BF610DC0A248E1BC805B0E6F2FC6D9EBE65A0DED8A14F007EF","Extracted Dataset A file appeared during inventory."
"ADDED","Gait\dataset_a\other\zyf-00_1-040.png","","966","","64DC2CD4A855B597235DD84717E02F362DB0CB6B44DCE0C09C1BED1502FD4A3F","Extracted Dataset A file appeared during inventory."
"ADDED","Gait\dataset_a\other\zyf-00_1-041.png","","905","","ECAA60452FF614335F239C7C7C67BE4814676740CF56F8AAE3E7E47DAC01B1E9","Extracted Dataset A file appeared during inventory."
"ADDED","Gait\dataset_a\other\zyf-00_1-044.png","","809","","6662D9F4930A593EBAEBF50FBC19B98EF805A128F780188BBF67856439AC2F6E","Extracted Dataset A file appeared during inventory."
"ADDED","Gait\dataset_a\other\zyf-00_1-045.png","","763","","393EACE00CFF22C7E3B09AF43639633889E1FBD6830C6F60D3FE1C5DC5B3A1C7","Extracted Dataset A file appeared during inventory."
"ADDED","Gait\dataset_a\other\zyf-00_1-046.png","","779","","5BB444E7B0113182CECE52EE8008CB0486E023E55A4E63A35BBF381CB38A0092","Extracted Dataset A file appeared during inventory."
"ADDED","Gait\dataset_a\other\zyf-00_1-047.png","","759","","FBE60D0C4B20AA5C9F3886ADFCBD3B3697AC2D8486EBA000B39B2689B67781B6","Extracted Dataset A file appeared during inventory."
"ADDED","Gait\dataset_a\other\zyf-00_1-048.png","","735","","B65261936143FC0A2526BB0B00F1546714BB36A97842AC34486748CE29E988C3","Extracted Dataset A file appeared during inventory."
"ADDED","Gait\dataset_a\other\zyf-00_1-049.png","","781","","F0075F9EF4C607319F5D5B7A2620A71C482778686EC13AD0EC4FDA8CA96738FE","Extracted Dataset A file appeared during inventory."
"ADDED","Gait\dataset_a\other\zyf-00_1-050.png","","765","","B21EE913518E0C9EA32B36A5C1E28806381CD46186106AEA0D453565891D7443","Extracted Dataset A file appeared during inventory."
"ADDED","Gait\dataset_a\other\zyf-00_1-051.png","","794","","2814160E33CEEA4DBA38A7447FA0CD5C3B080450ED70BC791171FF5447CD560D","Extracted Dataset A file appeared during inventory."
"ADDED","Gait\dataset_a\other\zyf-00_2-001.png","","728","","8F3E010B1849DD28D48B44920FB2C0614156C953B1EDFFD318A3194442F3B719","Extracted Dataset A file appeared during inventory."
"ADDED","Gait\dataset_a\other\zyf-00_2-002.png","","714","","709972D144A01B93239E2FFE4645764F5F32CC148BC07199C173A922AC500291","Extracted Dataset A file appeared during inventory."
"ADDED","Gait\dataset_a\other\zyf-00_2-003.png","","753","","58AF19E1228936D60E81ED59F4F5722C1C088BCE10847DBAF9493D8C1B43F03C","Extracted Dataset A file appeared during inventory."
"ADDED","Gait\dataset_a\other\zyf-00_2-004.png","","812","","FC0974C1C5706375FD51DFA573AB6275DB7538372EB904115E2E3C0F6FD222A9","Extracted Dataset A file appeared during inventory."
"ADDED","Gait\dataset_a\other\zyf-00_2-005.png","","843","","324C4B8EA368E41C97C04F387CA4564AEDA58DD02A22D6CFD5679B2351070AA2","Extracted Dataset A file appeared during inventory."
"ADDED","Gait\dataset_a\other\zyf-00_2-006.png","","870","","6B6B5DCED9A1DD4497E9BF3123DCDBE01C188DD341C2FF644505241656C7BC9D","Extracted Dataset A file appeared during inventory."
"ADDED","Gait\dataset_a\other\zyf-00_2-008.png","","880","","DB04A7D93E31FF5FF1A97A8685A5C38F0213A08D2D51E8F3B4EC21BE77EBF9EE","Extracted Dataset A file appeared during inventory."
"ADDED","Gait\dataset_a\other\zyf-00_2-011.png","","786","","12E334D0C98E31C45F68071938DA9AD81AA4A05B3A7848B69017DCD443360395","Extracted Dataset A file appeared during inventory."
"ADDED","Gait\dataset_a\other\zyf-00_2-012.png","","788","","FC4633269A15595DF4B76A6F07D2A0BE93269EDD0163463E2088C8ABF0C8C41D","Extracted Dataset A file appeared during inventory."
"ADDED","Gait\dataset_a\other\zyf-00_2-013.png","","798","","FC5083FC30786596472927B57059E08093D2D150ACF768EB4041CF6596FDE8BC","Extracted Dataset A file appeared during inventory."
"ADDED","Gait\dataset_a\other\zyf-00_2-014.png","","770","","D18B0B16E04D52930F30CFA210E382AF923D974FBCC80C42AB81C751F8A4EB3A","Extracted Dataset A file appeared during inventory."
"ADDED","Gait\dataset_a\other\zyf-00_2-015.png","","714","","D82499C10C213057EF6E07F06D174C69658CC1A8CA689292CFD4EF8DD223C0EC","Extracted Dataset A file appeared during inventory."
"ADDED","Gait\dataset_a\other\zyf-00_2-016.png","","849","","A6F9D1050C9C6F2A309D3C1A59F5D2DA86FD3B92967843C115C72BAC7ADA6AB3","Extracted Dataset A file appeared during inventory."
"ADDED","Gait\dataset_a\other\zyf-00_2-017.png","","825","","519E1F42D83BA0F5FA6348627CEEB117E685911D13E1A72633F121C3059F59AB","Extracted Dataset A file appeared during inventory."
"ADDED","Gait\dataset_a\other\zyf-00_2-018.png","","875","","9E62470C0B338597386E6615D771DF5835658AA2752262FD796412B7640A50FF","Extracted Dataset A file appeared during inventory."
"ADDED","Gait\dataset_a\other\zyf-00_2-019.png","","914","","AEB80A374B1F59689398A168048A7A07F2528BF942409F8C90D9C8A086AB9381","Extracted Dataset A file appeared during inventory."
"ADDED","Gait\dataset_a\other\zyf-00_2-021.png","","930","","4427F81754E7D88730F0F76E29115C544F7DD28AF43EC002B995CC3D9B670A29","Extracted Dataset A file appeared during inventory."
"ADDED","Gait\dataset_a\other\zyf-00_2-024.png","","860","","36CE2BE5FF187AFB34F355DE3146EABB085E7621B13159A100028AA5000BAD23","Extracted Dataset A file appeared during inventory."
"ADDED","Gait\dataset_a\other\zyf-00_2-025.png","","908","","D620EA3919403D04A27E69552BE9174CF887E8658B36CBDF634E4A4877A312B1","Extracted Dataset A file appeared during inventory."
"ADDED","Gait\dataset_a\other\zyf-00_2-026.png","","855","","D9AD66AA5F6505A47FB1B03C52B50C0C5A19F8114F8B8D42B5E5AAA3C42100C4","Extracted Dataset A file appeared during inventory."
"ADDED","Gait\dataset_a\other\zyf-00_2-027.png","","803","","E0D649A15B2E18F4CBCFCFAC9C2007895A3BE9C9EC3B8DD686D3C6FAAA6C4548","Extracted Dataset A file appeared during inventory."
"ADDED","Gait\dataset_a\other\zyf-00_2-028.png","","808","","1E51C8A5F6DEC72D320062D7D7DBD770FD849EE8F87BA3837ECE044F4844114A","Extracted Dataset A file appeared during inventory."
"ADDED","Gait\dataset_a\other\zyf-00_2-029.png","","840","","92913F191E9E7DD2DBFE7BEA9B71536C7195C36A8CC9AE139441F46C6FC65590","Extracted Dataset A file appeared during inventory."
"ADDED","Gait\dataset_a\other\zyf-00_2-030.png","","869","","07384D428F3327A0A1EE20883155C9948D36D31D445B395396F03865E7343E05","Extracted Dataset A file appeared during inventory."
"ADDED","Gait\dataset_a\other\zyf-00_2-031.png","","890","","57F7D109A1E7ECEF006F96BBEDA44F5C27C83BEC6A3DE88FB24FF336FA6A66BE","Extracted Dataset A file appeared during inventory."
"ADDED","Gait\dataset_a\other\zyf-00_2-032.png","","931","","7697719205CA6DBF353CCA8C3B591CEEDDA96F8F98323A4EBB1F008C3991D635","Extracted Dataset A file appeared during inventory."
"ADDED","Gait\dataset_a\other\zyf-00_2-034.png","","922","","145A4F51F49EC9AC318280DAF73EA6086A7791FCD5C186B3652702CD541D88E7","Extracted Dataset A file appeared during inventory."
"ADDED","Gait\dataset_a\other\zyf-00_2-037.png","","835","","E59C502C39E1E7DB1B5A234B3A94384285CCD98D5EFF7041B742EE9C5B060625","Extracted Dataset A file appeared during inventory."
"ADDED","Gait\dataset_a\other\zyf-00_2-038.png","","849","","7F273CAB7D1006F4962B9011105C418ECA2B5D00F9F45E8D2B1B8CA24E2312DA","Extracted Dataset A file appeared during inventory."
"ADDED","Gait\dataset_a\other\zyf-00_2-039.png","","848","","B899385F34C86A52055DBCB47EE85B99A316C84DBDC778E9D8C9FDD20C08EB66","Extracted Dataset A file appeared during inventory."
"ADDED","Gait\dataset_a\other\zyf-00_2-040.png","","811","","B79F470316FF5B878B98219FB2CEE63AF30716289CEDD3249C0B7C266715E25E","Extracted Dataset A file appeared during inventory."
"ADDED","Gait\dataset_a\other\zyf-00_2-041.png","","784","","5AADDDE8993E60B4E071A65502BC8DDB70151AA49A68B44167E8002A36528D70","Extracted Dataset A file appeared during inventory."
"ADDED","Gait\dataset_a\other\zyf-00_2-042.png","","801","","84F55F643626DA5D9796F66F09BABFA46321A01B6AE3C72B5829323B16F3C497","Extracted Dataset A file appeared during inventory."
"ADDED","Gait\dataset_a\other\zyf-00_2-043.png","","776","","55924AF9FA91AA7EB79C01567CA65EE108B3F0BDDAE41C17C032117C4AE84E8B","Extracted Dataset A file appeared during inventory."
"ADDED","Gait\dataset_a\other\zyf-00_2-044.png","","847","","1A1CFC0B79CCA8BA201331B56C389FDB7125187D39A51E7704C363E42543FEA7","Extracted Dataset A file appeared during inventory."
"ADDED","Gait\dataset_a\other\zyf-00_2-045.png","","879","","446C8FD1A6FE4F8ADD0967DB5070EF54557016ABDC77B02ECB54DA86AEF0CAAE","Extracted Dataset A file appeared during inventory."
"ADDED","Gait\dataset_a\other\zyf-00_2-046.png","","901","","F9637A3D7D751A2F28BAE45DD445140AB187FD35153524F880A2008CCE263AA3","Extracted Dataset A file appeared during inventory."
"ADDED","Gait\dataset_a\other\zyf-00_2-050.png","","771","","22F137749EAED41AFDBE1B340025D216656F77B8777F28C442526F49A26BF7FB","Extracted Dataset A file appeared during inventory."
"ADDED","Gait\dataset_a\other\zyf-00_2-051.png","","768","","7C83D34B131D6C4F9C5701936108058923F51E53E7225A0A593121D952CAB9D4","Extracted Dataset A file appeared during inventory."
"ADDED","Gait\dataset_a\other\zyf-00_2-052.png","","767","","03E5615388F842BEA947749340DC8304CEB77B1C69FD9164569084BDC85FCE1A","Extracted Dataset A file appeared during inventory."
"ADDED","Gait\dataset_a\other\zyf-00_2-053.png","","765","","9FAABB6FB4298339B095136E77D84AC0580C061A3E360AA428D2D7015ED2B209","Extracted Dataset A file appeared during inventory."
"ADDED","Gait\dataset_a\other\zyf-00_2-054.png","","741","","25630F4409DC7B405E29276E2C6F57F048443D5311333A182F799FF3B687CA5E","Extracted Dataset A file appeared during inventory."
"ADDED","Gait\dataset_a\other\zyf-00_2-055.png","","715","","35FC2DD3E7C2FFC0E82F4122EF9CDB922AEEC749A98CA09993CAB2800EB516B1","Extracted Dataset A file appeared during inventory."
"ADDED","Gait\dataset_a\other\zyf-00_2-056.png","","726","","5A89945CF7A9460AB16902F144FD8967E8AE5FADF0C74680A2DBC51A6A7FF698","Extracted Dataset A file appeared during inventory."
"ADDED","Gait\dataset_a\other\zyf-00_2-057.png","","742","","E97552D9F39105CD6930A926A7950D1BB9CD5FA7C7F86261E662AE0CA2266ECE","Extracted Dataset A file appeared during inventory."
"ADDED","Gait\dataset_a\other\zyf-00_2-058.png","","760","","63015C70A0786A45DD53C509D120858E7436D00B945F94BA4E7A5DEBE6C59DC2","Extracted Dataset A file appeared during inventory."
"ADDED","Gait\dataset_a\other\zyf-00_3-001.png","","738","","930657E8955B190AF16D6F5B41802DE26E0D0453C231949273E5DFCF9773B1B1","Extracted Dataset A file appeared during inventory."
"ADDED","Gait\dataset_a\other\zyf-00_3-002.png","","766","","3B20BAC1418D2596644C245D74767CE2A3B2C8C7DE72F24D30CF5A6BECFD44B4","Extracted Dataset A file appeared during inventory."
"ADDED","Gait\dataset_a\other\zyf-00_3-003.png","","774","","CC412ADF2D350D115627FB8060EE7EB8A2AC8131D4869DE106DF8552FCC766DB","Extracted Dataset A file appeared during inventory."
"ADDED","Gait\dataset_a\other\zyf-00_3-004.png","","792","","DC504CCA8AC5684B2477C4ED67C52DECF53212BE81614D10F92541019A1C32DA","Extracted Dataset A file appeared during inventory."
"ADDED","Gait\dataset_a\other\zyf-00_3-005.png","","783","","ECF4EA9BEBB088836CBAF378EE025B8082382AA668601E65FC2CAF9931C0DCF2","Extracted Dataset A file appeared during inventory."
"ADDED","Gait\dataset_a\other\zyf-00_3-006.png","","805","","A5581BEEA28802A133993B54BBB9C299E53B3E93474648FB72F897E998090F27","Extracted Dataset A file appeared during inventory."
"ADDED","Gait\dataset_a\other\zyf-00_3-008.png","","848","","F19C2DECB30FD2AB27E2C6B52D8E2BB59056D00A3B8BC86962B5B41BA5FBE2AF","Extracted Dataset A file appeared during inventory."
"ADDED","Gait\dataset_a\other\zyf-00_3-011.png","","803","","5900AAC15ACE05720084F11597104740920D62BCF70C6EEDC18B0CC04D246BE7","Extracted Dataset A file appeared during inventory."
"ADDED","Gait\dataset_a\other\zyf-00_3-012.png","","766","","72A3CBEF1E59E9064B2D846E2F033976C2A5832F14BB72BD6C80CF7E3B62DD61","Extracted Dataset A file appeared during inventory."
"ADDED","Gait\dataset_a\other\zyf-00_3-013.png","","745","","EC8EA6FC966475B28D68080BD3C6297BA20700F079C3B2DF0EAE6BCBA39845EA","Extracted Dataset A file appeared during inventory."
"ADDED","Gait\dataset_a\other\zyf-00_3-014.png","","748","","88218F16BD7A2E5FD01A9FA206E48EF38A055CA9A8C21F77BC2BCAC261FE35A4","Extracted Dataset A file appeared during inventory."
"ADDED","Gait\dataset_a\other\zyf-00_3-015.png","","722","","C4451395A638E344FC5328A418CD15BC196F2BBC3EC244A9526A20146961655F","Extracted Dataset A file appeared during inventory."
"ADDED","Gait\dataset_a\other\zyf-00_3-016.png","","694","","8713CF5FACE4187B2972A3E727E52EE642C1B53E04FF73D4BDFE89DFD55A2AE4","Extracted Dataset A file appeared during inventory."
"ADDED","Gait\dataset_a\other\zyf-00_3-017.png","","779","","6DFC6DEF471D6DFABB987333CA6E0A734AEAC7121C71249DA5FD7E10CEF92986","Extracted Dataset A file appeared during inventory."
"ADDED","Gait\dataset_a\other\zyf-00_3-018.png","","828","","62AAFBFA42C1A9FC0443777C58E3A604FCCA403893FDC9AA89CAA9843932431E","Extracted Dataset A file appeared during inventory."
"ADDED","Gait\dataset_a\other\zyf-00_3-019.png","","850","","1F0860FAB7ABBA4B4C4FC66A13983E02644FF45F01E61DC2E7306EF61C29AE30","Extracted Dataset A file appeared during inventory."
"ADDED","Gait\dataset_a\other\zyf-00_3-020.png","","903","","BAB20A160B0D7FEA09706FA6C7D18E9AAEDB08C122C96B6FF0045ECE6B9F4611","Extracted Dataset A file appeared during inventory."
"ADDED","Gait\dataset_a\other\zyf-00_3-022.png","","875","","8DF05BA5EA407160CC29D6F664845F054D934BAF09EDD4EE386F5DF71854A304","Extracted Dataset A file appeared during inventory."
"ADDED","Gait\dataset_a\other\zyf-00_3-025.png","","855","","4C68C00152486259B2E1209B04D51C2013040650234DD7201A2287F91CBB677C","Extracted Dataset A file appeared during inventory."
"ADDED","Gait\dataset_a\other\zyf-00_3-026.png","","831","","18491A9E23543BACCC0AD101D948208FA836246348046EC1646D3647281B475F","Extracted Dataset A file appeared during inventory."
"ADDED","Gait\dataset_a\other\zyf-00_3-027.png","","840","","8438834D8216A7A10DB4578661A17B6D0A9390DCAC962487CC356D838356131E","Extracted Dataset A file appeared during inventory."
"ADDED","Gait\dataset_a\other\zyf-00_3-028.png","","794","","D2EDFCFF364B2B9C6874329AD131AB28DB41CC5C731E5CC0577DCFBBF2C4B0D2","Extracted Dataset A file appeared during inventory."
"ADDED","Gait\dataset_a\other\zyf-00_3-029.png","","836","","DE8DBCE0A38DB1A9B73A59D11C9FF95D855616D628B69EBF320E9DC212017226","Extracted Dataset A file appeared during inventory."
"ADDED","Gait\dataset_a\other\zyf-00_3-030.png","","848","","53143CAEF0A1FE44B783B36E94FF847BC744775BAE451C40DB18FF1F0236F841","Extracted Dataset A file appeared during inventory."
"ADDED","Gait\dataset_a\other\zyf-00_3-031.png","","890","","55245001FD78AE5FED972D669EB4E0007BE7C74079FB554C1CC551878E99D36A","Extracted Dataset A file appeared during inventory."
"ADDED","Gait\dataset_a\other\zyf-00_3-032.png","","944","","BEAAF92DC393AB0D856FEF53AC4B68FB3827178D3741FE8069961BC717B982D1","Extracted Dataset A file appeared during inventory."
"ADDED","Gait\dataset_a\other\zyf-00_3-033.png","","970","","927B96C27469DF6304EA0ADE03791001CE7C51A3FDE84F926C733EB44B3DCA44","Extracted Dataset A file appeared during inventory."
"ADDED","Gait\dataset_a\other\zyf-00_3-035.png","","942","","EE7216B899ADBD17A90AEBAD97A7D4181192B460BA699ACE7278FDC04BD67F20","Extracted Dataset A file appeared during inventory."
"ADDED","Gait\dataset_a\other\zyf-00_3-038.png","","910","","C5D89CB0DBFD7ED46DE21D4A76E221D171287DE2977AC3F60D40E8BF67E0370C","Extracted Dataset A file appeared during inventory."
"ADDED","Gait\dataset_a\other\zyf-00_3-039.png","","878","","306A38502F119591C225128DCF80D094D44A203D68CC772F99CD063F3C228DF8","Extracted Dataset A file appeared during inventory."
"ADDED","Gait\dataset_a\other\zyf-00_3-040.png","","863","","E791B7AD67F18E2ABD7C7D865C26CC891820D91B69EA34C648FFF839D73BEDB8","Extracted Dataset A file appeared during inventory."
"ADDED","Gait\dataset_a\other\zyf-00_3-041.png","","788","","0732CC44F62751E216C7E82A6A88668BACA53AAFF69CE792F53A7075FA43D458","Extracted Dataset A file appeared during inventory."
"ADDED","Gait\dataset_a\other\zyf-00_3-042.png","","790","","763CCC0482F8BF8530235858D75F6FEE6A3650223C2D81ED8DA6E75B19C401BD","Extracted Dataset A file appeared during inventory."
"ADDED","Gait\dataset_a\other\zyf-00_3-043.png","","812","","EEA8F3C3CCE07C764D9BA0822E134D638B9921B684D01D5A3656AC56D1E93495","Extracted Dataset A file appeared during inventory."
"ADDED","Gait\dataset_a\other\zyf-00_3-044.png","","835","","72F92472329A49F23FF07B78C79CDA1ACF60C7F0917DBC272EFC3F009B4F6F2D","Extracted Dataset A file appeared during inventory."
"ADDED","Gait\dataset_a\other\zyf-00_3-045.png","","850","","A8ED5E71F81DE6D3A41113DB105C6BF3F0CB50A54AE6ED27BD9A66768CF52EF8","Extracted Dataset A file appeared during inventory."
"ADDED","Gait\dataset_a\other\zyf-00_3-046.png","","918","","883948736840B7A0F4A1C828CE2207D12085E07BD74C46B5A0CC9D69718B1111","Extracted Dataset A file appeared during inventory."
"ADDED","Gait\dataset_a\other\zyf-00_3-047.png","","897","","2C377ECE4B39E703D4C7347099D397F56D9C401C3A2090995FBE7903C9F8D559","Extracted Dataset A file appeared during inventory."
"ADDED","Gait\dataset_a\other\zyf-00_3-049.png","","871","","678DA636E1153E1DF9F56067A1183A8BE7743B72DA3C5EBE661E126174624B13","Extracted Dataset A file appeared during inventory."
"ADDED","Gait\dataset_a\other\zyf-00_3-052.png","","824","","834A236D2B5CB96BF4F0A29EFA5FACC7396B3E890CE9E051AF22A46ED1EE1C62","Extracted Dataset A file appeared during inventory."
"ADDED","Gait\dataset_a\other\zyf-00_3-053.png","","783","","5D1D5F85BBB159983CFBE2B1AC9237FC17B39D7B442F69171F2C3D2D8287A96B","Extracted Dataset A file appeared during inventory."
"ADDED","Gait\dataset_a\other\zyf-00_3-054.png","","732","","76FB13CD7019AE8F357E85C93806050FA4F2B022C3023758E3ECE1CC537EE584","Extracted Dataset A file appeared during inventory."
"ADDED","Gait\dataset_a\other\zyf-00_3-055.png","","711","","F4EA9506978F192A8A295176F0E51782DE3725EC00FB8BE217A4B473F89000E6","Extracted Dataset A file appeared during inventory."
"ADDED","Gait\dataset_a\other\zyf-00_3-056.png","","720","","00E76185AD2028C0C09622E1B51D83239844A1E4C5536C7B2E7A186BB0171F0A","Extracted Dataset A file appeared during inventory."
"ADDED","Gait\dataset_a\other\zyf-00_3-057.png","","749","","CAAB1D7426C8E4E2587FC15353B062CE578FBDF27B4377356ADCF02C5D0675C1","Extracted Dataset A file appeared during inventory."
"ADDED","Gait\dataset_a\other\zyf-00_3-058.png","","773","","425FD753A31FA45205E6D2164F0F1F9F54031D351F9D93D51681275DF5277B6C","Extracted Dataset A file appeared during inventory."
"ADDED","Gait\dataset_a\other\zyf-00_3-059.png","","824","","3EA18F330E578BFB4D2788DD49ED2AE45A9E153CE88EF474DE49885B723D2764","Extracted Dataset A file appeared during inventory."
"ADDED","Gait\dataset_a\other\zyf-00_3-060.png","","871","","945F1F1883266905A60C560684264980256A42C4F69EF0AE3B7E4A449829E138","Extracted Dataset A file appeared during inventory."
"ADDED","Gait\dataset_a\other\zyf-00_3-061.png","","847","","969B3E0D822A9A7B889D3BD7EBF54B12F644796BAF9D496AAEE8710833533EF4","Extracted Dataset A file appeared during inventory."
"ADDED","Gait\dataset_a\other\zyf-00_3-063.png","","820","","644A777E187FD3DC4AF9726371329D7B4EEF0C2860DE7D94EB9760396397C8C9","Extracted Dataset A file appeared during inventory."
"ADDED","Gait\dataset_a\other\zyf-00_3-066.png","","743","","3D7CCE22A81A86801BD3B576F42FC6E18E8CDF6E5A2C64AE53382D1C9857B691","Extracted Dataset A file appeared during inventory."
"ADDED","Gait\dataset_a\other\zyf-00_4-001.png","","780","","3F787747F1E0ABA07FB64FD3515525BBCC72A040D686D252DB98A1738B4FF48D","Extracted Dataset A file appeared during inventory."
"ADDED","Gait\dataset_a\other\zyf-00_4-002.png","","740","","ACBF327BD915138870A7A84EF510E92221BAE125674283687E19CD1FA78485BC","Extracted Dataset A file appeared during inventory."
"ADDED","Gait\dataset_a\other\zyf-00_4-003.png","","748","","3D47CDEE5E057982F790A210B12525B4DCC4FA00253109A5E4A433F9CEF0C5A0","Extracted Dataset A file appeared during inventory."
"ADDED","Gait\dataset_a\other\zyf-00_4-004.png","","702","","0A1AE2FA141AD3B2394EAC915D77076F046CE328F78E4E6298AF0ACC579B8EC4","Extracted Dataset A file appeared during inventory."
"ADDED","Gait\dataset_a\other\zyf-00_4-005.png","","789","","3F0620427066EA4885E6C9272B067065B441F2969ABF6154C857B2F87882DAC8","Extracted Dataset A file appeared during inventory."
"ADDED","Gait\dataset_a\other\zyf-00_4-006.png","","799","","833ACB225D74A907C13BB167E26397CE59BA4643C2CCD97575E9FB82A6DA825E","Extracted Dataset A file appeared during inventory."
"ADDED","Gait\dataset_a\other\zyf-00_4-007.png","","845","","47499E83C58F60E03CC3B0AFC932145BCC2A0E30B625F1C287A896CD68C78974","Extracted Dataset A file appeared during inventory."
"ADDED","Gait\dataset_a\other\zyf-00_4-008.png","","864","","D4A844C5953C5AC424C1664AF93F5E271E3E3C90B8E175371598143822503983","Extracted Dataset A file appeared during inventory."
"ADDED","Gait\dataset_a\other\zyf-00_4-010.png","","845","","5F41ED5D7EB09CA51F8070E039D2AC1EDE312B8D5F0AB0FBC514F0004A649C6F","Extracted Dataset A file appeared during inventory."
"ADDED","Gait\dataset_a\other\zyf-00_4-013.png","","796","","86AA5CE462F4C20E208A3F2FAE648F56369FDF7DE40554EE60E0153D4FC3E977","Extracted Dataset A file appeared during inventory."
"ADDED","Gait\dataset_a\other\zyf-00_4-014.png","","806","","96F7F5166174277150EDF2D994163F1F87CD654E0F466E1C6B591A110B79233D","Extracted Dataset A file appeared during inventory."
"ADDED","Gait\dataset_a\other\zyf-00_4-015.png","","775","","009F35251A4F9FCA6BF1D79A04CE4E05E62788F4F09A0AD9C9279E579AAA6BD9","Extracted Dataset A file appeared during inventory."
"ADDED","Gait\dataset_a\other\zyf-00_4-016.png","","757","","A0C5C4ABE7FA1C977633F40B8F33D7A2FCA07297987118CCA0288D03758A1E85","Extracted Dataset A file appeared during inventory."
"ADDED","Gait\dataset_a\other\zyf-00_4-017.png","","772","","5E741D40971CB4B74A30BD832E58F7E094F0007199441811C15C5A155E8E0ADB","Extracted Dataset A file appeared during inventory."
"ADDED","Gait\dataset_a\other\zyf-00_4-018.png","","858","","F7E6DB48929BF18308F469EAB8723C064DEEAEDF8E78B0DB2876F5F810FF92DE","Extracted Dataset A file appeared during inventory."
"ADDED","Gait\dataset_a\other\zyf-00_4-019.png","","892","","807D790D5C153926E8B941A9362EF443D409F96DCD6D94673BC6DD996B340003","Extracted Dataset A file appeared during inventory."
"ADDED","Gait\dataset_a\other\zyf-00_4-020.png","","931","","7F464203B5C5B6C5F3DDAC30CD349B4DC3E62F0FC8F80BDE9257179679D2BA0F","Extracted Dataset A file appeared during inventory."
"ADDED","Gait\dataset_a\other\zyf-00_4-022.png","","978","","1E814154A08F46789A5CB62860576A3D5600F1B2504AD0994341B58E5482D118","Extracted Dataset A file appeared during inventory."
"ADDED","Gait\dataset_a\other\zyf-00_4-025.png","","888","","E9BAE8266366B9FDDEA4AA3A1671A77DCC91C374EEF7AB6A004ED97322935D03","Extracted Dataset A file appeared during inventory."
"ADDED","Gait\dataset_a\other\zyf-00_4-026.png","","849","","52B1BE6C8BD56FBE782F90CEF7BBCA934C4F46D28868112A7787434A2FD71FA9","Extracted Dataset A file appeared during inventory."
"ADDED","Gait\dataset_a\other\zyf-00_4-027.png","","882","","220E21F2DB346FBFD112CD8D65C50964485D053DB7F5EF5AEAF83270FCC98147","Extracted Dataset A file appeared during inventory."
"ADDED","Gait\dataset_a\other\zyf-00_4-028.png","","875","","BE09121D118610F95C9F8640A1E2F529742D30B884ABE8B69E82EAC058F53511","Extracted Dataset A file appeared during inventory."
"ADDED","Gait\dataset_a\other\zyf-00_4-029.png","","838","","FDD8E11E77D9F67360EE9C565DA7F4E40D427AA5C8BC3C9CCD4DE8E6F5C4A136","Extracted Dataset A file appeared during inventory."
"ADDED","Gait\dataset_a\other\zyf-00_4-030.png","","815","","AD9360F8786912D1D90335657B3748142C2446029111DEF19529B79F3FF1FA96","Extracted Dataset A file appeared during inventory."
"ADDED","Gait\dataset_a\other\zyf-00_4-031.png","","797","","088EEA730A58BFC558CB08EE43E80C0BF9D9B664CAB5BE97CE9432DBFBCD631F","Extracted Dataset A file appeared during inventory."
"ADDED","Gait\dataset_a\other\zyf-00_4-032.png","","832","","D36A1ED4EA176CED71F06AF234DBE9DB02B943FE7CB012E01B25330231EC786D","Extracted Dataset A file appeared during inventory."
"ADDED","Gait\dataset_a\other\zyf-00_4-033.png","","882","","85477A2C39293C5630FCC70B90A3A8F2006371B85F2057AB601037880193DA0D","Extracted Dataset A file appeared during inventory."
"ADDED","Gait\dataset_a\other\zyf-00_4-034.png","","954","","6953EB6A04EF71E5784BEB8512E018C30AB5DDF9132ECCEECA2F7F856E12508E","Extracted Dataset A file appeared during inventory."
"ADDED","Gait\dataset_a\other\zyf-00_4-035.png","","970","","C8B0481530BEA90E4608579408A51F88854CD4F45688706A23D51437C7D2CC54","Extracted Dataset A file appeared during inventory."
"ADDED","Gait\dataset_a\other\zyf-00_4-037.png","","891","","59A437FEC2045C4BC638DDEF49E4BF646D7626C955353CE16F3696AE07450FAB","Extracted Dataset A file appeared during inventory."
"ADDED","Gait\dataset_a\other\zyf-00_4-040.png","","839","","555D1AF80A3D7C1F844078F78B3914CA9470AE16255991829F7E27CFA7DF3DA1","Extracted Dataset A file appeared during inventory."
"ADDED","Gait\dataset_a\other\zyf-00_4-041.png","","800","","C650A956AE05A37C9528FF0EC0E7267AA4953BEC5D9FC559D2198C1D99B84318","Extracted Dataset A file appeared during inventory."
"ADDED","Gait\dataset_a\other\zyf-00_4-042.png","","819","","4C5C1EB9B3506D766260C44A4F9A75E86D3638F4DC8F115401E155FC083D1117","Extracted Dataset A file appeared during inventory."
"ADDED","Gait\dataset_a\other\zyf-00_4-043.png","","757","","188D19EA146DCF7226F7D1F0E09BFE8C64D4BAEDB33F2A5CA71070C20544A56D","Extracted Dataset A file appeared during inventory."
"ADDED","Gait\dataset_a\other\zyf-00_4-044.png","","742","","F9F6A792D97B464B07969ABDECFB9D98A32A6FEBCA6900751791D0D5F0ECCEEF","Extracted Dataset A file appeared during inventory."
"ADDED","Gait\dataset_a\other\zyf-00_4-045.png","","757","","912C8EA43ADC4A70BC3250141A910491B8C4151004C6EA61B5AAD59687E9EA6E","Extracted Dataset A file appeared during inventory."
"ADDED","Gait\dataset_a\other\zyf-00_4-046.png","","831","","1C2F6D6C2BC21F80F701DFE054DFB117ECB85A1B2898526263289A668B8D0917","Extracted Dataset A file appeared during inventory."
"ADDED","Gait\dataset_a\other\zyf-00_4-047.png","","797","","CDF876B3FB5CE42F5D0E4EA7962F198454E68B0CC7BC057D9451BE7AC434A087","Extracted Dataset A file appeared during inventory."
"ADDED","Gait\dataset_a\other\zyf-00_4-048.png","","891","","2915D201AC92C191E4B6B9F463A3F91A248C11A80292B6C7F3DA46EBAB114C14","Extracted Dataset A file appeared during inventory."
"ADDED","Gait\dataset_a\other\zyf-00_4-049.png","","864","","CDFB184550A7738F43F2142AA578858250A71A97F1996DACD0B7DA5FD7BC4696","Extracted Dataset A file appeared during inventory."
"ADDED","Gait\dataset_a\other\zyf-00_4-051.png","","848","","E06E0643417B1A6963B7E0D9BFBC8AE345C910325D105B8410B74E0555D8CBE8","Extracted Dataset A file appeared during inventory."
"ADDED","Gait\dataset_a\other\zyf-00_4-054.png","","786","","97D8791953B01C85DC391B0388E780F00C8BCC8252FA792FA2AB9918804B7B68","Extracted Dataset A file appeared during inventory."
"ADDED","Gait\dataset_a\other\zyf-00_4-055.png","","779","","75A304D031FD3C2B11D6487BD9EDBB47BF181B7527D5B171C4F5F6EDBA2EEA19","Extracted Dataset A file appeared during inventory."
"ADDED","Gait\dataset_a\other\zyf-00_4-056.png","","787","","A44589819D51DE43839D6001FDF02C60CDA6A96A9DE9D93FEF521C845D4EBC62","Extracted Dataset A file appeared during inventory."
"ADDED","Gait\dataset_a\other\zyf-00_4-057.png","","766","","7D12B3EA962FD90E03681F47CF6601BFAEF1F44520EA281ACDBEA041C977AC6B","Extracted Dataset A file appeared during inventory."
"ADDED","Gait\dataset_a\other\zyf-00_4-058.png","","745","","0BE267C69813420784383E752D95F2A88E502D2AE2FFA53227061028226E70A4","Extracted Dataset A file appeared during inventory."
"ADDED","Gait\dataset_a\other\zyf-00_4-059.png","","726","","8DF5EE2125D4CA727BA40D0CD2B7C9B616AE280BBFEA09087989CB570E8E893E","Extracted Dataset A file appeared during inventory."
"ADDED","Gait\dataset_a\other\zyf-00_4-060.png","","719","","F7CE7867C21565D016752C24E032C92FC307300CD56FAE3F9DA7992298083673","Extracted Dataset A file appeared during inventory."
"ADDED","Gait\dataset_a\other\zyf-00_4-061.png","","766","","69FB6066BB33947D55F752C5E5BB2AD5ED1D6CC01E5DC3D79E71A63C8A57686E","Extracted Dataset A file appeared during inventory."
"ADDED","Gait\dataset_a\toe_off\fyc-00_2-051.png","","787","","5C6747A10BFB2738866A31B06DDF009DEDFE877961C0DE8B101F95DFA5624013","Extracted Dataset A file appeared during inventory."
"ADDED","Gait\dataset_a\toe_off\fyc-00_2-052.png","","717","","0873EA513D0DE2B040BA10E16A582ACEC7F08725567609FFC60437D89D8652E0","Extracted Dataset A file appeared during inventory."
"ADDED","Gait\dataset_a\toe_off\fyc-00_2-064.png","","733","","BB24C1CE89163BD50D154E66C488E9D4E88ED52DD611AC7EB100E807C67F90D6","Extracted Dataset A file appeared during inventory."
"ADDED","Gait\dataset_a\toe_off\fyc-00_2-065.png","","735","","17ACA8D25E0CFB5FB8859F7B931B8E9BE4B9FCEF0B54C199A0712F7EF7517B51","Extracted Dataset A file appeared during inventory."
"ADDED","Gait\dataset_a\toe_off\fyc-00_3-013.png","","667","","84E4E62316562205A2A7A47259F375E124F832EDB89FC6CA40E66E81A386D01F","Extracted Dataset A file appeared during inventory."
"ADDED","Gait\dataset_a\toe_off\fyc-00_3-014.png","","692","","9573B794FBFA0F45740BDF86B608F2B591AB118829A6C7A9E7B9AD1CF30E5B02","Extracted Dataset A file appeared during inventory."
"ADDED","Gait\dataset_a\toe_off\fyc-00_3-025.png","","726","","515B3576054FFD501D58470895AA0F8B43B56E8FA4507B6C27B059E6F2195819","Extracted Dataset A file appeared during inventory."
"ADDED","Gait\dataset_a\toe_off\fyc-00_3-037.png","","748","","C080DC6F427EB3676D9039A8476D5F0E6969436CDA5F007A8EB02B4B92C4A3B2","Extracted Dataset A file appeared during inventory."
"ADDED","Gait\dataset_a\toe_off\fyc-00_3-038.png","","738","","90683CCCAD946CE993E2EDBE904EF31ABE300823ACD3095E54A938A0DF47FABD","Extracted Dataset A file appeared during inventory."
"ADDED","Gait\dataset_a\toe_off\fyc-00_3-049.png","","764","","045485E8D4F9B0B3C3B8550DECF5E6D7978A2555D43B44B3C58EF998CC61486D","Extracted Dataset A file appeared during inventory."
"ADDED","Gait\dataset_a\toe_off\fyc-00_3-061.png","","718","","3356CC0E40B2799C461A28891213098366D3ED9606ED9B9BB00E99F4207BAF39","Extracted Dataset A file appeared during inventory."
"ADDED","Gait\dataset_a\toe_off\fyc-00_3-062.png","","668","","29D607AE760BAB62378C10B1AF6B3EC63DD40CCCF9D2323FF8C643B39E7D58CE","Extracted Dataset A file appeared during inventory."
"ADDED","Gait\dataset_a\toe_off\fyc-00_4-006.png","","676","","8CE8BB3443862033E930BBDA7521345CCB2BB1F88D6D093D14E994EE6F3F8AFE","Extracted Dataset A file appeared during inventory."
"ADDED","Gait\dataset_a\toe_off\fyc-00_4-018.png","","724","","CB4AE82EA621C8E6028EF53D18684176209648411A758B99349C8C5043932CA0","Extracted Dataset A file appeared during inventory."
"ADDED","Gait\dataset_a\toe_off\fyc-00_4-031.png","","770","","1C3AAA641648691C605FD94EC36569ABECB8C4DD944A2F60453B627C769D19B1","Extracted Dataset A file appeared during inventory."
"ADDED","Gait\dataset_a\toe_off\fyc-00_4-043.png","","789","","DEFEA1873914BEE3B0562DC72B853B2D02490BCF5F19D1F2FAA1B712B10E7157","Extracted Dataset A file appeared during inventory."
"ADDED","Gait\dataset_a\toe_off\fyc-00_4-055.png","","713","","9A423EE0F8C1EF760307A9753CDFB5CE59839D8EC027FD437958CE72DD0AC7C8","Extracted Dataset A file appeared during inventory."
"ADDED","Gait\dataset_a\toe_off\fyc-00_4-056.png","","699","","B32BEA029EDE757CF42BFCD39B2E7169087C309F10749AD9095C65CB6A05FBDC","Extracted Dataset A file appeared during inventory."
"ADDED","Gait\dataset_a\toe_off\fyc-00_4-069.png","","742","","77C6C4A2F0DEC04F085C4BE4586358B3AC5C3089952359B40D3F136C03A997C9","Extracted Dataset A file appeared during inventory."
"ADDED","Gait\dataset_a\toe_off\hy-00_2-012.png","","693","","7967B211B77FCA608473275D6739DDB3777A066C006A42A557288E69B2A5E9FA","Extracted Dataset A file appeared during inventory."
"ADDED","Gait\dataset_a\toe_off\hy-00_2-024.png","","846","","296DC9F90A3B985E8B992113E2DFD9B8CFBACA3CD933776A65B2B78C053FDC9A","Extracted Dataset A file appeared during inventory."
"ADDED","Gait\dataset_a\toe_off\hy-00_2-025.png","","762","","7259D9B74D4218DE29796F59FC9841ECBBA934F8AD55311AB6C1E97081EA4458","Extracted Dataset A file appeared during inventory."
"ADDED","Gait\dataset_a\toe_off\hy-00_2-036.png","","857","","CBBB2A2074D9CBF1362E38D458D5B2FC124A02D504CD15207BA2156EB94E2189","Extracted Dataset A file appeared during inventory."
"ADDED","Gait\dataset_a\toe_off\hy-00_2-049.png","","821","","D624C2A0D2A5C79141EBBC30073FCD917FA189C4EBD553D6CAC9D1C9D4DFB2F4","Extracted Dataset A file appeared during inventory."
"ADDED","Gait\dataset_a\toe_off\hy-00_2-061.png","","732","","D05645EFAC64439F729ED74EC7AE103F09E3E8D3E340434E221CFEF1B933707B","Extracted Dataset A file appeared during inventory."
"ADDED","Gait\dataset_a\toe_off\hy-00_3-013.png","","776","","9AE84F75503A7C274BC2E7CE4A7F9FA60D9455BDF682AE8E216791CB503AF6C2","Extracted Dataset A file appeared during inventory."
"ADDED","Gait\dataset_a\toe_off\hy-00_3-014.png","","743","","A230500FF2B9A60A5479FA030B4F9A1674618B3F8E531B90E2AF4F102FA91B02","Extracted Dataset A file appeared during inventory."
"ADDED","Gait\dataset_a\toe_off\hy-00_3-026.png","","877","","35807161C71C36552FE2E979C063A4BA6DA518DF86BAC576783060395A7B6E00","Extracted Dataset A file appeared during inventory."
"ADDED","Gait\dataset_a\toe_off\hy-00_3-039.png","","792","","2CB9981EACCE98581CA63ED802B41807334546047D34A5430132BEC6F45EA948","Extracted Dataset A file appeared during inventory."
"ADDED","Gait\dataset_a\toe_off\hy-00_3-040.png","","758","","3199E11E5F1F328EFC972EFB4633BB34F184C565162F2B3AA9711F4151194553","Extracted Dataset A file appeared during inventory."
"ADDED","Gait\dataset_a\toe_off\hy-00_3-051.png","","756","","EC5472A64F728143CABAFCC6FB6F4AA51D3DB7A67C86FF486EC5505523559223","Extracted Dataset A file appeared during inventory."
"ADDED","Gait\dataset_a\toe_off\hy-00_3-052.png","","758","","82ED2AF5EFDF80EFE976D621D567F27BF9F146C3E9B4272A8A1E85EEA2E86B5C","Extracted Dataset A file appeared during inventory."
"ADDED","Gait\dataset_a\toe_off\hy-00_4-009.png","","735","","67B8422C9485DA59742114D0CE0BDA5FAC1536A3EA9D99FD0D2F02650A5A278E","Extracted Dataset A file appeared during inventory."
"ADDED","Gait\dataset_a\toe_off\hy-00_4-021.png","","871","","FEAB7406FF86CDDBCC1FA40F0BED1DA1B9D634A62575B3D26499F05B74C85666","Extracted Dataset A file appeared during inventory."
"ADDED","Gait\dataset_a\toe_off\hy-00_4-022.png","","788","","E9B46CA9A53052832B31F6B25661E75CE97CEB52E830FED3FFC684C632844BF1","Extracted Dataset A file appeared during inventory."
"ADDED","Gait\dataset_a\toe_off\hy-00_4-033.png","","868","","3E87D5CDEA821A71D53EAB12C6AB1C1092A7AB3D9861AC00D092C11D48D89C52","Extracted Dataset A file appeared during inventory."
"ADDED","Gait\dataset_a\toe_off\hy-00_4-047.png","","809","","4A080D4B9D481FE3E8894C653FCCD91483EE3C6D152CC9D1AEF89B2F6B5811B6","Extracted Dataset A file appeared during inventory."
"ADDED","Gait\dataset_a\toe_off\hy-00_4-058.png","","746","","88CA019689BE12A9117A2430D9E1B1A83D5827C50DB5A83A07C87A1A3B553305","Extracted Dataset A file appeared during inventory."
"ADDED","Gait\dataset_a\toe_off\hy-00_4-059.png","","700","","833FDE916658158D9D42813E2CD30966E96556EF116288B7E416FF4F920F04BA","Extracted Dataset A file appeared during inventory."
"ADDED","Gait\dataset_a\toe_off\ljg-00_1-015.png","","821","","4D04193D4E22BBF5FA9EAFCDFFB32DD22E0B479C764CF41BE366DA1222DE57F0","Extracted Dataset A file appeared during inventory."
"ADDED","Gait\dataset_a\toe_off\ljg-00_1-016.png","","790","","93CB7B99A95D8DA30D5B7265CAAF5BD6666706B12AF117B34EF5205E9F09AF00","Extracted Dataset A file appeared during inventory."
"ADDED","Gait\dataset_a\toe_off\ljg-00_1-029.png","","894","","DB647E1246484FF53801397BC63A38854AA817D3FD26FF7248EFE4EA8C249CEA","Extracted Dataset A file appeared during inventory."
"ADDED","Gait\dataset_a\toe_off\ljg-00_1-030.png","","863","","34989E4B94295018F669395CBED09EB66F4BDC6062C91BD2E2DF67C76D5031A3","Extracted Dataset A file appeared during inventory."
"ADDED","Gait\dataset_a\toe_off\ljg-00_1-044.png","","855","","7573978F0A3A3FE8B0791B37AC01BE3EEA1BB165E2FF5DFF1734996A027D20E6","Extracted Dataset A file appeared during inventory."
"ADDED","Gait\dataset_a\toe_off\ljg-00_1-045.png","","848","","E0B281CADDA030F1655C195CADCE92C085532A3264BDEEBE9BCE6060F6829501","Extracted Dataset A file appeared during inventory."
"ADDED","Gait\dataset_a\toe_off\ljg-00_1-058.png","","790","","60E209E9F9AA07AD35D310C090F2A71946CB4D3FB483817E46EC4F496ECEBB90","Extracted Dataset A file appeared during inventory."
"ADDED","Gait\dataset_a\toe_off\ljg-00_2-007.png","","820","","EDC133E39FD1089E966EA9AC8DC0E08EBB8919E958042F3C1CC3C7FF330A8109","Extracted Dataset A file appeared during inventory."
"ADDED","Gait\dataset_a\toe_off\ljg-00_2-008.png","","775","","D2F412AB24A80D3504A4138C0D310E50224E3357E2F7D890B40CF767A109064B","Extracted Dataset A file appeared during inventory."
"ADDED","Gait\dataset_a\toe_off\ljg-00_2-021.png","","880","","7759811F8F13B6061C343EBC066587828E4A9073094E16F0C5ADC02581A79863","Extracted Dataset A file appeared during inventory."
"ADDED","Gait\dataset_a\toe_off\ljg-00_2-035.png","","883","","383D708113FE29CE007694527A0E66DE46DEA22DB2F7E5B3071403D8E6A950D7","Extracted Dataset A file appeared during inventory."
"ADDED","Gait\dataset_a\toe_off\ljg-00_2-050.png","","827","","10594F2B11D1F2C08E9C2168BD696C235DCCBBC0B56509F3076E7936A2ECAE44","Extracted Dataset A file appeared during inventory."
"ADDED","Gait\dataset_a\toe_off\ljg-00_2-065.png","","739","","A243D42B2F87AA919A54B3D3BDE836A2FE02E378B522D40BCD4B9D535897E1A9","Extracted Dataset A file appeared during inventory."
"ADDED","Gait\dataset_a\toe_off\ljg-00_3-008.png","","825","","FB57B4C01B19CAB204AE1AB430C57D827E5409C18EEA36609DF12B339B72193E","Extracted Dataset A file appeared during inventory."
"ADDED","Gait\dataset_a\toe_off\ljg-00_3-023.png","","838","","8E0D61F3B62A0E0F6B9A75D4AE4A83D6ACB06618B37CB8079F164C34A1881632","Extracted Dataset A file appeared during inventory."
"ADDED","Gait\dataset_a\toe_off\ljg-00_3-024.png","","807","","067037DE1549558526FFEC00BE37ED6E9F5A01E2999BAA420A4C161AF5F96100","Extracted Dataset A file appeared during inventory."
"ADDED","Gait\dataset_a\toe_off\ljg-00_3-036.png","","903","","57ED70B321C4F9C46DF3BB6A0E22039A9A863D949FCB19D05BE616F6FE6BCCAA","Extracted Dataset A file appeared during inventory."
"ADDED","Gait\dataset_a\toe_off\ljg-00_3-037.png","","898","","55DCE9EE0CC24F1F6E9CC8B68C1BF32261F7F309D2F77CDE190308FBA4015BD7","Extracted Dataset A file appeared during inventory."
"ADDED","Gait\dataset_a\toe_off\ljg-00_3-050.png","","849","","A8E1F4AA7499EAD2FDC87E24E061681BD537863CCB1F2AA8EAC2F0952E1A4ED7","Extracted Dataset A file appeared during inventory."
"ADDED","Gait\dataset_a\toe_off\ljg-00_3-051.png","","778","","7C1AA066ED4420D28588523FCDF620F9F992D245AC96E4E407BA5961F37135C2","Extracted Dataset A file appeared during inventory."
"ADDED","Gait\dataset_a\toe_off\ljg-00_3-066.png","","735","","5C842F04BEA6CA21A9D3FD6A389016182CD467C9C203C01B4949A758E0BF7BB2","Extracted Dataset A file appeared during inventory."
"ADDED","Gait\dataset_a\toe_off\ljg-00_3-067.png","","768","","4DCB20A2B67D8BA0D9564019936760DDF3331A8F70DF5C587C85929EC4AA1AC2","Extracted Dataset A file appeared during inventory."
"ADDED","Gait\dataset_a\toe_off\ljg-00_4-006.png","","838","","0C5610F92B0D5FCB6A1721C0E65B44A4F9A3326DEE9E4851D1D5C7E91402E778","Extracted Dataset A file appeared during inventory."
"ADDED","Gait\dataset_a\toe_off\ljg-00_4-007.png","","761","","0EA0881DAB18831095B2FA723A5A6697313CB1B60457D7DD0CEED6FC23961C71","Extracted Dataset A file appeared during inventory."
"ADDED","Gait\dataset_a\toe_off\ljg-00_4-019.png","","874","","26791DF3A12A4F9A3ED9A8351319D6007D363091C65436202B68ADFA3D95E17C","Extracted Dataset A file appeared during inventory."
"ADDED","Gait\dataset_a\toe_off\ljg-00_4-020.png","","837","","8CB621BACE9052510BD105D995BD6D5C9D3E86550E502D8C8FA56A93E0844305","Extracted Dataset A file appeared during inventory."
"ADDED","Gait\dataset_a\toe_off\ljg-00_4-033.png","","859","","0717D4EABD5A3D6B267F26848814E89474654F54DA0F1FA62A4C5FC099B17BBF","Extracted Dataset A file appeared during inventory."
"ADDED","Gait\dataset_a\toe_off\ljg-00_4-047.png","","859","","3B0C6BAF07C986ACEC648B119ACE7D3020279ABB9699413AE4125A8CDB14F64D","Extracted Dataset A file appeared during inventory."
"ADDED","Gait\dataset_a\toe_off\ljg-00_4-060.png","","754","","2D9D9D3BD0EFD844B786370E56B61DD73F8E47A3E85744C170202082F850D3E0","Extracted Dataset A file appeared during inventory."
"ADDED","Gait\dataset_a\toe_off\ljg-00_4-061.png","","732","","EF6F2266641589F92B40EFA96C069166E36E1941F900C47A519B113D462C1A1A","Extracted Dataset A file appeared during inventory."
"ADDED","Gait\dataset_a\toe_off\lqf-00_1-012.png","","954","","781E544C201812528AEC952051A8C03D6BAAA0EF838A0DDCC5D05F88BE5F579C","Extracted Dataset A file appeared during inventory."
"ADDED","Gait\dataset_a\toe_off\lqf-00_1-013.png","","922","","B831011E31B14B8EF4ABCD87ED9CA8994785DD1F461453D24A0881FE9F969F2F","Extracted Dataset A file appeared during inventory."
"ADDED","Gait\dataset_a\toe_off\lqf-00_1-025.png","","1004","","5DCDD1BA2A472651EF4A92AAF1339952DBFB397FF85B98AB6BAD3E8FCF0F23DD","Extracted Dataset A file appeared during inventory."
"ADDED","Gait\dataset_a\toe_off\lqf-00_1-026.png","","940","","E8104665FA7196F8C53216A45B3B358F9CF44C7E6CA2A3DBC4518371C11DA345","Extracted Dataset A file appeared during inventory."
"ADDED","Gait\dataset_a\toe_off\lqf-00_1-038.png","","971","","942E3FB3296A5DCF85319385FEF5093A95B8CB401EA5A5D3CBC6F0D83B723BF8","Extracted Dataset A file appeared during inventory."
"ADDED","Gait\dataset_a\toe_off\lqf-00_1-039.png","","927","","E6A8FBA357C18E920688004C066BC761203885A7C2FBF3713775EFF2D7553ECF","Extracted Dataset A file appeared during inventory."
"ADDED","Gait\dataset_a\toe_off\lqf-00_1-051.png","","931","","19C8A67C56C84BB5E109D2806356AF4EE4BC4062FBBA6C10AE13E0CE463D28DD","Extracted Dataset A file appeared during inventory."
"ADDED","Gait\dataset_a\toe_off\lqf-00_1-052.png","","905","","1BE4EE0260913D2F151387736FF36326F80B41E5C8A03211F960DF6BF3A3EF31","Extracted Dataset A file appeared during inventory."
"ADDED","Gait\dataset_a\toe_off\lqf-00_2-011.png","","797","","BCA2161BD4282ABB63A677019210036421BE7266E477C4EF7986F4B82EC5B321","Extracted Dataset A file appeared during inventory."
"ADDED","Gait\dataset_a\toe_off\lqf-00_2-024.png","","982","","417DFD2ECF2A2923E40698C74D0DC76BC57820EF02DB1166362AE3BA721BD726","Extracted Dataset A file appeared during inventory."
"ADDED","Gait\dataset_a\toe_off\lqf-00_2-025.png","","930","","16B471AD39E7F9AAC119D3CFC2A7BC8D5918BBFE5581E7739EAEFEDEE4F4B639","Extracted Dataset A file appeared during inventory."
"ADDED","Gait\dataset_a\toe_off\lqf-00_2-037.png","","1012","","10DA07E1571501544DC5B9EC3E3F40D3DB1669442DE4F3FF85F769C411A2DEEA","Extracted Dataset A file appeared during inventory."
"ADDED","Gait\dataset_a\toe_off\lqf-00_2-038.png","","943","","E3A5BB9BDF11621E86F4ED79E6FCD377D49D8DA87D57816C409A0EFE9FC7D779","Extracted Dataset A file appeared during inventory."
"ADDED","Gait\dataset_a\toe_off\lqf-00_2-050.png","","868","","F47CA83BB15EDBCA8D084B861A38EC3124B6C1EA8D8270E42E79372083925565","Extracted Dataset A file appeared during inventory."
"ADDED","Gait\dataset_a\toe_off\lqf-00_2-051.png","","791","","23106526A83883D1113AF793343E400FD0D5C44B945B05220C6301BDD347BECC","Extracted Dataset A file appeared during inventory."
"ADDED","Gait\dataset_a\toe_off\lqf-00_3-001.png","","791","","A2E46B052453126F311B481909E9FC2A05C467BA3875D4D337B5733C64F47432","Extracted Dataset A file appeared during inventory."
"ADDED","Gait\dataset_a\toe_off\lqf-00_3-002.png","","783","","FB5A02A468C7142652458B8AA92D76E9A830340E82D9670A93264737F0180E9B","Extracted Dataset A file appeared during inventory."
"ADDED","Gait\dataset_a\toe_off\lqf-00_3-018.png","","915","","2427B38171FACECAD35577129CCDE6783E45CE6F14A5A2A2F261D5FE58401E36","Extracted Dataset A file appeared during inventory."
"ADDED","Gait\dataset_a\toe_off\lqf-00_3-019.png","","849","","977FB52F070B530C33AE37021DDF85872A54FD1E68FB35D7F6BF8684F0556E20","Extracted Dataset A file appeared during inventory."
"ADDED","Gait\dataset_a\toe_off\lqf-00_3-035.png","","897","","03B1AF338487FD5D000F56E5706934768F80258726740F8F3220DA3C67104501","Extracted Dataset A file appeared during inventory."
"ADDED","Gait\dataset_a\toe_off\lqf-00_3-051.png","","951","","E388E82AAA6A8DF63F0119E638FD1B76A98069354601F0BC3E8FA00956D4F530","Extracted Dataset A file appeared during inventory."
"ADDED","Gait\dataset_a\toe_off\lqf-00_3-052.png","","908","","B42800263A20075AFD980333549A7371EF4DE5A50BA78F28E57DB8927BD0561A","Extracted Dataset A file appeared during inventory."
"ADDED","Gait\dataset_a\toe_off\lqf-00_3-068.png","","905","","E1F227E38FFE5A911D4B95D3BE003D5A310415348E505D58C7BC3FB887E9607E","Extracted Dataset A file appeared during inventory."
"ADDED","Gait\dataset_a\toe_off\lqf-00_3-069.png","","874","","A7AE5E78C7C29FE207C3047918C5F513EDCA2D8B420F98F03603D6177C499FDD","Extracted Dataset A file appeared during inventory."
"ADDED","Gait\dataset_a\toe_off\lqf-00_3-070.png","","820","","EE63402FA3C805C8276E48532B41E7F869771DB532B07535BEFC54777DE1E66E","Extracted Dataset A file appeared during inventory."
"ADDED","Gait\dataset_a\toe_off\lqf-00_4-009.png","","842","","3B47DF59655363599024C677FE7AB6479E83F88F510476C8FAC79B8FA90C4C4C","Extracted Dataset A file appeared during inventory."
"ADDED","Gait\dataset_a\toe_off\lqf-00_4-010.png","","833","","3EEE71325455CCF62D72326143B8A78880A7051F1B3313FCFDCCFE3113416A8A","Extracted Dataset A file appeared during inventory."
"ADDED","Gait\dataset_a\toe_off\lqf-00_4-023.png","","893","","8141AAF9108F0ECAF3B315B6AC040A18EC6AC46136AE02AD3C03FC5E694AD0D9","Extracted Dataset A file appeared during inventory."
"ADDED","Gait\dataset_a\toe_off\lqf-00_4-036.png","","921","","1F3585660AB2BE43F49CE83762569A034F20A6708F736EEE05D59A6BFBAE65F4","Extracted Dataset A file appeared during inventory."
"ADDED","Gait\dataset_a\toe_off\lqf-00_4-049.png","","942","","883FBB66DEA4694BD61C85BF80161F4DDBC1804FC4FC6D12982A4E4235BA3E32","Extracted Dataset A file appeared during inventory."
"ADDED","Gait\dataset_a\toe_off\lqf-00_4-050.png","","881","","FB7B6533D63CCC138B053DC401BF9D72678E4CE5FA810855DBC6EA112D693ADD","Extracted Dataset A file appeared during inventory."
"ADDED","Gait\dataset_a\toe_off\lqf-00_4-063.png","","789","","8E55FC4425C5DBCECAF7A02B479F180625F0E8187F875724225EB902D40448D7","Extracted Dataset A file appeared during inventory."
"ADDED","Gait\dataset_a\toe_off\lqf-00_4-064.png","","732","","0C60A9DB8C90B09078BB2FB2947BAAA854CA0BDC449E5FF0B10D333A76CBE2EE","Extracted Dataset A file appeared during inventory."
"ADDED","Gait\dataset_a\toe_off\lsl-00_1-012.png","","802","","28C488457E96C7CEB1F3840D893726A563F1B159AA430465EE3B13D3318A7D93","Extracted Dataset A file appeared during inventory."
"ADDED","Gait\dataset_a\toe_off\lsl-00_1-025.png","","896","","0AFDC7F656D931BE40D5B79810D945972A2C958E8DC40D79EBF71EDC1B7A28AA","Extracted Dataset A file appeared during inventory."
"ADDED","Gait\dataset_a\toe_off\lsl-00_1-038.png","","936","","FF9469207028281E82971CFA9EDA721D14897DE03A4FAD733DB04674215E6AC1","Extracted Dataset A file appeared during inventory."
"ADDED","Gait\dataset_a\toe_off\lsl-00_1-039.png","","863","","C0A91BDE0A7CB0D1B462E68C34AFE76C78DBD8D48AA1C481DA75BD69E3F398CA","Extracted Dataset A file appeared during inventory."
"ADDED","Gait\dataset_a\toe_off\lsl-00_1-052.png","","869","","4B369136E85E8390E626E09FE38573C63EC929DD81D4B58DA1F3F152E05925E0","Extracted Dataset A file appeared during inventory."
"ADDED","Gait\dataset_a\toe_off\lsl-00_1-053.png","","822","","A01211BC9E451FE72B58B5A5701C1B86E1FF81904F93CAA72F70DA75545AD5AD","Extracted Dataset A file appeared during inventory."
"ADDED","Gait\dataset_a\toe_off\lsl-00_2-010.png","","796","","BBD9E7A225307192C0D5571A3E3BCB13280737A18FC973DDD74461C8CBE2C8DF","Extracted Dataset A file appeared during inventory."
"ADDED","Gait\dataset_a\toe_off\lsl-00_2-022.png","","904","","FC818C9BFA1559E08CDEA76E2BE7C8E136283DF3E9C7ABEFA68B6B5DF4B2469A","Extracted Dataset A file appeared during inventory."
"ADDED","Gait\dataset_a\toe_off\lsl-00_2-023.png","","916","","415A977E450D61E90FA20F3DC79F0FF80AC21210AA32047A425E6EF94A518743","Extracted Dataset A file appeared during inventory."
"ADDED","Gait\dataset_a\toe_off\lsl-00_2-037.png","","856","","70154A030051D1B483F50E397367F582092FB8409BB8D10250EC120B22641659","Extracted Dataset A file appeared during inventory."
"ADDED","Gait\dataset_a\toe_off\lsl-00_2-038.png","","791","","6C4F65598FD5AD880BEC7DF3290A2DAB41C79CAB4625EA8A8029657BE3D84729","Extracted Dataset A file appeared during inventory."
"ADDED","Gait\dataset_a\toe_off\lsl-00_2-050.png","","825","","75132DC8E7D3D1020D45E50F6A8A271F737E3930BE35E015BD2B2C9B9F471FD4","Extracted Dataset A file appeared during inventory."
"ADDED","Gait\dataset_a\toe_off\lsl-00_2-051.png","","776","","DB8F63B1AEA45E31E18556449974B5DF3B2E91A52FBA1A17BC8046242510D3D4","Extracted Dataset A file appeared during inventory."
"ADDED","Gait\dataset_a\toe_off\lsl-00_3-012.png","","875","","1A16667B8600522BF8AC9E1091B73F3CDEBC1093E265843746ECB024450D23A1","Extracted Dataset A file appeared during inventory."
"ADDED","Gait\dataset_a\toe_off\lsl-00_3-025.png","","968","","75BA2ABF07E12B6414F92B478A5E578E0AE9BE3D7FE0ECB4B1C6CC1509251CF0","Extracted Dataset A file appeared during inventory."
"ADDED","Gait\dataset_a\toe_off\lsl-00_3-026.png","","938","","B9C5187AFBA91040533E546F2178BA219F9BBAE22DCD9C43FF65F7A6490178C8","Extracted Dataset A file appeared during inventory."
"ADDED","Gait\dataset_a\toe_off\lsl-00_3-027.png","","887","","C6F113167F4F218CB04632572A222D6520915864B4B42EE898D9B6BB79CC3CF6","Extracted Dataset A file appeared during inventory."
"ADDED","Gait\dataset_a\toe_off\lsl-00_3-041.png","","902","","316D904A76909237D8C5818A3EC395F784509C5EB4832EC257DF13CB46CE4A57","Extracted Dataset A file appeared during inventory."
"ADDED","Gait\dataset_a\toe_off\lsl-00_3-056.png","","805","","F9BE4E049595DD6AE8E1E0CCA2572799011311850640258670C2E768413C4765","Extracted Dataset A file appeared during inventory."
"ADDED","Gait\dataset_a\toe_off\lsl-00_3-057.png","","762","","D7691D14B5157EAEDE09C78E84430BF7C28870EFBB004A0FC947E239D038DF41","Extracted Dataset A file appeared during inventory."
"ADDED","Gait\dataset_a\toe_off\lsl-00_4-007.png","","841","","97DEB22D020587D51C98BC48CB645440190891137EE3C79F43953E63A92CD7AA","Extracted Dataset A file appeared during inventory."
"ADDED","Gait\dataset_a\toe_off\lsl-00_4-008.png","","767","","27843E46337BB84AFBD09D82703D122352DB308A0D0AF66678AC41B23E7BFC8F","Extracted Dataset A file appeared during inventory."
"ADDED","Gait\dataset_a\toe_off\lsl-00_4-021.png","","863","","98780E1F66DB8CA24A9FF5F320D80C31F5E84E9BB426FD27C9672271CCE8455F","Extracted Dataset A file appeared during inventory."
"ADDED","Gait\dataset_a\toe_off\lsl-00_4-022.png","","828","","B431C90A2A3E0D7CFD4D829DA282AC59203452113C00CC011D7B23DC3F86B69B","Extracted Dataset A file appeared during inventory."
"ADDED","Gait\dataset_a\toe_off\lsl-00_4-035.png","","930","","81A6EB3D21A6B020263BC7731B2B61E96DCC62227D496D88DCA299B02577CAD3","Extracted Dataset A file appeared during inventory."
"ADDED","Gait\dataset_a\toe_off\lsl-00_4-036.png","","845","","F8777A429D16D9D956453760368C740FA1407CCFEDBEC9F672847C80C00D1AA3","Extracted Dataset A file appeared during inventory."
"ADDED","Gait\dataset_a\toe_off\lsl-00_4-048.png","","831","","65F86335EF5E003C25625A810DF12540A39734E3AB42E52A413E4D5D4DA76F4B","Extracted Dataset A file appeared during inventory."
"ADDED","Gait\dataset_a\toe_off\lsl-00_4-049.png","","785","","17D5D6580CA311499442DA7D645CD626FFEA20ECCD6223FE75027F2FE1469131","Extracted Dataset A file appeared during inventory."
"ADDED","Gait\dataset_a\toe_off\lsl-00_4-063.png","","833","","6B0ABC5352109E1504C2F2637037A8C3D3349DDE522EE58AA891BE3966176187","Extracted Dataset A file appeared during inventory."
"ADDED","Gait\dataset_a\toe_off\lsl-00_4-064.png","","794","","B160B323DFF410E517A80321447A73C58B9E4075DB2811287445C2CEE481D210","Extracted Dataset A file appeared during inventory."
"ADDED","Gait\dataset_a\toe_off\ml-00_1-008.png","","851","","CD010EE96C85548CCB8E9EFCC8DF703ECFB423F8A861BB00883C9463858B1223","Extracted Dataset A file appeared during inventory."
"ADDED","Gait\dataset_a\toe_off\ml-00_1-009.png","","853","","DB5C3068E6846A6871082476BB76DC61B089B79563790F65FD74299A1841DDBF","Extracted Dataset A file appeared during inventory."
"ADDED","Gait\dataset_a\toe_off\ml-00_1-021.png","","786","","1CB0DA94E1AE37FE821F3A48271218C02349E14C32A176FC2E2AA167F31D1DA5","Extracted Dataset A file appeared during inventory."
"ADDED","Gait\dataset_a\toe_off\ml-00_1-022.png","","791","","76BA35DCAB3CE315BAABE9222276E04169A4714B770AAC75A769536141D9DB1B","Extracted Dataset A file appeared during inventory."
"ADDED","Gait\dataset_a\toe_off\ml-00_1-034.png","","919","","BB1EC09ADDB42D1FD00E8EE967E2E770EF08169C704826FFC545EC288A676581","Extracted Dataset A file appeared during inventory."
"ADDED","Gait\dataset_a\toe_off\ml-00_1-035.png","","875","","C56CF53BAA866A64BEB246C3D5783DFA66ECA8DD4FD057311CE937A52E326D0C","Extracted Dataset A file appeared during inventory."
"ADDED","Gait\dataset_a\toe_off\ml-00_1-046.png","","919","","0C0F59850555F3C1D5945D7F7FD77C2BEBBDF62F76F130E16612012F4ECF1E2E","Extracted Dataset A file appeared during inventory."
"ADDED","Gait\dataset_a\toe_off\ml-00_1-047.png","","886","","7BB5EFDCE618790B7B7AEFBC1CBBB6AF220D475D6E417B7AF77B11B2C2167B61","Extracted Dataset A file appeared during inventory."
"ADDED","Gait\dataset_a\toe_off\ml-00_1-060.png","","831","","D8B7C81ECD846EC896A3CAF3F8729622876C4BAA67EBC06C01F79DFF57606E68","Extracted Dataset A file appeared during inventory."
"ADDED","Gait\dataset_a\toe_off\ml-00_1-061.png","","800","","B81E925177B33BC86DC7E533F11A625F99C0C85578A840F76831E1CEF055DC51","Extracted Dataset A file appeared during inventory."
"ADDED","Gait\dataset_a\toe_off\ml-00_2-006.png","","806","","277248980B03FF30D37CA7757C300298C07224575107A361A339FA57F16B0ED4","Extracted Dataset A file appeared during inventory."
"ADDED","Gait\dataset_a\toe_off\ml-00_2-007.png","","758","","899C5332C942DA2744F37597ED8A142883E775C9A9A090144BC6E868923D0CFC","Extracted Dataset A file appeared during inventory."
"ADDED","Gait\dataset_a\toe_off\ml-00_2-018.png","","923","","1288639303E454DCBE5B57FE8CF1A157FB07DCDEBB362937872BDB875BC19D34","Extracted Dataset A file appeared during inventory."
"ADDED","Gait\dataset_a\toe_off\ml-00_2-019.png","","869","","B9022D0CFD805A32D2FAC4BF90ED4C15281B36C9B5E3A85B272256A0BE61A8F6","Extracted Dataset A file appeared during inventory."
"ADDED","Gait\dataset_a\toe_off\ml-00_2-031.png","","972","","4BD7FA9F5F94221ED923056B0D9836762B013EE6718B5E7A89A61DDB51E5137B","Extracted Dataset A file appeared during inventory."
"ADDED","Gait\dataset_a\toe_off\ml-00_2-032.png","","929","","34EB6C3F129C37CB882A3244D5154EA9B7909F822F9758D06B508C23C89F2460","Extracted Dataset A file appeared during inventory."
"ADDED","Gait\dataset_a\toe_off\ml-00_2-044.png","","845","","915551B46D4A7DFCD0921D5779AE1490B6FC71006B06CFAD81FE50046A3A16DC","Extracted Dataset A file appeared during inventory."
"ADDED","Gait\dataset_a\toe_off\ml-00_2-045.png","","847","","2E07E23AA7487B74D0CB68BF3CB57241954AAFC8F02C4DFEE1C25C841EDF8190","Extracted Dataset A file appeared during inventory."
"ADDED","Gait\dataset_a\toe_off\ml-00_2-057.png","","874","","C999495AB761448659A6FB039748311C41F5F6276A7D9631F9112C1412FE525F","Extracted Dataset A file appeared during inventory."
"ADDED","Gait\dataset_a\toe_off\ml-00_2-058.png","","801","","A48317ECDD817E875802801612ECFE211DB92F6F7FA1A7413F7FA86371B7B228","Extracted Dataset A file appeared during inventory."
"ADDED","Gait\dataset_a\toe_off\ml-00_3-007.png","","838","","7E9BD5C03A09E0B58518579CFAD1338E100F04DC5EEB2B6E75B867F42F5ADD3F","Extracted Dataset A file appeared during inventory."
"ADDED","Gait\dataset_a\toe_off\ml-00_3-008.png","","789","","AB708388CC2EFB0B5DFCD53673ED0E781E042F8EB2AAB4A35880E03DC4D9D8E5","Extracted Dataset A file appeared during inventory."
"ADDED","Gait\dataset_a\toe_off\ml-00_3-020.png","","735","","BE569869EDBA00C3D18F3770C2C8BCD42EEF78E6AE0F7DFE7E38F642EFBEDE10","Extracted Dataset A file appeared during inventory."
"ADDED","Gait\dataset_a\toe_off\ml-00_3-032.png","","904","","52C7C15D6C4FBB0DE648E463F5900F7EAD4DFA40BCC289E7959C62E0AC2BF26D","Extracted Dataset A file appeared during inventory."
"ADDED","Gait\dataset_a\toe_off\ml-00_3-033.png","","870","","9DE065FCEBE6DE03441B914FAA94C8A7173719C51062D236C0548399F1D6764B","Extracted Dataset A file appeared during inventory."
"ADDED","Gait\dataset_a\toe_off\ml-00_3-045.png","","867","","62A2341797EA120C177A6DEE22914CB6B138016DE7720EB4F7FE5DFD39F3C522","Extracted Dataset A file appeared during inventory."
"ADDED","Gait\dataset_a\toe_off\ml-00_3-046.png","","845","","9C30725686F0862F9E1D264F2F59AABA1BBC6FC9F254E62A6B808E1C4653BE6A","Extracted Dataset A file appeared during inventory."
"ADDED","Gait\dataset_a\toe_off\ml-00_3-058.png","","823","","8319C5FE786D63920912DC9DB331FCCADB5056448302842653E28927858EB121","Extracted Dataset A file appeared during inventory."
"ADDED","Gait\dataset_a\toe_off\ml-00_3-059.png","","804","","74C0AB5C000FC3EBDE3F34F7460A557A387CB9BC3B7405085020450B7BB5E1B2","Extracted Dataset A file appeared during inventory."
"ADDED","Gait\dataset_a\toe_off\ml-00_4-010.png","","846","","8204925D6266AFFBD616DC0B47E45C3B4AEE40F04062C3737AC3CBF0F1265BAB","Extracted Dataset A file appeared during inventory."
"ADDED","Gait\dataset_a\toe_off\ml-00_4-011.png","","777","","1FEB3B275D166ADB6580A5DC7C09EA82A106F16699B6C3BACD2118851C3448C3","Extracted Dataset A file appeared during inventory."
"ADDED","Gait\dataset_a\toe_off\ml-00_4-022.png","","928","","4774809BA72513994F8B17FA18DB6FACD7552EEAB651DC7448DE192404517E69","Extracted Dataset A file appeared during inventory."
"ADDED","Gait\dataset_a\toe_off\ml-00_4-023.png","","871","","724B6AD3A7D89D15E1F4BAE6059AB331231BA777E2E8D0B567269C348D9483B3","Extracted Dataset A file appeared during inventory."
"ADDED","Gait\dataset_a\toe_off\ml-00_4-035.png","","889","","4C6477F535555467B32DEA79CF31D847B5BA1418D712327DA0BA2B02C4C051DF","Extracted Dataset A file appeared during inventory."
"ADDED","Gait\dataset_a\toe_off\ml-00_4-047.png","","857","","C7012963B62A1D38CF81703A02056B3D4D2CA7D585AAD51A7661D32D5A04D4DE","Extracted Dataset A file appeared during inventory."
"ADDED","Gait\dataset_a\toe_off\ml-00_4-048.png","","797","","15D938E56FBAEACB3C27C08C063A699CADBB4A7933C54AE97A4AB8CE9F206104","Extracted Dataset A file appeared during inventory."
"ADDED","Gait\dataset_a\toe_off\nhz-00_1-012.png","","810","","C26D8DCA3C208C19EF4FE8CF106186D2D7C51408DD2B74FBD78F5F2088AD7D7E","Extracted Dataset A file appeared during inventory."
"ADDED","Gait\dataset_a\toe_off\nhz-00_1-024.png","","920","","EB49647797DD5D4B76106A168DCB2976A7A31C1FF697ECDE8BB98B703E6B0601","Extracted Dataset A file appeared during inventory."
"ADDED","Gait\dataset_a\toe_off\nhz-00_1-025.png","","845","","1A942EF39FA8DE908FDD41B3C3570A4A3D36DE77BFB845CA29D65C9765191E7D","Extracted Dataset A file appeared during inventory."
"ADDED","Gait\dataset_a\toe_off\nhz-00_1-038.png","","818","","DF8477A9AF48151019E87E64F12FCCC0C32C1F102019B3E6D0AC21609E9BA871","Extracted Dataset A file appeared during inventory."
"ADDED","Gait\dataset_a\toe_off\nhz-00_1-050.png","","826","","2DDC6EF9B9D5432254C8AC3AE84631FC014EA7549CC8148741461BD81087B94C","Extracted Dataset A file appeared during inventory."
"ADDED","Gait\dataset_a\toe_off\nhz-00_1-051.png","","782","","002859A30095F813A2FFBD8401AE6D739F5C83B9D890FDF1A0D2A3B72285885C","Extracted Dataset A file appeared during inventory."
"ADDED","Gait\dataset_a\toe_off\nhz-00_2-013.png","","805","","613CB860B566E49ECAEBF1BA1FF0A112C729A495063BEE36D63FC09B174E48C4","Extracted Dataset A file appeared during inventory."
"ADDED","Gait\dataset_a\toe_off\nhz-00_2-026.png","","889","","29D3F736884C441106C95A4265CE5D20A817CA04F3EE95168876FD631D85E9F9","Extracted Dataset A file appeared during inventory."
"ADDED","Gait\dataset_a\toe_off\nhz-00_2-027.png","","865","","DCF512052DD69EEE7DDBDA87FA44879F2D376F156058A1A9CB0D894F6B8DCBC9","Extracted Dataset A file appeared during inventory."
"ADDED","Gait\dataset_a\toe_off\nhz-00_2-039.png","","914","","71CEB50E069BD19DB1DB51D70211E746354693F25E4A90B414F30CAD890888AF","Extracted Dataset A file appeared during inventory."
"ADDED","Gait\dataset_a\toe_off\nhz-00_2-040.png","","867","","3C1745694910CC28ECB66CE3C933CFBD3A7DDD83926775545FEB0B8AEEEDC078","Extracted Dataset A file appeared during inventory."
"ADDED","Gait\dataset_a\toe_off\nhz-00_2-053.png","","784","","D984EACC05BCF62A5BE97FA4E27E5FEA25014E06F89474E583E7E62DD251B95D","Extracted Dataset A file appeared during inventory."
"ADDED","Gait\dataset_a\toe_off\nhz-00_2-054.png","","758","","EE50BB8BD2D031724EB6A0385EDA2E7C49DF8B3952BF4A85322E15B5DE62C53E","Extracted Dataset A file appeared during inventory."
"ADDED","Gait\dataset_a\toe_off\nhz-00_3-007.png","","806","","ABECCEEAB212C671EBED82A8E5955DB3AB9D642A43A1C9E411CD218E8B942C47","Extracted Dataset A file appeared during inventory."
"ADDED","Gait\dataset_a\toe_off\nhz-00_3-008.png","","802","","0E03110C5AE488E9415CCAD86DFD3E3DB10888E66228C488BA71A7C42DB4340B","Extracted Dataset A file appeared during inventory."
"ADDED","Gait\dataset_a\toe_off\nhz-00_3-021.png","","887","","F35F175C42D404CAB4334E54A4DD324688CC106AB59B277B13E80429D367A5D3","Extracted Dataset A file appeared during inventory."
"ADDED","Gait\dataset_a\toe_off\nhz-00_3-022.png","","848","","FE265B3401B217E83E6677F22CA0F9A574D80FE27849F69D95BDA809F2A74CED","Extracted Dataset A file appeared during inventory."
"ADDED","Gait\dataset_a\toe_off\nhz-00_3-034.png","","895","","6C5119DA8BB40BA2A2EB8FEA7FDDE36F2568032E8BDC762620DD8694D10B1F1C","Extracted Dataset A file appeared during inventory."
"ADDED","Gait\dataset_a\toe_off\nhz-00_3-035.png","","820","","F0978F337FD9FF34C5ACD4426C93D71DCC2773522F445E33698B0C2E61B46D1A","Extracted Dataset A file appeared during inventory."
"ADDED","Gait\dataset_a\toe_off\nhz-00_3-048.png","","781","","BD73B9822DDC2300CD2287A7BC57ACA19BD0686C1F0061B0D774698BAEC599B6","Extracted Dataset A file appeared during inventory."
"ADDED","Gait\dataset_a\toe_off\nhz-00_4-012.png","","836","","F0F6CB8737684D526717D3C1F8F4E96B4BD4B0319E6175C1C30101932D920A54","Extracted Dataset A file appeared during inventory."
"ADDED","Gait\dataset_a\toe_off\nhz-00_4-013.png","","811","","032E27238C75E38311DE1B50E248098A61AE7BF72638E206B4CA7680C543FF5E","Extracted Dataset A file appeared during inventory."
"ADDED","Gait\dataset_a\toe_off\nhz-00_4-026.png","","910","","45151325741E654F4A67FA7038642D1002975B25DDE474D2B88ACFDCEC7B845C","Extracted Dataset A file appeared during inventory."
"ADDED","Gait\dataset_a\toe_off\nhz-00_4-027.png","","863","","5310F3EBA2C716EE96A75EA15E9F7BC9BF5637B1464AC7FB34D21B9AA0F1827F","Extracted Dataset A file appeared during inventory."
"ADDED","Gait\dataset_a\toe_off\nhz-00_4-039.png","","874","","5B9AF12F59697F13EF0CF9A0312EC3CD9FA23A5687D3AAB60BA4DD2AEBE052A0","Extracted Dataset A file appeared during inventory."
"ADDED","Gait\dataset_a\toe_off\nhz-00_4-040.png","","865","","BC403658C52C42C25CFC66756118346A61D2CC8088B6AFD2AD60CFABC1388DFB","Extracted Dataset A file appeared during inventory."
"ADDED","Gait\dataset_a\toe_off\nhz-00_4-052.png","","803","","0988427CF2D98D39DDB28C7CEF3F610F21D7A37147A0F08913B51D032E43BAD7","Extracted Dataset A file appeared during inventory."
"ADDED","Gait\dataset_a\toe_off\nhz-00_4-053.png","","773","","27D64C6A60FEFBB84AC6012237E9ABDD913372FA2223E49A3D0430212262223B","Extracted Dataset A file appeared during inventory."
"ADDED","Gait\dataset_a\toe_off\rj-00_1-012.png","","802","","FE61214617D1D30E4CBBECE5EF5EEBB27439E5F60DF3C8DF159B3667A5B81B5C","Extracted Dataset A file appeared during inventory."
"ADDED","Gait\dataset_a\toe_off\rj-00_1-013.png","","786","","4F7D6A2D551799ACA75E5CAB1F00121EBE10BE682B9FC170EF759BEA857C93DB","Extracted Dataset A file appeared during inventory."
"ADDED","Gait\dataset_a\toe_off\rj-00_1-024.png","","849","","021611AB8F170E5FE12A4D88EFEF1F8E526A3D5D165277A8D0292F3D1F9D4395","Extracted Dataset A file appeared during inventory."
"ADDED","Gait\dataset_a\toe_off\rj-00_1-025.png","","822","","C81FF1B8926557E77684825F8925B0AE86AFCC8F13A2E18D6FD89A8B48D8F2BD","Extracted Dataset A file appeared during inventory."
"ADDED","Gait\dataset_a\toe_off\rj-00_1-035.png","","915","","47A9A9BD4DBE8D557C2B00F248C4830A757C2C5832E7BBA9BDE1D04B96921512","Extracted Dataset A file appeared during inventory."
"ADDED","Gait\dataset_a\toe_off\rj-00_1-036.png","","874","","2E456514591238D8A542BE9BC05D9DDBE79B183CF8FF45B9D25369352FA06D8A","Extracted Dataset A file appeared during inventory."
"ADDED","Gait\dataset_a\toe_off\rj-00_1-046.png","","879","","FD833A9B2316304E8767B80B4AB6A722BCDF58AC66A7AB4166027ED9CED8E0E4","Extracted Dataset A file appeared during inventory."
"ADDED","Gait\dataset_a\toe_off\rj-00_1-047.png","","819","","67E5A9CF8B42392D563F5A97313372E304D44042B16EF00B6705D5EF68336BF9","Extracted Dataset A file appeared during inventory."
"ADDED","Gait\dataset_a\toe_off\rj-00_1-058.png","","752","","FFD7E74D21CBDE39C4C088D4F5EBE3E7E57ABEAEA30437289BC6A19279090167","Extracted Dataset A file appeared during inventory."
"ADDED","Gait\dataset_a\toe_off\rj-00_1-059.png","","739","","791B0C96F37225F6F1F461876AC6961C8E132C285FC59F717F65AA2BFE01B89B","Extracted Dataset A file appeared during inventory."
"ADDED","Gait\dataset_a\toe_off\rj-00_2-008.png","","795","","AEF8D98599BAD01644D65CF44D58C0CC7935827AFAAD867A48CEF6247B9DBCBC","Extracted Dataset A file appeared during inventory."
"ADDED","Gait\dataset_a\toe_off\rj-00_2-019.png","","828","","5D9B6896A0CF23D1E38769269AF8EF6796492988DD6C37FCBF2F4B700140F6C6","Extracted Dataset A file appeared during inventory."
"ADDED","Gait\dataset_a\toe_off\rj-00_2-020.png","","774","","26536A955F99622EE7A0FCD1443505A3DEC7D608D146F8DDBF3EAD0B9E1FB507","Extracted Dataset A file appeared during inventory."
"ADDED","Gait\dataset_a\toe_off\rj-00_2-030.png","","914","","7B195DB9AC23415D1B3625B42487787BBEBCB53CD5E07FC600C039B89FE08E36","Extracted Dataset A file appeared during inventory."
"ADDED","Gait\dataset_a\toe_off\rj-00_2-031.png","","868","","0B27DDF2EEEC59F4B069997E2CAE9C1AB9C68814A68E8689D15C073A320154F8","Extracted Dataset A file appeared during inventory."
"ADDED","Gait\dataset_a\toe_off\rj-00_2-041.png","","855","","412ACE4772F1ABC3EB56B858C90D101D698EE4B5947A3A7AA5A2F05B2E29EF36","Extracted Dataset A file appeared during inventory."
"ADDED","Gait\dataset_a\toe_off\rj-00_2-042.png","","842","","0597F3FB1010DDACB5DF8CFA51E27F8092F235E6845BFB5F1E970FC4E783C55B","Extracted Dataset A file appeared during inventory."
"ADDED","Gait\dataset_a\toe_off\rj-00_2-053.png","","753","","32A925ECD85BD9352CAAE08E9BF9647637237331B23460295FADF42E19A1DC3E","Extracted Dataset A file appeared during inventory."
"ADDED","Gait\dataset_a\toe_off\rj-00_2-054.png","","750","","8C4F90068D6DFA4AC74F7497549748F855BF642A0C8CC99F81F36D7390109333","Extracted Dataset A file appeared during inventory."
"ADDED","Gait\dataset_a\toe_off\rj-00_3-008.png","","752","","58F0ECDD49323503AD2B11C7AEDDEF9D182A6E8B69C53A07582CB67113427D28","Extracted Dataset A file appeared during inventory."
"ADDED","Gait\dataset_a\toe_off\rj-00_3-009.png","","748","","DEC482865135EA44158F9D27E30674608E38532A20E904905367CCDBBE232044","Extracted Dataset A file appeared during inventory."
"ADDED","Gait\dataset_a\toe_off\rj-00_3-020.png","","881","","F8240416A8EA1073B58D0CA26579494AA17E7A9DCF3B5D2968FD02EA74F9BDD0","Extracted Dataset A file appeared during inventory."
"ADDED","Gait\dataset_a\toe_off\rj-00_3-021.png","","810","","6CC99F2692B08F788EBD41E74A7464005CC0E8E1546F95ADA695DB4B52A5FCDB","Extracted Dataset A file appeared during inventory."
"ADDED","Gait\dataset_a\toe_off\rj-00_3-031.png","","899","","839697D58F888D9C04BC6D0D064B7E5723DBC7641EF2F1CF907881B425A0A339","Extracted Dataset A file appeared during inventory."
"ADDED","Gait\dataset_a\toe_off\rj-00_3-032.png","","828","","54BA23FD77101B74F2BF6FB583010BD3AAE01DBC5AAF4ABFD10600880FBC998C","Extracted Dataset A file appeared during inventory."
"ADDED","Gait\dataset_a\toe_off\rj-00_3-042.png","","810","","A3A372074586B6C657A1092130C5FE05530E92B1C814AF438B9E20B02C066F28","Extracted Dataset A file appeared during inventory."
"ADDED","Gait\dataset_a\toe_off\rj-00_3-043.png","","790","","F2197E544DD0114605AB2AABDB22AF8C7629B2B70C5B35233D17DFBB08A38F13","Extracted Dataset A file appeared during inventory."
"ADDED","Gait\dataset_a\toe_off\rj-00_3-052.png","","820","","940C4C9DBF9B91885A610DC5ABB6C532A63FC7911E0E40C02D36FAF5A8DD5B22","Extracted Dataset A file appeared during inventory."
"ADDED","Gait\dataset_a\toe_off\rj-00_3-053.png","","820","","1631FE7547F9B39924949DE03F12A1E3655420A3CFD8F6A732FA25A9393CC8B5","Extracted Dataset A file appeared during inventory."
"ADDED","Gait\dataset_a\toe_off\rj-00_4-007.png","","768","","BF43B8430982BD82B8640ECD5DF856D0605A2F3A75B6CA09F7B15FE0BE2A5471","Extracted Dataset A file appeared during inventory."
"ADDED","Gait\dataset_a\toe_off\rj-00_4-008.png","","736","","3FF961F3D60C78DF91A603E25D9908BE75C0C6F2F6181A1CC3807301C6AF1F29","Extracted Dataset A file appeared during inventory."
"ADDED","Gait\dataset_a\toe_off\rj-00_4-019.png","","846","","951030A4B3F94D1CEC0EB764B160D211BAD30393104E5383D6E81FB68FF9C471","Extracted Dataset A file appeared during inventory."
"ADDED","Gait\dataset_a\toe_off\rj-00_4-029.png","","866","","A066724E9D1F3577CE25E78ECC51326B71E952D3FFBEDE5CB72BCECD82BB881F","Extracted Dataset A file appeared during inventory."
"ADDED","Gait\dataset_a\toe_off\rj-00_4-030.png","","825","","453742DA18D680613F92420075A6046F62EB72336D481AD002FCB2B236419631","Extracted Dataset A file appeared during inventory."
"ADDED","Gait\dataset_a\toe_off\rj-00_4-040.png","","840","","082A142984E84FD3851AE195F0BBBEBCF554FFCC87B85E4D67B0B53CC30289D6","Extracted Dataset A file appeared during inventory."
"ADDED","Gait\dataset_a\toe_off\rj-00_4-041.png","","786","","3011EB6218F9A78B103DDF665141BA79E818B7E5E1F95BC8F869CD6AE6F4ED0C","Extracted Dataset A file appeared during inventory."
"ADDED","Gait\dataset_a\toe_off\rj-00_4-052.png","","852","","9A554E37973F37305D6156B3B7F933FBA16D857FBAD5034178C7BD4C340AD681","Extracted Dataset A file appeared during inventory."
"ADDED","Gait\dataset_a\toe_off\rj-00_4-053.png","","779","","0D8F376B247FC0B9AA92C027E9D44F4D719FE335433B95153DEF54304D605DBA","Extracted Dataset A file appeared during inventory."
"ADDED","Gait\dataset_a\toe_off\syj-00_1-010.png","","969","","1120CB504F52B71D9B167414E9809A9AC49860B214511C6B6E67D124A4906466","Extracted Dataset A file appeared during inventory."
"ADDED","Gait\dataset_a\toe_off\syj-00_1-011.png","","915","","24EA1F00294FF40CA0EFC2FD4F02C43CC76A6D355628F9EAC9D28F3E78E449B6","Extracted Dataset A file appeared during inventory."
"ADDED","Gait\dataset_a\toe_off\syj-00_1-024.png","","1079","","194CE9087EBB7578D9DE2C1BCA5697BF12859B20AD3A9801576B6CCFEDFA1F8A","Extracted Dataset A file appeared during inventory."
"ADDED","Gait\dataset_a\toe_off\syj-00_1-036.png","","1027","","DAA0B336841EE16C22CBB600182FF4E2A601079985404F087F62E6553E7AC260","Extracted Dataset A file appeared during inventory."
"ADDED","Gait\dataset_a\toe_off\syj-00_1-037.png","","965","","DBD1BFBA79F637922CDAE45FA0F15DAEC40721C9E0B373152299AB38A03D38BE","Extracted Dataset A file appeared during inventory."
"ADDED","Gait\dataset_a\toe_off\syj-00_1-049.png","","816","","03266EA2D44A0AAF8A6BAFA90DA29305926F0A04BF30F450EB4CD6E5768B40C9","Extracted Dataset A file appeared during inventory."
"ADDED","Gait\dataset_a\toe_off\syj-00_2-001.png","","932","","7A72E5A2761AD620C94CECC3B0B9CE4744FA517ACEEFB0141EDED3BD969F87E0","Extracted Dataset A file appeared during inventory."
"ADDED","Gait\dataset_a\toe_off\syj-00_2-002.png","","924","","CC217D68AB51B2AB11A4E704951287895BEF7A353117610E60D1AE234D6020A0","Extracted Dataset A file appeared during inventory."
"ADDED","Gait\dataset_a\toe_off\syj-00_2-015.png","","962","","CB18C7FBF6C79615E41E513BB66565138D3CDCF12CE508B7232044DCC5BA3901","Extracted Dataset A file appeared during inventory."
"ADDED","Gait\dataset_a\toe_off\syj-00_2-016.png","","931","","3231F66C66ED00AA391AD0AB6637134EE8D0803CA6F6336F2760D709DAF14458","Extracted Dataset A file appeared during inventory."
"ADDED","Gait\dataset_a\toe_off\syj-00_2-017.png","","859","","511913AF8590CA9E87628C90F433325EF911123556FE6A2895C9A32347219965","Extracted Dataset A file appeared during inventory."
"ADDED","Gait\dataset_a\toe_off\syj-00_2-028.png","","1075","","B19CA6EF3423E9BA1C4F3493C70B2B0D24ACFC70B40D5F7AD2ACBBB0AF4D60D9","Extracted Dataset A file appeared during inventory."
"ADDED","Gait\dataset_a\toe_off\syj-00_2-029.png","","1077","","65D30F87B0F29E614D80914083F432F4A3F6F85AFF552244B8864834D547A597","Extracted Dataset A file appeared during inventory."
"ADDED","Gait\dataset_a\toe_off\syj-00_2-042.png","","1062","","42E02AD448B73FBDA63D73DBFEB8EC210B8F3B3C5D3019228C0D25023852CF54","Extracted Dataset A file appeared during inventory."
"ADDED","Gait\dataset_a\toe_off\syj-00_2-043.png","","1027","","5BA0522A6F1DA2EB19F9A678BE7BC62784B4551C804A94799DB5172CCF2161A2","Extracted Dataset A file appeared during inventory."
"ADDED","Gait\dataset_a\toe_off\syj-00_3-006.png","","870","","ABDF2D53393C4C159BE45A7874C83B6FB6334D9B69E6CC7F2CA1B58D0ACC86C3","Extracted Dataset A file appeared during inventory."
"ADDED","Gait\dataset_a\toe_off\syj-00_3-007.png","","903","","67084DEB28B4E709CEAB057EF03D16CC7CF52EE9A566084AD3670BB0288B3047","Extracted Dataset A file appeared during inventory."
"ADDED","Gait\dataset_a\toe_off\syj-00_3-019.png","","976","","312B2BCFA9C53858EF34D55744C441FE3EBC8E4EF88FE027D2473BDBDE9898D3","Extracted Dataset A file appeared during inventory."
"ADDED","Gait\dataset_a\toe_off\syj-00_3-020.png","","1001","","108FBA6B5E6432B084AC6BB95692C9CA6AEB7E0CA4525C990DA5D1A66445A828","Extracted Dataset A file appeared during inventory."
"ADDED","Gait\dataset_a\toe_off\syj-00_3-033.png","","969","","257814C6217B4A8B9CF3AF3BE3E9F908A5117582D7EED053B75FD71181D2786D","Extracted Dataset A file appeared during inventory."
"ADDED","Gait\dataset_a\toe_off\syj-00_3-034.png","","940","","6554322F858C79B103B826551AF006F9346BE3C5EE6D8E8905E2A9ADF2E3C689","Extracted Dataset A file appeared during inventory."
"ADDED","Gait\dataset_a\toe_off\syj-00_3-046.png","","821","","6677B886A6417191AEAEBF5240FAF7EAA24F091C4ADEB59A65A96039E2F9338D","Extracted Dataset A file appeared during inventory."
"ADDED","Gait\dataset_a\toe_off\syj-00_3-047.png","","832","","E0A91DEA39DB78EC29F4953C32F22759FFE79981DC30501CBA577C61D73B522E","Extracted Dataset A file appeared during inventory."
"ADDED","Gait\dataset_a\toe_off\syj-00_4-014.png","","903","","32D5719894D257C00C6D2F010FC5765FB06101242BC18EA5A556A4629AC39D1F","Extracted Dataset A file appeared during inventory."
"ADDED","Gait\dataset_a\toe_off\syj-00_4-015.png","","886","","3025F2320E3E122A78FBAEE8878440120B7F844E0D5D16562506F16A7D513A67","Extracted Dataset A file appeared during inventory."
"ADDED","Gait\dataset_a\toe_off\syj-00_4-027.png","","946","","C381FF3CF874AFE10FD923389EDB9BB6066FA801166F748DE130511DC95EF897","Extracted Dataset A file appeared during inventory."
"ADDED","Gait\dataset_a\toe_off\syj-00_4-028.png","","1002","","9EAE8E90EF02088300F9E9EEA29E70F297984DA77C4CCCAF2FC0877C10D414BE","Extracted Dataset A file appeared during inventory."
"ADDED","Gait\dataset_a\toe_off\syj-00_4-041.png","","988","","2A381DD0B2C4E9BA6A3D0FAA35C2FAE2B79E5560889E5660BDC021BFD83A4E21","Extracted Dataset A file appeared during inventory."
"ADDED","Gait\dataset_a\toe_off\syj-00_4-042.png","","938","","770F2CF2EF5C45F32FA96291E40892B671FF5BE10E5649688608C192C0AB88AD","Extracted Dataset A file appeared during inventory."
"ADDED","Gait\dataset_a\toe_off\wl-00_1-011.png","","1089","","35EFA4988F72D30656F45E43ABEFCE8491DF508BA97AE1E43274BDE34AAFAB98","Extracted Dataset A file appeared during inventory."
"ADDED","Gait\dataset_a\toe_off\wl-00_1-012.png","","1033","","9B179C336E54CE826811262B5F56A10E4C77E22BDDFC2FBB3C0CB384D562565A","Extracted Dataset A file appeared during inventory."
"ADDED","Gait\dataset_a\toe_off\wl-00_1-025.png","","1097","","C229B76B00F64AC9AB7AB9336A3C4D8DB1EF60D0E5DF5448FC90EF1347A09A3D","Extracted Dataset A file appeared during inventory."
"ADDED","Gait\dataset_a\toe_off\wl-00_1-037.png","","1063","","5370EF2E5EF9AE3B8226C53079B00C3317CC879DB507CADAD1765039FF6989AB","Extracted Dataset A file appeared during inventory."
"ADDED","Gait\dataset_a\toe_off\wl-00_2-009.png","","1210","","6D78F32FA59A102C4D4B105F028F52A7CC8E9843103F9BA0FEEFB0BB6F45B121","Extracted Dataset A file appeared during inventory."
"ADDED","Gait\dataset_a\toe_off\wl-00_2-010.png","","1121","","D76B801ABC74EC5C1A03F291E9477B2C7B2773D5454E898D54BDB882BA4EEF1A","Extracted Dataset A file appeared during inventory."
"ADDED","Gait\dataset_a\toe_off\wl-00_2-035.png","","1079","","3B1F18ADA976366E2A4A29C6B5968845F726842D7AF3C8D5F01A105818743D2F","Extracted Dataset A file appeared during inventory."
"ADDED","Gait\dataset_a\toe_off\wl-00_2-036.png","","1083","","B670F67E789BBBADB7C3220E5DC87E21E89D9D6185DDCCE920311F109F3347C7","Extracted Dataset A file appeared during inventory."
"ADDED","Gait\dataset_a\toe_off\wl-00_3-010.png","","1125","","19CA7A5CEAF2DFDA3A5A18D79CC7BBDE716C1A32C1760421154764DB6AE8279A","Extracted Dataset A file appeared during inventory."
"ADDED","Gait\dataset_a\toe_off\wl-00_3-011.png","","1106","","FC2FC019102E250733C147F7792CEDC35F958FE4ED856FA4BC9F22049E493FC6","Extracted Dataset A file appeared during inventory."
"ADDED","Gait\dataset_a\toe_off\wl-00_3-026.png","","1179","","BD290581A9FFD53A6D6F2985CC45B37EFAFC7561F3F374D2E4CF8DAA60C1BEA8","Extracted Dataset A file appeared during inventory."
"ADDED","Gait\dataset_a\toe_off\wl-00_3-027.png","","1178","","9CE4DB380576A798DD4F18D7B96D87193B235DECF54E046FA8151B8EE9F4A51F","Extracted Dataset A file appeared during inventory."
"ADDED","Gait\dataset_a\toe_off\wl-00_3-041.png","","1131","","6D5583526CC4F584D962D6D61108989C0669718E976DBA8219064C91ECA9EE96","Extracted Dataset A file appeared during inventory."
"ADDED","Gait\dataset_a\toe_off\wl-00_3-042.png","","1173","","14DACEFC95FFC650F3C90878170171FC24BCAAE199431049FF3C66592E33CBE6","Extracted Dataset A file appeared during inventory."
"ADDED","Gait\dataset_a\toe_off\wl-00_4-006.png","","1140","","9DD93C0AF40A0BB258A1B173E5205B3C4361C5ECF8C1F35A165274800D8F3FCE","Extracted Dataset A file appeared during inventory."
"ADDED","Gait\dataset_a\toe_off\wl-00_4-007.png","","1035","","3FE9A8A7A85BF6DD7212570CC42377B30E206FFE2FBBF1D63E8B0960042B2A63","Extracted Dataset A file appeared during inventory."
"ADDED","Gait\dataset_a\toe_off\wl-00_4-019.png","","1177","","0E4B594B18DC78CE5E7D376C4DBB9049838E9267BB1467C42343113CAC6E540A","Extracted Dataset A file appeared during inventory."
"ADDED","Gait\dataset_a\toe_off\wl-00_4-020.png","","1095","","0CFE736D30EF7C1BA41CD6FD2272C9824B85C78B312366A3D3EAF028A22D8380","Extracted Dataset A file appeared during inventory."
"ADDED","Gait\dataset_a\toe_off\wl-00_4-032.png","","1053","","315F3C02AFF73681DD1BA906BB3DCC6E0D9892263864FEE43E884689EF452565","Extracted Dataset A file appeared during inventory."
"ADDED","Gait\dataset_a\toe_off\wl-00_4-033.png","","1012","","E67E7B09CAE9760B1E15477A4024AC4A776F8E21102AF13612171C716DBD60ED","Extracted Dataset A file appeared during inventory."
"ADDED","Gait\dataset_a\toe_off\wq-00_1-013.png","","819","","3CF7EF668CF03E5CA144618FC07D3B9817DA234E687AC32C647DEF976A8F789A","Extracted Dataset A file appeared during inventory."
"ADDED","Gait\dataset_a\toe_off\wq-00_1-014.png","","784","","32F935943F76EB6A52B5F476A6FB8F249DCD5E0A3B883936299D72FB28AC2B99","Extracted Dataset A file appeared during inventory."
"ADDED","Gait\dataset_a\toe_off\wq-00_1-026.png","","904","","E00D13B7F4720190549415C988041DE485AA9C5E1A60B6D0A63DC31FCBD8DDB0","Extracted Dataset A file appeared during inventory."
"ADDED","Gait\dataset_a\toe_off\wq-00_1-037.png","","932","","934467C65FC830FBAAC0BDA4768FFE2919DF5D8490D7A43DA19502EFE76387C2","Extracted Dataset A file appeared during inventory."
"ADDED","Gait\dataset_a\toe_off\wq-00_1-038.png","","926","","0FD0A91559125CE62141F5B66D930B21EFCA12F2450E77B7D17F113DBF402CB9","Extracted Dataset A file appeared during inventory."
"ADDED","Gait\dataset_a\toe_off\wq-00_1-051.png","","783","","F18C50F31822B10CFF2DC6437BB8F7F26F7B6F0B7A234EB11DFF573ED07A5940","Extracted Dataset A file appeared during inventory."
"ADDED","Gait\dataset_a\toe_off\wq-00_1-052.png","","743","","E3C0E188057574B793C67D01A00751A4438A13A684832B9092A0FB8BBEF89201","Extracted Dataset A file appeared during inventory."
"ADDED","Gait\dataset_a\toe_off\wq-00_2-011.png","","838","","67CCD42760426F7EB7C1E47C57F9C17C9D8DAC8BB900096C49C0AD101333C7C2","Extracted Dataset A file appeared during inventory."
"ADDED","Gait\dataset_a\toe_off\wq-00_2-012.png","","823","","F6B676B9A4A22B6175C99689DF90471C323DD64114A728E736BC266972904D5E","Extracted Dataset A file appeared during inventory."
"ADDED","Gait\dataset_a\toe_off\wq-00_2-013.png","","840","","CC2765E8206F3FE08A07FCF49E61C7C993ED3E73203C6E19E02BE2C0E34694E4","Extracted Dataset A file appeared during inventory."
"ADDED","Gait\dataset_a\toe_off\wq-00_2-025.png","","972","","C52828FB817F44396110A8F00C1017C3C1D93E81830F4F675524E54A2CA44AC1","Extracted Dataset A file appeared during inventory."
"ADDED","Gait\dataset_a\toe_off\wq-00_2-026.png","","888","","6FDF9CB2064EE100AF8BB03C20A1229B32120CF5A7E5ECDD43D69257E8DA6F8D","Extracted Dataset A file appeared during inventory."
"ADDED","Gait\dataset_a\toe_off\wq-00_2-039.png","","856","","BD3E2DBFB6A1694C7D5D7EB3D0380E58D22BF0434DC44AA849628AF724409D90","Extracted Dataset A file appeared during inventory."
"ADDED","Gait\dataset_a\toe_off\wq-00_2-040.png","","809","","E7C03556CA1D2A8F4444CB3B7F3D74136F77027AC0C30BB6759EC6C21184F0BA","Extracted Dataset A file appeared during inventory."
"ADDED","Gait\dataset_a\toe_off\wq-00_2-052.png","","812","","BDA6EC51A2A5D3BA9DB98F97AB215FCF67D88BD2CB5BCA45B2EA060FE9A23674","Extracted Dataset A file appeared during inventory."
"ADDED","Gait\dataset_a\toe_off\wq-00_2-053.png","","825","","F660E366078103AFD669C96BA982D73A1B9D91ECD79B4E21D02702277326AA69","Extracted Dataset A file appeared during inventory."
"ADDED","Gait\dataset_a\toe_off\wq-00_3-011.png","","835","","E3FF1E134EDB4AF254CCC67648A3B5883543F6B73E8CDDFC41398CA87077EB60","Extracted Dataset A file appeared during inventory."
"ADDED","Gait\dataset_a\toe_off\wq-00_3-012.png","","824","","326E920FEBA45A068E5FACDC1568A350BD4B82B1D821E6A347EEE86DEFBCDD11","Extracted Dataset A file appeared during inventory."
"ADDED","Gait\dataset_a\toe_off\wq-00_3-025.png","","867","","3A5CB5764682E82C22526301A6FC870244E7F8D83B1CEFF61FC38F13B985B79D","Extracted Dataset A file appeared during inventory."
"ADDED","Gait\dataset_a\toe_off\wq-00_3-026.png","","846","","1DCF87AF2774B43FFB1190541D75EDD3151E17C1AEA5800143A8375F74DECEB5","Extracted Dataset A file appeared during inventory."
"ADDED","Gait\dataset_a\toe_off\wq-00_3-038.png","","883","","8DD0ADF327458A5E33E364476DC6651F1426FC133A53BF2D0A70BBBC22366BD9","Extracted Dataset A file appeared during inventory."
"ADDED","Gait\dataset_a\toe_off\wq-00_3-039.png","","884","","6F065B6757B050F3C34E708087FFE0DBA243EECA233AD281A8DFBFC4E1190B27","Extracted Dataset A file appeared during inventory."
"ADDED","Gait\dataset_a\toe_off\wq-00_3-051.png","","826","","BAB5220690C4DC6D46C405CC353D2BBED3EBC8373E95EAAF867E488861622A6D","Extracted Dataset A file appeared during inventory."
"ADDED","Gait\dataset_a\toe_off\wq-00_3-052.png","","767","","5945A336212B2C8F62492A8F77A42292B61A11422577C6829F527DE1EDCF156E","Extracted Dataset A file appeared during inventory."
"ADDED","Gait\dataset_a\toe_off\wq-00_4-010.png","","849","","E74F8F42DFF7649AA36FB67E08FB79729950BDA13D0D502FCD818922AACA78BF","Extracted Dataset A file appeared during inventory."
"ADDED","Gait\dataset_a\toe_off\wq-00_4-011.png","","837","","FB03B9AFF7229B06AC7CFD586617274F0E0C6BD7ED60EE1D5534141D86358DE5","Extracted Dataset A file appeared during inventory."
"ADDED","Gait\dataset_a\toe_off\wq-00_4-024.png","","931","","CB942C256A221579E9D8F116082144E05F9A6B641AC65D99E419600F77EAC8D2","Extracted Dataset A file appeared during inventory."
"ADDED","Gait\dataset_a\toe_off\wq-00_4-025.png","","899","","F60D2AE46E6C526FD7FBC590EDF1A7822E32AF3AE523D9B5DC5F039EAEABC2E5","Extracted Dataset A file appeared during inventory."
"ADDED","Gait\dataset_a\toe_off\wq-00_4-037.png","","837","","931461313B89A7C5C7B4542AC37BBAB3548C717437B7432DF76D6104E1861985","Extracted Dataset A file appeared during inventory."
"ADDED","Gait\dataset_a\toe_off\wq-00_4-050.png","","801","","1168628F0C949E22210EB3566610F88D788D2353AF3987F598FE44192121BBDB","Extracted Dataset A file appeared during inventory."
"ADDED","Gait\dataset_a\toe_off\wq-00_4-051.png","","778","","DE39FF2CEEE37C20DF16E01633407FD7CD20E130820C69AC9A32A74E3CE55D85","Extracted Dataset A file appeared during inventory."
"ADDED","Gait\dataset_a\toe_off\wyc-00_1-012.png","","989","","3AEBB776437D56E227A2D7F68E00621561A2E6E7B980DE23DEBC5E1A5CA63B34","Extracted Dataset A file appeared during inventory."
"ADDED","Gait\dataset_a\toe_off\wyc-00_1-013.png","","945","","7C3231AF7ADF606D425A92816708E13D0D6D042A7889B430F7AD2D808DEA5630","Extracted Dataset A file appeared during inventory."
"ADDED","Gait\dataset_a\toe_off\wyc-00_1-025.png","","919","","06A52A8D30584B4D3E28F6137C87BFCD7FE1C92084F5ADAFAF14B837C9E8378E","Extracted Dataset A file appeared during inventory."
"ADDED","Gait\dataset_a\toe_off\wyc-00_1-026.png","","885","","A5CB7856FEB7A7E5EB2F5B68806C94B1BB1905332055834D2FDE14B68F16936E","Extracted Dataset A file appeared during inventory."
"ADDED","Gait\dataset_a\toe_off\wyc-00_1-037.png","","892","","1C6BAD13E835F546D4996D50E96BBAC95C146C04FE7D87F39EE611C82E77B64B","Extracted Dataset A file appeared during inventory."
"ADDED","Gait\dataset_a\toe_off\wyc-00_1-038.png","","806","","FBDA3464BA81F1EF74F49BB13E5A6ED37EDFA8E1480FE19ACDBFB78538A66CC9","Extracted Dataset A file appeared during inventory."
"ADDED","Gait\dataset_a\toe_off\wyc-00_1-051.png","","799","","E6870FDE52367DA3B2D248706A114CA2C5251A174DCB85D253E69AB6561A41D2","Extracted Dataset A file appeared during inventory."
"ADDED","Gait\dataset_a\toe_off\wyc-00_1-052.png","","792","","0333DF880F35AA1E8A49C2EDB9B4185027CBE2641B96C7D69787D970F9D50A8B","Extracted Dataset A file appeared during inventory."
"ADDED","Gait\dataset_a\toe_off\wyc-00_2-009.png","","815","","E6E876F91AD3B6E523F29C7F056FC1D44E4C667E967E5FB7F0C93A69F7663E5A","Extracted Dataset A file appeared during inventory."
"ADDED","Gait\dataset_a\toe_off\wyc-00_2-010.png","","819","","3E5B131088CFD60F7B71B184D1917655061791367BC91107420E83DAD1CAB9DE","Extracted Dataset A file appeared during inventory."
"ADDED","Gait\dataset_a\toe_off\wyc-00_2-022.png","","869","","15BDF8973458423D765D1598BCFFD17C3A44FCF0CD4431C0FA763AF06C4E5D71","Extracted Dataset A file appeared during inventory."
"ADDED","Gait\dataset_a\toe_off\wyc-00_2-023.png","","866","","9917CB9EFE11963D3F7A430BFBCB6D489E482832492CD16DD7229E6406139CA9","Extracted Dataset A file appeared during inventory."
"ADDED","Gait\dataset_a\toe_off\wyc-00_2-034.png","","966","","7DB4F13E0F52F4F4DF419D3CBC9A1CC575D3E5180FD3561D406D5FF639BC6C51","Extracted Dataset A file appeared during inventory."
"ADDED","Gait\dataset_a\toe_off\wyc-00_2-035.png","","869","","1AAE8F516977D4AAB00899873E52255531AC81DCEE69A37B2E1114B4562ABA49","Extracted Dataset A file appeared during inventory."
"ADDED","Gait\dataset_a\toe_off\wyc-00_2-047.png","","930","","80F32F131C9860422A59C121DB0EA2E8410FD4C13B0275F56299CBEB875A5AE8","Extracted Dataset A file appeared during inventory."
"ADDED","Gait\dataset_a\toe_off\wyc-00_2-048.png","","884","","974B187AD89262D1805E4C88DB8FBD1E46C271F55451FBE9BFA98816CD9BB902","Extracted Dataset A file appeared during inventory."
"ADDED","Gait\dataset_a\toe_off\wyc-00_3-007.png","","871","","D5D53AB91702D7877719C375A4BC6C4F821E90268B7B8D9F4A591C14A25FAF47","Extracted Dataset A file appeared during inventory."
"ADDED","Gait\dataset_a\toe_off\wyc-00_3-020.png","","912","","64A42E07BD3B80C661733F399E05A2860FCE75D94416BB361249B8C7E5953D54","Extracted Dataset A file appeared during inventory."
"ADDED","Gait\dataset_a\toe_off\wyc-00_3-021.png","","835","","3918A3687235D3AE57930AA453266AA528E256DF7F54BB879DD7867582B48718","Extracted Dataset A file appeared during inventory."
"ADDED","Gait\dataset_a\toe_off\wyc-00_3-032.png","","931","","07E3D701F7A1218A7CE7B298A9C770373F5146B7A76F3B72BFBC1AD2C7A10DB9","Extracted Dataset A file appeared during inventory."
"ADDED","Gait\dataset_a\toe_off\wyc-00_3-033.png","","858","","B0BE86A37270E7EF486AC559E34AE87EDB53F2743001AD7024D9C89E23026AF1","Extracted Dataset A file appeared during inventory."
"ADDED","Gait\dataset_a\toe_off\wyc-00_3-044.png","","855","","080B2F54BD4B5AC1557F97D55034EE9438FC4866A0E10D65618DC82D883523F1","Extracted Dataset A file appeared during inventory."
"ADDED","Gait\dataset_a\toe_off\wyc-00_3-045.png","","865","","A644C7E36D9E3252B31D10E37DAE2FAD40BD116A75C46126180E206076456271","Extracted Dataset A file appeared during inventory."
"ADDED","Gait\dataset_a\toe_off\wyc-00_3-046.png","","805","","4CF2F883C1C68D02B4C49E875D795512422F041DAFAC745ABD36E82E62B0235A","Extracted Dataset A file appeared during inventory."
"ADDED","Gait\dataset_a\toe_off\wyc-00_4-008.png","","822","","6B4012D6AD01B776F5F7F0C88DC4B43DE59E3F922B01B610CCA362BE1847368A","Extracted Dataset A file appeared during inventory."
"ADDED","Gait\dataset_a\toe_off\wyc-00_4-009.png","","839","","E9548D5085206AFA42FB8046A486869A2423764EA7DAB7E67EB543307947A96A","Extracted Dataset A file appeared during inventory."
"ADDED","Gait\dataset_a\toe_off\wyc-00_4-010.png","","763","","42AB9E9A05C2F6EE11B61C06A8DF4CF73E1034755A5B13E437DECC260C25A7CF","Extracted Dataset A file appeared during inventory."
"ADDED","Gait\dataset_a\toe_off\wyc-00_4-021.png","","832","","0D9B40C583BE254906E94AB4683FFCAA3D00691CA82CE82A7619D7CCB8A9A0EA","Extracted Dataset A file appeared during inventory."
"ADDED","Gait\dataset_a\toe_off\wyc-00_4-022.png","","788","","865631EE79CD337771DD42926DC4A2893C8678B1F6B780E6CD5E9E58C35872A6","Extracted Dataset A file appeared during inventory."
"ADDED","Gait\dataset_a\toe_off\wyc-00_4-034.png","","918","","F4381502E34D486D6A6A594F0A30BB56050EA98660F530E828AE9E96C54BA4F0","Extracted Dataset A file appeared during inventory."
"ADDED","Gait\dataset_a\toe_off\wyc-00_4-035.png","","918","","CD30E54AFD7C45C9319F0EEBC6E0556DA24B014781D2E1748E6CCAA7D058A326","Extracted Dataset A file appeared during inventory."
"ADDED","Gait\dataset_a\toe_off\wyc-00_4-048.png","","885","","6342DEC62B4247C2316BB30AB805A70045FE1F03542138972DF24F49231FD4C6","Extracted Dataset A file appeared during inventory."
"ADDED","Gait\dataset_a\toe_off\wyc-00_4-049.png","","839","","80ECCF906161A6EF6F26B83783767D852A97C9A15EB15272CAF9438157E0A9D1","Extracted Dataset A file appeared during inventory."
"ADDED","Gait\dataset_a\toe_off\xch-00_1-001.png","","889","","E2C2504E29B214DF79E45566FE70C9903F0D785ADE8A98CC00833553B37747AB","Extracted Dataset A file appeared during inventory."
"ADDED","Gait\dataset_a\toe_off\xch-00_1-002.png","","872","","E3F0015DF2463C7CB5927B7783E7FA07BD2E61DF97A67E6BF4A2CBEFDE900610","Extracted Dataset A file appeared during inventory."
"ADDED","Gait\dataset_a\toe_off\xch-00_1-014.png","","923","","69B0A2AC7D36452BD089BA92503F3CA43D07B3F0756A28975826AFB0F898FDCD","Extracted Dataset A file appeared during inventory."
"ADDED","Gait\dataset_a\toe_off\xch-00_1-015.png","","880","","00A3DAC6FC5775AD9803CBDA38AF04CEE83F7C5FE4800625F5A0A8894DB71B48","Extracted Dataset A file appeared during inventory."
"ADDED","Gait\dataset_a\toe_off\xch-00_1-026.png","","962","","2565823771CADAB3ABE67E7DDF03EC14FD7278554E2EE8F17479EA81608EF861","Extracted Dataset A file appeared during inventory."
"ADDED","Gait\dataset_a\toe_off\xch-00_1-027.png","","960","","E55E2CEED271BA2FAD84495E88419579020E9D5BDC57B458FDD43F22A75DE0E4","Extracted Dataset A file appeared during inventory."
"ADDED","Gait\dataset_a\toe_off\xch-00_1-038.png","","932","","AF5D3DB499A9B26DB265DA6767C1149795BCCFCAF304975E3C6985E94BF0EF3D","Extracted Dataset A file appeared during inventory."
"ADDED","Gait\dataset_a\toe_off\xch-00_1-039.png","","846","","F178AD781B06980695E006B64D160397B2520AB43A3D2766DF4AF2699814DC0D","Extracted Dataset A file appeared during inventory."
"ADDED","Gait\dataset_a\toe_off\xch-00_2-010.png","","895","","975E16AD68F1AD77263119AB9D227EC26A953753F869AF74C0A53AD7ABDF33C1","Extracted Dataset A file appeared during inventory."
"ADDED","Gait\dataset_a\toe_off\xch-00_2-011.png","","844","","B163B4A4C7004058F810D0F05C63C8F0009E196227BE99E491237B82F3E4E701","Extracted Dataset A file appeared during inventory."
"ADDED","Gait\dataset_a\toe_off\xch-00_2-024.png","","987","","AACD678D201440D00B6BA7A4C810C903663063B79147B37F248116BFCAC8B983","Extracted Dataset A file appeared during inventory."
"ADDED","Gait\dataset_a\toe_off\xch-00_2-025.png","","893","","62BC82EB3798CE55329C1CAD333ADE192F603ACD6F8394AF239BED8500980219","Extracted Dataset A file appeared during inventory."
"ADDED","Gait\dataset_a\toe_off\xch-00_2-038.png","","867","","3F9455073A8F633E2D7A7F440E51AD0321345D3E21A90A1EF2143F9A2173018A","Extracted Dataset A file appeared during inventory."
"ADDED","Gait\dataset_a\toe_off\xch-00_2-050.png","","927","","FD66C05B92311068078EBD86012A90BCA675E607FF4ABA2C18FAA06D47666B69","Extracted Dataset A file appeared during inventory."
"ADDED","Gait\dataset_a\toe_off\xch-00_2-051.png","","859","","7052BD2FE8F49C3F53AE23202CA0DE419D2861BB293DF6F14BE1DD6DA3FACEFA","Extracted Dataset A file appeared during inventory."
"ADDED","Gait\dataset_a\toe_off\xch-00_3-011.png","","799","","18C1D9D60A2BFDB39E9D263EB777B7B0BB87C198B5D58BC05E346C4ADE687F47","Extracted Dataset A file appeared during inventory."
"ADDED","Gait\dataset_a\toe_off\xch-00_3-023.png","","860","","1AB9D8EF16701B61C56743FC1035DC6F211705B3D985E116F4B2B9EE39875529","Extracted Dataset A file appeared during inventory."
"ADDED","Gait\dataset_a\toe_off\xch-00_3-024.png","","806","","E6672BA122017E179B36D9E843C98609D93B802E5C0E01AC08DC09F35BB4AC90","Extracted Dataset A file appeared during inventory."
"ADDED","Gait\dataset_a\toe_off\xch-00_3-036.png","","956","","85622D08012E61C272898F99EF560F0D96E8C94C78963F519AC1452089468720","Extracted Dataset A file appeared during inventory."
"ADDED","Gait\dataset_a\toe_off\xch-00_3-037.png","","958","","4D4E6139792BECE1620435EB1E0191374B56406768061ABB3F63D0DEFDAF3D0E","Extracted Dataset A file appeared during inventory."
"ADDED","Gait\dataset_a\toe_off\xch-00_3-050.png","","856","","E2AF78FAC50B96C2963E8E90026A25B885C00FEA1FDD53C38CF8A3B29CDE1ABF","Extracted Dataset A file appeared during inventory."
"ADDED","Gait\dataset_a\toe_off\xch-00_3-051.png","","805","","FC9B96C00F0AE2E7B43220DFF47191E96CF32E56F50076CA9E7D59CE82B08EAA","Extracted Dataset A file appeared during inventory."
"ADDED","Gait\dataset_a\toe_off\xch-00_4-010.png","","867","","04850402B92E38F34F228A697CB19BDCDF6115521F48B1DAF55C27F8E0A83F3C","Extracted Dataset A file appeared during inventory."
"ADDED","Gait\dataset_a\toe_off\xch-00_4-011.png","","819","","DF84175D2ACC4EB1F67C16AFE108E667A781EC9701543BFF1F277EBC2A716014","Extracted Dataset A file appeared during inventory."
"ADDED","Gait\dataset_a\toe_off\xch-00_4-023.png","","992","","DF145FAD5BA2130EFA6C19BBCBB2F56B98D98668FE75F8F3EB84A4235E0920D0","Extracted Dataset A file appeared during inventory."
"ADDED","Gait\dataset_a\toe_off\xch-00_4-024.png","","911","","BF48C4C399EF4A01D915B497B3FFA60D5F3A3584E61694105F47549420C1EA7A","Extracted Dataset A file appeared during inventory."
"ADDED","Gait\dataset_a\toe_off\xch-00_4-036.png","","900","","8106CA863145F45433E8DCE2301CDCA1B91113F43854798A142346E4B0687AF6","Extracted Dataset A file appeared during inventory."
"ADDED","Gait\dataset_a\toe_off\xch-00_4-037.png","","863","","079F190C496FEE5626457C11F504144ACC019F0EC617496FB38405EFFA9D8D07","Extracted Dataset A file appeared during inventory."
"ADDED","Gait\dataset_a\toe_off\xch-00_4-050.png","","848","","E4436DFB4D71E01F132B7B43F134D865FC8DCF1DC329C915A8BC63074D506409","Extracted Dataset A file appeared during inventory."
"ADDED","Gait\dataset_a\toe_off\xch-00_4-051.png","","791","","34E1908D48544F476FE4032BD35C17F8C3D0D91663D632978A283AC4D892FE40","Extracted Dataset A file appeared during inventory."
"ADDED","Gait\dataset_a\toe_off\xxj-00_1-010.png","","856","","DCEAB56F423A4C0F88BC0B556BBB66100F4537CC836F25C5DC14278F3AB7CEC9","Extracted Dataset A file appeared during inventory."
"ADDED","Gait\dataset_a\toe_off\xxj-00_1-011.png","","825","","B8E35C6F60B41A1FEDEE9ACEE33BE2A64E45F1C571FDB7D7D1E78D8FAFACA921","Extracted Dataset A file appeared during inventory."
"ADDED","Gait\dataset_a\toe_off\xxj-00_1-022.png","","909","","BF7983D12EF91AA54144EA9EF4F40F16C0B9E268299FEEE31DD8FA9450209426","Extracted Dataset A file appeared during inventory."
"ADDED","Gait\dataset_a\toe_off\xxj-00_1-023.png","","847","","56B0905B0CB755D99CBE77714CC26660C484BA9F1A65BDE7355411412E46522F","Extracted Dataset A file appeared during inventory."
"ADDED","Gait\dataset_a\toe_off\xxj-00_1-034.png","","933","","C97FE6D872AB413C04C20C6DA6D00AD4552EB1F77BBADADBAF03A771475A10F2","Extracted Dataset A file appeared during inventory."
"ADDED","Gait\dataset_a\toe_off\xxj-00_1-035.png","","913","","4367BB7F2E5D84EF995602133F624004E4F8407B5EB21D1E871196376D2DCDF5","Extracted Dataset A file appeared during inventory."
"ADDED","Gait\dataset_a\toe_off\xxj-00_1-045.png","","857","","57D3CE7CF7F17F632883BFD2557E2BCE1E7E5E580677BF28418BDC2F18042DDF","Extracted Dataset A file appeared during inventory."
"ADDED","Gait\dataset_a\toe_off\xxj-00_1-046.png","","848","","A19F0696BD51A36A3D6C05E38D5679D14D90CCC76D2C683E2D27A0E8D659336C","Extracted Dataset A file appeared during inventory."
"ADDED","Gait\dataset_a\toe_off\xxj-00_1-057.png","","835","","4EC01FE841EE497F986F57D8E2EBF36570B77186B19AD05CDEA6116B513CD16C","Extracted Dataset A file appeared during inventory."
"ADDED","Gait\dataset_a\toe_off\xxj-00_1-058.png","","779","","604E343C3246020956A974DBDE85B9F536E5CBE12A39609BDD19804C14F98F27","Extracted Dataset A file appeared during inventory."
"ADDED","Gait\dataset_a\toe_off\xxj-00_1-059.png","","749","","53973BED2B666374620F99CF37D14E6BC7BEEC529B10C34D561E8EC83C079628","Extracted Dataset A file appeared during inventory."
"ADDED","Gait\dataset_a\toe_off\xxj-00_2-008.png","","798","","686D3AC6A8EA76FAB6EDB897FC3921CE14E5ED730B66A11CF338B14B38E7AAB8","Extracted Dataset A file appeared during inventory."
"ADDED","Gait\dataset_a\toe_off\xxj-00_2-009.png","","814","","D84BA6D6E11EB20650E59FF9F8CE1E98302BC3B1215197F062E8DFEB0093CB8F","Extracted Dataset A file appeared during inventory."
"ADDED","Gait\dataset_a\toe_off\xxj-00_2-019.png","","834","","D44B2FC128C939DFA010DD4D053B7BD7125BBCB5A5BF1D26334052034BB8E3D4","Extracted Dataset A file appeared during inventory."
"ADDED","Gait\dataset_a\toe_off\xxj-00_2-020.png","","840","","8666D069AEC71FD7D06F19AB226E04DEB0F570EFC8A21D8CE7E1927C083E00E9","Extracted Dataset A file appeared during inventory."
"ADDED","Gait\dataset_a\toe_off\xxj-00_2-032.png","","871","","17FF9209F1E30985B5426FA69458D3D75FDC175AAD7DF00770365983E96A9FA3","Extracted Dataset A file appeared during inventory."
"ADDED","Gait\dataset_a\toe_off\xxj-00_2-033.png","","847","","BACA91C78DA38CAA71C1181640664226B9ED27ADCA7C9AF90415093C81AB3D08","Extracted Dataset A file appeared during inventory."
"ADDED","Gait\dataset_a\toe_off\xxj-00_2-044.png","","972","","20EA25641B9DF53ADFD369D2F361089BCD27A21347C65583118B0259BBEE9E33","Extracted Dataset A file appeared during inventory."
"ADDED","Gait\dataset_a\toe_off\xxj-00_2-045.png","","979","","72D32FCBA3D9A798F823F0ECD6FE419D242D9300AB3FBF6021718DC3012AC144","Extracted Dataset A file appeared during inventory."
"ADDED","Gait\dataset_a\toe_off\xxj-00_2-057.png","","865","","C9AA34C89F96EE4A4990C487B8BB27FEAF9ABFBA4E218C0E9FD3483E7117576C","Extracted Dataset A file appeared during inventory."
"ADDED","Gait\dataset_a\toe_off\xxj-00_2-058.png","","853","","34954AEE03C13A628C3A58D88E57C57952AB5FFF12B42C638DDA752CD23A5692","Extracted Dataset A file appeared during inventory."
"ADDED","Gait\dataset_a\toe_off\xxj-00_2-070.png","","788","","2188E72053C04243E047B724FA382443B60EF804039AA522B3CE4099A25E48E5","Extracted Dataset A file appeared during inventory."
"ADDED","Gait\dataset_a\toe_off\xxj-00_2-071.png","","757","","D2D76E25500A58044A685BC866FCC1EABEFB829D23EF8105E66C2C6022E22D8B","Extracted Dataset A file appeared during inventory."
"ADDED","Gait\dataset_a\toe_off\xxj-00_3-010.png","","849","","1AC2FD971F893F7F14FCF800C8F9AE1CB9B64DCAE8629D477A1E39031B493743","Extracted Dataset A file appeared during inventory."
"ADDED","Gait\dataset_a\toe_off\xxj-00_3-011.png","","847","","3EC2A4638E85FAE970897F9742E69D3DB32DD39125E051C89AABA02FB6C832E8","Extracted Dataset A file appeared during inventory."
"ADDED","Gait\dataset_a\toe_off\xxj-00_3-012.png","","838","","E4F13585FC6D38B073A6CC69F4FBC870CAC3AC43D9586C1CE1121CD6B483CC08","Extracted Dataset A file appeared during inventory."
"ADDED","Gait\dataset_a\toe_off\xxj-00_3-022.png","","987","","B20245146A8D1D77BE5718D99E89391A34F19851327B79706C42BF7A053BC7A9","Extracted Dataset A file appeared during inventory."
"ADDED","Gait\dataset_a\toe_off\xxj-00_3-023.png","","971","","161F1B3945939707A189540BDA6A84911357573A53C7EDD4E1455315E29E164E","Extracted Dataset A file appeared during inventory."
"ADDED","Gait\dataset_a\toe_off\xxj-00_3-024.png","","910","","8B19302E2C515376C8743B5813DC4E7758C6F82486F2A194D2AE4486197433CE","Extracted Dataset A file appeared during inventory."
"ADDED","Gait\dataset_a\toe_off\xxj-00_3-034.png","","944","","5C03235785FC264398F25C6459ED716116E6C343DF585A4A99E7503918AEE6A4","Extracted Dataset A file appeared during inventory."
"ADDED","Gait\dataset_a\toe_off\xxj-00_3-035.png","","963","","265424EA010AEDEA4B69CA5F03EE8E23915988204602CD14B0DABC22EE54EBBF","Extracted Dataset A file appeared during inventory."
"ADDED","Gait\dataset_a\toe_off\xxj-00_3-045.png","","868","","02CEC525D22C76275D1B00F6113B030E00FDACF4E6F60B33769396DDB0F6D4E6","Extracted Dataset A file appeared during inventory."
"ADDED","Gait\dataset_a\toe_off\xxj-00_3-046.png","","850","","FF086489981FA2DAAA8F709002A577C0F51D5FE8E7DFD2987466ABB6D2E9E78D","Extracted Dataset A file appeared during inventory."
"ADDED","Gait\dataset_a\toe_off\xxj-00_3-047.png","","857","","885B79C90A223366C1A977FBD909CBBDC7374183CA3B670499134F48680E5FE3","Extracted Dataset A file appeared during inventory."
"ADDED","Gait\dataset_a\toe_off\xxj-00_3-058.png","","853","","BA0F68B4A8F79387902F37820390DD8E66F7C9F8C0BF77ECB652E025125BFC21","Extracted Dataset A file appeared during inventory."
"ADDED","Gait\dataset_a\toe_off\xxj-00_3-059.png","","843","","2B87CFB1C345E1DC8990566112CD080A0142D2E7BCC3E1E288A45CE3B353F079","Extracted Dataset A file appeared during inventory."
"ADDED","Gait\dataset_a\toe_off\xxj-00_3-060.png","","867","","B6789467496AA444F2793B49CEEA2D9B172405DB8671AC3715682A635C8B9C5C","Extracted Dataset A file appeared during inventory."
"ADDED","Gait\dataset_a\toe_off\xxj-00_4-011.png","","763","","EE3111167FD0F691F8E537055AB4068925FC030290996BABCD33339489BCF366","Extracted Dataset A file appeared during inventory."
"ADDED","Gait\dataset_a\toe_off\xxj-00_4-012.png","","724","","37AF0D6A3CB4788B13621DC366B848052A01C176E1821D3990721D203F230F18","Extracted Dataset A file appeared during inventory."
"ADDED","Gait\dataset_a\toe_off\xxj-00_4-022.png","","857","","F6DCAB0774A5BC280BD07AF4E1846A448F6A4C0C70A4F96BA229DFAD4EF8388A","Extracted Dataset A file appeared during inventory."
"ADDED","Gait\dataset_a\toe_off\xxj-00_4-023.png","","820","","39B994426D8E32C47B2528516526FB6F7376F69E3FFEDF6A8A4FBF1B212E8C4B","Extracted Dataset A file appeared during inventory."
"ADDED","Gait\dataset_a\toe_off\xxj-00_4-034.png","","936","","CACBD78FE3798478B5B8F43A1BC0D1C6423ED9EA0A976852289AB63942ECF654","Extracted Dataset A file appeared during inventory."
"ADDED","Gait\dataset_a\toe_off\xxj-00_4-035.png","","927","","AEFC10E014364C2A44914701AB8A97C21BD7F048126BFDA7CC22D56F90DA94F4","Extracted Dataset A file appeared during inventory."
"ADDED","Gait\dataset_a\toe_off\xxj-00_4-036.png","","886","","5BB0BD3D7B99A4B99DE87CA15C1BB125DEA73E4411BFA94E95EB644F07ACD589","Extracted Dataset A file appeared during inventory."
"ADDED","Gait\dataset_a\toe_off\xxj-00_4-048.png","","845","","2C83740564ED7063373EE7A51CE7364E9F36A353842C39F0A454C213A8E9F806","Extracted Dataset A file appeared during inventory."
"ADDED","Gait\dataset_a\toe_off\xxj-00_4-049.png","","823","","38B7B4A504A7552F72E0739AF777DD833D7693DA9BE9992344E0174DBC81DDD8","Extracted Dataset A file appeared during inventory."
"ADDED","Gait\dataset_a\toe_off\xxj-00_4-060.png","","875","","CFAA04596185664DD60A3531FDBDFC5EBA1BE707B65416DDD2C2934BDECD02F6","Extracted Dataset A file appeared during inventory."
"ADDED","Gait\dataset_a\toe_off\xxj-00_4-061.png","","779","","61A122F42B6ACAFB17924185153561C5961B2C0DF8EBABA305582576CFAF96CF","Extracted Dataset A file appeared during inventory."
"ADDED","Gait\dataset_a\toe_off\yjf-00_1-009.png","","913","","DFD20D7433B05F24E716B708896DBBEE250791C7B65C16B26F55F0B5EFF77489","Extracted Dataset A file appeared during inventory."
"ADDED","Gait\dataset_a\toe_off\yjf-00_1-010.png","","857","","B9073F120AD6447DEFF737EF580BE382D9F8618E5CAD84889C69AD76C779CDD2","Extracted Dataset A file appeared during inventory."
"ADDED","Gait\dataset_a\toe_off\yjf-00_1-023.png","","1082","","790F53FC23A806DFA4D483620EC5AAFBA4CE3FEB139020B861B7E7F79B9A986A","Extracted Dataset A file appeared during inventory."
"ADDED","Gait\dataset_a\toe_off\yjf-00_1-024.png","","1002","","9C7D2C69DB131582F39012386941C4A800230B6B5367BA995E901E4B9685BB7E","Extracted Dataset A file appeared during inventory."
"ADDED","Gait\dataset_a\toe_off\yjf-00_1-036.png","","996","","8CF35B010A221C60983BDEDA31994E14E68829331FE96FE3239A654EB714795C","Extracted Dataset A file appeared during inventory."
"ADDED","Gait\dataset_a\toe_off\yjf-00_1-037.png","","937","","2F60DF4516A154B1128E460C0538668DD15BECFBD9E7BAF5E1ED23E00DCF7B66","Extracted Dataset A file appeared during inventory."
"ADDED","Gait\dataset_a\toe_off\yjf-00_1-050.png","","839","","6980FCA7283799607E5D03C906B70FE665143FC2A81F39C527352D81AC8AEF0E","Extracted Dataset A file appeared during inventory."
"ADDED","Gait\dataset_a\toe_off\yjf-00_1-051.png","","810","","7AE1FD4FB6AF85FBE51DA61747C2F1D613EE700EE8330909AC828D4C35AB3029","Extracted Dataset A file appeared during inventory."
"ADDED","Gait\dataset_a\toe_off\yjf-00_2-010.png","","958","","DDCE9475B6D3E5BD1AF4328A81D5261A5809508D13EA0EAF5F3D3EB9F5F99E22","Extracted Dataset A file appeared during inventory."
"ADDED","Gait\dataset_a\toe_off\yjf-00_2-011.png","","920","","DB2221CDAE08502B194ECE68907D9BD9B02F1B1AA39271ACF0AA76797B34184C","Extracted Dataset A file appeared during inventory."
"ADDED","Gait\dataset_a\toe_off\yjf-00_2-023.png","","1060","","B4B95B9E48FB3238689BE985700A1D1CA682A795109108CAF30118BAF149F6F1","Extracted Dataset A file appeared during inventory."
"ADDED","Gait\dataset_a\toe_off\yjf-00_2-024.png","","1008","","41DE122538B7F47C949E9AF4BAC652A3EFC6253D2D1FD5161ABC08814F7973B9","Extracted Dataset A file appeared during inventory."
"ADDED","Gait\dataset_a\toe_off\yjf-00_2-036.png","","984","","678C2056D41839064471077F884C9B5DE64056E809668B13969550190874780C","Extracted Dataset A file appeared during inventory."
"ADDED","Gait\dataset_a\toe_off\yjf-00_2-037.png","","949","","71F6ACBA2D20C5F1E565ECD341E4FA5D4811E330DF28B7D925143FB0E1052438","Extracted Dataset A file appeared during inventory."
"ADDED","Gait\dataset_a\toe_off\yjf-00_2-050.png","","916","","20796C385B68C063D526A6F6039B7D628DECDB13CD7846F17AB815F3CB5D226A","Extracted Dataset A file appeared during inventory."
"ADDED","Gait\dataset_a\toe_off\yjf-00_2-051.png","","892","","662F8BE2FC6890F804479E0DBFD52752F8BA562243BE6E97C2A77D629C0C2AB6","Extracted Dataset A file appeared during inventory."
"ADDED","Gait\dataset_a\toe_off\yjf-00_3-011.png","","866","","5AFA7FF1B2292DDCB19A483C4F354BE642EACEB6BD50FABD2086DBFDD726EDD3","Extracted Dataset A file appeared during inventory."
"ADDED","Gait\dataset_a\toe_off\yjf-00_3-012.png","","842","","EE1EAAD0F19B56AB353FAE72499EE2147085C94313D9D16DC7924A4C2961D00A","Extracted Dataset A file appeared during inventory."
"ADDED","Gait\dataset_a\toe_off\yjf-00_3-024.png","","1015","","1ACDD49444D203CA9286BF698B5B729D4C9231AA393066F9836BB05D990B51DD","Extracted Dataset A file appeared during inventory."
"ADDED","Gait\dataset_a\toe_off\yjf-00_3-025.png","","965","","CF70F86135529FB4DFFCD0CA3FD33F3792D07CB0AE4C523E19480A3B21178933","Extracted Dataset A file appeared during inventory."
"ADDED","Gait\dataset_a\toe_off\yjf-00_3-038.png","","985","","DB33D4E21DA4D9CBD84C547A663992E8A5AF88E688E82E36B8D8FE69BB195F57","Extracted Dataset A file appeared during inventory."
"ADDED","Gait\dataset_a\toe_off\yjf-00_3-039.png","","945","","FCCCEA2162A614E8028F0CDD1B0905857C87BC0606C2C7665312AB6832B3A30C","Extracted Dataset A file appeared during inventory."
"ADDED","Gait\dataset_a\toe_off\yjf-00_3-050.png","","867","","1614D3402A9A0917DC2F7AFAA724108834164B4D3854206E79D916D6F1ADED4E","Extracted Dataset A file appeared during inventory."
"ADDED","Gait\dataset_a\toe_off\yjf-00_3-051.png","","858","","7AE2BADB9176713C998A87475957C09604124B212DAF80BAB924A16AEB4E4E13","Extracted Dataset A file appeared during inventory."
"ADDED","Gait\dataset_a\toe_off\yjf-00_4-008.png","","936","","A53D5D87336BF5E8933800E386CDDE716BAE6FE217BE21DE679C80CA175A7BE7","Extracted Dataset A file appeared during inventory."
"ADDED","Gait\dataset_a\toe_off\yjf-00_4-009.png","","906","","961894754FD7F1A91A651EE9C5D8733A481BE7914A17BAAF578FE12ED2ECFD8E","Extracted Dataset A file appeared during inventory."
"ADDED","Gait\dataset_a\toe_off\yjf-00_4-021.png","","1022","","5E2CC52ABB8994E0961A26AA22DAA7A3CE66D63EF4B57D5312ACA6FBCBAD3BC3","Extracted Dataset A file appeared during inventory."
"ADDED","Gait\dataset_a\toe_off\yjf-00_4-022.png","","1029","","D43BCA3A5E094B60D52BDC6705EF480C22CF8CA1AEBC8493D2120DACE5D6AB66","Extracted Dataset A file appeared during inventory."
"ADDED","Gait\dataset_a\toe_off\yjf-00_4-034.png","","1058","","8D4E74C6376543C273142FC47651D02CBFDB95E0B393BE18D92EC76B30C992B2","Extracted Dataset A file appeared during inventory."
"ADDED","Gait\dataset_a\toe_off\yjf-00_4-035.png","","1020","","DC32DC4B4331644A96EF87E620AB75B90682F40DF0CA9292B14C76F5BA6DD760","Extracted Dataset A file appeared during inventory."
"ADDED","Gait\dataset_a\toe_off\yjf-00_4-036.png","","992","","0730FAB1152D7133FD3773B7E9FB5E8DDB312C1CFB7C73988B26DF335B0E208A","Extracted Dataset A file appeared during inventory."
"ADDED","Gait\dataset_a\toe_off\yjf-00_4-048.png","","968","","9357B57DC4352D786F205386ECD9C50212C71E5173557D2E96D80D1801DFAE45","Extracted Dataset A file appeared during inventory."
"ADDED","Gait\dataset_a\toe_off\yjf-00_4-049.png","","917","","2118543ACCA6BC22C50663F1BD63C6D530C499B458D2F9B6FC0F19F849F7B9A1","Extracted Dataset A file appeared during inventory."
"ADDED","Gait\dataset_a\toe_off\yjf-00_4-050.png","","836","","CC223B491EAF19772E6F80EBF9D17DD7B5532B6F4AA4C755B6BA4712AA7E7756","Extracted Dataset A file appeared during inventory."
"ADDED","Gait\dataset_a\toe_off\zc-00_1-012.png","","1206","","EFE2244A92152691B0F393ED1ADA3BBDAF17262C74271ED8EAA661688B0ED524","Extracted Dataset A file appeared during inventory."
"ADDED","Gait\dataset_a\toe_off\zc-00_1-013.png","","1213","","97D35C806C6F211F979AA1BEABBAC8D081A33ED714039019CA222924FCDB3DB0","Extracted Dataset A file appeared during inventory."
"ADDED","Gait\dataset_a\toe_off\zc-00_1-014.png","","1174","","87339795DD3F855408D8C0E70F8C2A857D35168548E8EB90CFB6581D66544073","Extracted Dataset A file appeared during inventory."
"ADDED","Gait\dataset_a\toe_off\zc-00_1-027.png","","1196","","31DF1DD4E67908BF20F55ECC4AB860AF47D94ABD25E3588A5299C00C918A5882","Extracted Dataset A file appeared during inventory."
"ADDED","Gait\dataset_a\toe_off\zc-00_1-028.png","","1109","","DC4A25BB5A6E3BFA8F91861835AFF5DBA06D71416D51670C47042274B6ADD2DB","Extracted Dataset A file appeared during inventory."
"ADDED","Gait\dataset_a\toe_off\zc-00_1-040.png","","1135","","9AD6D07DA069959C2EDDC03F5BF2518AC7B1D0D0E913A9871934C5489ACD08D8","Extracted Dataset A file appeared during inventory."
"ADDED","Gait\dataset_a\toe_off\zc-00_1-041.png","","1076","","704F7323026ECDC6A7AFFF636DCE76A5375F6BDC18B40D2CC60A621019E12C5E","Extracted Dataset A file appeared during inventory."
"ADDED","Gait\dataset_a\toe_off\zc-00_2-014.png","","1263","","714F4A5414E4E8AFCE221B3E5ABF5619F6C7E7F48F835E4D07AF7EB4D228A7FA","Extracted Dataset A file appeared during inventory."
"ADDED","Gait\dataset_a\toe_off\zc-00_2-015.png","","1201","","D6CD149C066332C75ABEA7CABA48006BBCB77C0D85D5CC1CF4B577FEFCBC6DC9","Extracted Dataset A file appeared during inventory."
"ADDED","Gait\dataset_a\toe_off\zc-00_2-031.png","","1196","","8BD2421F003BBA7AE8137C7FD5FB3E2B59241C7BE1BD5248ED58F09D60CA1288","Extracted Dataset A file appeared during inventory."
"ADDED","Gait\dataset_a\toe_off\zc-00_2-032.png","","1090","","BC1F061880EAD5C94AC2E904CA889DA38B41B9A323217F93589F20FD65AAE827","Extracted Dataset A file appeared during inventory."
"ADDED","Gait\dataset_a\toe_off\zc-00_2-046.png","","1193","","0B259C623EFF3C3AE58708D1A7EE399F83F57FEF27226A671A5C255CD0A8F984","Extracted Dataset A file appeared during inventory."
"ADDED","Gait\dataset_a\toe_off\zc-00_2-047.png","","1169","","102D827824B4D57970CEA8483AE9F0FF25C3D398F2B3AF97D5243A5EC7A99D34","Extracted Dataset A file appeared during inventory."
"ADDED","Gait\dataset_a\toe_off\zc-00_3-007.png","","1169","","1C393BB89173914296D3A14CADF269298CA2EB461AD9A01754064041E38B920F","Extracted Dataset A file appeared during inventory."
"ADDED","Gait\dataset_a\toe_off\zc-00_3-008.png","","1128","","4A77E72EDCDA5C337F569B9291E22ABBA8752DAD217BDF5B7BAD6CED8894C760","Extracted Dataset A file appeared during inventory."
"ADDED","Gait\dataset_a\toe_off\zc-00_3-021.png","","1204","","5117D38CC37BD8D293CC5037038062BBE84F9D08879DCFBF721C1C8E2F342058","Extracted Dataset A file appeared during inventory."
"ADDED","Gait\dataset_a\toe_off\zc-00_3-022.png","","1185","","B33367775FF992DE1F0257B90A1DEA8BA51B54A1AA283880874A61DC61CA983E","Extracted Dataset A file appeared during inventory."
"ADDED","Gait\dataset_a\toe_off\zc-00_3-034.png","","1100","","E1061D32966B6B0E5A2C57930C4DD90E1BA433BA97538C525AB903DA2737072D","Extracted Dataset A file appeared during inventory."
"ADDED","Gait\dataset_a\toe_off\zc-00_3-035.png","","1119","","3138447E1527AC24F0CF8FE8BBF3610D8181987963E4A44A852766BC5CA8C747","Extracted Dataset A file appeared during inventory."
"ADDED","Gait\dataset_a\toe_off\zc-00_4-007.png","","1105","","6DA54929586181B9436B21CFA5F53C2820C0F916D0EA53694EC6F5051757EBDE","Extracted Dataset A file appeared during inventory."
"ADDED","Gait\dataset_a\toe_off\zc-00_4-008.png","","1002","","4EDE433CACA7F2829F850B40A18926850ABC2DDD12FA9B71AFFF4AE7F3BB1FA1","Extracted Dataset A file appeared during inventory."
"ADDED","Gait\dataset_a\toe_off\zc-00_4-020.png","","1285","","A124A290985B7833A49AF1628F0043C161DBBB7F8E3DDEB164820CC7F1EBC876","Extracted Dataset A file appeared during inventory."
"ADDED","Gait\dataset_a\toe_off\zc-00_4-021.png","","1156","","F9D4A95A42FC1C2C656C4EBD70A6FD259CA9D26EE33D57B7A9CD2A1111FC491B","Extracted Dataset A file appeared during inventory."
"ADDED","Gait\dataset_a\toe_off\zc-00_4-033.png","","1177","","574CE46A197FDF5E6998FFE4CA10453CC6B461242833286D1278DF589BCEDAA4","Extracted Dataset A file appeared during inventory."
"ADDED","Gait\dataset_a\toe_off\zc-00_4-034.png","","1107","","459C2926D3A16FB90CC18F69F96AB8E6C96ABB69EA3F2ADE06DF5C43A857B8BB","Extracted Dataset A file appeared during inventory."
"ADDED","Gait\dataset_a\toe_off\zc-00_4-045.png","","1127","","0CCCBF4C18FAA4C47C38F3FA2D406EF6C7972EA25E498E65817DACA0E0BE66A7","Extracted Dataset A file appeared during inventory."
"ADDED","Gait\dataset_a\toe_off\zc-00_4-046.png","","1123","","761094B61F916476AF83DED64168A45ED0FDF48324768DEA3BE75432568B0CFF","Extracted Dataset A file appeared during inventory."
"ADDED","Gait\dataset_a\toe_off\zdx-00_1-012.png","","1057","","106F10BEAA80B5EF135D41220A2044CDF4892973910D1A3C96196EC137E4E4D1","Extracted Dataset A file appeared during inventory."
"ADDED","Gait\dataset_a\toe_off\zdx-00_1-013.png","","1019","","F17FF17B6849D95DF28E32CAD14D6D716E1281D94CF68BCEE1555619EFF6B0AA","Extracted Dataset A file appeared during inventory."
"ADDED","Gait\dataset_a\toe_off\zdx-00_1-026.png","","1050","","EF26E9324B0E8CF9141E13C3ED53DB51B33C93DEAFAF6205E72AE667C23F27B8","Extracted Dataset A file appeared during inventory."
"ADDED","Gait\dataset_a\toe_off\zdx-00_1-027.png","","1002","","8C43E4402A388C26F2140111F5C735E22B7474FC9AFF100570C149D8A3D417CE","Extracted Dataset A file appeared during inventory."
"ADDED","Gait\dataset_a\toe_off\zdx-00_1-039.png","","947","","A2974B2ECB2E5B8DF0B3E7F5CCF6DB149F8CE5229E8AE504119722916B0F58BD","Extracted Dataset A file appeared during inventory."
"ADDED","Gait\dataset_a\toe_off\zdx-00_1-040.png","","931","","2DFF03D198297C3E35FB54F14F158147B63117E43FF62C8B2D711C01771A58DC","Extracted Dataset A file appeared during inventory."
"ADDED","Gait\dataset_a\toe_off\zdx-00_2-001.png","","722","","A0A8B3CAFACB5C2AA51C5093124F110B3FCAD850A276049A12286338E14DDCF8","Extracted Dataset A file appeared during inventory."
"ADDED","Gait\dataset_a\toe_off\zdx-00_2-002.png","","750","","0858D3531B260CB16CFEA22003A082C71DDC564225A34DA2B6F6298A0E29E64A","Extracted Dataset A file appeared during inventory."
"ADDED","Gait\dataset_a\toe_off\zdx-00_2-010.png","","944","","1498A140578A40C6F17CC26A9D4ADCE21D6F8AE842E40079A3F84B8FDE9C4AD0","Extracted Dataset A file appeared during inventory."
"ADDED","Gait\dataset_a\toe_off\zdx-00_2-011.png","","851","","70D547B570FFF4791DA84BBED5CBEB28F768BE6A0C596B56754051B98BB091FE","Extracted Dataset A file appeared during inventory."
"ADDED","Gait\dataset_a\toe_off\zdx-00_2-023.png","","1057","","A1847F2A3C3626DCC843511284FD89B46F76D7D1D1AB3AD2C404C467B0855E2A","Extracted Dataset A file appeared during inventory."
"ADDED","Gait\dataset_a\toe_off\zdx-00_2-024.png","","1013","","F19EC9B1A79D45CE01A9C9E1F1B09198B4F48AD6D6D9E87BB4FF82F22CA0688B","Extracted Dataset A file appeared during inventory."
"ADDED","Gait\dataset_a\toe_off\zdx-00_2-037.png","","983","","EBE33AF6D2B328BC799FB492ECB3FADEB8635162A1A95E28309222586058DA9A","Extracted Dataset A file appeared during inventory."
"ADDED","Gait\dataset_a\toe_off\zdx-00_2-038.png","","962","","87E2412368D5EB30F5AED10D01ECEBE778288115EEE6A842AEFE16BD12F9FDDE","Extracted Dataset A file appeared during inventory."
"ADDED","Gait\dataset_a\toe_off\zdx-00_2-049.png","","920","","F089741E738C5A56782D19B808064D359E4CA44021570A6EBC5545F900FEE4EC","Extracted Dataset A file appeared during inventory."
"ADDED","Gait\dataset_a\toe_off\zdx-00_2-050.png","","884","","F2DD44993866BB4099C72EF7B1F1948570AE13D987919D6286CF2DC22FA10CEA","Extracted Dataset A file appeared during inventory."
"ADDED","Gait\dataset_a\toe_off\zdx-00_3-013.png","","1023","","B144B689133B3335439E5BF6DCC6B43B86D3A80C2A3FE0ECA509A244445817E6","Extracted Dataset A file appeared during inventory."
"ADDED","Gait\dataset_a\toe_off\zdx-00_3-014.png","","790","","497CB02172721E80F2F6A0E067EA463AB5C0BCDF1137320C55961E8C4E7B3C27","Extracted Dataset A file appeared during inventory."
"ADDED","Gait\dataset_a\toe_off\zdx-00_3-026.png","","1044","","89B1C351228544EDB4C055ACE9E2E1F3FB10311F4CEA78A8C7927F5F8F329D67","Extracted Dataset A file appeared during inventory."
"ADDED","Gait\dataset_a\toe_off\zdx-00_3-027.png","","1022","","AE4E8D7169188074A5960651341D5F8CDA3A9227D3992B9DF844C59B4E7C3D06","Extracted Dataset A file appeared during inventory."
"ADDED","Gait\dataset_a\toe_off\zdx-00_3-040.png","","961","","16C6119D5DCC4444A113EAD8CA48DFBB831EFA75C0F797EA33849CAFEF88C46C","Extracted Dataset A file appeared during inventory."
"ADDED","Gait\dataset_a\toe_off\zdx-00_3-041.png","","922","","A770278DF7342C3F0ECFA7295BE008E3708F9129E868731D64FA2DA2A1E95845","Extracted Dataset A file appeared during inventory."
"ADDED","Gait\dataset_a\toe_off\zdx-00_3-053.png","","943","","421292D5A573CFCEF432DB4E79BA03F7E4D45D3D039B979C235125CFFF840755","Extracted Dataset A file appeared during inventory."
"ADDED","Gait\dataset_a\toe_off\zdx-00_3-054.png","","925","","1037367058B46F15974E1358E6490D1A8ECEE5BB845146D7B07BAD0D7E8B65B5","Extracted Dataset A file appeared during inventory."
"ADDED","Gait\dataset_a\toe_off\zdx-00_4-012.png","","1042","","10786EE75FCF5EB929572303280230A2C24C95993E2A12108573ABC8F3BEA4A5","Extracted Dataset A file appeared during inventory."
"ADDED","Gait\dataset_a\toe_off\zdx-00_4-013.png","","1004","","7590868DAD8946AF86F862CEC3AF49CCA52A9C2DE9B29C832624ED3CB78BDCDD","Extracted Dataset A file appeared during inventory."
"ADDED","Gait\dataset_a\toe_off\zdx-00_4-026.png","","994","","6EEB1CA9283CEEFA905D8C6B04A8936034ABBBDEB45D40EF5C814C81F77211A0","Extracted Dataset A file appeared during inventory."
"ADDED","Gait\dataset_a\toe_off\zdx-00_4-027.png","","933","","A197DB41BDB84FC19661F4BE47492FCD5DC57DF69D5768184EACBAF21DF0E47C","Extracted Dataset A file appeared during inventory."
"ADDED","Gait\dataset_a\toe_off\zdx-00_4-039.png","","999","","A7EF791D4ECDC0D686A933FFA7AF78B170363ACFCAAA615C8594D28449738359","Extracted Dataset A file appeared during inventory."
"ADDED","Gait\dataset_a\toe_off\zdx-00_4-040.png","","912","","255F65E6E1A19A1A876A47B1DCDF4D32CD5B8BB5DE1C0516DBAC5FA2117BB410","Extracted Dataset A file appeared during inventory."
"ADDED","Gait\dataset_a\toe_off\zjg-00_1-006.png","","894","","CDE1AEEDC187BBEA6FD7A1A3069E4706F5CD1293B3D07A3B6CFDD0401FDDA1C4","Extracted Dataset A file appeared during inventory."
"ADDED","Gait\dataset_a\toe_off\zjg-00_1-007.png","","920","","0374464C2F18CEF779FAFF55CA1FEDB6DA055B80C293493593194B2A4B8B11FD","Extracted Dataset A file appeared during inventory."
"ADDED","Gait\dataset_a\toe_off\zjg-00_1-021.png","","838","","A15728ED291D978407958735A335AFA2282A67EDC710EE84E1941B61B6D5EDFE","Extracted Dataset A file appeared during inventory."
"ADDED","Gait\dataset_a\toe_off\zjg-00_1-022.png","","823","","3A62F109BEA323137827635D14B565D2FEDD81E2A1B34CF59CFF46C03F22B979","Extracted Dataset A file appeared during inventory."
"ADDED","Gait\dataset_a\toe_off\zjg-00_1-035.png","","967","","B22265A8581D802611A214CD8E526889546DE42132CD1B6683AFD2FC971305C3","Extracted Dataset A file appeared during inventory."
"ADDED","Gait\dataset_a\toe_off\zjg-00_1-036.png","","946","","8FE570FB5885720DB1813E9E1BD889882AAB5B33BB6B6576AD756A2591BF062C","Extracted Dataset A file appeared during inventory."
"ADDED","Gait\dataset_a\toe_off\zjg-00_1-049.png","","863","","A962C1A2A8096243DD90C5B8D019234F32725664AB97FD6B1FABADCEFE70B338","Extracted Dataset A file appeared during inventory."
"ADDED","Gait\dataset_a\toe_off\zjg-00_1-050.png","","767","","96855EB8D163941DCF527D5ACE9F95470A4BD21FC13A80F7BA5B9B15A66925E6","Extracted Dataset A file appeared during inventory."
"ADDED","Gait\dataset_a\toe_off\zjg-00_1-063.png","","794","","3ADE4E2BEB8E1933C8D6CA217630C5028AA6E6EADE44DF454EF7D9A848F8DC52","Extracted Dataset A file appeared during inventory."
"ADDED","Gait\dataset_a\toe_off\zjg-00_1-064.png","","770","","96E256214F75F6A9451FE5539486E2AA30AF92E52009288EC0A9FF186019CDEA","Extracted Dataset A file appeared during inventory."
"ADDED","Gait\dataset_a\toe_off\zjg-00_2-011.png","","857","","A5D14769604D30B5E35F886C1D8040F7C5388882A456750EBC1EA63AA446ED00","Extracted Dataset A file appeared during inventory."
"ADDED","Gait\dataset_a\toe_off\zjg-00_2-012.png","","903","","815B29D66B1A66360A9CD6E2D1253B998D99569E6AE85BF0E3AF50C37333D4BB","Extracted Dataset A file appeared during inventory."
"ADDED","Gait\dataset_a\toe_off\zjg-00_2-026.png","","887","","508C50A50503114EA3CF9A0D501CBCE97633024C13E0DB39DCDACE53394C5C16","Extracted Dataset A file appeared during inventory."
"ADDED","Gait\dataset_a\toe_off\zjg-00_2-027.png","","901","","F41151892B82DDD2929B331764489C35ED6EF178FD9080295E185C7235B0D5BC","Extracted Dataset A file appeared during inventory."
"ADDED","Gait\dataset_a\toe_off\zjg-00_2-039.png","","882","","9802CC768DA648C8C0E5963932C99D7595940FA65CD291E5CCF53C15FB23AC6A","Extracted Dataset A file appeared during inventory."
"ADDED","Gait\dataset_a\toe_off\zjg-00_2-040.png","","837","","4D1FC3122F0D98555FCC19E5F72A211F39634769C6D0B122ECCB580109B98310","Extracted Dataset A file appeared during inventory."
"ADDED","Gait\dataset_a\toe_off\zjg-00_2-051.png","","969","","F44B5A055843CABF0EAC64C5623C9E4E2A1D109C10FF05EDA3B22740B1B804AF","Extracted Dataset A file appeared during inventory."
"ADDED","Gait\dataset_a\toe_off\zjg-00_2-052.png","","918","","3DC3557BBCC7A5C341877A57112C2A99E2BEC694647C0FA9B66DA358C1DF3101","Extracted Dataset A file appeared during inventory."
"ADDED","Gait\dataset_a\toe_off\zjg-00_2-053.png","","891","","81166A5FC7933B5962BF2DEB2855822E46D605B2C103991EFC4E334FE07C19BA","Extracted Dataset A file appeared during inventory."
"ADDED","Gait\dataset_a\toe_off\zjg-00_3-011.png","","871","","17A8002E2A0AA8982232613DA3D99B4625C4B7D7DA8B538B0F3C0B41CC2DDB65","Extracted Dataset A file appeared during inventory."
"ADDED","Gait\dataset_a\toe_off\zjg-00_3-012.png","","883","","887E12B4F4B6BAD02A65794C309A13534EBB2186D16A09BAADEA2CC6E562FDBC","Extracted Dataset A file appeared during inventory."
"ADDED","Gait\dataset_a\toe_off\zjg-00_3-013.png","","892","","7125F97AC7D142EA65682E4D70B80CBCAB9DE36C3300E11F3475D20EF307D9F1","Extracted Dataset A file appeared during inventory."
"ADDED","Gait\dataset_a\toe_off\zjg-00_3-026.png","","940","","23173B194C83F3E221348FF7B1311C229C48E6BEDF9DEE1A8A5BFB70142F0667","Extracted Dataset A file appeared during inventory."
"ADDED","Gait\dataset_a\toe_off\zjg-00_3-027.png","","918","","F0E3A5F6FA9A4A43EA265A82633C8CE3379C2EA04C7CC0A4D148BFE8223F34AC","Extracted Dataset A file appeared during inventory."
"ADDED","Gait\dataset_a\toe_off\zjg-00_3-041.png","","885","","70761BA2FD9A67AF0ECE8585581828D987ED41005D652CAB37320729A0B0894E","Extracted Dataset A file appeared during inventory."
"ADDED","Gait\dataset_a\toe_off\zjg-00_3-042.png","","817","","10225F5FD64E7696D8955DAD2E1C2ECE34015B83A0F1143DEB125B1E99EF0765","Extracted Dataset A file appeared during inventory."
"ADDED","Gait\dataset_a\toe_off\zjg-00_3-053.png","","860","","5CDC4558FB7EAFE6A34B0DADF593718D12651EBD40D5DE6C9A8EFEF8E8D1FC29","Extracted Dataset A file appeared during inventory."
"ADDED","Gait\dataset_a\toe_off\zjg-00_3-054.png","","807","","F517D2F0AF78E198D127F96726A900BBAE9369B3DD4189FA7BFE7B8CCED76DDE","Extracted Dataset A file appeared during inventory."
"ADDED","Gait\dataset_a\toe_off\zjg-00_4-009.png","","802","","4A982600C1CD7E0E4069DDDBD99C7DFB93451794C41ECBA60FC5EC705A2D218D","Extracted Dataset A file appeared during inventory."
"ADDED","Gait\dataset_a\toe_off\zjg-00_4-010.png","","834","","642DD165D671EC68187ED05008C6031B8131BCE05257A492783C1025AA2FDF4D","Extracted Dataset A file appeared during inventory."
"ADDED","Gait\dataset_a\toe_off\zjg-00_4-023.png","","859","","14318E5AD82801C37F6A4E978DAEE71E285877553D8F3C051C0CADAFAE28CEB2","Extracted Dataset A file appeared during inventory."
"ADDED","Gait\dataset_a\toe_off\zjg-00_4-024.png","","856","","77D255B813FE07CD0827F967F69C84B26DF2B60F5F47FEE3CB3DA93884E4E0E0","Extracted Dataset A file appeared during inventory."
"ADDED","Gait\dataset_a\toe_off\zjg-00_4-036.png","","949","","AEB42CAF701B707DAECF4977E4BECFBF6CA52640C54B456D17D8DDE1E1EFB858","Extracted Dataset A file appeared during inventory."
"ADDED","Gait\dataset_a\toe_off\zjg-00_4-037.png","","928","","75A2BA7749117717D5301801BDCE1CB509617115D877262159A49B8F5C7C3D42","Extracted Dataset A file appeared during inventory."
"ADDED","Gait\dataset_a\toe_off\zjg-00_4-051.png","","933","","77E2D1F8DD1066115521ACE2048ED1D44746C6BB938CFD239D4B610E4C5CFE4F","Extracted Dataset A file appeared during inventory."
"ADDED","Gait\dataset_a\toe_off\zjg-00_4-052.png","","880","","E7AE95B3BE136C52383855081A40B704CCE08FF8766454611F45FE561FF441FD","Extracted Dataset A file appeared during inventory."
"ADDED","Gait\dataset_a\toe_off\zjg-00_4-065.png","","930","","D96AC879251653C22FAC85661C10CD9EC64C0853C6EA0BBE0418BEA2E4C81B3C","Extracted Dataset A file appeared during inventory."
"ADDED","Gait\dataset_a\toe_off\zjg-00_4-066.png","","895","","D54F685BD28F52C914F4FDB09CCD8FE149FD5CB47406DC3C53EB2A0D22DEB04D","Extracted Dataset A file appeared during inventory."
"ADDED","Gait\dataset_a\toe_off\zl-00_1-013.png","","1327","","89E5C489B5EA97C80DB432BE3B5521A7A1E33365B974DCE204A8C9FDE2B67F61","Extracted Dataset A file appeared during inventory."
"ADDED","Gait\dataset_a\toe_off\zl-00_1-014.png","","1259","","CC3B6DEE4EB54B05FCAAE619B0B7DC98389798860A6707C7185811C798C00C97","Extracted Dataset A file appeared during inventory."
"ADDED","Gait\dataset_a\toe_off\zl-00_1-027.png","","1178","","F9EE43FA50293FD9EBAB4378797BA98C0854D18C1B215DCA817EEC964F8350C6","Extracted Dataset A file appeared during inventory."
"ADDED","Gait\dataset_a\toe_off\zl-00_1-028.png","","1108","","530599749C8A2A4EF9756513AF6585084E8A9D3F73AAA35B2641D1C05CD6190B","Extracted Dataset A file appeared during inventory."
"ADDED","Gait\dataset_a\toe_off\zl-00_2-010.png","","1127","","C1F75118F10B5A3226562C87820B242E84A6BB77EB115B856EC2D476C8DC715B","Extracted Dataset A file appeared during inventory."
"ADDED","Gait\dataset_a\toe_off\zl-00_2-011.png","","1068","","406E2AD7326985AE0C48907AADB635B4042401ACA98679D10FD3DDFE4D0112D2","Extracted Dataset A file appeared during inventory."
"ADDED","Gait\dataset_a\toe_off\zl-00_2-023.png","","1230","","F3DC0E1073AC6B692A84D06287BE0827AC3291283D829D571A9947AF28A58891","Extracted Dataset A file appeared during inventory."
"ADDED","Gait\dataset_a\toe_off\zl-00_2-024.png","","1196","","54D25124FB41FE9410445EEB8DF1C364A6F32BCE73A43103D8BEA59CD4D143DA","Extracted Dataset A file appeared during inventory."
"ADDED","Gait\dataset_a\toe_off\zl-00_2-037.png","","1162","","CF6E1C5CE445DB029266123FE277052B3F53970E885C0AB63724CE27DDFA77A7","Extracted Dataset A file appeared during inventory."
"ADDED","Gait\dataset_a\toe_off\zl-00_3-013.png","","1227","","068CEABCB75C795278273526A5517A037376C370966015AFB5A6524515C7F24F","Extracted Dataset A file appeared during inventory."
"ADDED","Gait\dataset_a\toe_off\zl-00_3-014.png","","1243","","FE74EA404240E7E25F7D8956D8CCF8EBD02C8F1BE61CC528CDA916F3318EEC8D","Extracted Dataset A file appeared during inventory."
"ADDED","Gait\dataset_a\toe_off\zl-00_3-015.png","","1256","","4B2183A440C22DFFB78FEFA2697D01581A7EC01772EA75C35204DDB996721C65","Extracted Dataset A file appeared during inventory."
"ADDED","Gait\dataset_a\toe_off\zl-00_3-026.png","","1186","","D466CC94EE2BCBA0B847A073DB0C0EE84B3445A5C149AA2764DED8DC18F9D8BD","Extracted Dataset A file appeared during inventory."
"ADDED","Gait\dataset_a\toe_off\zl-00_3-027.png","","1120","","D51C82C5F8272CD7773F1E3F5B05C3DE2DA2DB2404579B8FD22D62B49AF2DD9A","Extracted Dataset A file appeared during inventory."
"ADDED","Gait\dataset_a\toe_off\zl-00_3-028.png","","1130","","BD350478AEE897DB8806F6AE4661C1EA71E662EC847AD6E47A7E1500BC87E629","Extracted Dataset A file appeared during inventory."
"ADDED","Gait\dataset_a\toe_off\zl-00_4-011.png","","1187","","FB7B53A02E3F36243174A71822B06B8CE61F152938309E0A85864AC53D05FD3A","Extracted Dataset A file appeared during inventory."
"ADDED","Gait\dataset_a\toe_off\zl-00_4-012.png","","1130","","2BFF0A3BF0056F9DEB766AFAB79B3D61ED59A264F692F6A5A4B6A2C51F499A8F","Extracted Dataset A file appeared during inventory."
"ADDED","Gait\dataset_a\toe_off\zl-00_4-023.png","","1323","","D531BE31D556396E674344D1131C58EA82FF2FA752FF15CDEE5C53C11C415B50","Extracted Dataset A file appeared during inventory."
"ADDED","Gait\dataset_a\toe_off\zl-00_4-024.png","","1298","","84A4C8E07FC5ED6E8316940C80EE59A75F6FB7BA5B6954D23A9C0F8C4DF24244","Extracted Dataset A file appeared during inventory."
"ADDED","Gait\dataset_a\toe_off\zl-00_4-037.png","","1258","","05327C5C43052E6E4E20AD66B362BD455CD49B19D9168663B581F3417BA4D4AF","Extracted Dataset A file appeared during inventory."
"ADDED","Gait\dataset_a\toe_off\zl-00_4-038.png","","1234","","D82FA54C0126AB4DA030CBAA4035A4C7EB0EADC2E5C5ED560B73863DFF33119D","Extracted Dataset A file appeared during inventory."
"ADDED","Gait\dataset_a\toe_off\zyf-00_1-015.png","","921","","4AE17D4228889A2F752BEECA3588BB70B142A5568F3F2C5935AD7AF9E6E2D503","Extracted Dataset A file appeared during inventory."
"ADDED","Gait\dataset_a\toe_off\zyf-00_1-016.png","","892","","41ED95DFB892F010B4B9377931CBE49B5223C754C7F01098959735BC54000954","Extracted Dataset A file appeared during inventory."
"ADDED","Gait\dataset_a\toe_off\zyf-00_1-028.png","","952","","8F67952C8E1D53384091DC705B15B3BAAC0CE54F122EF4FFDE7F269760C10F2B","Extracted Dataset A file appeared during inventory."
"ADDED","Gait\dataset_a\toe_off\zyf-00_1-029.png","","942","","0FB049A457285447EC767429CF2D9C0C7975325097C103D4BA87D4C3D4CE205B","Extracted Dataset A file appeared during inventory."
"ADDED","Gait\dataset_a\toe_off\zyf-00_1-042.png","","869","","F5E4B10D1E87C86CF11DC8629F9D427F311FF1D9CC2B4882409661FFA9BF424B","Extracted Dataset A file appeared during inventory."
"ADDED","Gait\dataset_a\toe_off\zyf-00_1-043.png","","841","","32E7A6AF1E53D1E9116EEF961655F07BE38B09CC75B6A60F02F5DB29E3B2D76C","Extracted Dataset A file appeared during inventory."
"ADDED","Gait\dataset_a\toe_off\zyf-00_2-009.png","","856","","45ACC2F524026FF68B042A604B6DA16CA0E9D7E021D1432437E0F37F86A8E0CA","Extracted Dataset A file appeared during inventory."
"ADDED","Gait\dataset_a\toe_off\zyf-00_2-010.png","","805","","D5293A00A01AB062288282D8D728BFB183FFCA37C22D161EFC6AC7E51AD16C00","Extracted Dataset A file appeared during inventory."
"ADDED","Gait\dataset_a\toe_off\zyf-00_2-022.png","","916","","C8D448F1E204FE6C1E8FA6DC41E65D6E5552E13512A48C4F202060EA3A8628B3","Extracted Dataset A file appeared during inventory."
"ADDED","Gait\dataset_a\toe_off\zyf-00_2-023.png","","859","","04B93BD7B783A29BCD34AF8022B6F64CDB3075BE3DCE6B57A972DFB3B0EB5936","Extracted Dataset A file appeared during inventory."
"ADDED","Gait\dataset_a\toe_off\zyf-00_2-035.png","","932","","9938C7A0F6D9F2008E27910836C5F46433C39E6A6BCB957701EA96DC808C56A2","Extracted Dataset A file appeared during inventory."
"ADDED","Gait\dataset_a\toe_off\zyf-00_2-036.png","","890","","E3C6727C2069FC7392161B28BD2E5FFE1AD2DE5F093F24AD857A9BFC4B7FC512","Extracted Dataset A file appeared during inventory."
"ADDED","Gait\dataset_a\toe_off\zyf-00_2-048.png","","848","","294CB24E3E611E6937166994533BD8BB9C7D3400550C9FEA48DB27E7B0617B7B","Extracted Dataset A file appeared during inventory."
"ADDED","Gait\dataset_a\toe_off\zyf-00_2-049.png","","846","","FB021085EC43E8C3D39C3F074DB3A18056862E56EA997816DF8D04FF1305C0A7","Extracted Dataset A file appeared during inventory."
"ADDED","Gait\dataset_a\toe_off\zyf-00_3-009.png","","814","","0C3E6ACF98792923CBCBC912E10B652D8B1DB5411E56ADE0C984BA5E04838EC7","Extracted Dataset A file appeared during inventory."
"ADDED","Gait\dataset_a\toe_off\zyf-00_3-010.png","","800","","ADB5E60384480990FF7FB07B4556A65C7C1F2B3D77A6A04773499D18BD58F425","Extracted Dataset A file appeared during inventory."
"ADDED","Gait\dataset_a\toe_off\zyf-00_3-023.png","","861","","4BFFE58FBDAB7F53811A18C42E141383C1F8815CA5DC5892F3346C4888B723FF","Extracted Dataset A file appeared during inventory."
"ADDED","Gait\dataset_a\toe_off\zyf-00_3-024.png","","838","","9D763E42617ACEBDB62B197962511A9BFD1C2A3352933DE30794568C77C08F05","Extracted Dataset A file appeared during inventory."
"ADDED","Gait\dataset_a\toe_off\zyf-00_3-036.png","","938","","210B1FFBAD63F052C53208C3643F6B57155C66D152BDF5C1B09FF938F76929AF","Extracted Dataset A file appeared during inventory."
"ADDED","Gait\dataset_a\toe_off\zyf-00_3-037.png","","928","","54DE0C86650787B5752787DF59773034715956685E2CC6BE5BC31E6A5038CB42","Extracted Dataset A file appeared during inventory."
"ADDED","Gait\dataset_a\toe_off\zyf-00_3-050.png","","873","","E91CD44192F619404CC9031B24E00021960067E7C1E7695EB2250C7B2468A4BA","Extracted Dataset A file appeared during inventory."
"ADDED","Gait\dataset_a\toe_off\zyf-00_3-051.png","","833","","726A94C37C3B7F96469FB17DBE683D8742C5D0905D7BDD988DD7582F836FCE51","Extracted Dataset A file appeared during inventory."
"ADDED","Gait\dataset_a\toe_off\zyf-00_3-062.png","","856","","B6ED9BD272D12B34DCF023E436C4BE55C2C6D541DFBB98B31D97A6FCE10D8D8F","Extracted Dataset A file appeared during inventory."
"ADDED","Gait\dataset_a\toe_off\zyf-00_3-064.png","","789","","27706A5096149845EFE3466895AEE748EB5D7AEEED3A17086771C75AABCE86B5","Extracted Dataset A file appeared during inventory."
"ADDED","Gait\dataset_a\toe_off\zyf-00_3-065.png","","769","","18505B536D2D5A25D7B5925181A3FCB4C524AED7942ADD7A1A9CC7B9B838FF37","Extracted Dataset A file appeared during inventory."
"ADDED","Gait\dataset_a\toe_off\zyf-00_4-011.png","","831","","A868D501CCEE1AF2864FDC4D2AFB5B6A9D7BFA8D5341E0367C408CEC327D8083","Extracted Dataset A file appeared during inventory."
"ADDED","Gait\dataset_a\toe_off\zyf-00_4-012.png","","810","","00B228A0D40A80FE21D9D714E42997772445B829E2E147E85AB4E8B226645286","Extracted Dataset A file appeared during inventory."
"ADDED","Gait\dataset_a\toe_off\zyf-00_4-023.png","","960","","889F2979FB75DFD11739907741AD2A586CB22BE0E38CFFAE21DDB0CDE19A09AD","Extracted Dataset A file appeared during inventory."
"ADDED","Gait\dataset_a\toe_off\zyf-00_4-024.png","","948","","3C1393C242923951DB3ADA19D48EE35322BBB83099DD9D2B03A4093CD718483D","Extracted Dataset A file appeared during inventory."
"ADDED","Gait\dataset_a\toe_off\zyf-00_4-038.png","","888","","C41585FC63DD634895DE4CCC91976AE9446E14C8FAA5D9B0349D99AB97F33382","Extracted Dataset A file appeared during inventory."
"ADDED","Gait\dataset_a\toe_off\zyf-00_4-039.png","","866","","3D70A3281E3523E549EB019E8840F098E1E1051185646451607D75D8A1CE4361","Extracted Dataset A file appeared during inventory."
"ADDED","Gait\dataset_a\toe_off\zyf-00_4-052.png","","845","","4E5F16F40671011C7909758FFDCFB607FDDD5180A2401BF109FF8AD5CCF06632","Extracted Dataset A file appeared during inventory."
"ADDED","Gait\dataset_a\toe_off\zyf-00_4-053.png","","820","","F8A2777089AD122EF091990A4A83B42293FAABB5CB645C3285307BE61675E3EC","Extracted Dataset A file appeared during inventory."
"REMOVED","Assignment 1_Ponkoj.docx","19188","","2980F9EAE0FE71273B7C2A13BA24B8301038E739A42C788CFEC0051B8AA62B0D","","Root copy removed externally; verified original preserved under inventory/2026-08-27_initial_snapshot/preserved_originals and retained in Recycle Bin."
"REMOVED","Gait\dataset_a.zip","4671618","","EEDF57FF0AE93C92C67A11620C4FD5D072EAEA63BD4A621CDE1E0B940128F15B","","Archive disappeared externally during inventory; initial checksum and archive-validation evidence retained, extracted folder present."
"REMOVED","Graduate Section.docx","14659","","84526FEB8D5687CE0CA4BA941E598FBA9EA56C0F02ADC94A7FBC0789BD616C94","","Root copy removed externally; verified original preserved under inventory/2026-08-27_initial_snapshot/preserved_originals and retained in Recycle Bin."
